step,time_seconds,time_hours,chi,ice_inertia_weight,ice_coriolis_weight,mean_thickness_m,center_thickness_m,minimum_thickness_m,maximum_thickness_m,ice_volume_m3,ice_volume_relative_error,maximum_ice_speed_mps,maximum_ocean_speed_mps,mean_sea_surface_m,ice_residual,gmres_residual,coupling_residual,water_residual,water_residual_xi,water_residual_u,water_residual_v,helmholtz_residual,drag_closure_error,drag_face_l1_closure_error,drag_object_reused,maximum_inactive_drag,thickness_cfl_macro,thickness_substeps
0,0.0,0.0,0.0,0.0,0.0,0.5,0.5,0.20018502388345544,0.7998149761165445,100000000.0,0.0,0.0,0.0,0.0,,,,,,,,,,,True,0.0,,0
1,300.0,0.08333333333333333,0.0,0.0,0.0,0.5,0.5014659539847657,0.2016697189443575,0.7962569320013848,100000000.0,0.0,0.15853733259567795,0.0008618488817709312,-1.2279066652354232e-17,0.0003508599211787811,1.6444572815568085e-09,8.395774742901453e-06,4.166181766935159e-09,2.1297404410669353e-13,2.442065287008811e-10,4.166181766935159e-09,5.2707564561157095e-14,0.0,0.0,True,0.0,0.3412682157043592,1
2,600.0,0.16666666666666666,0.0,0.0,0.0,0.5,0.5029365523793583,0.20198210861159932,0.8292606458181195,100000000.0,0.0,0.15825117637331296,0.0010916221133567513,-3.383959779057477e-17,0.0003217644190928607,9.195009181019223e-09,8.08485798984457e-06,9.165400862123081e-10,3.93835334968482e-13,1.0160542145046436e-10,9.165400862123081e-10,1.035367954178202e-13,0.0,0.0,True,0.0,0.3416357543573122,1
3,900.0,0.25,0.0,0.0,0.0,0.5,0.5043579753188925,0.14619262756299514,0.8352304524096117,100000000.0,0.0,0.1579186424837144,0.0007996659067991058,-6.001865671123596e-17,0.0003194012353589025,6.904664360872897e-10,7.942457440564433e-06,1.33450619767105e-09,7.802790279724535e-13,1.0414822774618717e-10,1.33450619767105e-09,1.4760880690837948e-13,0.0,0.0,True,0.0,0.3411593708180089,1
4,1200.0,0.3333333333333333,0.0,0.0,0.0,0.5,0.5057630085347437,0.09670815837127275,0.8351506687554994,100000000.0,0.0,0.1583522876154553,0.00040424735241235813,-8.715250743307479e-17,7.046156202377519e-05,5.558073182430963e-10,9.434491791097717e-06,2.2581866044788085e-09,2.4013719078865615e-12,5.383785079246242e-11,2.2581866044788085e-09,1.467058469272797e-13,0.0,0.0,True,0.0,0.3404240473138192,1
5,1500.0,0.4166666666666667,0.0,0.0,0.0,0.5,0.5071661011132903,0.06397470767872085,0.8351032722427325,100000000.0,0.0,0.15739853822604105,0.0007548411459950269,-1.1317613513028847e-16,6.0287267744329915e-05,1.660459297374541e-09,7.907886722182655e-06,1.898719123317905e-09,4.723942008257283e-12,4.0361256586624236e-11,1.898719123317905e-09,1.4310635119361213e-13,0.0,0.0,True,0.0,0.3402443196679929,1
6,1800.0,0.5,0.0,0.0,0.0,0.5,0.5085664040647783,0.04232121310196542,0.8350757870264306,100000000.0,0.0,0.15743825376876341,0.001127061197529199,-1.3715695246219184e-16,0.0009974532298937873,8.683485768737931e-09,9.722096423310083e-06,8.957929388922199e-10,1.7266366710903049e-12,2.6588822751526842e-11,8.957929388922199e-10,1.3277075511420774e-13,0.0,0.0,True,0.0,0.3399334388508972,1
7,2100.0,0.5833333333333334,0.0,0.0,0.0,0.5,0.5099638845944547,0.027996733433759583,0.8351718168868779,100000000.0,0.0,0.15836576447329015,0.0014796935330565809,-1.596500709410975e-16,0.00014983880375623131,6.340460750749299e-10,7.104387251122885e-06,2.3493638153466544e-09,1.5453768819097638e-12,7.231881623004778e-10,2.3493638153466544e-09,1.178023873891655e-13,0.0,0.0,True,0.0,0.3399340932612708,1
8,2400.0,0.6666666666666666,0.0,0.0,0.0,0.5,0.5113605814637289,0.018520499029168164,0.8352108209603306,100000000.0,0.0,0.15778274140043735,0.001858818144604924,-1.80944148553408e-16,0.0003346679502529336,5.756097529860666e-10,7.420625953564372e-06,6.019335316171248e-10,2.442328531485554e-12,1.8490242538422084e-11,6.019335316171248e-10,1.1093700289969774e-13,0.0,0.0,True,0.0,0.33994115450482354,1
9,2700.0,0.75,0.0,0.0,0.0,0.5,0.512755883914876,0.012251616385152883,0.8352757188195407,100000000.0,0.0,0.1587197272356592,0.002225338163263629,-2.0179413695586846e-16,0.0001433561428193279,1.9446979975575903e-09,9.648757748734056e-06,7.045468959291961e-10,1.2843000222332246e-11,2.181877204243008e-11,7.045468959291961e-10,1.1024088158996843e-13,0.0,0.0,True,0.0,0.34001328900603633,1
10,3000.0,0.8333333333333334,0.0,0.0,0.0,0.5,0.514148955449938,0.008104586111812927,0.837544112861558,100000000.0,0.0,0.15835890169155917,0.0025670606321166476,-2.2279955658177643e-16,0.0001299785927870055,1.0587440755374108e-09,9.853996878506006e-06,9.970549506521354e-09,6.3643698582920625e-12,6.799450985809952e-09,9.970549506521354e-09,1.1262343701015589e-13,0.0,0.0,True,0.0,0.34014573458746317,1
11,3300.0,0.9166666666666666,0.0,0.0,0.0,0.5,0.5155392654599124,0.0053612635489868905,0.8429847664744027,100000000.0,0.0,0.15921411500870505,0.0029380468389927374,-2.439826118916244e-16,0.00024017851815006462,5.604612494038903e-10,2.4993663730565213e-06,4.542994176288116e-09,4.501970148581761e-12,2.2607985360250634e-09,4.542994176288116e-09,1.1789367129364737e-13,0.0,0.0,True,0.0,0.340207880444383,1
12,3600.0,1.0,0.0,0.0,0.0,0.5,0.5169265423393217,0.00354653359924664,0.8442027187662402,100000000.0,0.0,0.1583639733011414,0.0032989132787493054,-2.6536550734590493e-16,0.0008092167264638295,4.404264132014126e-10,9.359489672100751e-06,3.6742752940765464e-09,5.791489677101711e-12,1.3477878106941341e-09,3.6742752940765464e-09,1.227848197954694e-13,0.0,0.0,True,0.0,0.340198918853891,1
13,3900.0,1.0833333333333333,0.0,0.0,0.0,0.5,0.5183104184018266,0.0023460779239344726,0.8466572779370319,100000000.0,0.0,0.15881011078925525,0.0036486734436885567,-2.8752555891742303e-16,0.00020921774491702893,3.880683426061026e-09,9.803868186118368e-06,5.120566444943975e-09,1.3074353039492821e-11,2.928351401682582e-09,5.120566444943975e-09,1.238964347523817e-13,0.0,0.0,True,0.0,0.3401523269073137,1
14,4200.0,1.1666666666666667,0.0,0.0,0.0,0.5,0.5196906205015488,0.0015519658242961155,0.8493138444322912,100000000.0,0.0,0.1589146238121772,0.004011966535853845,-3.0890845437170355e-16,0.0005200471368819676,1.8655373774469166e-09,6.668498697032646e-06,4.952437656095299e-09,5.8129999860034356e-11,2.745252507395401e-09,4.952437656095299e-09,1.2048022713879226e-13,0.0,0.0,True,0.0,0.3402744420147424,1
15,4500.0,1.25,0.0,0.0,0.0,0.5000000000000001,0.5210669966432107,0.001026650583211187,0.8516561422064588,100000000.00000001,1.4901161193847657e-16,0.15914520657959733,0.004372644187117775,-3.304689855099241e-16,0.0003020380143090024,4.27677646047718e-09,9.733660783947912e-06,3.984614716677131e-09,1.605455829116006e-11,1.5365447780576752e-09,3.984614716677131e-09,1.245770657503853e-13,0.0,0.0,True,0.0,0.3408309721135619,1
16,4800.0,1.3333333333333333,0.0,0.0,0.0,0.5,0.5224394687651345,0.0006791462183026661,0.8546182957680191,100000000.0,0.0,0.15899236733712463,0.004710638950372371,-3.5125236053090704e-16,0.0006285361930469413,1.117049465171491e-09,7.363263566981865e-06,3.5515395212860833e-09,1.3958863457618995e-11,2.179398135797381e-10,3.5515395212860833e-09,1.2309603138965764e-13,0.0,0.0,True,0.0,0.3415996054007723,1
17,5100.0,1.4166666666666667,0.0,0.0,0.0,0.5,0.5238079582285297,0.00044926603722972986,0.8569386112403399,100000000.0,0.0,0.15940616346487205,0.00507097383805161,-3.7216896231484496e-16,0.00019812749402733497,2.559851418945993e-09,9.907424371252965e-06,3.878401875823863e-09,1.967507640608631e-11,7.659130409674863e-10,3.878401875823863e-09,1.2153058641688966e-13,0.0,0.0,True,0.0,0.3422088114737138,1
18,5400.0,1.5,0.0,0.0,0.0,0.5,0.5251723387221529,0.00029719631881277767,0.8590429205557628,100000000.0,0.0,0.15990085228522627,0.005439057254481934,-3.928857239543504e-16,0.0005575784997770159,3.680407721100309e-09,9.955997025304026e-06,4.270339620888149e-09,4.647424931918773e-11,1.0510049435967253e-09,4.270339620888149e-09,1.1890129425998723e-13,0.0,0.0,True,0.0,0.3461577527330005,1
19,5700.0,1.5833333333333333,0.0,0.0,0.0,0.5,0.5265324322541423,0.0001965997199687668,0.8609649354700885,100000000.0,0.0,0.15953943688788383,0.005793934698414277,-4.1311398746302076e-16,0.0007518156416958223,1.2463925850753753e-09,8.717013300742387e-06,4.423820126247902e-09,7.232719038970192e-11,8.495604384064282e-10,4.423820126247902e-09,1.207202100099791e-13,0.0,0.0,True,0.0,0.34924798095369874,1
20,6000.0,1.6666666666666667,0.0,0.0,0.0,0.5,0.5278880344751545,0.00013005354708516822,0.8630432095836227,100000000.0,0.0,0.1599943432957355,0.006148976142360445,-4.334310688136611e-16,0.00021810137125087363,6.379539557046989e-09,9.958043012954018e-06,4.369801874907567e-09,4.5580450489302194e-11,4.3768088466560856e-10,4.369801874907567e-09,1.2112036823449157e-13,0.0,0.0,True,0.0,0.3552158983704962,1
21,6300.0,1.75,0.0,0.0,0.0,0.5,0.5292389310915269,8.603230040899783e-05,0.8649506430505677,100000000.0,0.0,0.15974881951009703,0.006503737657249604,-4.537037412433164e-16,0.0006162567019335033,6.251814350592072e-09,9.760275200246565e-06,4.382068478515822e-09,5.278394935293678e-11,1.8072698121993793e-10,4.382068478515822e-09,1.219272424050803e-13,0.0,0.0,True,0.0,0.3606991068841681,1
22,6600.0,1.8333333333333333,0.0,0.0,0.0,0.5,0.5305849054082045,5.6911626939116376e-05,0.8667277197698027,100000000.0,0.0,0.16036478245162492,0.006859866977312269,-4.7422066273838935e-16,0.0003386286182625753,5.146003005289283e-09,9.844694749209183e-06,4.605666391492779e-09,7.609925182935584e-11,2.5753681347865174e-10,4.605666391492779e-09,1.2338608933924975e-13,0.0,0.0,True,0.0,0.35245678516263906,1
23,6900.0,1.9166666666666667,0.0,0.0,0.0,0.5,0.5319257194069433,3.76478872512697e-05,0.8688423107568561,100000000.0,0.0,0.16068125194229024,0.007216618634370593,-4.944267217865672e-16,0.0009306466109904305,2.677496033631075e-09,8.390692179672933e-06,4.791815746462264e-09,6.93534952516172e-11,2.74664701178467e-10,4.791815746462264e-09,1.2068143599190683e-13,0.0,0.0,True,0.0,0.34892095252532385,1
24,7200.0,2.0,0.0,0.0,0.0,0.5,0.5332611690888234,2.490464255213598e-05,0.8706162962988216,100000000.0,0.0,0.16000651540683972,0.007569357244403883,-5.143885317693276e-16,0.0004954596611951817,9.403145631766966e-10,9.998161642786678e-06,4.907271749642261e-09,5.463537150383178e-11,2.237081968934994e-10,4.907271749642261e-09,1.2339423226168782e-13,0.0,0.0,True,0.0,0.3599553273399514,1
25,7500.0,2.0833333333333335,0.0,0.0,0.0,0.5,0.5345910497241473,1.6474796097786053e-05,0.8725276037708997,100000000.0,0.0,0.1608218879071191,0.007920223880458979,-5.343725462125804e-16,0.0004675817336189681,3.102269383555741e-10,7.049966492942428e-06,5.028617430104527e-09,5.232145860041753e-11,2.2409246935676796e-10,5.028617430104527e-09,1.2133769593201837e-13,0.0,0.0,True,0.0,0.3586959861830718,1
26,7800.0,2.1666666666666665,0.0,0.0,0.0,0.5,0.5359151509983802,1.0898325205723224e-05,0.8740152441222073,100000000.0,0.0,0.1609903533621717,0.008268990523642914,-5.538902669854906e-16,0.0009708840439756856,8.326382665317713e-10,6.040195651747397e-06,5.201506038356803e-09,6.030924977679723e-11,2.940777180355711e-10,5.201506038356803e-09,1.2291078002262326e-13,0.0,0.0,True,0.0,0.3642116375175002,1
27,8100.0,2.25,0.0,0.0,0.0,0.5,0.5372332920393287,7.2094051442217685e-06,0.8754030820183756,100000000.0,0.0,0.1605789527536527,0.008616202071374557,-5.735190100608634e-16,0.0006314976658439136,3.3559109917398966e-09,9.873629257321936e-06,5.404924572244401e-09,6.922210102780582e-11,3.440576655241077e-10,5.404924572244401e-09,1.2193853962957085e-13,0.0,0.0,True,0.0,0.36458632651309936,1
28,8400.0,2.3333333333333335,0.0,0.0,0.0,0.5,0.5385452731051769,4.769128877835967e-06,0.8769369930143639,100000000.0,0.0,0.16118578677179157,0.008958933257450197,-5.927480728473711e-16,0.0005249234073113469,3.40067984996419e-09,9.97840655776986e-06,5.524363824394548e-09,6.044292179403683e-11,3.3613742871859923e-10,5.524363824394548e-09,1.2070229116973985e-13,0.0,0.0,True,0.0,0.3659998694966283,1
29,8700.0,2.4166666666666665,0.0,0.0,0.0,0.5,0.5398508755291741,3.1548496460427275e-06,0.8786075980311586,100000000.0,0.0,0.16108510638442086,0.009299353535141802,-6.121103623968338e-16,0.0004657216849095081,8.664093524822108e-09,9.98326963923161e-06,5.582099312315023e-09,6.08017742300124e-11,3.1692462227590436e-10,5.582099312315023e-09,1.1837612734515988e-13,0.0,0.0,True,0.0,0.37023836167614116,1
30,9000.0,2.5,0.0,0.0,0.0,0.5,0.5411498920973036,2.0869799549458436e-06,0.8797033990006788,100000000.0,0.0,0.16178283159845155,0.009637448047598701,-6.316724920907291e-16,0.0009298588199831913,4.2003036699237263e-10,8.189647253009276e-06,5.772218708319175e-09,7.274827231031686e-11,3.161002293479772e-10,5.772218708319175e-09,1.211669443287924e-13,0.0,0.0,True,0.0,0.37213959296749505,1
31,9300.0,2.5833333333333335,0.0,0.0,0.0,0.5,0.5424421112658074,1.3805683170602547e-06,0.8808817699504112,100000000.0,0.0,0.1617309086966423,0.0099724129148851,-6.509903727192068e-16,0.0009434308702685602,6.139675040492306e-09,8.948056373166319e-06,5.992817129467133e-09,7.164337204202596e-11,3.2123543841007043e-10,5.992817129467133e-09,1.232230496624164e-13,0.0,0.0,True,0.0,0.37119968337659526,1
32,9600.0,2.6666666666666665,0.0,0.0,0.0,0.5,0.5437273502169108,9.132665302471047e-07,0.8822580426153014,100000000.0,0.0,0.16195230105315814,0.010303158257262553,-6.70019595361282e-16,0.000963197657223533,4.5728273635258615e-09,9.677611763890584e-06,6.0765338490547186e-09,6.177736770105904e-11,3.268502728240542e-10,6.0765338490547186e-09,1.2351071621320756e-13,0.0,0.0,True,0.0,0.37280277351187807,1
33,9900.0,2.75,0.0,0.0,0.0,0.5,0.5450053684957988,6.041394469198369e-07,0.8834474226028187,100000000.0,0.0,0.16179205644131975,0.01062974479256117,-6.889822046218796e-16,0.000962831684224125,3.577984829987757e-09,9.051937634474325e-06,6.10766661757014e-09,5.801066816654948e-11,3.396048168032699e-10,6.10766661757014e-09,1.223660411880903e-13,0.0,0.0,True,0.0,0.37089211159758056,1
34,10200.0,2.8333333333333335,0.0,0.0,0.0,0.5,0.5462760158798361,3.996472732444639e-07,0.8844022887265273,100000000.0,0.0,0.16274517576768552,0.010953412596505814,-7.073230889886873e-16,0.0009153284699409228,1.432894713845169e-09,6.71065723200978e-06,6.276880073111411e-09,6.474806475403595e-11,3.680543112542858e-10,6.276880073111411e-09,1.199985788839382e-13,0.0,0.0,True,0.0,0.3740442560099519,1
35,10500.0,2.9166666666666665,0.0,0.0,0.0,0.5,0.5475390164003324,2.643726438759495e-07,0.8854948714093682,100000000.0,0.0,0.1626800526718068,0.011273214232112283,-7.258194045789424e-16,0.0005027625751487064,3.7134846461139453e-09,9.96448861742592e-06,6.448698681406491e-09,6.152412989155068e-11,3.9356345989849655e-10,6.448698681406491e-09,1.2055334760379904e-13,0.0,0.0,True,0.0,0.3739104928215595,1
36,10800.0,3.0,0.0,0.0,0.0,0.5,0.5487942339942822,1.748864529523169e-07,0.8866045329967603,100000000.0,0.0,0.16209769819358508,0.011588942936688875,-7.441602889457499e-16,0.0009972269817932718,2.673740872166245e-10,7.5280319186912895e-06,6.565353791983697e-09,5.856226067177792e-11,4.0649335057561947e-10,6.565353791983697e-09,1.176525239068689e-13,0.0,0.0,True,0.0,0.37878960520264654,1
37,11100.0,3.0833333333333335,0.0,0.0,0.0,0.5,0.5500414897439567,1.1569000014616919e-07,0.8876887948762956,100000000.0,0.0,0.16273840826233144,0.011899817329262482,-7.624123554705875e-16,0.0009620043354784516,1.9127891759551654e-09,9.128077998692318e-06,6.6067483942147485e-09,5.724384094290564e-11,4.159654222508412e-10,6.6067483942147485e-09,1.2187487859979915e-13,0.0,0.0,True,0.0,0.3823695426048205,1
38,11400.0,3.1666666666666665,0.0,0.0,0.0,0.5,0.5512805286130034,7.653066247842618e-08,0.8884845314203276,100000000.0,0.0,0.163718415611921,0.012206596433291198,-7.8026474170656e-16,0.0005694361090412446,3.32565520889556e-09,9.992204622967747e-06,6.737651092203565e-09,6.463032348209213e-11,4.325418513305218e-10,6.737651092203565e-09,1.2510901065917192e-13,0.0,0.0,True,0.0,0.38590202795590217,1
39,11700.0,3.25,0.0,0.0,0.0,0.5,0.5525110753812468,5.898055059060379e-08,0.8894737031786655,100000000.0,0.0,0.16293843679483755,0.012509365662194221,-7.9818374132401e-16,0.000950013978128696,1.1779615975204045e-09,8.006997148690393e-06,6.9077948921966954e-09,6.273964495348765e-11,4.438681655086939e-10,6.9077948921966954e-09,1.1962623391303918e-13,0.0,0.0,True,0.0,0.3841888255607656,1
40,12000.0,3.3333333333333335,0.0,0.0,0.0,0.5,0.5537331023967419,4.5444701408614115e-08,0.8903419244796817,100000000.0,0.0,0.16278306792294603,0.012807515737031493,-8.157696740340726e-16,0.0009837759758056111,4.270572521204609e-09,8.170488306651358e-06,6.977520284305887e-09,6.499135222210918e-11,4.505141423503304e-10,6.977520284305887e-09,1.231708745279125e-13,0.0,0.0,True,0.0,0.384367907719962,1
41,12300.0,3.4166666666666665,0.0,0.0,0.0,0.5,0.5549464168803042,3.5007317729371345e-08,0.8913109942428004,100000000.0,0.0,0.16355065207775396,0.01309853727941023,-8.33000335376255e-16,0.0005816913075966845,4.716096904489458e-09,9.901285390938289e-06,6.998508971859177e-09,5.980576978216281e-11,4.580717076052363e-10,6.998508971859177e-09,1.1976847980968853e-13,0.0,0.0,True,0.0,0.38998481165994703,1
42,12600.0,3.5,0.0,0.0,0.0,0.5,0.5561508123489529,2.695878247701437e-08,0.8920323929911479,100000000.0,0.0,0.16420134762109007,0.013386177585402633,-8.504086324023774e-16,0.0006780808260558417,4.70435987540486e-09,9.953628305104775e-06,7.118499191525899e-09,5.984612071125859e-11,4.672012831799651e-10,7.118499191525899e-09,1.1984044718068595e-13,0.0,0.0,True,0.0,0.3928630179718198,1
43,12900.0,3.5833333333333335,0.0,0.0,0.0,0.5,0.5573460372853432,2.695878247701437e-08,0.8927680709773975,100000000.0,0.0,0.1640684916842115,0.013671592203432514,-8.679501561914549e-16,0.0008952574918987458,1.804340176117862e-09,8.187772360611236e-06,7.2852317973027524e-09,6.243859320030803e-11,4.76190965138417e-10,7.2852317973027524e-09,1.1886642828542552e-13,0.0,0.0,True,0.0,0.38626302905291543,1
44,13200.0,3.6666666666666665,0.0,0.0,0.0,0.5,0.5585320801594583,2.695878247701437e-08,0.893569578554953,100000000.0,0.0,0.16404821547603143,0.013953914526954062,-8.850475907706823e-16,0.0009786016874962539,1.0553030972695545e-10,3.898268223292138e-06,7.3822564922716e-09,6.136108494267268e-11,4.860380139798177e-10,7.3822564922716e-09,1.1770044932269968e-13,0.0,0.0,True,0.0,0.3935049186542604,1
45,13500.0,3.75,0.0,0.0,0.0,0.5,0.5597087455234102,2.695878247701437e-08,0.894482044357674,100000000.0,0.0,0.16467930724732158,0.01423060075681095,-9.022560476523721e-16,0.0005254274822913099,7.264560417909301e-09,9.681511070961214e-06,7.394412283802835e-09,5.5941265614787576e-11,4.90757927640707e-10,7.394412283802835e-09,1.1870277086375797e-13,0.0,0.0,True,0.0,0.3970266803115505,1
46,13800.0,3.8333333333333335,0.0,0.0,0.0,0.5,0.5608758068706232,2.695878247701437e-08,0.8952840322861878,100000000.0,0.0,0.16462781327217002,0.01450161815354729,-9.189982108637195e-16,0.0006357064652891539,6.377189885401007e-09,9.204727344045553e-06,7.429419974744931e-09,5.7066823787585374e-11,4.992365427798472e-10,7.429419974744931e-09,1.169511738595776e-13,0.0,0.0,True,0.0,0.3988648456918573,1
47,14100.0,3.9166666666666665,0.0,0.0,0.0,0.5,0.5620330558457702,2.695878247701437e-08,0.8958225546582887,100000000.0,0.0,0.16516777113886608,0.014768082117816347,-9.35651556233097e-16,0.0008933458727671079,1.0544270314596057e-09,8.134054875963649e-06,7.588031197631074e-09,6.337289965960595e-11,5.148370683098738e-10,7.588031197631074e-09,1.1696034315565203e-13,0.0,0.0,True,0.0,0.39889533987634573,1
48,14400.0,4.0,0.0,0.0,0.0,0.5,0.5631804966733297,2.695878247701437e-08,0.8964678244352867,100000000.0,0.0,0.1656573183050738,0.015029814847438797,-9.518608123926243e-16,0.0005775198107693185,1.8849590841660794e-11,9.894774545950557e-06,7.707129772541773e-09,6.301533480435042e-11,5.282452567726501e-10,7.707129772541773e-09,1.1995313328122686e-13,0.0,0.0,True,0.0,0.39626708483908407,1
49,14700.0,4.083333333333333,0.0,0.0,0.0,0.5,0.5643178840678977,2.695878247701437e-08,0.8972467131480242,100000000.0,0.0,0.16550076807331132,0.015285469562580253,-9.68491953301509e-16,0.0006466030878478343,6.602764099458914e-09,9.059828341286443e-06,7.716349672490428e-09,5.779107014008199e-11,5.303452910583931e-10,7.716349672490428e-09,1.1790440552225928e-13,0.0,0.0,True,0.0,0.39676547493214115,1
50,15000.0,4.166666666666667,0.0,0.0,0.0,0.5,0.5654451149939254,2.695878247701437e-08,0.8980177880447008,100000000.0,0.0,0.16486559289068223,0.015536540955252651,-9.847900273030064e-16,0.0009254693896421905,6.100214248382855e-10,8.15298072551445e-06,7.743217692054813e-09,5.4693591632908017e-11,5.374617758701511e-10,7.743217692054813e-09,1.139492217980661e-13,0.0,0.0,True,0.0,0.39991988457852,1
51,15300.0,4.25,0.0,0.0,0.0,0.5,0.5665621587410072,2.695878247701437e-08,0.8985496329271304,100000000.0,0.0,0.16571551284209723,0.01578423816559005,-1.0011769191464736e-15,0.0006158626763322418,8.852525855402725e-09,9.180055488140223e-06,7.83427780508793e-09,5.849430756254839e-11,5.454568703472971e-10,7.83427780508793e-09,1.1509112444038145e-13,0.0,0.0,True,0.0,0.40506811286896705,1
52,15600.0,4.333333333333333,0.0,0.0,0.0,0.5,0.5676687393100769,2.695878247701437e-08,0.8991273025490517,100000000.0,0.0,0.16660809516030234,0.01602711930337675,-1.0171641307010759e-15,0.000900701155363818,7.137280028139817e-10,8.66394179004879e-06,7.93675919949278e-09,6.086223160868383e-11,5.598813098004881e-10,7.93675919949278e-09,1.160124654141166e-13,0.0,0.0,True,0.0,0.4029494267519003,1
53,15900.0,4.416666666666667,0.0,0.0,0.0,0.5,0.5687648687957314,2.695878247701437e-08,0.8998311642797421,100000000.0,0.0,0.16536188051229975,0.016264083082714993,-1.0329515021112457e-15,0.0005636848536375021,9.81068038300773e-09,9.47630363709021e-06,7.951048468272449e-09,5.54956876859994e-11,5.703952664237381e-10,7.951048468272449e-09,1.1252938917645844e-13,0.0,0.0,True,0.0,0.39940500876560414,1
54,16200.0,4.5,0.0,0.0,0.0,0.5,0.569850386022623,2.695878247701437e-08,0.9004766938725884,100000000.0,0.0,0.16531486786483807,0.016494999604712977,-1.0484502155350128e-15,0.000889676955481359,9.755922131329027e-09,7.586368483799101e-06,8.279744761619182e-09,4.6256472560056446e-11,5.837913514054103e-10,8.279744761619182e-09,1.1285558312525968e-13,0.0,0.0,True,0.0,0.40643328016850455,1
55,16500.0,4.583333333333333,0.0,0.0,0.0,0.5,0.5709253439519826,2.695878247701437e-08,0.9009286475188604,100000000.0,0.0,0.16636082266144087,0.016721270291703977,-1.063815702195825e-15,0.0009905259539847008,9.235708134900526e-09,5.8712901772225124e-06,8.773113845204276e-09,5.6742773012030884e-11,5.968162481249999e-10,8.773113845204276e-09,1.1429806614949685e-13,0.0,0.0,True,0.0,0.4076464038954203,1
56,16800.0,4.666666666666667,0.0,0.0,0.0,0.5,0.5719894865770356,2.695878247701437e-08,0.9015088411280819,100000000.0,0.0,0.16736194038038127,0.016943384121676293,-1.0789813487122047e-15,0.0008709282718748577,2.3589630910012006e-09,9.374532593693169e-06,8.902664679348985e-09,5.6805560772513394e-11,6.10703268389385e-10,8.902664679348985e-09,1.1339195950334645e-13,0.0,0.0,True,0.0,0.40502784855150037,1
57,17100.0,4.75,0.0,0.0,0.0,0.5,0.5730428851717876,2.695878247701437e-08,0.9020987506621271,100000000.0,0.0,0.16612863829608943,0.017161158188593227,-1.0942136086100618e-15,0.0009552770903954837,7.587299511754339e-09,8.589536942862846e-06,8.783662213413001e-09,5.504235406562493e-11,6.191435592059285e-10,8.783662213413001e-09,1.1473391966243532e-13,0.0,0.0,True,0.0,0.4113705343549805,1
58,17400.0,4.833333333333333,0.0,0.0,0.0,0.5,0.57408556079219,2.695878247701437e-08,0.9026890026556711,100000000.0,0.0,0.16627912539621828,0.017407676509985225,-1.1091350060610239e-15,0.0009339221409418308,3.6630673841400416e-09,5.71961168931859e-06,8.645128597050048e-09,5.4183487605402676e-11,6.266057281626677e-10,8.645128597050048e-09,1.1311963820877969e-13,0.0,0.0,True,0.0,0.40998631130714047,1
59,17700.0,4.916666666666667,0.0,0.0,0.0,0.5,0.5751173131938387,2.695878247701437e-08,0.9031611610674829,100000000.0,0.0,0.1673620310289867,0.017861924384897022,-1.1235901098416434e-15,0.0009551658815978349,6.8847249670351016e-09,7.227620852376435e-06,8.69574064741009e-09,5.700116917956523e-11,6.389989863989315e-10,8.69574064741009e-09,1.1192647058857011e-13,0.0,0.0,True,0.0,0.4082858485303419,1
60,18000.0,5.0,0.0,0.0,0.0,0.5,0.576138487683161,2.695878247701437e-08,0.9036649044830721,100000000.0,0.0,0.16841396867551447,0.018326632861396748,-1.1385115072926055e-15,0.0006736401868417063,9.761047914557753e-09,9.723546560619119e-06,8.751125169719024e-09,5.55181990233184e-11,6.574904526786634e-10,8.751125169719024e-09,1.1118117070731581e-13,0.0,0.0,True,0.0,0.41203383765286067,1
61,18300.0,5.083333333333333,0.0,0.0,0.0,0.5,0.5771489541076446,2.695878247701437e-08,0.9041405089619282,100000000.0,0.0,0.16743412043284026,0.01878729394027448,-1.153055428915195e-15,0.0009332094029555784,4.174498787063179e-09,8.530855399629487e-06,8.749621691843035e-09,5.344998125199724e-11,6.682304782595078e-10,8.749621691843035e-09,1.1135122995261133e-13,0.0,0.0,True,0.0,0.4152163466236728,1
62,18600.0,5.166666666666667,0.0,0.0,0.0,0.5,0.5781489900854172,2.695878247701437e-08,0.9046709267431111,100000000.0,0.0,0.16731016959445222,0.019243698357494503,-1.167177465788427e-15,0.0009005089488610305,9.61666055758172e-09,9.888730245368277e-06,8.73241651655765e-09,5.233955542622046e-11,6.793805843610105e-10,8.73241651655765e-09,1.1179752944155632e-13,0.0,0.0,True,0.0,0.4149122555250174,1
63,18900.0,5.25,0.0,0.0,0.0,0.5,0.5791384105134487,2.193731336010712e-08,0.9051922404116447,100000000.0,0.0,0.168365332290176,0.01969547235848534,-1.1814105249641215e-15,0.0008826618499645573,3.1844816359811815e-10,9.278868701136062e-06,8.726470353558093e-09,5.204014804518205e-11,6.916702992909019e-10,8.726470353558093e-09,1.0950057577029669e-13,0.0,0.0,True,0.0,0.4148575813721427,1
64,19200.0,5.333333333333333,0.0,0.0,0.0,0.5,0.5801168603597164,1.6994728999621615e-08,0.9056669557705199,100000000.0,0.0,0.16920104056757068,0.020145818358969756,-1.1957324019817862e-15,0.0009509444613085847,1.6411320342069348e-09,7.72456863956023e-06,8.722577668198898e-09,5.129471232300607e-11,6.996288623828533e-10,8.722577668198898e-09,1.0659435746747724e-13,0.0,0.0,True,0.0,0.4196623372621816,1
65,19500.0,5.416666666666667,0.0,0.0,0.0,0.5,0.5810841166131202,1.6994728999621615e-08,0.9061520315832168,100000000.0,0.0,0.1684297263876853,0.020613292837025385,-1.2098100299340331e-15,0.0009082314000093402,1.7979835278909407e-09,8.471304788235546e-06,8.72430641326246e-09,5.1977873304899037e-11,7.091091272630968e-10,8.72430641326246e-09,1.0958854177360783e-13,0.0,0.0,True,0.0,0.41927507418311705,1
66,19800.0,5.5,0.0,0.0,0.0,0.5,0.5820398573085036,1.6994728999621615e-08,0.9066492738230935,100000000.0,0.0,0.1681857612870109,0.021086064850141258,-1.22406529357022e-15,0.0009442863169661835,3.469869364714093e-09,8.588159837822436e-06,9.046147791124234e-09,3.932979432959496e-11,7.197224584085131e-10,9.046147791124234e-09,1.0461760173127626e-13,0.0,0.0,True,0.0,0.4162029782754089,1
67,20100.0,5.583333333333333,0.0,0.0,0.0,0.5,0.5829838750728826,1.6994728999621615e-08,0.9071508159938342,100000000.0,0.0,0.1691948224009269,0.021556202312987303,-1.237610014470647e-15,0.0006509880199544387,7.026180742411834e-10,6.795006798381087e-06,9.337675564652154e-09,4.9863924185488234e-11,7.455184887101132e-10,9.337675564652154e-09,1.0382823903141415e-13,0.0,0.0,True,0.0,0.42073909467763515,1
68,20400.0,5.666666666666667,0.0,0.0,0.0,0.5,0.5839156381732071,1.6994728999621615e-08,0.907662995978146,100000000.0,0.0,0.16994462493026008,0.022020917473681744,-1.251554415659939e-15,0.0009356147063726817,8.357839932535306e-10,7.2959348014306386e-06,9.359177989597005e-09,5.258335072052528e-11,7.599265457303515e-10,9.359177989597005e-09,1.0261093410266948e-13,0.0,0.0,True,0.0,0.4175925108968006,1
69,20700.0,5.75,0.0,0.0,0.0,0.5,0.5848348067704966,1.6994728999621615e-08,0.9081855234265609,100000000.0,0.0,0.16929044112383237,0.02248047139484637,-1.264788274113471e-15,0.0008711187284282379,7.652625936750591e-10,9.147392238434148e-06,9.230288331447271e-09,5.106456941675829e-11,7.684649108176954e-10,9.230288331447271e-09,1.0249177180564249e-13,0.0,0.0,True,0.0,0.4207081217322928,1
70,21000.0,5.833333333333333,0.0,0.0,0.0,0.5,0.5857411440454166,1.6994728999621615e-08,0.908713911213998,100000000.0,0.0,0.1690055314763854,0.022949476833231407,-1.2780887459484803e-15,0.0009977133541264418,9.546954727919827e-09,5.828834063575139e-06,9.101219363759444e-09,5.401753867951149e-11,7.71810507815766e-10,9.101219363759444e-09,9.965424771938913e-14,0.0,0.0,True,0.0,0.42505079122531364,1
71,21300.0,5.916666666666667,0.0,0.0,0.0,0.5,0.5866341366197811,1.6994728999621615e-08,0.9092500254541083,100000000.0,0.0,0.16999494774725218,0.023424230221389012,-1.2914336267044745e-15,0.0008306643926149585,2.0305947207520367e-09,9.115610551519957e-06,8.98944969652073e-09,5.1479403440041465e-11,7.894288725078705e-10,8.98944969652073e-09,1.0012467870026391e-13,0.0,0.0,True,0.0,0.42437521189189076,1
72,21600.0,6.0,0.0,0.0,0.0,0.5,0.5875134303077472,1.6994728999621615e-08,0.9097912200744108,100000000.0,0.0,0.16998396230727905,0.023894574826978737,-1.304600871776529e-15,0.000946946297974889,4.629640465796785e-10,5.6283968219630955e-06,8.95020166694822e-09,5.013190450645313e-11,8.021431679845884e-10,8.95020166694822e-09,9.637497754473205e-14,0.0,0.0,True,0.0,0.42734872301628757,1
73,21900.0,6.083333333333333,0.0,0.0,0.0,0.5,0.5883786811489311,1.6994728999621615e-08,0.9103369061231257,100000000.0,0.0,0.16998815084175958,0.024360084320223782,-1.3174572544016883e-15,0.000913329629649522,6.071011999947721e-10,8.49090001824684e-06,8.931075509562138e-09,5.311438514158669e-11,8.091603458199558e-10,8.931075509562138e-09,9.635260744813309e-14,0.0,0.0,True,0.0,0.4292754088834517,1
74,22200.0,6.166666666666667,0.0,0.0,0.0,0.5,0.5892297453065677,1.6994728999621615e-08,0.9108887955299348,100000000.0,0.0,0.16980292979781786,0.024820797350487624,-1.3304468637898025e-15,0.000893219933574924,5.968421208202602e-10,6.260113223663908e-06,8.850023923297546e-09,5.1769049044030966e-11,8.267857250259816e-10,8.850023923297546e-09,9.871509944522354e-14,0.0,0.0,True,0.0,0.4275047563425254,1
75,22500.0,6.25,0.0,0.0,0.0,0.5,0.590066308132968,1.6994728999621615e-08,0.9114474766471654,100000000.0,0.0,0.1710242343929083,0.025286309710339367,-1.3432366330334845e-15,0.0005021920359237023,4.915310158683297e-10,4.750474888828618e-06,9.108038508286138e-09,3.23150746309685e-11,8.291717604460677e-10,9.108038508286138e-09,9.710006855996618e-14,0.0,0.0,True,0.0,0.42988493785826354,1
76,22800.0,6.333333333333333,0.0,0.0,0.0,0.5,0.5908880621494564,1.6994728999621615e-08,0.9120119613092527,100000000.0,0.0,0.1708864566210035,0.025770854001043942,-1.3558487665932262e-15,0.0009576402465336277,9.178089709348352e-10,8.066668592563097e-06,9.44988778164774e-09,4.6918048011035483e-11,8.563810578710119e-10,9.44988778164774e-09,9.739561062910726e-14,0.0,0.0,True,0.0,0.4316824276988255,1
77,23100.0,6.416666666666667,0.0,0.0,0.0,0.5,0.591694777727092,1.6994728999621615e-08,0.9125816553539506,100000000.0,0.0,0.17001425737468584,0.026249747490528004,-1.368682944757893e-15,0.0009166243152728441,6.683989688111706e-10,9.026584110239253e-06,9.42178569767311e-09,4.970893794296704e-11,8.69567375867518e-10,9.42178569767311e-09,9.821875028465887e-14,0.0,0.0,True,0.0,0.42984798907040694,1
78,23400.0,6.5,0.0,0.0,0.0,0.5,0.5924862157473202,1.6994728999621615e-08,0.9131565810732138,100000000.0,0.0,0.1703088004167778,0.026723238224652397,-1.3810286247917247e-15,0.000873106808897303,8.291210269918443e-10,5.387524788742508e-06,9.204964593558889e-09,5.0289036745650345e-11,8.760151061097094e-10,9.204964593558889e-09,9.424130324184173e-14,0.0,0.0,True,0.0,0.4317501715006544,1
79,23700.0,6.583333333333333,0.0,0.0,0.0,0.5,0.5932620039128236,1.6994728999621615e-08,0.9137367495932865,100000000.0,0.0,0.1720172452287732,0.027191378288165615,-1.3935519405094964e-15,0.0008838679568586358,9.768210359470812e-10,5.916941254338749e-06,9.029371992655684e-09,5.19914319245093e-11,8.867716190063916e-10,9.029371992655684e-09,9.592156128771098e-14,0.0,0.0,True,0.0,0.43424770605733803,1
80,24000.0,6.666666666666667,0.0,0.0,0.0,0.5,0.5940217461728422,1.6994728999621615e-08,0.9143232242418622,100000000.0,0.0,0.17165723201756322,0.027653941236618507,-1.4056977803988958e-15,0.0009494625836789856,9.607589235916164e-10,6.496054869938849e-06,8.883307414769296e-09,4.899990369537437e-11,9.019040428202355e-10,8.883307414769296e-09,9.342862741007513e-14,0.0,0.0,True,0.0,0.42924087772908703,1
81,24300.0,6.75,0.0,0.0,0.0,0.5,0.5947651202389033,1.6994728999621615e-08,0.9149136397268001,100000000.0,0.0,0.1708790447156655,0.028114920107466704,-1.41771039352534e-15,0.0008891093707068693,1.2977389748481826e-09,8.705167561198324e-06,8.785083901968679e-09,5.297924993664397e-11,9.12530509745405e-10,8.785083901968679e-09,9.480092779408718e-14,0.0,0.0,True,0.0,0.43809486222971394,1
82,24600.0,6.833333333333333,0.0,0.0,0.0,0.5,0.5954919775716854,1.6994728999621615e-08,0.9155080453557473,100000000.0,0.0,0.17075244286322014,0.028589297473492793,-1.4296341888098142e-15,0.0008581821819326999,6.345131883066626e-10,7.47940727357594e-06,8.713432315166192e-09,4.882064129129671e-11,9.323379907180404e-10,8.713432315166192e-09,9.341147501750241e-14,0.0,0.0,True,0.0,0.43303811245357127,1
83,24900.0,6.916666666666667,0.0,0.0,0.0,0.5,0.5962019471991064,1.6994728999621615e-08,0.9161087921514538,100000000.0,0.0,0.1729287802505357,0.02905843994232238,-1.4418244376201984e-15,0.00042589016415363193,1.378858687827997e-09,8.51951601800147e-06,8.613304968473077e-09,4.8899489338919364e-11,9.34455185768393e-10,8.613304968473077e-09,9.395918509045932e-14,0.0,0.0,True,0.0,0.4378861470536997,1
84,25200.0,7.0,0.0,0.0,0.0,0.5,0.5968949210793502,1.6994728999621615e-08,0.9167132891117072,100000000.0,0.0,0.1720864729970952,0.029530365177129207,-1.45372602844418e-15,0.0009115048359326195,1.5941983429809838e-09,6.685854629758572e-06,8.780407145896011e-09,2.980207115255353e-11,9.1436086592516e-10,8.780407145896011e-09,9.507106100778631e-14,0.0,0.0,True,0.0,0.43716240235283266,1
85,25500.0,7.083333333333333,0.0,0.0,0.0,0.5,0.5975706878542782,1.6994728999621615e-08,0.9173212036789202,100000000.0,0.0,0.17175875892710027,0.029999024600355556,-1.4654943925052066e-15,0.0008332127404295434,1.1325986774428732e-09,5.626640410811772e-06,9.043586454034222e-09,4.3003495075557154e-11,9.669358320219493e-10,9.043586454034222e-09,9.295031446976404e-14,0.0,0.0,True,0.0,0.4375109001411642,1
86,25800.0,7.166666666666667,0.0,0.0,0.0,0.5,0.5982291089644917,1.6994728999621615e-08,0.9179322899629185,100000000.0,0.0,0.17240347286636612,0.030461211247194316,-1.4769074851983532e-15,0.000861405733672134,1.5886084712404878e-09,6.750342013391344e-06,8.938309590581197e-09,4.6305396996397317e-11,9.945329962578488e-10,8.938309590581197e-09,9.247951129952456e-14,0.0,0.0,True,0.0,0.43852283652896806,1
87,26100.0,7.25,0.0,0.0,0.0,0.5,0.5988699659673664,1.6994728999621615e-08,0.9185529913078729,100000000.0,0.0,0.17276934813268885,0.03092182378627052,-1.4885870314174098e-15,0.0009817677209116823,2.790202756920268e-09,7.154987994965503e-06,8.738020811756617e-09,4.733562634151091e-11,9.877431186256605e-10,8.738020811756617e-09,9.118560450122166e-14,0.0,0.0,True,0.0,0.43901265111771426,1
88,26400.0,7.333333333333333,0.0,0.0,0.0,0.5,0.5994929287568758,1.6994728999621615e-08,0.9191780927340227,100000000.0,0.0,0.17184154671196292,0.03139498808605516,-1.5001777597944965e-15,0.0008680166784816716,1.2565634578449672e-09,9.83409700451304e-06,8.505266898546599e-09,4.798419367658362e-11,9.800916423811737e-10,8.505266898546599e-09,9.248259632012657e-14,0.0,0.0,True,0.0,0.4388528017965051,1
89,26700.0,7.416666666666667,0.0,0.0,0.0,0.5,0.6000979091191484,1.6994728999621615e-08,0.9198043613704907,100000000.0,0.0,0.17220935595806086,0.03186290607299532,-1.5115242391061656e-15,0.0008043289558153632,1.3730937249151567e-09,6.90233334741466e-06,8.348608787042479e-09,4.9555658918282164e-11,9.924178931847292e-10,8.348608787042479e-09,9.058869549198162e-14,0.0,0.0,True,0.0,0.43723835484587575,1
90,27000.0,7.5,0.0,0.0,0.0,0.5,0.6006845920148438,1.6994728999621615e-08,0.9204337342363259,100000000.0,0.0,0.17399395047484065,0.03232525753906376,-1.5226930827338946e-15,0.0004689019519317666,9.56105242107997e-10,6.360255231069885e-06,8.151953715317057e-09,4.6952459571581346e-11,1.0076421602267171e-09,8.151953715317057e-09,9.083347229815e-14,0.0,0.0,True,0.0,0.4402919653505042,1
91,27300.0,7.583333333333333,0.0,0.0,0.0,0.5,0.601252848092656,1.6994728999621615e-08,0.9210683659501814,100000000.0,0.0,0.17280521225988002,0.03278200929340211,-1.5341061754270413e-15,0.0009032459609353976,1.3540999553769698e-09,7.73660771080926e-06,8.030750890018378e-09,4.662451248173062e-11,1.0207658150119723e-09,8.030750890018378e-09,8.716854111286533e-14,0.0,0.0,True,0.0,0.44048002944725406,1
92,27600.0,7.666666666666667,0.0,0.0,0.0,0.5,0.601802471244102,1.6994728999621615e-08,0.9216999706377352,100000000.0,0.0,0.17246164924161606,0.03323309878545211,-1.5454304502782179e-15,0.0007436629094043326,3.825621468889905e-10,5.6801237426797134e-06,7.875476088527457e-09,4.474330713923014e-11,1.0192462218056814e-09,7.875476088527457e-09,8.568799269606299e-14,0.0,0.0,True,0.0,0.44144442847894494,1
93,27900.0,7.75,0.0,0.0,0.0,0.5,0.6023332699381271,1.6994728999621615e-08,0.9223354551532105,100000000.0,0.0,0.1732601648074365,0.03369068434302437,-1.5563550448405294e-15,0.0008454829751028903,2.5179037947873854e-09,7.421065669756004e-06,8.001813666264312e-09,2.7714296027455988e-11,1.0054846300990328e-09,8.001813666264312e-09,8.704099890610958e-14,0.0,0.0,True,0.0,0.44353566000507183,1
94,28200.0,7.833333333333333,0.0,0.0,0.0,0.5,0.6028451820575058,1.6994728999621615e-08,0.9229765117579929,100000000.0,0.0,0.17400638153164788,0.034160452933654564,-1.567412866165796e-15,0.0006327321555026912,2.786609458061588e-09,6.922669162590694e-06,8.217941092396131e-09,4.1013156285341034e-11,1.0625623739038257e-09,8.217941092396131e-09,8.734169857756026e-14,0.0,0.0,True,0.0,0.4438823501260232,1
95,28500.0,7.916666666666667,0.0,0.0,0.0,0.5,0.6033380410679061,1.6994728999621615e-08,0.9236212403610455,100000000.0,0.0,0.17305385220630215,0.0346236131674008,-1.5782930518071225e-15,0.0007998869401853322,2.6953994416529807e-09,8.667503267976645e-06,8.124560736930046e-09,4.2422218327732256e-11,1.06483552007449e-09,8.124560736930046e-09,8.488616294943877e-14,0.0,0.0,True,0.0,0.4459051872246317,1
96,28800.0,8.0,0.0,0.0,0.0,0.5,0.603811714438728,1.6994728999621615e-08,0.9242660178700057,100000000.0,0.0,0.17354761099800162,0.03508091888482317,-1.5887957616200766e-15,0.0008433288343174971,2.690571639404045e-09,5.973403393996356e-06,7.781622395809745e-09,4.1777263832881774e-11,1.0685199400114965e-09,7.781622395809745e-09,8.477246392489041e-14,0.0,0.0,True,0.0,0.44886622836828144,1
97,29100.0,8.083333333333334,0.0,0.0,0.0,0.5,0.6042660905349753,1.6994728999621615e-08,0.9249143286279284,100000000.0,0.0,0.17365097279843036,0.03553280089592668,-1.599231858051553e-15,0.0009784386517336866,2.5850540390322013e-09,5.3832150464935146e-06,7.57181909892492e-09,4.4089787120905965e-11,1.0513671408491716e-09,7.57181909892492e-09,8.365744854464315e-14,0.0,0.0,True,0.0,0.44391124406985566,1
98,29400.0,8.166666666666666,0.0,0.0,0.0,0.5,0.6047009832546998,1.6994728999621615e-08,0.9255603716150992,100000000.0,0.0,0.17312987215274442,0.03597910511143202,-1.6096901589435219e-15,0.0008895150984191219,5.016445313831076e-09,5.067212075558652e-06,7.415426723379465e-09,4.8727373251178736e-11,1.048873354593408e-09,7.415426723379465e-09,8.33656381113177e-14,0.0,0.0,True,0.0,0.4502174370694012,1
99,29700.0,8.25,0.0,0.0,0.0,0.5,0.6051163215951783,1.6994728999621615e-08,0.9262052761441087,100000000.0,0.0,0.173541063879777,0.0364197768594099,-1.620326095519431e-15,0.0008127962799395143,2.3720454878873272e-09,9.393781442990152e-06,7.1642967555419306e-09,4.4498948851114394e-11,1.0840446671406197e-09,7.1642967555419306e-09,8.319908285989262e-14,0.0,0.0,True,0.0,0.4496688873349198,1
100,30000.0,8.333333333333334,0.0,0.0,0.0,0.5,0.6055119982413704,1.6994728999621615e-08,0.9268510309115773,100000000.0,0.0,0.17467912887557857,0.03687200945919687,-1.6305623518064749e-15,0.0008620717229496695,7.258096435628667e-09,7.967070826971555e-06,6.934443020405054e-09,4.301670553429733e-11,1.0977931124076043e-09,6.934443020405054e-09,8.099551556051324e-14,0.0,0.0,True,0.0,0.44431048420859726,1
101,30300.0,8.416666666666666,0.0,0.0,0.0,0.5,0.6058878377016097,1.6994728999621615e-08,0.9274968592978873,100000000.0,0.0,0.17364860670628776,0.03732971785926943,-1.6413093106848464e-15,0.0008643052862012515,1.4378403670534003e-11,8.266061734941191e-06,7.108414770069443e-09,2.5728373093854458e-11,1.0729628736701945e-09,7.108414770069443e-09,8.013694109951974e-14,0.0,0.0,True,0.0,0.45389385570234797,1
102,30600.0,8.5,0.0,0.0,0.0,0.5,0.6062438313818544,1.6994728999621615e-08,0.9281457080698019,100000000.0,0.0,0.173753059433095,0.03778185633728583,-1.6514567491299204e-15,0.0007906320153662287,2.5738951892156986e-09,5.674015953006191e-06,7.300413977388435e-09,3.680217558478838e-11,1.1429411679007974e-09,7.300413977388435e-09,8.111071872380915e-14,0.0,0.0,True,0.0,0.4482496055943035,1
103,30900.0,8.583333333333334,0.0,0.0,0.0,0.5,0.6065799129194179,1.6994728999621615e-08,0.9287960569298314,100000000.0,0.0,0.17513850083259103,0.03822693007885709,-1.6617374143379492e-15,0.0008355333424820857,3.2219126828971425e-10,7.186454671590091e-06,7.107008536038737e-09,3.811174682037727e-11,1.1384233265533278e-09,7.107008536038737e-09,8.178403450195674e-14,0.0,0.0,True,0.0,0.45042628141574254,1
104,31200.0,8.666666666666666,0.0,0.0,0.0,0.5,0.6068959403691467,1.6994728999621615e-08,0.9294448829308342,100000000.0,0.0,0.17401285646910872,0.03866633585293066,-1.6715295814151431e-15,0.0008131010347221045,3.108369346032735e-09,7.700539342909878e-06,6.856807408213527e-09,3.99197532577334e-11,1.100914742033281e-09,6.856807408213527e-09,8.116561116671657e-14,0.0,0.0,True,0.0,0.4516819767733511,1
105,31500.0,8.75,0.0,0.0,0.0,0.5,0.6071918601151436,1.6994728999621615e-08,0.930087954290799,100000000.0,0.0,0.17499372570678137,0.03910102350415335,-1.6816326109392322e-15,0.0007769871159554029,5.13167866201573e-09,8.605898449559899e-06,6.548872024206414e-09,3.955074822672549e-11,1.091157483014339e-09,6.548872024206414e-09,7.968332066812402e-14,0.0,0.0,True,0.0,0.44607646450168786,1
106,31800.0,8.833333333333334,0.0,0.0,0.0,0.5,0.6074675930198468,1.6994728999621615e-08,0.9307320174993234,100000000.0,0.0,0.1748739691012262,0.03953752859916824,-1.691202733411501e-15,0.0007074580308054407,3.69132431387621e-10,7.23418116045236e-06,6.254823585635533e-09,4.2431600466796e-11,1.1147102797288367e-09,6.254823585635533e-09,7.840414577521045e-14,0.0,0.0,True,0.0,0.45209849986066625,1
107,32100.0,8.916666666666666,0.0,0.0,0.0,0.5,0.6077230962290092,1.6994728999621615e-08,0.931371817007581,100000000.0,0.0,0.17553408139328458,0.039979488842742744,-1.7006840380417998e-15,0.0007940622351024545,2.8514757427174813e-09,9.559662049991077e-06,6.110012307954452e-09,4.301903383350818e-11,1.1278001648119024e-09,6.110012307954452e-09,7.891918975886988e-14,0.0,0.0,True,0.0,0.4510607292935723,1
108,32400.0,9.0,0.0,0.0,0.0,0.5,0.60795835984931,1.6994728999621615e-08,0.9320130119205089,100000000.0,0.0,0.1753320646702451,0.04041584547119719,-1.7101209337511136e-15,0.0006081784887012596,2.148225192643593e-09,8.756812874166733e-06,5.880833344375089e-09,3.954730680632315e-11,1.134983421722706e-09,5.880833344375089e-09,7.651567577678902e-14,0.0,0.0,True,0.0,0.4486076824010468,1
109,32700.0,9.083333333333334,0.0,0.0,0.0,0.5,0.6081732547766522,1.6994728999621615e-08,0.9326548993114241,100000000.0,0.0,0.17527210781120725,0.04085455255123551,-1.71940239823698e-15,0.0008329300046758145,8.447761415124245e-09,7.133262333512989e-06,5.905315501961098e-09,2.4060112037906875e-11,1.1039005898210006e-09,5.905315501961098e-09,7.521341266883949e-14,0.0,0.0,True,0.0,0.45466730941472167,1
110,33000.0,9.166666666666666,0.0,0.0,0.0,0.5,0.6083678653790356,1.6994728999621615e-08,0.9332917187465005,100000000.0,0.0,0.17570925626887687,0.041287982175219506,-1.7285950448808763e-15,0.0006285661895436308,4.46490356611792e-09,8.162169177569034e-06,6.109576259125962e-09,3.2582154242679865e-11,1.1710197668418087e-09,6.109576259125962e-09,7.555390288139743e-14,0.0,0.0,True,0.0,0.44969674918215524,1
111,33300.0,9.25,0.0,0.0,0.0,0.5,0.6085421592372119,1.6994728999621615e-08,0.9339251818280886,100000000.0,0.0,0.1765639315227029,0.04171410567267095,-1.7378765093667425e-15,0.0006735049208999106,8.567234329236573e-09,7.6218032193499105e-06,5.85404456035645e-09,3.326225709232006e-11,1.1777675093676912e-09,5.85404456035645e-09,7.538299833926428e-14,0.0,0.0,True,0.0,0.45628070594349873,1
112,33600.0,9.333333333333334,0.0,0.0,0.0,0.5,0.6086960961925094,1.6994728999621615e-08,0.9345558495074464,100000000.0,0.0,0.17656062422167498,0.042134700347332965,-1.7468027024847288e-15,0.000868409236242171,6.186853159212697e-09,9.78679099302763e-06,5.586016553602028e-09,3.507826068291095e-11,1.1237758679910701e-09,5.586016553602028e-09,7.523735271542653e-14,0.0,0.0,True,0.0,0.4576390682296787,1
113,33900.0,9.416666666666666,0.0,0.0,0.0,0.5,0.6088296352871612,1.6994728999621615e-08,0.9351800063174974,100000000.0,0.0,0.17748814845197983,0.042562939042225224,-1.7557733045237001e-15,0.0007928479297318529,4.846908882408671e-09,9.922027343616279e-06,5.304212624460758e-09,3.941740047543948e-11,1.1002603390776853e-09,5.304212624460758e-09,7.349681400912226e-14,0.0,0.0,True,0.0,0.4446811971984053,1
114,34200.0,9.5,0.0,0.0,0.0,0.5,0.6089428828739422,1.6994728999621615e-08,0.9357996327668648,100000000.0,0.0,0.17761353689772386,0.04299009744761703,-1.7644885552670076e-15,0.0009852481337798403,1.8697764500627154e-09,8.077214377516806e-06,4.9842585753748545e-09,3.918531043474661e-11,1.1302674198489224e-09,4.9842585753748545e-09,7.162419074811328e-14,0.0,0.0,True,0.0,0.45746932385308064,1
115,34500.0,9.583333333333334,0.0,0.0,0.0,0.5,0.6090358835486875,1.6994728999621615e-08,0.9364227725868756,100000000.0,0.0,0.17814216449413395,0.04341234004842599,-1.7733703394640089e-15,0.0007253959432478853,3.645283927655038e-09,7.4459465079436815e-06,4.783510499915722e-09,3.74670545496997e-11,1.1395293633018998e-09,4.783510499915722e-09,7.266864452240741e-14,0.0,0.0,True,0.0,0.4629991278419383,1
116,34800.0,9.666666666666666,0.0,0.0,0.0,0.5,0.6091085078326544,1.6994728999621615e-08,0.9370400623975503,100000000.0,0.0,0.17814229405894538,0.043831299545542726,-1.781996772365346e-15,0.0008388095609640014,3.3033398150794362e-09,8.549621175110155e-06,4.6587927558645234e-09,2.566369710146768e-11,1.1224107295096858e-09,4.6587927558645234e-09,7.253970448969206e-14,0.0,0.0,True,0.0,0.44283259529180774,1
117,35100.0,9.75,0.0,0.0,0.0,0.5,0.6091612972162588,1.6994728999621615e-08,0.9376507207446364,100000000.0,0.0,0.1777168407765233,0.0442514807783286,-1.7903123428197885e-15,0.0009922831294517235,5.71291863262152e-09,7.73111478243979e-06,4.874881172676982e-09,2.7427002453107067e-11,1.1900174838886722e-09,4.874881172676982e-09,7.110337212591164e-14,0.0,0.0,True,0.0,0.4533662264802154,1
118,35400.0,9.833333333333334,0.0,0.0,0.0,0.5,0.6091939533246211,1.6994728999621615e-08,0.9382607200381616,100000000.0,0.0,0.178417925957797,0.04466528985694175,-1.798583504353246e-15,0.0006667287843711284,5.630708087329412e-10,7.618252907709522e-06,4.790655404076527e-09,2.9001517901521386e-11,1.2074077145283306e-09,4.790655404076527e-09,7.190272374686147e-14,0.0,0.0,True,0.0,0.45986695628177465,1
119,35700.0,9.916666666666666,0.0,0.0,0.0,0.5,0.6092068524862755,1.6994728999621615e-08,0.9388622461097944,100000000.0,0.0,0.17893261810765426,0.04507296847725438,-1.806521598979316e-15,0.000723704712602722,8.384702473036211e-09,6.51216452133646e-06,4.456415106077909e-09,3.09142549397963e-11,1.13273819304919e-09,4.456415106077909e-09,6.962033356300769e-14,0.0,0.0,True,0.0,0.45155061438139116,1
120,36000.0,10.0,0.0,0.0,0.0,0.5,0.6092003703966744,1.6994728999621615e-08,0.9394608984002157,100000000.0,0.0,0.17952871524003042,0.045489012794306706,-1.814604022598587e-15,0.0005927282328282235,5.768082858006997e-09,5.506097037723009e-06,4.105353249405147e-09,3.264307073564241e-11,1.1090030391551898e-09,4.105353249405147e-09,6.816124926797078e-14,0.0,0.0,True,0.0,0.4562098169086859,1
121,36300.0,10.083333333333334,0.0,0.0,0.0,0.5,0.6091740411341137,1.6994728999621615e-08,0.9400521908974822,100000000.0,0.0,0.17994183011592305,0.04590220951958611,-1.822497708303672e-15,0.00046268356852352424,2.158125691370935e-11,7.18413920721566e-06,3.854797105165246e-09,3.516939739196287e-11,1.1064803394465593e-09,3.854797105165246e-09,6.651028402728411e-14,0.0,0.0,True,0.0,0.45347329353944393,1
122,36600.0,10.166666666666666,0.0,0.0,0.0,0.5,0.6091294706530114,1.6994728999621615e-08,0.9406384435487108,100000000.0,0.0,0.18043682386501197,0.046310225130132235,-1.8298362824964443e-15,0.0006962811594554648,7.14421164101055e-09,8.744498355760316e-06,3.5453528127577394e-09,3.3938283527751867e-11,1.1184882413710315e-09,3.5453528127577394e-09,6.604499834983632e-14,0.0,0.0,True,0.0,0.46040442438616014,1
123,36900.0,10.25,0.0,0.0,0.0,0.5,0.6090655786590559,1.6994728999621615e-08,0.941217923633256,100000000.0,0.0,0.1807856700194204,0.04671301434294328,-1.837241470070694e-15,0.000346115483978165,6.480605026404628e-09,6.006243454489023e-06,3.3031058359246075e-09,3.299459187909521e-11,1.1269821612742644e-09,3.3031058359246075e-09,6.580984198698738e-14,0.0,0.0,True,0.0,0.45622432810245317,1
124,37200.0,10.333333333333334,0.0,0.0,0.0,0.5,0.6089844105604352,1.6994728999621615e-08,0.9417956654216261,100000000.0,0.0,0.18104984431162446,0.0471170240467739,-1.844913111170854e-15,0.0008812926764075507,5.9221425256681e-09,9.748099225694752e-06,3.214058861089688e-09,2.1641932467077507e-11,1.1069879504561286e-09,3.214058861089688e-09,6.556705231321783e-14,0.0,0.0,True,0.0,0.4597994624675531,1
125,37500.0,10.416666666666666,0.0,0.0,0.0,0.5,0.6088863320906278,1.6994728999621615e-08,0.9423696508407985,100000000.0,0.0,0.18091628866232592,0.04751919974791466,-1.85215176529141e-15,0.0008413984393713737,2.697621547506836e-11,9.068268100005406e-06,3.4200923860141446e-09,2.4765777530338772e-11,1.1984584246181895e-09,3.4200923860141446e-09,6.484502844691205e-14,0.0,0.0,True,0.0,0.4573976493546242,1
126,37800.0,10.5,0.0,0.0,0.0,0.5,0.60877138124512,1.6994728999621615e-08,0.9429384925728028,100000000.0,0.0,0.1810051745758001,0.04791490382366966,-1.8590240458138394e-15,0.000651316014513459,2.4291065167866278e-11,9.512777005643989e-06,3.2185877572553962e-09,2.5309745070453234e-11,1.1924442739139323e-09,3.2185877572553962e-09,6.302499495344049e-14,0.0,0.0,True,0.0,0.44865085579782626,1
127,38100.0,10.583333333333334,0.0,0.0,0.0,0.5,0.6086445739193317,1.6994728999621615e-08,0.9434983808644507,100000000.0,0.0,0.1808832603777179,0.048314906600515364,-1.8662071887831644e-15,0.0006905049588295375,1.1261781481941255e-09,7.3605162163226616e-06,2.8655736878854833e-09,2.750589345077117e-11,1.1151690134438392e-09,2.8655736878854833e-09,6.391556135167548e-14,0.0,0.0,True,0.0,0.44756450115863555,1
128,38400.0,10.666666666666666,0.0,0.0,0.0,0.5,0.6085010351121178,1.6994728999621615e-08,0.9440551541100375,100000000.0,0.0,0.18229944852752097,0.04871473441931107,-1.8732349005290415e-15,0.0004917829675287964,2.963882364369164e-09,9.961871971091242e-06,2.582948159385968e-09,2.9643058685546245e-11,1.0923160279782146e-09,2.582948159385968e-09,6.264029393842215e-14,0.0,0.0,True,0.0,0.45373242056801766,1
129,38700.0,10.75,0.0,0.0,0.0,0.5,0.6083531598244536,1.6994728999621615e-08,0.9446035595066163,100000000.0,0.0,0.1823095736557396,0.04911002614313445,-1.8799406475977776e-15,0.0008238939388739827,9.878493573239803e-09,7.663500469963966e-06,2.261308107347999e-09,2.981331760944815e-11,1.076452200012816e-09,2.261308107347999e-09,6.068505303558571e-14,0.0,0.0,True,0.0,0.4657010025909831,1
130,39000.0,10.833333333333334,0.0,0.0,0.0,0.5,0.6081965327471294,1.6994728999621615e-08,0.945145268062329,100000000.0,0.0,0.1832694981403753,0.049500536837853666,-1.8866352924362674e-15,0.0007974799318586494,1.6855657748304838e-11,6.899579479687167e-06,1.9664789708129123e-09,2.8397577149861168e-11,1.1052272795348563e-09,1.9664789708129123e-09,6.051898486787783e-14,0.0,0.0,True,0.0,0.45021277886282685,1
131,39300.0,10.916666666666666,0.0,0.0,0.0,0.5,0.6080406039490236,1.6994728999621615e-08,0.9456810450857226,100000000.0,0.0,0.18339799030609996,0.04989055575879416,-1.8930856882093395e-15,0.0005147606503496374,1.3425522240542308e-09,9.836864600455108e-06,1.9093905468040292e-09,2.1008863514478727e-11,1.0709132141779675e-09,1.9093905468040292e-09,6.033624183478855e-14,0.0,0.0,True,0.0,0.4478290451509619,1
132,39600.0,11.0,0.0,0.0,0.0,0.5,0.6079060363124205,1.6994728999621615e-08,0.9462109903456387,100000000.0,0.0,0.18398706282137428,0.05028066648063816,-1.8995249817521654e-15,0.000615024182364948,9.575965735322572e-10,6.712789151210122e-06,1.9754581714226188e-09,2.2384911276907456e-11,1.1713922784490718e-09,1.9754581714226188e-09,5.93543689267467e-14,0.0,0.0,True,0.0,0.4447562954773687,1
133,39900.0,11.083333333333334,0.0,0.0,0.0,0.5,0.6077767753399455,1.6994728999621615e-08,0.946736842921923,100000000.0,0.0,0.18400811024961006,0.050667100911494435,-1.905775537380805e-15,0.00039438495850313283,1.8074946213207777e-09,9.976550304280982e-06,1.8890785648860393e-09,2.332255117381904e-11,1.1634951812506394e-09,1.8890785648860393e-09,5.903247274369133e-14,0.0,0.0,True,0.0,0.44555986882112586,1
134,40200.0,11.166666666666666,0.0,0.0,0.0,0.5,0.6077366093052451,1.6994728999621615e-08,0.9472594873254824,100000000.0,0.0,0.18401768647150502,0.05105106526508613,-1.911382163655162e-15,0.0008660565830124811,2.3862333782593912e-09,9.991118680652714e-06,1.5249703819979534e-09,2.2642660282965588e-11,1.1651638774189749e-09,1.5249703819979534e-09,5.662575543875956e-14,0.0,0.0,True,0.0,0.4480483134051708,1
135,40500.0,11.25,0.0,0.0,0.0,0.5,0.6077437119337064,1.6994728999621615e-08,0.9477769190920511,100000000.0,0.0,0.18408354571044494,0.05144102373216801,-1.9173551635276453e-15,0.0005380811260235312,5.654552365610742e-09,9.995347337900217e-06,1.3804563302057585e-09,2.4365185118296073e-11,1.1265081728987715e-09,1.3804563302057585e-09,5.6656327216757274e-14,0.0,0.0,True,0.0,0.4550895842137786,1
136,40800.0,11.333333333333334,0.0,0.0,0.0,0.5,0.6080106641173002,1.6994728999621615e-08,0.9482861340165714,100000000.0,0.0,0.18479954957468264,0.05182723541444618,-1.9230950165649574e-15,0.0009447393931943383,1.8146669832665421e-09,7.061404368724855e-06,1.1740396075119163e-09,2.478383785913091e-11,1.107901182629881e-09,1.1740396075119163e-09,5.594142037887609e-14,0.0,0.0,True,0.0,0.45595950223709575,1
137,41100.0,11.416666666666666,0.0,0.0,0.0,0.5,0.6085600255410117,1.6994728999621615e-08,0.9487907802465513,100000000.0,0.0,0.18521391348712943,0.05221058110048025,-1.928945891904732e-15,0.0006186830299405779,4.801595734300284e-09,9.831679106116625e-06,1.1012874824961432e-09,2.474073265465934e-11,1.1012874824961432e-09,1.038595398604225e-09,5.628731059241443e-14,0.0,0.0,True,0.0,0.45063353498380876,1
138,41400.0,11.5,0.0,0.0,0.0,0.5,0.6096211381451163,1.6994728999621615e-08,0.9492888846366716,100000000.0,0.0,0.1858367040568718,0.052593676697862385,-1.934596927100074e-15,0.000770183462758815,1.4830525226941155e-09,7.665702376509558e-06,1.0421465064067679e-09,1.80497089010831e-11,1.0421465064067679e-09,9.180346836619821e-10,5.400651213077495e-14,0.0,0.0,True,0.0,0.4442443890107557,1
139,41700.0,11.583333333333334,0.0,0.0,0.0,0.5,0.612051514063643,1.6994728999621615e-08,0.949780899381409,100000000.0,0.0,0.18623897916751836,0.052976977711777166,-1.9399370998485212e-15,0.0007080856934804176,5.638092275775419e-10,8.8313285966095e-06,1.2005377747246496e-09,1.9336735474572685e-11,1.2005377747246496e-09,1.09687038608927e-09,5.4493739114576757e-14,0.0,0.0,True,0.0,0.4481378020718117,1
140,42000.0,11.666666666666666,0.0,0.0,0.0,0.5,0.6147034006749716,1.6994728999621615e-08,0.9502648903968575,100000000.0,0.0,0.18669309069050313,0.05335803821916511,-1.945010819071058e-15,0.0008924554536199138,8.107337130949913e-10,7.801015404873681e-06,1.2284460603397424e-09,2.0720134019178432e-11,1.2284460603397424e-09,1.2272546802926406e-09,5.3746388225500407e-14,0.0,0.0,True,0.0,0.4483059221561892,1
141,42300.0,11.75,0.0,0.0,0.0,0.5,0.6224844532483672,1.6994728999621615e-08,0.9507440748484082,100000000.0,0.0,0.18700354246986195,0.053736074370646085,-1.950173356135565e-15,0.0007206652070715384,1.8038086197506804e-09,9.165383061676723e-06,1.2457186960357598e-09,2.174037762532761e-11,1.2457186960357598e-09,1.1647683921217319e-09,5.341443433654836e-14,0.0,0.0,True,0.0,0.4379719280169877,1
142,42600.0,11.833333333333334,0.0,0.0,0.0,0.5,0.6274046823821443,1.6994728999621615e-08,0.951214952831654,100000000.0,0.0,0.18729895040527236,0.05411206340817348,-1.9555690400352433e-15,0.0005479031065395329,8.846757994489367e-10,9.326629025549738e-06,1.2580952308987256e-09,2.2715284391612888e-11,1.2024155383940026e-09,1.2580952308987256e-09,5.332070754978092e-14,0.0,0.0,True,0.0,0.4334069556924496,1
143,42900.0,11.916666666666666,0.0,0.0,0.0,0.5,0.6442687216155228,1.6994728999621615e-08,0.9516825517275603,100000000.0,0.0,0.18682421346457187,0.0544892776151501,-1.96073157709975e-15,0.0008640810868490328,6.605314278652158e-09,6.133784313327941e-06,1.3612422844474974e-09,2.188954908233212e-11,1.2173496568051823e-09,1.3612422844474974e-09,5.1675079287464684e-14,0.0,0.0,True,0.0,0.4359060026820112,1
144,43200.0,12.0,0.0,0.0,0.0,0.5,0.6520170179940153,1.6994728999621615e-08,0.9521433378719204,100000000.0,0.0,0.1869668280083406,0.0548686541607208,-1.9656054561778546e-15,0.0009206717497313015,9.456887736002178e-10,9.982955480686994e-06,1.5137302276387e-09,2.1739263697037607e-11,1.2082252083292418e-09,1.5137302276387e-09,5.159173562363832e-14,0.0,0.0,True,0.0,0.4338373734282561,1
145,43500.0,12.083333333333334,0.0,0.0,0.0,0.5,0.6723690378174063,1.6994728999621615e-08,0.9525992231110835,100000000.0,0.0,0.188070457225772,0.05524897481995312,-1.9705348464071902e-15,0.0008935789893317476,1.1895520690285982e-09,7.2718955200986756e-06,1.68639682498036e-09,1.650715496096123e-11,1.1350260938103904e-09,1.68639682498036e-09,5.0361841697062306e-14,0.0,0.0,True,0.0,0.43366386091499315,1
146,43800.0,12.166666666666666,0.0,0.0,0.0,0.5,0.681618455911304,1.6994728999621615e-08,0.9530481003031195,100000000.0,0.0,0.1881807080058865,0.05563161936375843,-1.9752199875711085e-15,0.00087495408992213,1.0427124513150397e-09,6.9708494496639285e-06,1.7801056705182079e-09,1.750631552054446e-11,1.3092494620023095e-09,1.7801056705182079e-09,5.007384516792751e-14,0.0,0.0,True,0.0,0.4318293842028075,1
147,44100.0,12.25,0.0,0.0,0.0,0.5,0.7059318079255112,1.6994728999621615e-08,0.953490501011214,100000000.0,0.0,0.18905782796611073,0.056011629461300956,-1.9801271733399517e-15,0.0009401097688616814,9.987980439508509e-09,8.087373561369128e-06,1.9326294605007336e-09,1.850022849401578e-11,1.3800584936073572e-09,1.9326294605007336e-09,4.89287697774773e-14,0.0,0.0,True,0.0,0.4208623814438527,1
148,44400.0,12.333333333333334,0.0,0.0,0.0,0.5,0.7213038974039133,1.6994728999621615e-08,0.9539253195956697,100000000.0,0.0,0.1892726769097766,0.056388762040565664,-1.9844459409057437e-15,0.0009076850219751578,4.144805587230737e-10,7.319722209745785e-06,2.101533863098844e-09,2.046632790275894e-11,1.413028117940489e-09,2.101533863098844e-09,4.8753183977208567e-14,0.0,0.0,True,0.0,0.40795611849425784,1
149,44700.0,12.416666666666666,0.0,0.0,0.0,0.5,0.7404052411237566,1.6994728999621615e-08,0.9543530368038128,100000000.0,0.0,0.18976529000937525,0.056765556635227206,-1.989219899911632e-15,0.0009906321213079062,8.408457285578665e-09,6.356498560650844e-06,2.2749265543483258e-09,2.1631121184012494e-11,1.4076815812457746e-09,2.2749265543483258e-09,4.7822509224795016e-14,0.0,0.0,True,0.0,0.4204548892030872,1
150,45000.0,12.5,0.0,0.0,0.0,0.5,0.7555170501942936,1.6994728999621615e-08,0.9547749714636884,100000000.0,0.0,0.19022402412444345,0.057139235022093476,-1.9937274053916097e-15,0.0009572012125815067,7.3766424447940816e-09,7.119748168113457e-06,2.420523352652757e-09,2.22499654981252e-11,1.4189154917761456e-09,2.420523352652757e-09,4.6602794462524024e-14,0.0,0.0,True,0.0,0.42262517911482433,1
151,45300.0,12.583333333333334,0.0,0.0,0.0,0.5,0.7581764576365241,1.6994728999621615e-08,0.9551896838205625,100000000.0,0.0,0.18934117507816536,0.057510688710072526,-1.9981571952598644e-15,0.000968468448118673,1.5148218578223567e-13,9.862428762069399e-06,2.5725893236119065e-09,2.0721482591302774e-11,1.3652927628016875e-09,2.5725893236119065e-09,4.7343652634100395e-14,0.0,0.0,True,0.0,0.40983513078827716,1
152,45600.0,12.666666666666666,0.0,0.0,0.0,0.5,0.7749517079893739,1.6994728999621615e-08,0.9555974851578766,100000000.0,0.0,0.18957314125074867,0.05788340210649783,-2.002253918220731e-15,0.0009259396082202542,1.2504835541074857e-13,7.897021230108906e-06,2.7190694285240694e-09,1.6938447914110965e-11,1.3654378757998197e-09,2.7190694285240694e-09,4.6579420154421806e-14,0.0,0.0,True,0.0,0.4063139464519704,1
153,45900.0,12.75,0.0,0.0,0.0,0.5,0.7770525630767866,1.6994728999621615e-08,0.9559988502989963,100000000.0,0.0,0.19063557008802448,0.058257935203268524,-2.0065948902470153e-15,0.000929474627738779,8.524570749355985e-09,6.355809719049283e-06,2.763034764776694e-09,1.708513412296702e-11,1.4757095671378596e-09,2.763034764776694e-09,4.4937012758528746e-14,0.0,0.0,True,0.0,0.417269031764548,1
154,46200.0,12.833333333333334,0.0,0.0,0.0,0.5,0.7929318214009624,1.6994728999621615e-08,0.9563931203964862,100000000.0,0.0,0.19075763349263897,0.05862829764385186,-2.010769328819606e-15,0.0009658325418605333,8.242258465427824e-14,8.13031660732572e-06,2.868451010554596e-09,1.904455138570217e-11,1.5918339492050996e-09,2.868451010554596e-09,4.505653416365763e-14,0.0,0.0,True,0.0,0.41130289863370184,1
155,46500.0,12.916666666666666,0.0,0.0,0.0,0.5,0.7922228254448882,1.6994728999621615e-08,0.9567788718587201,100000000.0,0.0,0.1916956117889026,0.05899892892920018,-2.0151658119971216e-15,0.0009531044475217261,2.71410968267771e-09,6.51400923531306e-06,2.9697942016791763e-09,2.056534846635855e-11,1.5612664346259037e-09,2.9697942016791763e-09,4.383548815269521e-14,0.0,0.0,True,0.0,0.41849698714201655,1
156,46800.0,13.0,0.0,0.0,0.0,0.5,0.7979751888244287,1.6994728999621615e-08,0.9571571869707682,100000000.0,0.0,0.19185419062680223,0.05937112632368073,-2.0194068639511897e-15,0.0009225305105647231,7.141307848203949e-10,9.49437061754886e-06,3.1131373778630725e-09,2.2207054915016123e-11,1.581864891679081e-09,3.1131373778630725e-09,4.3187735347151426e-14,0.0,0.0,True,0.0,0.40931427051658464,1
157,47100.0,13.083333333333334,0.0,0.0,0.0,0.5,0.8010382688899246,1.6994728999621615e-08,0.9575296888719885,100000000.0,0.0,0.19250767717807174,0.05974810399981046,-2.0237700404379666e-15,0.0009806562099293826,6.870846951703133e-13,8.492223312020908e-06,3.2265304735187683e-09,2.2675294204570874e-11,1.6108521899973527e-09,3.2265304735187683e-09,4.315779882607479e-14,0.0,0.0,True,0.0,0.4192071379898682,1
158,47400.0,13.166666666666666,0.0,0.0,0.0,0.5,0.8066150608424726,1.6994728999621615e-08,0.9578954738704292,100000000.0,0.0,0.19289349049352192,0.060123379610501446,-2.0277335366358783e-15,0.0009573549314755628,9.517771853763793e-09,8.365569383169611e-06,3.334722136771065e-09,2.08177918890779e-11,1.5598063766039908e-09,3.334722136771065e-09,4.3132505246859965e-14,0.0,0.0,True,0.0,0.40616093800045616,1
159,47700.0,13.25,0.0,0.0,0.0,0.5,0.8096637570889343,1.6994728999621615e-08,0.9582560106543745,100000000.0,0.0,0.19184057362578158,0.0605000628591479,-2.0319190774387152e-15,0.000967291956521606,3.5891188646108257e-13,6.547462387670898e-06,3.3859705434121254e-09,1.8102296547432034e-11,1.5519782390329455e-09,3.3859705434121254e-09,4.1244693772081244e-14,0.0,0.0,True,0.0,0.40118086975449485,1
160,48000.0,13.333333333333334,0.0,0.0,0.0,0.5,0.8129196881073711,1.6994728999621615e-08,0.9586092791181878,100000000.0,0.0,0.19249249457138756,0.06087741968549424,-2.035838164715642e-15,0.0009373637923019382,6.391358351921634e-09,6.395717002558612e-06,3.3904252195124763e-09,1.7705039107544374e-11,1.6425666340966382e-09,3.3904252195124763e-09,4.1959221726713825e-14,0.0,0.0,True,0.0,0.4112837719257081,1
161,48300.0,13.416666666666666,0.0,0.0,0.0,0.5,0.8160812447539584,1.6994728999621615e-08,0.9589553389221185,100000000.0,0.0,0.19315319729836652,0.06126701372137797,-2.0399903988277402e-15,0.0009630170365552018,4.540763447895908e-09,9.6497023116892e-06,3.4345099007625165e-09,1.92630514062036e-11,1.7438859181388052e-09,3.4345099007625165e-09,4.053743332291372e-14,0.0,0.0,True,0.0,0.41713569536704714,1
162,48600.0,13.5,0.0,0.0,0.0,0.5,0.817887446394752,1.5386468716887966e-08,0.9592937843454136,100000000.0,0.0,0.19359437498970575,0.061660885844047664,-2.0439205883349132e-15,0.0009461173004304898,8.752117006978755e-09,6.112599813615204e-06,3.485124099626607e-09,2.2647647840133285e-11,1.7398968408108001e-09,3.485124099626607e-09,4.0456310689881543e-14,0.0,0.0,True,0.0,0.422668079480912,1
163,48900.0,13.583333333333334,0.0,0.0,0.0,0.5,0.8207344335835867,1.3904302069691997e-08,0.9596244376664133,100000000.0,0.0,0.19418332843005773,0.06205286793963971,-2.047884084532825e-15,0.0009510529678476292,4.0311316951179876e-13,8.207710656478176e-06,3.5562371921972103e-09,2.2812715047170278e-11,1.6793426692416845e-09,3.5562371921972103e-09,3.891204464464217e-14,0.0,0.0,True,0.0,0.4168471611265866,1
164,49200.0,13.666666666666666,0.0,0.0,0.0,0.5,0.8223724466803559,1.2563802724297244e-08,0.9599471689109025,100000000.0,0.0,0.19463710863855316,0.062442939497423314,-2.0518253762702444e-15,0.0009626564903519186,1.157924593475001e-09,9.125201051948676e-06,3.6030675915113445e-09,2.4398346224211928e-11,1.7063779404196225e-09,3.6030675915113445e-09,3.940761820242583e-14,0.0,0.0,True,0.0,0.42517697715463487,1
165,49500.0,13.75,0.0,0.0,0.0,0.5,0.8245148163075903,1.2563802724297244e-08,0.9602620284298717,100000000.0,0.0,0.19508712293871858,0.06283319274887919,-2.0557555657774174e-15,0.0009523605433957017,1.306309471753701e-09,9.557740537190371e-06,3.6548678840521323e-09,2.075392803688859e-11,1.6549482044818695e-09,3.6548678840521323e-09,3.885784834275504e-14,0.0,0.0,True,0.0,0.41660377388939995,1
166,49800.0,13.833333333333334,0.0,0.0,0.0,0.5,0.8262177610190726,1.2563802724297244e-08,0.9605700697025811,100000000.0,0.0,0.19582218139785132,0.06322250186662114,-2.059752368666068e-15,0.0009262306739573695,8.257710970424119e-10,7.3050015687583834e-06,3.617775959296048e-09,1.974802493714869e-11,1.7471371349832173e-09,3.617775959296048e-09,3.762308429678048e-14,0.0,0.0,True,0.0,0.4180210351860183,1
167,50100.0,13.916666666666666,0.0,0.0,0.0,0.5,0.8278647599044298,1.2563802724297244e-08,0.9608700184931848,100000000.0,0.0,0.19432745349836514,0.06361699329228224,-2.0638046827059496e-15,0.0009227429266942404,8.569381235592774e-09,9.576024507420405e-06,3.5815426758222163e-09,2.0903557006320786e-11,1.7793476904900432e-09,3.5815426758222163e-09,3.7672466590898485e-14,0.0,0.0,True,0.0,0.41204380981377364,1
168,50400.0,14.0,0.0,0.0,0.0,0.5,0.829298676474362,1.2563802724297244e-08,0.961162594910503,100000000.0,0.0,0.19516095353075394,0.06401485847072177,-2.0678070367097236e-15,0.0007245035474111424,9.474737144888873e-09,6.896764861698599e-06,3.5822684370458017e-09,2.1600678141742903e-11,1.800993465252289e-09,3.5822684370458017e-09,3.6264424904657305e-14,0.0,0.0,True,0.0,0.41633854678690113,1
169,50700.0,14.083333333333334,0.0,0.0,0.0,0.5,0.830944365525188,1.2563802724297244e-08,0.9614476160111696,100000000.0,0.0,0.1951603677467347,0.06440816499855818,-2.0718260440588664e-15,0.000678443884002184,4.4213308007803505e-09,4.988867573308769e-06,3.600738580535941e-09,2.2782049101271963e-11,1.7907449985526233e-09,3.600738580535941e-09,3.72672079128258e-14,0.0,0.0,True,0.0,0.407117274293256,1
170,51000.0,14.166666666666666,0.0,0.0,0.0,0.5,0.8323584941178506,1.2563802724297244e-08,0.9617250289997159,100000000.0,0.0,0.19636936491458495,0.06481659120256192,-2.0757007224148082e-15,0.0008783163621212192,1.1946328030382802e-09,6.359361516212868e-06,3.5951520844494253e-09,2.3732722647125523e-11,1.786751872091765e-09,3.5951520844494253e-09,3.652743796869006e-14,0.0,0.0,True,0.0,0.4207533109748487,1
171,51300.0,14.25,0.0,0.0,0.0,0.5,0.8337790258767752,1.2563802724297244e-08,0.9619950357287969,100000000.0,0.0,0.19652133791706006,0.0652230134764966,-2.0797641386849363e-15,0.0006788452583210985,1.9821715436022233e-09,9.680489966130423e-06,3.5874054017087793e-09,2.343008305782585e-11,1.757531230873508e-09,3.5874054017087793e-09,3.603805976238072e-14,0.0,0.0,True,0.0,0.42534868131706227,1
172,51600.0,14.333333333333334,0.0,0.0,0.0,0.5,0.8351435946476389,1.2563802724297244e-08,0.9622609523372474,100000000.0,0.0,0.19737584309126874,0.06562511364999894,-2.083844208300434e-15,0.0009122773727315481,4.020784258958858e-10,4.951393268546365e-06,3.5505308276427726e-09,2.1506944374287455e-11,1.7332995751284867e-09,3.5505308276427726e-09,3.5470380963929013e-14,0.0,0.0,True,0.0,0.4230078274419481,1
173,51900.0,14.416666666666666,0.0,0.0,0.0,0.5,0.8364452827713342,1.2563802724297244e-08,0.9625198450861021,100000000.0,0.0,0.19764334430549535,0.06602534734382791,-2.087913175685685e-15,0.0008856510408145365,2.8843989454730388e-09,8.863361763898168e-06,3.466774526545468e-09,2.040172894551805e-11,1.785051259643089e-09,3.466774526545468e-09,3.518067005198713e-14,0.0,0.0,True,0.0,0.4305173008507591,1
174,52200.0,14.5,0.0,0.0,0.0,0.5,0.8377201380190773,1.2213534498274367e-08,0.9627720236367469,100000000.0,0.0,0.19831919866369627,0.06642469342404964,-2.0918655696533507e-15,0.0009352921309332205,9.458983791976302e-09,5.125717703056308e-06,3.375532823412198e-09,2.1147444363404984e-11,1.8269389192732818e-09,3.375532823412198e-09,3.4607464327356026e-14,0.0,0.0,True,0.0,0.4208876617637915,1
175,52500.0,14.583333333333334,0.0,0.0,0.0,0.5,0.8388151784007789,1.1044547164604955e-08,0.9630176169541733,100000000.0,0.0,0.19727852085515632,0.06682569615519722,-2.095812412505893e-15,0.0006133698708155283,1.0655573795479097e-09,7.351128014725864e-06,3.2684671585812754e-09,1.8640848225260802e-11,1.7892292823256714e-09,3.2684671585812754e-09,3.3408665934105534e-14,0.0,0.0,True,0.0,0.41315213419559615,1
176,52800.0,14.666666666666666,0.0,0.0,0.0,0.5,0.8399116745551678,1.1044547164604955e-08,0.9632564648132442,100000000.0,0.0,0.19733511898938555,0.06722209650262263,-2.0997537042433124e-15,0.0009080344374166054,5.14032631738624e-09,6.898942488302109e-06,3.1141951706673516e-09,1.899423876199468e-11,1.8342250884413062e-09,3.1141951706673516e-09,3.289061134927376e-14,0.0,0.0,True,0.0,0.42106964857726836,1
177,53100.0,14.75,0.0,0.0,0.0,0.5,0.8408928770760422,1.1044547164604955e-08,0.9634886849138887,100000000.0,0.0,0.19775289202597188,0.06761445509629206,-2.1033952357640827e-15,0.000694250139703238,8.415785119722216e-09,9.774224250594929e-06,2.9802698115567947e-09,1.700215029505833e-11,1.7376867147038182e-09,2.9802698115567947e-09,3.281968554947956e-14,0.0,0.0,True,0.0,0.4201883919151812,1
178,53400.0,14.833333333333334,0.0,0.0,0.0,0.5,0.8418400912088162,1.1044547164604955e-08,0.963714373611927,100000000.0,0.0,0.19953033994369535,0.06799977733048837,-2.1071755451629314e-15,0.0008062246284169379,1.2612348497957442e-09,9.92305110497313e-06,2.9365505629986176e-09,1.829175976527125e-11,1.6844466825391138e-09,2.9365505629986176e-09,3.231313708233992e-14,0.0,0.0,True,0.0,0.42022589191573034,1
179,53700.0,14.916666666666666,0.0,0.0,0.0,0.5,0.8427085303281086,1.1044547164604955e-08,0.9639336782340128,100000000.0,0.0,0.19728618283865576,0.06837788834693294,-2.111177899166705e-15,0.000456159786894486,5.009839822294059e-10,9.224012010263933e-06,2.9467154183899097e-09,2.27622787119376e-11,1.742165913010573e-09,2.9467154183899097e-09,3.259498094586621e-14,0.0,0.0,True,0.0,0.4230225092480173,1
180,54000.0,15.0,0.0,0.0,0.0,0.5,0.8435641235784292,1.1044547164604955e-08,0.9641470864711896,100000000.0,0.0,0.19909001072983118,0.06875487193782512,-2.1149360041050613e-15,0.0006397094203603848,5.628289304154736e-09,8.091798231316013e-06,2.9328877428309132e-09,2.6540275691255648e-11,1.7719916570437189e-09,2.9328877428309132e-09,3.125094503805512e-14,0.0,0.0,True,0.0,0.4266231271762472,1
181,54300.0,15.083333333333334,0.0,0.0,0.0,0.5,0.8443295336105066,1.1044547164604955e-08,0.9643585759794083,100000000.0,0.0,0.1998199945527804,0.0691328503530972,-2.1186552512375556e-15,0.0005386362891362159,6.010136270787683e-09,9.941862416890675e-06,2.9050916145334546e-09,2.9595168347736696e-11,1.7569805232181926e-09,2.9050916145334546e-09,3.068218999063817e-14,0.0,0.0,True,0.0,0.4256535664342367,1
182,54600.0,15.166666666666666,0.0,0.0,0.0,0.5,0.8451003731280435,1.1044547164604955e-08,0.9645641218036198,100000000.0,0.0,0.2001473636024667,0.06951264708805284,-2.12255213405399e-15,0.0004069321441073616,7.946911626815508e-10,9.30783272763698e-06,2.859191091828998e-09,2.5540996754240298e-11,1.7189366216713655e-09,2.859191091828998e-09,3.0877070172023295e-14,0.0,0.0,True,0.0,0.4340869686765503,1
183,54900.0,15.25,0.0,0.0,0.0,0.5,0.8457708919493555,1.1044547164604955e-08,0.9647640844707736,100000000.0,0.0,0.20109903123837153,0.0698866459113827,-2.1266211014392413e-15,0.0004301768961783082,8.286971103392768e-09,8.902689696169337e-06,2.8418083889539993e-09,3.123292422719293e-11,1.7581746196520705e-09,2.8418083889539993e-09,3.1319174636188694e-14,0.0,0.0,True,0.0,0.4240791825237368,1
184,55200.0,15.333333333333334,0.0,0.0,0.0,0.5,0.8464157823005491,1.0350591898419227e-08,0.9649586570549131,100000000.0,0.0,0.19964606587928838,0.07025859140669855,-2.1305068820254293e-15,0.0005073816048957332,3.3100995209065e-09,8.397377807726333e-06,2.8107008447487044e-09,2.8699384304278768e-11,1.692542706015252e-09,2.8107008447487044e-09,3.035766544871283e-14,0.0,0.0,True,0.0,0.4096154566882872,1
185,55500.0,15.416666666666666,0.0,0.0,0.0,0.5,0.8470002520915653,9.370454243929861e-09,0.9651476645538561,100000000.0,0.0,0.20299250097365173,0.07062316242758856,-2.1343149469998934e-15,0.0003933402766542177,1.647107767874918e-09,9.387666236799756e-06,2.8091756057130377e-09,2.2908206151616716e-11,1.616969042026279e-09,2.8091756057130377e-09,2.933274979785515e-14,0.0,0.0,True,0.0,0.41998744769660556,1
186,55800.0,15.5,0.0,0.0,0.0,0.5,0.8475714866639311,8.48229381563284e-09,0.9653313377230434,100000000.0,0.0,0.20243891062194475,0.07098086584541029,-2.1382839943129284e-15,0.00033287577423834336,5.7844490966262685e-09,8.922814996176246e-06,2.757899005379747e-09,2.3972663300409905e-11,1.6959802169075186e-09,2.757899005379747e-09,2.9829314145643256e-14,0.0,0.0,True,0.0,0.4181746339375809,1
187,56100.0,15.583333333333334,0.0,0.0,0.0,0.5,0.8480884653673681,7.677539175502829e-09,0.9655115163076347,100000000.0,0.0,0.20368850533976268,0.07133516973631943,-2.142286348316702e-15,0.00035357931552806686,4.26404867864861e-09,9.706305609100916e-06,2.746622317489505e-09,2.381600459190955e-11,1.7043324412160402e-09,2.746622317489505e-09,2.984950781669396e-14,0.0,0.0,True,0.0,0.4202798803799102,1
188,56400.0,15.666666666666666,0.0,0.0,0.0,0.5,0.8485778910646025,7.677539175502829e-09,0.9656895936012713,100000000.0,0.0,0.20267934114441866,0.07168777500261475,-2.146305355665845e-15,0.0005159497981758717,1.736299915120508e-11,9.79543063379711e-06,2.699220168098136e-09,2.7285673336983572e-11,1.772271300994815e-09,2.699220168098136e-09,2.965390973285153e-14,0.0,0.0,True,0.0,0.41912347601402233,1
189,56700.0,15.75,0.0,0.0,0.0,0.5,0.8490385862719185,7.677539175502829e-09,0.9658626808115601,100000000.0,0.0,0.20172301286608413,0.07203870346294015,-2.1502855052091263e-15,0.0004980577999083206,7.487026626153217e-11,9.703081228673209e-06,2.676608194910362e-09,2.6488949900966927e-11,1.7327088563781001e-09,2.676608194910362e-09,2.913963063196902e-14,0.0,0.0,True,0.0,0.4213835160461483,1
190,57000.0,15.833333333333334,0.0,0.0,0.0,0.5,0.8494715000507189,7.677539175502829e-09,0.9660311167884447,100000000.0,0.0,0.20328082217603552,0.07237884929772725,-2.1543211659036386e-15,0.00044457512819835325,8.514632278146561e-10,8.632594518868754e-06,2.6485581784802057e-09,2.501619020572556e-11,1.6968059566929653e-09,2.6485581784802057e-09,2.8893112288100205e-14,0.0,0.0,True,0.0,0.4297205413706255,1
191,57300.0,15.916666666666666,0.0,0.0,0.0,0.5,0.8498579045103053,7.677539175502829e-09,0.9661950978610452,100000000.0,0.0,0.20386450628749947,0.07271243415066603,-2.158434542209875e-15,0.0002789196102864473,5.684435964837774e-09,8.89499025299905e-06,2.6090681432896518e-09,2.688996060832019e-11,1.7143751932880583e-09,2.6090681432896518e-09,2.8813183649949127e-14,0.0,0.0,True,0.0,0.4279058697047636,1
192,57600.0,16.0,0.0,0.0,0.0,0.5,0.8502133571953374,7.677539175502829e-09,0.9663551642277415,100000000.0,0.0,0.20447090387596845,0.07303492477513206,-2.1626034296673423e-15,0.0004128979579147281,7.328067025350703e-10,9.400905647661912e-06,2.5605177022646045e-09,2.4441873052752048e-11,1.6749845258322425e-09,2.5605177022646045e-09,2.8394779497364732e-14,0.0,0.0,True,0.0,0.43747899127508616,1
193,57900.0,16.083333333333332,0.0,0.0,0.0,0.5,0.8505362776938397,7.671568011836172e-09,0.9665157752751029,100000000.0,0.0,0.20518141678009658,0.07334867445220418,-2.166783419355056e-15,0.00044434051795652255,9.075033168858045e-10,9.091530413875602e-06,2.4997790953697696e-09,2.5108452789803897e-11,1.725655666933093e-09,2.4997790953697696e-09,2.8002192233846343e-14,0.0,0.0,True,0.0,0.42488711447133487,1
194,58200.0,16.166666666666668,0.0,0.0,0.0,0.5,0.8508432266189045,6.27800096509019e-09,0.9666732140535697,100000000.0,0.0,0.2045336630051553,0.07365717347089075,-2.170835733394938e-15,0.0003372385452442491,4.484150919799965e-09,7.787790101369213e-06,2.4762423808072943e-09,2.2771041154927496e-11,1.6791334224033043e-09,2.4762423808072943e-09,2.7792791058831662e-14,0.0,0.0,True,0.0,0.4165750174826146,1
195,58500.0,16.25,0.0,0.0,0.0,0.5,0.8511300189311468,4.270265236819111e-09,0.966826209674568,100000000.0,0.0,0.20675739950094718,0.07396219779138871,-2.1751878076514685e-15,0.000281676360240635,6.27097701437272e-09,9.069297952659228e-06,2.429410480330592e-09,2.4719238069358257e-11,1.7484133263605934e-09,2.429410480330592e-09,2.7892339572106828e-14,0.0,0.0,True,0.0,0.4283998643753188,1
196,58800.0,16.333333333333332,0.0,0.0,0.0,0.5,0.8513898394794837,5.710577430507959e-09,0.9669751681562335,100000000.0,0.0,0.20612446652711802,0.07426092166716165,-2.1793622462240593e-15,0.00034607822542364193,3.280970813613438e-11,9.619725465992686e-06,2.4118491391017985e-09,2.3899063162385385e-11,1.7052912743973933e-09,2.4118491391017985e-09,2.6610627966280813e-14,0.0,0.0,True,0.0,0.4220644788345774,1
197,59100.0,16.416666666666668,0.0,0.0,0.0,0.5000000000000001,0.8516240813439613,5.174092852493967e-09,0.9671199258250519,100000000.00000001,1.4901161193847657e-16,0.20768366250334952,0.07454790431534626,-2.1835644403722654e-15,0.00036385581448218613,7.375994530506654e-10,9.069230988680846e-06,2.38137378298072e-09,2.3520721331891076e-11,1.6783773749776861e-09,2.38137378298072e-09,2.6761842428710792e-14,0.0,0.0,True,0.0,0.42984823816617784,1
198,59400.0,16.5,0.0,0.0,0.0,0.5,0.8518288786077722,4.687494298096166e-09,0.9672657445931134,100000000.0,0.0,0.20701277364802134,0.07482959171319536,-2.1877999412112105e-15,0.00025912774595993754,9.8842526679781e-10,8.86048517556668e-06,2.330388675804344e-09,2.5559893451440747e-11,1.7331659901979332e-09,2.330388675804344e-09,2.6486273252801614e-14,0.0,0.0,True,0.0,0.4260139130114949,1
199,59700.0,16.583333333333332,0.0,0.0,0.0,0.5,0.8520130617990345,4.687494298096166e-09,0.9674081340531453,100000000.0,0.0,0.20680734818304033,0.0751034387193658,-2.1918966641720773e-15,0.00034614227771143097,8.167566550207444e-09,9.688634214231872e-06,2.3136388307863227e-09,2.8308507859962502e-11,1.7359464136891376e-09,2.3136388307863227e-09,2.685655970252738e-14,0.0,0.0,True,0.0,0.43016408974810594,1
200,60000.0,16.666666666666668,0.0,0.0,0.0,0.5,0.852177278200635,4.687494298096166e-09,0.9675466837254816,100000000.0,0.0,0.20642467281128266,0.07537201712228943,-2.1961932272773765e-15,0.000426248256897369,3.04326198677981e-11,9.849216565938185e-06,2.2452718926593344e-09,2.5855933238179125e-11,1.7321657998184904e-09,2.2452718926593344e-09,2.6433117444176158e-14,0.0,0.0,True,0.0,0.4353921325840817,1
201,60300.0,16.75,0.0,0.0,0.0,0.5,0.8523230870522124,4.687494298096166e-09,0.9676817295139334,100000000.0,0.0,0.20743086302790212,0.07563749495745888,-2.2005952615700154e-15,0.000469536371276362,4.4626328376003943e-10,8.973651247164478e-06,2.1999100045673167e-09,2.5061566847916158e-11,1.7318969202721028e-09,2.1999100045673167e-09,2.5655896672844838e-14,0.0,0.0,True,0.0,0.44309701973688254,1
202,60600.0,16.833333333333332,0.0,0.0,0.0,0.5,0.8524484322733967,4.687494298096166e-09,0.9678152032168342,100000000.0,0.0,0.20760501827273667,0.07589790422018074,-2.2050639092441317e-15,0.000493338016681244,1.3826017213232195e-09,9.130030644436277e-06,2.161083214472176e-09,2.153203041197369e-11,1.6707611165229547e-09,2.161083214472176e-09,2.6460815144057096e-14,0.0,0.0,True,0.0,0.4323363153130608,1
203,60900.0,16.916666666666668,0.0,0.0,0.0,0.5,0.8525601702047163,3.340889810910003e-09,0.967949514377634,100000000.0,0.0,0.20694044415907262,0.07615471768623426,-2.2094825968821398e-15,0.00042572112562639096,1.3564084302634536e-09,8.820031424524328e-06,2.0857452854980166e-09,2.238813576395743e-11,1.7673376595376976e-09,2.0857452854980166e-09,2.578094113245315e-14,0.0,0.0,True,0.0,0.4241455325197257,1
204,61200.0,17.0,0.0,0.0,0.0,0.5,0.8526449995597551,2.1852281865273795e-09,0.9680803156686515,100000000.0,0.0,0.2098007694829954,0.07640125283465687,-2.2139290400957632e-15,0.0004282302758509845,7.839749030173829e-10,9.73706893903112e-06,2.0473477311548488e-09,2.301284694920845e-11,1.7696781852358241e-09,2.0473477311548488e-09,2.4621663232391803e-14,0.0,0.0,True,0.0,0.43675794203036156,1
205,61500.0,17.083333333333332,0.0,0.0,0.0,0.5000000000000001,0.8527111996608783,1.4773906682305292e-09,0.9682076308146541,100000000.00000001,1.4901161193847657e-16,0.21015534495554486,0.07664477000351934,-2.218331074388402e-15,0.0004367247259641815,8.37205576177745e-10,9.662120260744695e-06,2.0052843411727173e-09,2.352490234754737e-11,1.7702263310113116e-09,2.0052843411727173e-09,2.5320266852290913e-14,0.0,0.0,True,0.0,0.44030715377677593,1
206,61800.0,17.166666666666668,0.0,0.0,0.0,0.5,0.8527685954243618,4.687494298096166e-09,0.9683317459581398,100000000.0,0.0,0.2106121625430955,0.07687868537033887,-2.2227164553356716e-15,0.00038347140897506543,1.0643440610649208e-09,9.802549577663541e-06,1.952232410561204e-09,2.3920797516142273e-11,1.7561600340097278e-09,1.952232410561204e-09,2.493164754502203e-14,0.0,0.0,True,0.0,0.4456137091937903,1
207,62100.0,17.25,0.0,0.0,0.0,0.5,0.8528074898012172,4.687494298096166e-09,0.9684574194486547,100000000.0,0.0,0.21085423703958792,0.0771081317547911,-2.227018569556094e-15,0.0002526400777978397,3.491678618491609e-09,9.813569983772544e-06,1.902900042037341e-09,2.3212717771945535e-11,1.7806308939941962e-09,1.902900042037341e-09,2.450658017315791e-14,0.0,0.0,True,0.0,0.43232744694510467,1
208,62400.0,17.333333333333332,0.0,0.0,0.0,0.5,0.85284446766065,4.31214094616066e-09,0.9685814158634062,100000000.0,0.0,0.21140389162375478,0.07733701722174731,-2.231509421690703e-15,0.000504365537912628,2.3632889469994123e-09,8.04958832378019e-06,1.8493406791164794e-09,2.2538935480409794e-11,1.7805560125954083e-09,1.8493406791164794e-09,2.3781610506679725e-14,0.0,0.0,True,0.0,0.4450034306238952,1
209,62700.0,17.416666666666668,0.0,0.0,0.0,0.5,0.8528714891647697,3.909593022792817e-09,0.9687019733404804,100000000.0,0.0,0.21123245035974592,0.07755532570119564,-2.236144602818513e-15,0.00031301175187890053,5.364072774784726e-09,7.951598038420486e-06,1.8082432645876847e-09,2.446958702080732e-11,1.8082432645876847e-09,1.7907160375124408e-09,2.3763172594691295e-14,0.0,0.0,True,0.0,0.4324830287137347,1
210,63000.0,17.5,0.0,0.0,0.0,0.5,0.8528898922724768,3.5442258081792378e-09,0.968819569540913,100000000.0,0.0,0.21115865878323195,0.07777075146394083,-2.2407242727950914e-15,0.00043557371858844724,6.786490427941927e-10,6.730223539614311e-06,1.7876319305014775e-09,2.232680404963234e-11,1.7876319305014775e-09,1.7198604633809943e-09,2.362187465411751e-14,0.0,0.0,True,0.0,0.44048103266195426,1
211,63300.0,17.583333333333332,0.0,0.0,0.0,0.5,0.8528962842099578,2.5970690933203016e-09,0.9689340272514493,100000000.0,0.0,0.20959771182870052,0.07797706212049972,-2.245065244821376e-15,0.0003306875011513815,6.955138590112228e-09,8.03491414540023e-06,1.7944589044834665e-09,2.0843689049328492e-11,1.7944589044834665e-09,1.6539191959625876e-09,2.3370678470404186e-14,0.0,0.0,True,0.0,0.44006270572008316,1
212,63600.0,17.666666666666668,0.0,0.0,0.0,0.5,0.8528917883474401,1.6408696241269415e-09,0.9690527174226395,100000000.0,0.0,0.2110228783508085,0.07818123978666305,-2.2495505458408614e-15,0.0004859582925902115,2.569278472008312e-09,9.727838060071081e-06,1.8312594144786391e-09,1.9861738825001077e-11,1.8312594144786391e-09,1.5594230570463853e-09,2.3528349595075002e-14,0.0,0.0,True,0.0,0.45333917251818406,1
213,63900.0,17.75,0.0,0.0,0.0,0.5,0.8528642504092149,1.1154719624514806e-09,0.9691679404517773,100000000.0,0.0,0.20776570332012748,0.0783753818560393,-2.25386376229153e-15,0.0004557624119693659,8.238526520733755e-10,9.579640542891763e-06,1.8925994856209346e-09,1.972040560903489e-11,1.8925994856209346e-09,1.4904117244766186e-09,2.3010689668446233e-14,0.0,0.0,True,0.0,0.43165739658829383,1
214,64200.0,17.833333333333332,0.0,0.0,0.0,0.5,0.8528297869553483,7.340837638361468e-10,0.969280712174857,100000000.0,0.0,0.20474470491503569,0.07856482715113275,-2.2585988634915566e-15,0.0004980856631753111,7.633685218876916e-09,8.137263597032646e-06,1.885504423590585e-09,1.9197645511002423e-11,1.885504423590585e-09,1.467964876971615e-09,2.2317792410055016e-14,0.0,0.0,True,0.0,0.42844406350747277,1
215,64500.0,17.916666666666668,0.0,0.0,0.0,0.5,0.852790748782343,4.930138735727626e-10,0.9693902559264485,100000000.0,0.0,0.20578635285886782,0.07875009519933804,-2.2631452267773965e-15,0.00033503376225314026,7.903712839791674e-09,5.017879110606594e-06,1.970957257525602e-09,2.187841728823842e-11,1.970957257525602e-09,1.4516912143035835e-09,2.2105388875821363e-14,0.0,0.0,True,0.0,0.4356768760106259,1
216,64800.0,18.0,0.0,0.0,0.0,0.5,0.8527483716797835,3.419602647534883e-10,0.9694972454854134,100000000.0,0.0,0.20713857926541654,0.07893378942919195,-2.2675528121851583e-15,0.0004905181513518846,7.2678646852083844e-09,8.333652224019377e-06,1.9777628552400354e-09,2.4028445920693595e-11,1.9777628552400354e-09,1.4310865937217045e-09,2.202040203419541e-14,0.0,0.0,True,0.0,0.4334972225816491,1
217,65100.0,18.083333333333332,0.0,0.0,0.0,0.5,0.8527026787677069,3.5442258081792378e-09,0.9696055079568351,100000000.0,0.0,0.20785108996729643,0.07910667694309279,-2.2717772107938573e-15,0.0003519021539864705,7.645870868982442e-09,8.11958196833295e-06,1.955969625383877e-09,2.719515750236496e-11,1.955969625383877e-09,1.3873394038732694e-09,2.2219685223394215e-14,0.0,0.0,True,0.0,0.44291448203388684,1
218,65400.0,18.166666666666668,0.0,0.0,0.0,0.5,0.8526536005793911,3.5442258081792378e-09,0.9697135866812654,100000000.0,0.0,0.20830085153709238,0.07926983245876751,-2.276173693971373e-15,0.000438787918298688,5.627654830500379e-10,8.658724863846305e-06,1.8896192683406527e-09,2.6865940795445892e-11,1.8896192683406527e-09,1.3716153802251074e-09,2.1921903861683856e-14,0.0,0.0,True,0.0,0.43792575847945736,1
219,65700.0,18.25,0.0,0.0,0.0,0.5,0.8526032069425269,2.9063876725382555e-09,0.969818765583974,100000000.0,0.0,0.20884758521764868,0.07945913058543881,-2.280547972688396e-15,0.00032836805488764033,6.322535409097202e-09,4.960855813134877e-06,1.9196139039655264e-09,2.6381733250818893e-11,1.9196139039655264e-09,1.3266146783739867e-09,2.1559403170329482e-14,0.0,0.0,True,0.0,0.44773842922077434,1
220,66000.0,18.333333333333332,0.0,0.0,0.0,0.5,0.8525512602476668,1.8658811803133745e-09,0.9699212022053275,100000000.0,0.0,0.20941318194336916,0.07963661595475723,-2.2850721315137435e-15,0.0004366892203507354,4.7144325391456595e-11,8.753424852568821e-06,1.870659711055093e-09,2.3963973095339374e-11,1.870659711055093e-09,1.3036076660910453e-09,2.0816282815760018e-14,0.0,0.0,True,0.0,0.4373994851569699,1
221,66300.0,18.416666666666668,0.0,0.0,0.0,0.5000000000000001,0.8524985752326161,1.1988510220038101e-09,0.9700209050476143,100000000.00000001,1.4901161193847657e-16,0.20863623820071378,0.07980610421560355,-2.2895241258424903e-15,0.0004116220030260846,9.687264830777693e-09,7.117124438515844e-06,1.9142282450041523e-09,2.4768686070353265e-11,1.9142282450041523e-09,1.2751556141134991e-09,2.1008277735315865e-14,0.0,0.0,True,0.0,0.4486748940656009,1
222,66600.0,18.5,0.0,0.0,0.0,0.5,0.8524444460222417,7.697288888104308e-10,0.97011810262601,100000000.0,0.0,0.21057903070397424,0.07996927030848912,-2.293876200099021e-15,0.0004769219769688191,9.46117443507872e-09,9.15046617964224e-06,1.7922787906160272e-09,2.003792215289818e-11,1.7922787906160272e-09,1.2661643836614355e-09,2.1171537686666443e-14,0.0,0.0,True,0.0,0.44110928340560773,1
223,66900.0,18.583333333333332,0.0,0.0,0.0,0.5,0.8523915774728277,4.928187193730114e-10,0.9702144535235919,100000000.0,0.0,0.20800919513219088,0.08013778151720152,-2.298242152143359e-15,0.0004746375000826414,8.289685929450178e-09,7.154245813377887e-06,1.9216988253271964e-09,2.0302091817124977e-11,1.9216988253271964e-09,1.2091100713263188e-09,2.0780650880265963e-14,0.0,0.0,True,0.0,0.4479151827216129,1
224,67200.0,18.666666666666668,0.0,0.0,0.0,0.5,0.8523398195893951,3.369246108921239e-10,0.9703140038508103,100000000.0,0.0,0.21193238946465218,0.08029451177017724,-2.302605328630136e-15,0.0005740690486443228,8.33671228630407e-09,8.26909077111399e-06,1.941363632179852e-09,2.0771815719694687e-11,1.941363632179852e-09,1.1982837849883263e-09,2.0683419623740993e-14,0.0,0.0,True,0.0,0.44324709699303855,1
225,67500.0,18.75,0.0,0.0,0.0,0.5,0.8522873712599084,2.234019748071936e-10,0.9704112455812942,100000000.0,0.0,0.2092962466746672,0.08043584414460511,-2.306854707256889e-15,0.0005788252639443674,1.0612460543144789e-10,8.869965850017074e-06,2.009972598530626e-09,2.3074342795357433e-11,2.009972598530626e-09,1.170208015114045e-09,2.0727902503197574e-14,0.0,0.0,True,0.0,0.4266888828088543,1
226,67800.0,18.833333333333332,0.0,0.0,0.0,0.5,0.8522358932896572,1.5032198984598298e-10,0.970505890389971,100000000.0,0.0,0.2128899585321087,0.08058733055378987,-2.311439928348591e-15,0.0003989531690820829,4.8520152980232486e-09,7.53818438923009e-06,2.0075795680416538e-09,2.3513282358293514e-11,2.0075795680416538e-09,1.1543620739075506e-09,2.0621106501870797e-14,0.0,0.0,True,0.0,0.4438013221411156,1
227,68100.0,18.916666666666668,0.0,0.0,0.0,0.5,0.8521834691659999,1.0308455225286794e-10,0.9705980957159966,100000000.0,0.0,0.21103802094336785,0.08072580330489058,-2.3160917628217703e-15,0.0006429829352643194,4.220882297918769e-09,9.565586910124747e-06,1.9132651874302334e-09,2.0763749986655287e-11,1.9132651874302334e-09,1.1302071499573823e-09,2.0472705103224266e-14,0.0,0.0,True,0.0,0.4304904368376698,1
228,68400.0,19.0,0.0,0.0,0.0,0.5,0.8521319161851499,7.342244838664434e-11,0.9706878250867892,100000000.0,0.0,0.2123426505948562,0.08085408517105991,-2.32051322601734e-15,0.0005676211727245713,2.1883180878082029e-10,9.682502798808984e-06,1.9385851358519526e-09,2.010435581031494e-11,1.9385851358519526e-09,1.078533868419824e-09,1.9632051477505726e-14,0.0,0.0,True,0.0,0.43763157932940777,1
229,68700.0,19.083333333333332,0.0,0.0,0.0,0.5,0.8520802375623184,2.4210734053362936e-09,0.9707752368128174,100000000.0,0.0,0.21111103542594792,0.08097271564542252,-2.3247848091045855e-15,0.0005143255060005023,5.106169182844018e-09,9.033274518315511e-06,2.0222364738982843e-09,2.3292628055906888e-11,2.0222364738982843e-09,1.058445212895369e-09,1.937040713913293e-14,0.0,0.0,True,0.0,0.432853056881494,1
230,69000.0,19.166666666666668,0.0,0.0,0.0,0.5,0.8520294469962668,2.397788418676728e-09,0.9708604592469838,100000000.0,0.0,0.21249432422653008,0.08109064245282396,-2.329353376850918e-15,0.0005388727265778567,9.417163274146235e-10,8.361694123690732e-06,2.0027541535125116e-09,2.3940974093009358e-11,2.0027541535125116e-09,1.0488983513199388e-09,1.8749464683054022e-14,0.0,0.0,True,0.0,0.45072563068388677,1
231,69300.0,19.25,0.0,0.0,0.0,0.5,0.8519787095251212,2.177749687156331e-09,0.9709452731073144,100000000.0,0.0,0.2125939355199503,0.08119458055685128,-2.333663817744025e-15,0.000535876042557787,5.468947712693637e-09,8.720268635090633e-06,1.8938755580439e-09,1.9557497149692873e-11,1.8938755580439e-09,1.0121280317342135e-09,1.9474309623607453e-14,0.0,0.0,True,0.0,0.4376963207629724,1
232,69600.0,19.333333333333332,0.0,0.0,0.0,0.5,0.8519288136724077,1.9377123129437436e-09,0.9710331318616044,100000000.0,0.0,0.2131491940605537,0.08128047018408784,-2.3379603808493245e-15,0.000499228057615288,5.264386118620864e-10,7.008898344459342e-06,2.001971272273967e-09,2.2068326551155587e-11,2.001971272273967e-09,9.753609479780564e-10,1.9076659026809455e-14,0.0,0.0,True,0.0,0.4564352356844918,1
233,69900.0,19.416666666666668,0.0,0.0,0.0,0.5,0.8518786804609981,1.260160908346236e-09,0.9711186104678452,100000000.0,0.0,0.2134081294415934,0.08137305111438033,-2.3423041284331703e-15,0.0006347015809994822,8.216246517974623e-09,8.601882914963667e-06,1.986186595320825e-09,2.1101274986402714e-11,1.986186595320825e-09,9.729691263753624e-10,1.9056886859585824e-14,0.0,0.0,True,0.0,0.4413905342681741,1
234,70200.0,19.5,0.0,0.0,0.0,0.5,0.85182982487829,8.196720307834059e-10,0.9712019927964342,100000000.0,0.0,0.21308400585145723,0.08145554675922606,-2.346534078156992e-15,0.0005800787071955828,9.841323240166503e-09,9.406325279721267e-06,1.9698185321379968e-09,2.0104807462848572e-11,1.9698185321379968e-09,9.273920417018717e-10,1.8193387386660225e-14,0.0,0.0,True,0.0,0.4558459790386736,1
235,70500.0,19.583333333333332,0.0,0.0,0.0,0.5,0.8517809118932891,5.310324808433225e-10,0.9712834263993604,100000000.0,0.0,0.21454980561483344,0.0815170527182814,-2.35077513011106e-15,0.0007479165885628462,1.4700006628993775e-10,9.429015870626064e-06,1.9394012544709796e-09,1.8165910283539282e-11,1.9394012544709796e-09,8.91914666041754e-10,1.8528769072909265e-14,0.0,0.0,True,0.0,0.44963856664543933,1
236,70800.0,19.666666666666668,0.0,0.0,0.0,0.5,0.8517330345289204,3.652117974761978e-10,0.9713626997621511,100000000.0,0.0,0.21374451661728833,0.08156313994144955,-2.3551077754646597e-15,0.0005885808591965744,2.4558791419438135e-09,9.271364645455014e-06,2.0903903802321324e-09,2.046919298951478e-11,2.0903903802321324e-09,8.771777225451413e-10,1.820513506021245e-14,0.0,0.0,True,0.0,0.4481566077254273,1
237,71100.0,19.75,0.0,0.0,0.0,0.5,0.851685755167445,2.449207549564857e-10,0.9714399204818075,100000000.0,0.0,0.21585970604058974,0.08159542343254986,-2.359398787454836e-15,0.0008291429555713746,9.694550509226054e-09,9.340188527039214e-06,2.0363922345230563e-09,1.9263197987800014e-11,2.0363922345230563e-09,8.251912941220985e-10,1.8165819937842827e-14,0.0,0.0,True,0.0,0.4508565248380493,1
238,71400.0,19.833333333333332,0.0,0.0,0.0,0.5,0.8516380516063272,1.6634388128325293e-10,0.971515207737136,100000000.0,0.0,0.21574273803123142,0.08160763559854671,-2.363431672591787e-15,0.0006438279797118791,3.149960442199861e-09,9.104081278518263e-06,2.002374977133299e-09,1.802154643547345e-11,2.002374977133299e-09,8.095116310509754e-10,1.7949056896313023e-14,0.0,0.0,True,0.0,0.44204392756675187,1
239,71700.0,19.916666666666668,0.0,0.0,0.0,0.5,0.8515916010635498,1.1456321932274152e-10,0.9715884917608308,100000000.0,0.0,0.21705844143803435,0.08160181021413472,-2.3676560712004856e-15,0.0004881626651977451,7.676631718230097e-10,9.975159505550536e-06,2.123237891698494e-09,2.0278198059858744e-11,2.123237891698494e-09,7.851797471985869e-10,1.8167778555635128e-14,0.0,0.0,True,0.0,0.4569297321828111,1
240,72000.0,20.0,0.0,0.0,0.0,0.5,0.8515449031800364,8.03089910766765e-11,0.9716597477828489,100000000.0,0.0,0.21621373447962255,0.08164230334554458,-2.3721219433170402e-15,0.0006533425949562334,7.672259019741e-09,9.68008462556835e-06,2.078796202776623e-09,1.9119785023464328e-11,2.078796202776623e-09,7.658811845229229e-10,1.7993861145960513e-14,0.0,0.0,True,0.0,0.4390874281041214,1
241,72300.0,20.083333333333332,0.0,0.0,0.0,0.5,0.851499373698487,5.836200646942439e-11,0.9717345503397196,100000000.0,0.0,0.2185502930386624,0.08166272486835303,-2.376390750846724e-15,0.0005196230320972953,6.468991352839267e-10,8.910864590883046e-06,2.1185881787766362e-09,1.95255512169747e-11,2.1185881787766362e-09,7.395428030383961e-10,1.6925266671944607e-14,0.0,0.0,True,0.0,0.4549277925745847,1
242,72600.0,20.166666666666668,0.0,0.0,0.0,0.5,0.8514536634438968,1.4798573971415129e-09,0.9718092933024495,100000000.0,0.0,0.21088073854963615,0.0816724384756603,-2.380901031884264e-15,0.0005692663851148476,1.047994958687297e-09,6.928998975761883e-06,2.1055176425614494e-09,2.060869165620826e-11,2.1055176425614494e-09,7.166641957611615e-10,1.7776477298904393e-14,0.0,0.0,True,0.0,0.44388512836452826,1
243,72900.0,20.25,0.0,0.0,0.0,0.5,0.8514090801567746,1.4590667274285868e-09,0.9718820471728229,100000000.0,0.0,0.21059771773555028,0.08165950729585547,-2.38528086171641e-15,0.00038435523943614123,7.092336455316571e-10,9.56019655142223e-06,2.0538732971838552e-09,1.8558197280488756e-11,2.0538732971838552e-09,6.993408779664094e-10,1.72582097642771e-14,0.0,0.0,True,0.0,0.4546268859514566,1
244,73200.0,20.333333333333332,0.0,0.0,0.0,0.5,0.8513642321752695,1.325933353777662e-09,0.9719528642435188,100000000.0,0.0,0.2120375880154551,0.08162688804554522,-2.389402564695331e-15,0.0006525771816122899,5.750869795019939e-10,9.155897311682117e-06,2.1366667862736512e-09,2.0272893865507365e-11,2.1366667862736512e-09,7.028224126986515e-10,1.6767656555913483e-14,0.0,0.0,True,0.0,0.4477182702045469,1
245,73500.0,20.416666666666668,0.0,0.0,0.0,0.5,0.851320353368837,1.1080496277616996e-09,0.9720218554811664,100000000.0,0.0,0.2110678532776568,0.08157808215225211,-2.393617248852564e-15,0.00047566221110313873,5.785202683554243e-09,9.198271996863926e-06,2.148181096719475e-09,2.3252254458826264e-11,2.148181096719475e-09,6.947176377690671e-10,1.663725491039455e-14,0.0,0.0,True,0.0,0.4529022827001423,1
246,73800.0,20.5,0.0,0.0,0.0,0.5,0.8512766391640482,6.86976039384689e-10,0.9720891166396022,100000000.0,0.0,0.2132212459150234,0.08150679794841824,-2.397733400716362e-15,0.0006751845548424117,3.6778937407607734e-10,8.745074402018736e-06,2.0491812198152192e-09,2.1285647042266376e-11,2.0491812198152192e-09,6.689988065459663e-10,1.6644078184354386e-14,0.0,0.0,True,0.0,0.44923571952412333,1
247,74100.0,20.583333333333332,0.0,0.0,0.0,0.5,0.8512339700488389,4.2634673031388215e-10,0.9721548397994294,100000000.0,0.0,0.2116108664813589,0.08142938656609643,-2.4020271882641e-15,0.00048134028161580774,2.2874886291521746e-10,8.517402158395388e-06,1.9867646396032973e-09,1.9002360097660275e-11,1.9867646396032973e-09,6.29806024468682e-10,1.693941013668643e-14,0.0,0.0,True,0.0,0.4627332456850872,1
248,74400.0,20.666666666666668,0.0,0.0,0.0,0.5,0.8511918864898986,2.643210496753833e-10,0.9722189799058559,100000000.0,0.0,0.2145891603773945,0.08134052946023819,-2.406268240218168e-15,0.0008046000174218472,5.30971590283596e-10,9.72728853437489e-06,2.067421881244143e-09,1.8632678589583482e-11,2.067421881244143e-09,6.383531213737736e-10,1.6942121208812802e-14,0.0,0.0,True,0.0,0.448888387236116,1
249,74700.0,20.75,0.0,0.0,0.0,0.5,0.8511511572571062,1.637925332411319e-10,0.9722814137828305,100000000.0,0.0,0.21254501258605402,0.08124030321649664,-2.4104537810210046e-15,0.0005138976943775377,5.220397913675942e-10,8.497826492831543e-06,2.076902790483927e-09,1.8736110337926575e-11,2.076902790483927e-09,6.192308431843833e-10,1.6404752107425883e-14,0.0,0.0,True,0.0,0.4643472473160539,1
250,75000.0,20.833333333333332,0.0,0.0,0.0,0.5,0.8511111225818057,1.0945016100640537e-10,0.9723421489123305,100000000.0,0.0,0.21556396953425352,0.0810712882497858,-2.4145185850699135e-15,0.0008829693737410908,1.0936360088711096e-09,9.654368884240177e-06,2.1157026749902865e-09,1.9922612698464552e-11,2.1157026749902865e-09,6.209782514074109e-10,1.6553609441704056e-14,0.0,0.0,True,0.0,0.45126203621903815,1
251,75300.0,20.916666666666668,0.0,0.0,0.0,0.5,0.8510710973172031,7.080289393522919e-11,0.9724025619849167,100000000.0,0.0,0.21358880786645665,0.08089764824337439,-2.4187429836786124e-15,0.0006083469458376747,1.192224444383011e-09,9.652219656295879e-06,1.9957914045880663e-09,1.6804205591258896e-11,1.9957914045880663e-09,5.794653298489818e-10,1.6125117763963523e-14,0.0,0.0,True,0.0,0.438518357813394,1
252,75600.0,21.0,0.0,0.0,0.0,0.5,0.8510324533316476,4.7737471648767876e-11,0.9724677617039138,100000000.0,0.0,0.2162058595159077,0.08081588379155392,-2.4228216655153288e-15,0.0005880451665253418,9.307024397851419e-10,5.060719188007734e-06,2.1233264240151816e-09,1.886394492579524e-11,2.1233264240151816e-09,5.993332087115185e-10,1.6051180902514542e-14,0.0,0.0,True,0.0,0.45212990267051983,1
253,75900.0,21.083333333333332,0.0,0.0,0.0,0.5,0.8509939245659693,9.190018199183179e-11,0.9725312339333223,100000000.0,0.0,0.21414674300447514,0.0807301522114518,-2.4270363496725623e-15,0.0006277716949203692,6.628840978403679e-10,8.686532186022963e-06,2.1417133948942346e-09,2.1021192033237027e-11,2.1417133948942346e-09,6.041244728964119e-10,1.6052385249405905e-14,0.0,0.0,True,0.0,0.4333837884520507,1
254,76200.0,21.166666666666668,0.0,0.0,0.0,0.5,0.8509566450387533,6.520393830625646e-11,0.9725929841140354,100000000.0,0.0,0.21648603012154397,0.0806129738415886,-2.4311552770939215e-15,0.0008245362557828709,7.835371564425463e-09,8.976561371886868e-06,2.0259282556082983e-09,1.9171364967343216e-11,2.0259282556082983e-09,5.969410962414004e-10,1.58011635628447e-14,0.0,0.0,True,0.0,0.44962967800782305,1
255,76500.0,21.25,0.0,0.0,0.0,0.5,0.8509193191637172,4.709275932755357e-11,0.9726530456327884,100000000.0,0.0,0.21460199890549486,0.08048829099228086,-2.435265877842596e-15,0.0005734819533799505,1.6689155596883193e-09,9.720825026473896e-06,2.072777608361193e-09,2.0700705980195077e-11,2.072777608361193e-09,5.721056175598172e-10,1.5412104636614206e-14,0.0,0.0,True,0.0,0.439057239108912,1
256,76800.0,21.333333333333332,0.0,0.0,0.0,0.5,0.8508830879805978,3.539737570631564e-11,0.9727115072642123,100000000.0,0.0,0.2159946239346759,0.08034808600056016,-2.439265456288808e-15,0.00048809629333514517,5.42160557237267e-10,7.213864571831102e-06,1.954224473816633e-09,1.8461406607341332e-11,1.954224473816633e-09,5.685294116015023e-10,1.54113406778226e-14,0.0,0.0,True,0.0,0.4476041365468684,1
257,77100.0,21.416666666666668,0.0,0.0,0.0,0.5,0.8508470049516039,8.055262252606451e-10,0.9727683618272667,100000000.0,0.0,0.214748868581444,0.08016077262087422,-2.4432275647079393e-15,0.00041056978717579217,3.9639417999794556e-10,6.856424858742421e-06,1.9751662521384537e-09,1.6821073600854516e-11,1.9751662521384537e-09,5.143504592416739e-10,1.565947917603756e-14,0.0,0.0,True,0.0,0.44259262781450465,1
258,77400.0,21.5,0.0,0.0,0.0,0.5,0.8508118210076703,7.319742653115159e-10,0.9728237738225542,100000000.0,0.0,0.2156035825690383,0.07995428268351443,-2.4471508153212086e-15,0.00013240991219568883,5.763232401500398e-10,9.583463660915481e-06,1.913678514355396e-09,1.4835303282832022e-11,1.913678514355396e-09,5.109707912506756e-10,1.5305941963948064e-14,0.0,0.0,True,0.0,0.4572689263180931,1
259,77700.0,21.583333333333332,0.0,0.0,0.0,0.5,0.8507766626020147,6.608134561925565e-10,0.9728775908334014,100000000.0,0.0,0.21586129968434278,0.07974918646035699,-2.4509283491624956e-15,0.00042828958597329955,9.545161422266358e-09,9.029590381421191e-06,2.117384818172138e-09,1.8152521612055248e-11,2.117384818172138e-09,5.623444041282704e-10,1.4588649786721392e-14,0.0,0.0,True,0.0,0.44629189622543064,1
260,78000.0,21.666666666666668,0.0,0.0,0.0,0.5,0.8507421544790023,4.161129628450207e-10,0.9729300476635423,100000000.0,0.0,0.21754129435506636,0.07954866225725275,-2.454945968732858e-15,0.00033705830139333135,5.223842999775635e-10,8.713346065560127e-06,2.0641054807772337e-09,1.8716894059661275e-11,2.0641054807772337e-09,5.564142113335496e-10,1.482632971259197e-14,0.0,0.0,True,0.0,0.4631318975630458,1
261,78300.0,21.75,0.0,0.0,0.0,0.5000000000000001,0.8507075981724787,2.61973491214561e-10,0.9729861215461785,100000000.00000001,1.4901161193847657e-16,0.21355404581249707,0.07944823501843917,-2.4589372205063854e-15,0.0005546843137274785,7.779534815733827e-09,9.588435439738564e-06,2.046396405491802e-09,1.8889936896587367e-11,2.046396405491802e-09,5.395883717129661e-10,1.500413759867121e-14,0.0,0.0,True,0.0,0.4518582518787724,1
262,78600.0,21.833333333333332,0.0,0.0,0.0,0.5,0.8506740598812611,1.6499712854478518e-10,0.9730434228758255,100000000.0,0.0,0.21490171314725917,0.07932906496913598,-2.462721693241576e-15,0.0003278386878426993,3.7057848551452805e-10,9.566986656401874e-06,2.000958669092716e-09,1.7867025517617584e-11,2.000958669092716e-09,5.198384009254099e-10,1.4776096349461238e-14,0.0,0.0,True,0.0,0.4645322472580363,1
263,78900.0,21.916666666666668,0.0,0.0,0.0,0.5,0.8506405616758446,1.0161364829001221e-10,0.9730991350009119,100000000.0,0.0,0.2134585098175271,0.07919080375492142,-2.466654658306311e-15,0.00043131816438284613,8.428914709785524e-10,9.989695269604846e-06,1.931210551685908e-09,1.677603465771817e-11,1.931210551685908e-09,4.95708533773885e-10,1.4654473995441922e-14,0.0,0.0,True,0.0,0.4567553890176873,1
264,79200.0,22.0,0.0,0.0,0.0,0.5,0.8506078805207082,6.260726189630945e-11,0.9731534134534242,100000000.0,0.0,0.21432693594579258,0.07899423457720287,-2.470443294377844e-15,0.0002954637353473147,5.341282693075934e-10,8.374785035184878e-06,2.048825789808927e-09,1.8122326915282133e-11,2.048825789808927e-09,5.170080006575136e-10,1.433662408600587e-14,0.0,0.0,True,0.0,0.46426915300190663,1
265,79500.0,22.083333333333332,0.0,0.0,0.0,0.5,0.8505754041647181,3.9050171398950636e-11,0.9732060168431496,100000000.0,0.0,0.21432285664153805,0.078773477396361,-2.4742846660430473e-15,0.0005602807746585577,6.174587959332887e-10,9.521525625056154e-06,2.0618062970839555e-09,1.9262656051632612e-11,2.0618062970839555e-09,5.247811814240344e-10,1.3982196247559408e-14,0.0,0.0,True,0.0,0.44226113946341233,1
266,79800.0,22.166666666666668,0.0,0.0,0.0,0.5,0.8505432110738026,2.6261987588425422e-11,0.9732574474533519,100000000.0,0.0,0.21288005140683536,0.0785430098013259,-2.4780996699114155e-15,0.0003420533583478452,3.634044010557149e-10,9.362354235874194e-06,1.9455211308198923e-09,1.750170126354168e-11,1.9455211308198923e-09,4.943831589762989e-10,1.3952034019776173e-14,0.0,0.0,True,0.0,0.4375532547711519,1
267,80100.0,22.25,0.0,0.0,0.0,0.5,0.8505114123623783,1.7830782591771993e-11,0.9733074001666197,100000000.0,0.0,0.21518025326000043,0.0782719803985428,-2.4816107502267927e-15,0.0007088934999330887,3.795751697097982e-10,9.684586794832394e-06,1.8828625038126403e-09,1.6331544520301688e-11,1.8828625038126403e-09,4.87627705546827e-10,1.4248381131408258e-14,0.0,0.0,True,0.0,0.4461234011518131,1
268,80400.0,22.333333333333332,0.0,0.0,0.0,0.5,0.8504799273369967,1.1645864083281058e-11,0.9733561032832414,100000000.0,0.0,0.2139681157728562,0.07798913562781759,-2.4851412594451004e-15,0.0002653252719818981,5.613185926738151e-10,8.147271962579839e-06,1.9856752977044823e-09,1.7381263359215968e-11,1.9856752977044823e-09,5.055486321241586e-10,1.3484646960555714e-14,0.0,0.0,True,0.0,0.4447253418604088,1
269,80700.0,22.416666666666668,0.0,0.0,0.0,0.5,0.8504491867163766,7.718442809434408e-12,0.9734034794248675,100000000.0,0.0,0.2158428829153231,0.07769107298175497,-2.488624584184862e-15,0.0004234985434814234,1.10673505251631e-09,7.022705114322323e-06,1.9563835439339724e-09,1.8070552001558228e-11,1.9563835439339724e-09,5.009349785987517e-10,1.3738819197046536e-14,0.0,0.0,True,0.0,0.4475008623519857,1
270,81000.0,22.5,0.0,0.0,0.0,0.5,0.8504188472518133,5.232188620349139e-12,0.9734495673323331,100000000.0,0.0,0.21465702791544403,0.07738938511651487,-2.4920399077643652e-15,0.0002769403763448825,1.0060554965877885e-09,4.913117671278416e-06,1.895499553768188e-09,1.945704240284289e-11,1.895499553768188e-09,4.963576547314418e-10,1.3665820454215322e-14,0.0,0.0,True,0.0,0.4388949396821912,1
271,81300.0,22.583333333333332,0.0,0.0,0.0,0.5,0.8503893283173328,3.82480268099657e-12,0.9734944092472522,100000000.0,0.0,0.21643354201467552,0.07706608520172914,-2.4955926214431657e-15,0.0005980427755122184,6.436640850955031e-10,9.203097309616682e-06,1.7797590164224518e-09,1.678119070590002e-11,1.7797590164224518e-09,4.82270714652104e-10,1.3612560230364832e-14,0.0,0.0,True,0.0,0.4468870830198038,1
272,81600.0,22.666666666666668,0.0,0.0,0.0,0.5,0.8503601741174754,3.264794112694063e-11,0.9735380973510152,100000000.0,0.0,0.21532686102157306,0.07673497440455539,-2.4988552893567827e-15,0.0003043106968699678,4.819178194775231e-10,6.131465152592548e-06,1.8011915375648832e-09,1.7231524679607115e-11,1.8011915375648832e-09,4.884480650960996e-10,1.3635702445202435e-14,0.0,0.0,True,0.0,0.4423526813756509,1
273,81900.0,22.75,0.0,0.0,0.0,0.5,0.8503317962511856,2.4783017641453873e-11,0.9735805615212574,100000000.0,0.0,0.21679305181312777,0.07639726853239952,-2.5022484084757936e-15,0.00027852822352349,4.111146994425046e-10,9.376920012964449e-06,1.8020303584849045e-09,1.7927933181621445e-11,1.8020303584849045e-09,5.025607937659406e-10,1.2991960399301311e-14,0.0,0.0,True,0.0,0.447845271473339,1
274,82200.0,22.833333333333332,0.0,0.0,0.0,0.5,0.8503039040725332,3.626562901461713e-10,0.9736218942409776,100000000.0,0.0,0.215951885872998,0.0760550659973193,-2.5055096886106298e-15,0.00025374006566700836,7.525475339932388e-09,9.549739737916184e-06,1.7695121620822737e-09,1.671834849421395e-11,1.7695121620822737e-09,4.901512780609798e-10,1.2768708812993438e-14,0.0,0.0,True,0.0,0.44357697860506723,1
275,82500.0,22.916666666666668,0.0,0.0,0.0,0.5,0.8502767966077857,3.626562901461713e-10,0.9736621404840256,100000000.0,0.0,0.2178459922335318,0.07574151236718517,-2.508893093278175e-15,0.0002129912298703916,9.94545042123857e-10,6.96624161843283e-06,1.656900550919548e-09,1.5112505495808904e-11,1.656900550919548e-09,4.835861815187705e-10,1.2971616758428783e-14,0.0,0.0,True,0.0,0.44825475554947003,1
276,82800.0,23.0,0.0,0.0,0.0,0.5,0.8502500840221672,3.1607550334886374e-10,0.9737012635704589,100000000.0,0.0,0.21705946702189624,0.07546920555405418,-2.512462460302345e-15,0.00025203409742122597,8.142854944409896e-10,8.913290043639159e-06,1.7840200301046228e-09,1.862746046183878e-11,1.7840200301046228e-09,4.963551668002959e-10,1.2777382359378235e-14,0.0,0.0,True,0.0,0.4459078653209886,1
277,83100.0,23.083333333333332,0.0,0.0,0.0,0.5,0.8502240388881281,1.9267700360646572e-10,0.9737394064932129,100000000.0,0.0,0.21099103299063957,0.0751898658689051,-2.5154857363762773e-15,0.00013745612523007573,8.056225455055138e-09,3.782164878379036e-06,1.6829168534214598e-09,1.7281877084975187e-11,1.6829168534214598e-09,4.938351009337128e-10,1.2523842142065048e-14,0.0,0.0,True,0.0,0.45042644583779,1
278,83400.0,23.166666666666668,0.0,0.0,0.0,0.5,0.8501983326322853,1.176294001969717e-10,0.9737764802284451,100000000.0,0.0,0.2109647285843567,0.07490365389201933,-2.518889957725534e-15,0.0002581849699834698,3.507204869979171e-10,8.637662342922867e-06,1.5890503730206793e-09,1.6459326142581645e-11,1.5890503730206793e-09,4.929637997884034e-10,1.250302502344279e-14,0.0,0.0,True,0.0,0.4496463222035537,1
279,83700.0,23.25,0.0,0.0,0.0,0.5,0.8501733811043121,7.183160981052629e-11,0.9738127528574226,100000000.0,0.0,0.21181026606817327,0.0746277382596184,-2.522175523989034e-15,0.00016814595538880856,7.234326565657829e-10,5.280533996629178e-06,1.5941064233509903e-09,1.4931156042595387e-11,1.5941064233509903e-09,4.934328015220997e-10,1.2690019380710141e-14,0.0,0.0,True,0.0,0.45308240018838086,1
280,84000.0,23.333333333333332,0.0,0.0,0.0,0.5,0.850149041007203,4.392668852591388e-11,0.9738480803589207,100000000.0,0.0,0.21162767697258975,0.07434684473869618,-2.5254964786114442e-15,0.0002926727757537422,5.691908486574664e-10,9.527042006890654e-06,1.7014083844229443e-09,1.6841890637188327e-11,1.7014083844229443e-09,4.929900634947709e-10,1.222114221182521e-14,0.0,0.0,True,0.0,0.45044095791227645,1
281,84300.0,23.416666666666668,0.0,0.0,0.0,0.5,0.8501255970124104,2.687312444342793e-11,0.9738826428908752,100000000.0,0.0,0.21251099396840775,0.07405338427274614,-2.528648124222599e-15,0.0001929686202478713,5.570431937728218e-10,7.421970581590713e-06,1.5877334759001048e-09,1.5737763643958507e-11,1.5877334759001048e-09,4.669848195948786e-10,1.2147186491549882e-14,0.0,0.0,True,0.0,0.45634035358666747,1
282,84600.0,23.5,0.0,0.0,0.0,0.5,0.8501025926031293,1.64551291179912e-11,0.9739162638317628,100000000.0,0.0,0.21223386833137708,0.0737557648743705,-2.5318649954364503e-15,0.0003908224520000869,5.817796968252758e-10,9.52667708878633e-06,1.5847035968765696e-09,1.646965611264904e-11,1.5847035968765696e-09,4.688381441760983e-10,1.2074468292406948e-14,0.0,0.0,True,0.0,0.45299831182841566,1
283,84900.0,23.583333333333332,0.0,0.0,0.0,0.5,0.8500801487192527,1.0080612520105842e-11,0.9739492399900064,100000000.0,0.0,0.21303709530371776,0.07345305439938397,-2.5350277432778513e-15,0.0002375694190679629,7.740328211324985e-09,7.75833827168778e-06,1.397358018051963e-09,1.4282298309514537e-11,1.397358018051963e-09,4.977787558767337e-10,1.1870571875011643e-14,0.0,0.0,True,0.0,0.46316356294642114,1
284,85200.0,23.666666666666668,0.0,0.0,0.0,0.5,0.8500581520049504,6.188863451058722e-12,0.9739811529598842,100000000.0,0.0,0.2139310108186438,0.07314509264069056,-2.538007304320189e-15,0.0004400943762540936,9.54562665654734e-10,8.749386158569509e-06,1.6223253977621382e-09,1.799249114032374e-11,1.6223253977621382e-09,5.03237896440876e-10,1.1899202685374408e-14,0.0,0.0,True,0.0,0.4567493026602232,1
285,85500.0,23.75,0.0,0.0,0.0,0.5,0.8500365471616075,3.80104172536083e-12,0.9740124629309844,100000000.0,0.0,0.21442286355507784,0.07282965331116807,-2.541265808897464e-15,0.00035581164018969237,3.6058395597146056e-10,8.722689466271095e-06,1.487371273908151e-09,1.814021687817546e-11,1.487371273908151e-09,4.975048353321578e-10,1.1913230029568877e-14,0.0,0.0,True,0.0,0.4677429608916941,1
286,85800.0,23.833333333333332,0.0,0.0,0.0,0.5,0.8500155960344878,2.3774956676420284e-12,0.9740426709780471,100000000.0,0.0,0.2095897779975005,0.07251163562583507,-2.544400801163249e-15,0.0007980347928174668,8.251895855055181e-10,7.455983112306445e-06,1.422709817117944e-09,1.8806649305496388e-11,1.422709817117944e-09,4.884917480463732e-10,1.1637344209964168e-14,0.0,0.0,True,0.0,0.4411165624912873,1
287,86100.0,23.916666666666668,0.0,0.0,0.0,0.5,0.8499946672944324,1.4812772613271701e-12,0.974072422227703,100000000.0,0.0,0.21097369191991439,0.07215984268906858,-2.5474886089504878e-15,0.00029338335712126407,5.685738193734832e-10,8.83470777794501e-06,1.2891875331511025e-09,1.545152498552002e-11,1.2891875331511025e-09,4.753314121738385e-10,1.1675006576046625e-14,0.0,0.0,True,0.0,0.4649374521873091,1
288,86400.0,24.0,0.0,0.0,0.0,0.5,0.8499745420401732,9.612189125166337e-13,0.9741010468277325,100000000.0,0.0,0.20884621264669095,0.07180194831097995,-2.550490374453318e-15,0.0006463905496938424,9.508341054418709e-10,8.117427230985241e-06,1.241914012044227e-09,1.4644698017251975e-11,1.241914012044227e-09,4.58890151079072e-10,1.1474537845836639e-14,0.0,0.0,True,0.0,0.421804852225652,1
