QuestionNo,CommandID,CarrierID,Priority,InstallTime,Source,Destination,VehicleID,AssignedTime,WaitAssignTime,VehicleFromArrivedTime,VehicleAcquireStartTime,VehicleAcquireEndTime,VehicleDepartedTime,VehicleToArrivedTime,VehicleDepositStartTime,VehicleDepositEndTime,TransferCompletedTime,ToSourceDistance,ToDestinationDistance,TransferTime,MoveToSourcePath,MoveToDestinationPath,PausedCount,PausingTime
3,HOSTTRANSFER-20251001080000000,FE-H0001,50,2025-10-01 08:00:00,P26,P28,OHT13,2025-10-01 08:00:02.600000,2600,2025-10-01 08:00:21.800000,2025-10-01 08:00:21.800000,2025-10-01 08:00:29.800000,2025-10-01 08:00:29.800000,2025-10-01 08:00:59.800000,2025-10-01 08:00:59.800000,2025-10-01 08:01:07.800000,2025-10-01 08:01:07.800000,13433.7,21145.1,67.8,83;82;89;97,97;98,0,0
3,HOSTTRANSFER-20251001080003869,FE-H0005,53,2025-10-01 08:00:03.869000,P21,P26,OHT05,2025-10-01 08:00:05,1131,2025-10-01 08:00:34.200000,2025-10-01 08:00:34.200000,2025-10-01 08:00:42.200000,2025-10-01 08:00:42.200000,2025-10-01 08:03:13,2025-10-01 08:03:13,2025-10-01 08:03:21,2025-10-01 08:03:21,20503.7,100973.8,197.131,28;29;30;32;34;39;40;45,45;104;106;107;105;44;41;38;33;4;2;1;3;5;14;23;32;34;39;40;43;47;56;66;75;77;84;83;82;89;97,2,8000
3,HOSTTRANSFER-20251001080005629,AL-H0004,50,2025-10-01 08:00:05.629000,P03,P01,OHT02,2025-10-01 08:00:08.200000,2571,2025-10-01 08:00:14.600000,2025-10-01 08:00:14.600000,2025-10-01 08:00:22.600000,2025-10-01 08:00:22.600000,2025-10-01 08:00:32.600000,2025-10-01 08:00:32.600000,2025-10-01 08:00:40.600000,2025-10-01 08:00:40.600000,4427.1,6778.0,34.971,10;9,9;8;7,1,200
3,HOSTTRANSFER-20251001080009144,AL-H0004,50,2025-10-01 08:00:09.144000,P01,P21,OHT02,2025-10-01 08:00:40.600000,31456,2025-10-01 08:01:18.800000,2025-10-01 08:01:18.800000,2025-10-01 08:01:26.800000,2025-10-01 08:01:26.800000,2025-10-01 08:02:58.400000,2025-10-01 08:02:58.400000,2025-10-01 08:03:06.400000,2025-10-01 08:03:06.400000,26970.0,64888.2,177.256,7;6;15;19;25;26;20;16;7,7;6;15;19;25;26;27;28;29;30;32;34;39;40;45,0,0
3,HOSTTRANSFER-20251001080012627,FE-H0012,99,2025-10-01 08:00:12.627000,P33,P34,OHT18,2025-10-01 08:00:12.800000,173,2025-10-01 08:00:37,2025-10-01 08:00:37,2025-10-01 08:00:45,2025-10-01 08:00:45,2025-10-01 08:00:55,2025-10-01 08:00:55,2025-10-01 08:01:03,2025-10-01 08:01:03,17088.9,6953.8,50.373,113;112;118;122;127,127;128;129,0,0
3,HOSTTRANSFER-20251001080014944,AL-H0006,50,2025-10-01 08:00:14.944000,P01,P21,OHT01,2025-10-01 08:00:17.600000,2656,2025-10-01 08:00:42.800000,2025-10-01 08:00:42.800000,2025-10-01 08:00:50.800000,2025-10-01 08:00:50.800000,2025-10-01 08:02:22.400000,2025-10-01 08:02:22.400000,2025-10-01 08:02:30.400000,2025-10-01 08:02:30.400000,10306.5,64888.2,135.456,10;9;8;7,7;6;15;19;25;26;27;28;29;30;32;34;39;40;45,3,9800
3,HOSTTRANSFER-20251001080017239,AL-H0009,50,2025-10-01 08:00:17.239000,P12,P06,OHT04,2025-10-01 08:00:17.600000,361,2025-10-01 08:00:40.800000,2025-10-01 08:00:40.800000,2025-10-01 08:00:48.800000,2025-10-01 08:00:48.800000,2025-10-01 08:03:33.800000,2025-10-01 08:03:33.800000,2025-10-01 08:03:41.800000,2025-10-01 08:03:41.800000,16248.5,110868.6,204.561,28;29;30;32;34;39;40;43,43;47;54;53;52;51;50;49;48;46;31;24;25;26;27;28;29;22;18;12;11,4,7600
3,HOSTTRANSFER-20251001080019367,FE-H0019,50,2025-10-01 08:00:19.367000,P22,P27,OHT12,2025-10-01 08:00:19.400000,33,2025-10-01 08:00:31.600000,2025-10-01 08:00:31.600000,2025-10-01 08:00:39.600000,2025-10-01 08:00:39.600000,2025-10-01 08:01:38,2025-10-01 08:01:38,2025-10-01 08:01:46,2025-10-01 08:01:46,8491.9,41316.8,86.633,83;82;81;80,80;79;87;94;95;96;97,0,0
3,HOSTTRANSFER-20251001080022686,AL-H0011,53,2025-10-01 08:00:22.686000,P14,P17,OHT09,2025-10-01 08:00:24.400000,1714,2025-10-01 08:01:01.800000,2025-10-01 08:01:01.800000,2025-10-01 08:01:09.800000,2025-10-01 08:01:09.800000,2025-10-01 08:02:00.600000,2025-10-01 08:02:00.600000,2025-10-01 08:02:08.600000,2025-10-01 08:02:08.600000,26439.5,35977.2,105.914,71;72;64;60;53,53;52;51;50;49;57;61;68;69;70,0,0
3,HOSTTRANSFER-20251001080024085,FE-H0022,50,2025-10-01 08:00:24.085000,P36,P32,OHT16,2025-10-01 08:00:24.400000,315,2025-10-01 08:01:06.600000,2025-10-01 08:01:06.600000,2025-10-01 08:01:14.600000,2025-10-01 08:01:14.600000,2025-10-01 08:01:41.600000,2025-10-01 08:01:41.600000,2025-10-01 08:01:49.600000,2025-10-01 08:01:49.600000,29766.1,18973.0,85.515,116;115;120;124;130,130;131;125;121;116,0,0
3,HOSTTRANSFER-20251001080026179,FE-H0020,50,2025-10-01 08:00:26.179000,P31,P35,OHT20,2025-10-01 08:00:28.800000,2621,2025-10-01 08:00:45.600000,2025-10-01 08:00:45.600000,2025-10-01 08:00:53.600000,2025-10-01 08:00:53.600000,2025-10-01 08:01:19.400000,2025-10-01 08:01:19.400000,2025-10-01 08:01:27.400000,2025-10-01 08:01:27.400000,11780.3,18178.8,61.221,116,116;115;120;124;130,0,0
3,HOSTTRANSFER-20251001080028938,AL-H0016,50,2025-10-01 08:00:28.938000,P04,P21,OHT03,2025-10-01 08:00:29.400000,462,2025-10-01 08:02:02.200000,2025-10-01 08:02:02.200000,2025-10-01 08:02:10.200000,2025-10-01 08:02:10.200000,2025-10-01 08:03:23.600000,2025-10-01 08:03:23.600000,2025-10-01 08:03:31.600000,2025-10-01 08:03:31.600000,65791.9,51925.4,182.662,25;26;27;28;29;22;18;12;11;10,10;9;17;21;28;29;30;32;34;39;40;45,0,0
3,HOSTTRANSFER-20251001080032048,AL-H0008,50,2025-10-01 08:00:32.048000,P05,P11,OHT08,2025-10-01 08:00:34.400000,2352,2025-10-01 08:02:07.400000,2025-10-01 08:02:07.400000,2025-10-01 08:02:15.400000,2025-10-01 08:02:15.400000,2025-10-01 08:03:07,2025-10-01 08:03:07,2025-10-01 08:03:15,2025-10-01 08:03:15,65855.2,36538.9,162.952,46;31;24;25;26;27;28;29;22;18;12;11;10,10;9;17;21;28,0,0
3,HOSTTRANSFER-20251001080038448,FE-H0027,50,2025-10-01 08:00:38.448000,P24,P29,OHT17,2025-10-01 08:00:39.400000,952,2025-10-01 08:02:17,2025-10-01 08:02:17,2025-10-01 08:02:25,2025-10-01 08:02:25,2025-10-01 08:05:03.800000,2025-10-01 08:05:03.800000,2025-10-01 08:05:11.800000,2025-10-01 08:05:11.800000,62579.7,99096.6,273.352,112;111;109;108;103;102;100;93;94;95;96;97;98;90;83,83;82;89;97;98;99;101;110;117;116;115;114;113,5,26400
3,HOSTTRANSFER-20251001080043184,AL-H0001,53,2025-10-01 08:00:43.184000,P04,P05,OHT07,2025-10-01 08:00:44.400000,1216,2025-10-01 08:02:31.200000,2025-10-01 08:02:31.200000,2025-10-01 08:02:39.200000,2025-10-01 08:02:39.200000,2025-10-01 08:03:59.800000,2025-10-01 08:03:59.800000,2025-10-01 08:04:07.800000,2025-10-01 08:04:07.800000,75675.5,54661.4,204.616,46;31;24;25;26;27;28;29;22;18;12;11;10,10;9;17;21;28;29;22;18;12;11;10,1,3000
3,HOSTTRANSFER-20251001080045823,FE-H0031,54,2025-10-01 08:00:45.823000,P31,P35,OHT15,2025-10-01 08:00:48.400000,2577,2025-10-01 08:00:57.400000,2025-10-01 08:00:57.400000,2025-10-01 08:01:05.400000,2025-10-01 08:01:05.400000,2025-10-01 08:01:31.800000,2025-10-01 08:01:31.800000,2025-10-01 08:01:39.800000,2025-10-01 08:01:39.800000,6173.5,18178.8,53.977,116,116;115;120;124;130,0,0
3,HOSTTRANSFER-20251001080051417,FE-H0034,53,2025-10-01 08:00:51.417000,P31,P32,OHT19,2025-10-01 08:00:51.600000,183,2025-10-01 08:01:07.600000,2025-10-01 08:01:07.600000,2025-10-01 08:01:15.600000,2025-10-01 08:01:15.600000,2025-10-01 08:02:42.800000,2025-10-01 08:02:42.800000,2025-10-01 08:02:50.800000,2025-10-01 08:02:50.800000,7131.5,50454.8,119.383,116,116;115;120;124;130;131;125;121;116,5,20000
3,HOSTTRANSFER-20251001080054483,AL-H0011,50,2025-10-01 08:00:54.483000,P17,P21,OHT09,2025-10-01 08:02:11.800000,77317,2025-10-01 08:04:46.200000,2025-10-01 08:04:46.200000,2025-10-01 08:04:54.200000,2025-10-01 08:04:54.200000,2025-10-01 08:08:19.400000,2025-10-01 08:08:19.400000,2025-10-01 08:08:27.400000,2025-10-01 08:08:27.400000,25998.4,143170.8,452.917,80;79;78;76;74;67;68;69;70,70;71;72;64;60;53;52;51;50;49;48;46;31;24;25;26;27;28;29;30;32;34;39;40;45,3,2800
3,HOSTTRANSFER-20251001080058558,FE-H0040,53,2025-10-01 08:00:58.558000,P23,P28,OHT12,2025-10-01 08:00:58.600000,42,2025-10-01 08:04:27,2025-10-01 08:04:27,2025-10-01 08:04:35,2025-10-01 08:04:35,2025-10-01 08:05:55,2025-10-01 08:05:55,2025-10-01 08:06:03,2025-10-01 08:06:03,30905.2,39436.3,304.442,97;98;90;83,83;82;89;97;98,2,23600
3,HOSTTRANSFER-20251001080100333,FE-H0043,53,2025-10-01 08:01:00.333000,P31,P28,OHT10,2025-10-01 08:01:03,2667,2025-10-01 08:01:17.800000,2025-10-01 08:01:17.800000,2025-10-01 08:01:25.800000,2025-10-01 08:01:25.800000,2025-10-01 08:03:10,2025-10-01 08:03:10,2025-10-01 08:03:18,2025-10-01 08:03:18,2500.0,73841.1,137.667,116,116;115;114;113;112;111;109;108;103;102;100;93;94;95;96;97;98,2,10400
3,HOSTTRANSFER-20251001080104065,FE-H0046,53,2025-10-01 08:01:04.065000,P31,P29,OHT14,2025-10-01 08:01:04.200000,135,2025-10-01 08:01:28,2025-10-01 08:01:28,2025-10-01 08:01:36,2025-10-01 08:01:36,2025-10-01 08:01:58.200000,2025-10-01 08:01:58.200000,2025-10-01 08:02:06.200000,2025-10-01 08:02:06.200000,6534.7,15620.2,62.135,116,116;115;114;113,2,13600
3,HOSTTRANSFER-20251001080107234,FE-H0048,50,2025-10-01 08:01:07.234000,P26,P27,OHT14,2025-10-01 08:01:09.200000,1966,2025-10-01 08:02:58.600000,2025-10-01 08:02:58.600000,2025-10-01 08:03:06.600000,2025-10-01 08:03:06.600000,2025-10-01 08:03:25,2025-10-01 08:03:25,2025-10-01 08:03:33,2025-10-01 08:03:33,37075.8,12880.0,145.766,113;112;111;109;108;103;102;100;93;94;95;96;97,97,0,0
3,HOSTTRANSFER-20251001080109602,AL-H0023,50,2025-10-01 08:01:09.602000,P16,P06,OHT13,2025-10-01 08:01:12.200000,2598,2025-10-01 08:02:54.600000,2025-10-01 08:02:54.600000,2025-10-01 08:03:02.600000,2025-10-01 08:03:02.600000,2025-10-01 08:05:10,2025-10-01 08:05:10,2025-10-01 08:05:18,2025-10-01 08:05:18,72480.7,85686.4,248.398,101;110;117;116;115;114;113;112;111;109;108;103;102;100;91;85;76;74;67;68,68;69;62;58;50;49;48;46;31;24;25;26;27;28;29;22;18;12;11,1,6200
3,HOSTTRANSFER-20251001080112278,FE-H0051,50,2025-10-01 08:01:12.278000,P36,P35,OHT18,2025-10-01 08:01:14.200000,1922,2025-10-01 08:01:56.600000,2025-10-01 08:01:56.600000,2025-10-01 08:02:04.600000,2025-10-01 08:02:04.600000,2025-10-01 08:03:15,2025-10-01 08:03:15,2025-10-01 08:03:23,2025-10-01 08:03:23,19049.0,49821.8,130.722,130,130;131;125;121;116;115;120;124;130,2,14800
3,HOSTTRANSFER-20251001080114894,FE-H0055,50,2025-10-01 08:01:14.894000,P29,P32,OHT16,2025-10-01 08:01:17.400000,2506,2025-10-01 08:02:29.600000,2025-10-01 08:02:29.600000,2025-10-01 08:02:37.600000,2025-10-01 08:02:37.600000,2025-10-01 08:04:33.400000,2025-10-01 08:04:33.400000,2025-10-01 08:04:41.400000,2025-10-01 08:04:41.400000,28290.2,60550.8,206.506,116;115;114;113,113;112;118;122;127;128;129;130;131;125;121;116,4,29200
3,HOSTTRANSFER-20251001080116315,AL-H0027,53,2025-10-01 08:01:16.315000,P21,P06,OHT06,2025-10-01 08:01:17.400000,1085,2025-10-01 08:02:40.600000,2025-10-01 08:02:40.600000,2025-10-01 08:02:48.600000,2025-10-01 08:02:48.600000,2025-10-01 08:04:04.600000,2025-10-01 08:04:04.600000,2025-10-01 08:04:12.600000,2025-10-01 08:04:12.600000,50849.8,53837.6,176.285,25;26;27;28;29;30;32;34;39;40;45,45;104;106;107;105;44;41;38;33;4;2;1;3;5;13;12;11,1,11200
3,HOSTTRANSFER-20251001080116782,AL-H0008,50,2025-10-01 08:01:16.782000,P11,P04,OHT07,2025-10-01 08:03:18.600000,121818,2025-10-01 08:05:11.200000,2025-10-01 08:05:11.200000,2025-10-01 08:05:19.200000,2025-10-01 08:05:19.200000,2025-10-01 08:06:11.200000,2025-10-01 08:06:11.200000,2025-10-01 08:06:19.200000,2025-10-01 08:06:19.200000,36538.9,33702.5,302.418,10;9;17;21;28,28;29;22;18;12;11;10,3,15200
3,HOSTTRANSFER-20251001080118685,FE-H0052,80,2025-10-01 08:01:18.685000,P36,P25,OHT20,2025-10-01 08:01:19.200000,515,2025-10-01 08:01:46.400000,2025-10-01 08:01:46.400000,2025-10-01 08:01:54.400000,2025-10-01 08:01:54.400000,2025-10-01 08:03:31.400000,2025-10-01 08:03:31.400000,2025-10-01 08:03:39.400000,2025-10-01 08:03:39.400000,13303.0,68779.2,140.715,130,130;131;125;121;116;115;114;113;112;111;109;108;103;102;100;93;94,0,0
3,HOSTTRANSFER-20251001080119920,AL-H0033,50,2025-10-01 08:01:19.920000,P01,P06,OHT11,2025-10-01 08:01:22.600000,2680,2025-10-01 08:01:46.400000,2025-10-01 08:01:46.400000,2025-10-01 08:01:54.400000,2025-10-01 08:01:54.400000,2025-10-01 08:03:23.600000,2025-10-01 08:03:23.600000,2025-10-01 08:03:31.600000,2025-10-01 08:03:31.600000,16698.9,62145.2,131.68,25;26;20;16;7,7;6;15;19;25;26;27;28;29;22;18;12;11,1,1200
3,HOSTTRANSFER-20251001080121380,AL-H0027,50,2025-10-01 08:01:21.380000,P06,P11,OHT04,2025-10-01 08:04:12.800000,171420,2025-10-01 08:05:42.200000,2025-10-01 08:05:42.200000,2025-10-01 08:05:50.200000,2025-10-01 08:05:50.200000,2025-10-01 08:06:49.600000,2025-10-01 08:06:49.600000,2025-10-01 08:06:57.600000,2025-10-01 08:06:57.600000,0.0,42017.9,336.22,11,11;10;9;17;21;28,0,0
3,HOSTTRANSFER-20251001080123523,AL-H0009,50,2025-10-01 08:01:23.523000,P08,P04,OHT20,2025-10-01 08:03:41.800000,138277,2025-10-01 08:12:14.800000,2025-10-01 08:12:14.800000,2025-10-01 08:12:22.800000,2025-10-01 08:12:22.800000,2025-10-01 08:13:50.800000,2025-10-01 08:13:50.800000,2025-10-01 08:13:58.800000,2025-10-01 08:13:58.800000,52443.4,62289.2,755.277,127;128;123;119;113;112;111;109;108;103;102;100;91;85;76;74;65;55;46;31;24;25,25;26;27;28;29;22;18;12;11;10,1,3800
3,HOSTTRANSFER-20251001080126310,FE-H0059,50,2025-10-01 08:01:26.310000,P23,P22,OHT09,2025-10-01 08:01:26.400000,90,2025-10-01 08:03:30.600000,2025-10-01 08:03:30.600000,2025-10-01 08:03:38.600000,2025-10-01 08:03:38.600000,2025-10-01 08:04:01.400000,2025-10-01 08:04:01.400000,2025-10-01 08:04:09.400000,2025-10-01 08:04:09.400000,57923.2,16014.0,163.09,70;71;72;73;75;77;84;83,83;82;81;80,1,200
3,HOSTTRANSFER-20251001080128462,FE-H0060,53,2025-10-01 08:01:28.462000,P33,P31,OHT15,2025-10-01 08:01:31.400000,2938,2025-10-01 08:03:35.800000,2025-10-01 08:03:35.800000,2025-10-01 08:03:43.800000,2025-10-01 08:03:43.800000,2025-10-01 08:05:09.600000,2025-10-01 08:05:09.600000,2025-10-01 08:05:17.600000,2025-10-01 08:05:17.600000,73860.2,59926.8,229.138,130;131;125;121;116;115;114;113;112;118;122;127,127;128;129;130;131;125;121;116,3,12200
3,HOSTTRANSFER-20251001080130093,FE-H0063,53,2025-10-01 08:01:30.093000,P23,P27,OHT12,2025-10-01 08:01:31.400000,1307,2025-10-01 08:02:29.800000,2025-10-01 08:02:29.800000,2025-10-01 08:02:37.800000,2025-10-01 08:02:37.800000,2025-10-01 08:03:35.200000,2025-10-01 08:03:35.200000,2025-10-01 08:03:43.200000,2025-10-01 08:03:43.200000,30905.2,31171.2,133.107,97;98;90;83,83;82;89;97,2,12800
3,HOSTTRANSFER-20251001080132911,AL-H0035,53,2025-10-01 08:01:32.911000,P21,P12,OHT01,2025-10-01 08:01:36.400000,3489,2025-10-01 08:02:30.400000,2025-10-01 08:02:30.400000,2025-10-01 08:02:38.400000,2025-10-01 08:02:38.400000,2025-10-01 08:03:51.800000,2025-10-01 08:03:51.800000,2025-10-01 08:03:59.800000,2025-10-01 08:03:59.800000,0.0,51948.6,146.889,45,45;104;106;107;105;44;41;38;33;4;2;1;3;5;14;23;32;34;39;40;43,0,0
3,HOSTTRANSFER-20251001080133894,FE-H0063,50,2025-10-01 08:01:33.894000,P27,P28,OHT14,2025-10-01 08:03:46.800000,132906,2025-10-01 08:05:17,2025-10-01 08:05:17,2025-10-01 08:05:25,2025-10-01 08:05:25,2025-10-01 08:05:36.800000,2025-10-01 08:05:36.800000,2025-10-01 08:05:44.800000,2025-10-01 08:05:44.800000,0.0,8265.1,250.906,97,97;98,0,0
3,HOSTTRANSFER-20251001080137131,FE-H0066,99,2025-10-01 08:01:37.131000,P33,P31,OHT19,2025-10-01 08:01:37.200000,69,2025-10-01 08:04:59.400000,2025-10-01 08:04:59.400000,2025-10-01 08:05:07.400000,2025-10-01 08:05:07.400000,2025-10-01 08:06:41,2025-10-01 08:06:41,2025-10-01 08:06:49,2025-10-01 08:06:49,13294.0,59926.8,311.869,113;112;118;122;127,127;128;129;130;131;125;121;116,2,8400
3,HOSTTRANSFER-20251001080141747,FE-H0072,53,2025-10-01 08:01:41.747000,P23,P24,OHT05,2025-10-01 08:01:41.800000,53,2025-10-01 08:04:37.200000,2025-10-01 08:04:37.200000,2025-10-01 08:04:45.200000,2025-10-01 08:04:45.200000,2025-10-01 08:06:11.600000,2025-10-01 08:06:11.600000,2025-10-01 08:06:19.600000,2025-10-01 08:06:19.600000,43785.2,49713.4,277.853,97;98;90;83,83;82;89;97;98;90;83,4,28800
3,HOSTTRANSFER-20251001080144633,FE-H0074,53,2025-10-01 08:01:44.633000,P23,P27,OHT14,2025-10-01 08:01:46.800000,2167,2025-10-01 08:04:16.800000,2025-10-01 08:04:16.800000,2025-10-01 08:04:24.800000,2025-10-01 08:04:24.800000,2025-10-01 08:05:09,2025-10-01 08:05:09,2025-10-01 08:05:17,2025-10-01 08:05:17,30905.2,31171.2,212.367,97;98;90;83,83;82;89;97,0,0
3,HOSTTRANSFER-20251001080146509,AL-H0036,50,2025-10-01 08:01:46.509000,P21,P14,OHT02,2025-10-01 08:01:46.800000,291,2025-10-01 08:03:06.400000,2025-10-01 08:03:06.400000,2025-10-01 08:03:14.400000,2025-10-01 08:03:14.400000,2025-10-01 08:05:00.800000,2025-10-01 08:05:00.800000,2025-10-01 08:05:08.800000,2025-10-01 08:05:08.800000,0.0,75446.6,202.291,45,45;104;106;107;105;44;41;38;33;4;2;1;3;5;14;23;32;34;39;40;43;47;54;53,0,0
3,HOSTTRANSFER-20251001080148217,AL-H0039,50,2025-10-01 08:01:48.217000,P14,P08,OHT08,2025-10-01 08:01:51.800000,3583,2025-10-01 08:05:52.200000,2025-10-01 08:05:52.200000,2025-10-01 08:06:00.200000,2025-10-01 08:06:00.200000,2025-10-01 08:06:54.400000,2025-10-01 08:06:54.400000,2025-10-01 08:07:02.400000,2025-10-01 08:07:02.400000,0.0,38350.4,314.183,53,53;52;51;50;49;48;46;31;24;25,0,0
3,HOSTTRANSFER-20251001080152778,FE-H0077,50,2025-10-01 08:01:52.778000,P32,P33,OHT19,2025-10-01 08:01:56.800000,4022,2025-10-01 08:02:50.800000,2025-10-01 08:02:50.800000,2025-10-01 08:02:58.800000,2025-10-01 08:02:58.800000,2025-10-01 08:03:57.600000,2025-10-01 08:03:57.600000,2025-10-01 08:04:05.600000,2025-10-01 08:04:05.600000,0.0,41584.2,132.822,116,116;115;114;113;112;118;122;127,0,0
3,HOSTTRANSFER-20251001080155700,AL-H0011,50,2025-10-01 08:01:55.700000,P18,P05,OHT10,2025-10-01 08:08:27.400000,391700,2025-10-01 08:56:29.600000,2025-10-01 08:56:29.600000,2025-10-01 08:56:37.600000,2025-10-01 08:56:37.600000,2025-10-01 09:00:05.200000,2025-10-01 09:00:05.200000,2025-10-01 09:00:13.200000,2025-10-01 09:00:13.200000,280.0,145626.8,3497.5,70,70;71;72;64;60;53;52;51;50;49;48;46;31;24;25;26;27;28;29;22;18;12;11;10,2,2000
3,HOSTTRANSFER-20251001080156287,FE-H0075,50,2025-10-01 08:01:56.287000,P25,P23,OHT20,2025-10-01 08:01:56.800000,513,2025-10-01 08:03:39.400000,2025-10-01 08:03:39.400000,2025-10-01 08:03:47.400000,2025-10-01 08:03:47.400000,2025-10-01 08:05:11.200000,2025-10-01 08:05:11.200000,2025-10-01 08:05:19.200000,2025-10-01 08:05:19.200000,0.0,59345.0,202.913,94,94;95;96;97;98;90;83,0,0
3,HOSTTRANSFER-20251001080157879,FE-H0079,50,2025-10-01 08:01:57.879000,P31,P32,OHT10,2025-10-01 08:02:01.800000,3921,2025-10-01 08:11:24.600000,2025-10-01 08:11:24.600000,2025-10-01 08:11:32.600000,2025-10-01 08:11:32.600000,2025-10-01 08:12:43.800000,2025-10-01 08:12:43.800000,2025-10-01 08:12:51.800000,2025-10-01 08:12:51.800000,31643.0,50454.8,653.921,130;131;125;121;116,116;115;120;124;130;131;125;121;116,0,0
3,HOSTTRANSFER-20251001080159911,AL-H0046,50,2025-10-01 08:01:59.911000,P10,P21,OHT11,2025-10-01 08:02:01.800000,1889,2025-10-01 08:04:12.800000,2025-10-01 08:04:12.800000,2025-10-01 08:04:20.800000,2025-10-01 08:04:20.800000,2025-10-01 08:05:11.800000,2025-10-01 08:05:11.800000,2025-10-01 08:05:19.800000,2025-10-01 08:05:19.800000,29159.0,36035.4,199.889,11;10;9;17;21;28,28;29;30;32;34;39;40;45,0,0
3,HOSTTRANSFER-20251001080201946,FE-H0081,50,2025-10-01 08:02:01.946000,P35,P36,OHT18,2025-10-01 08:02:06.800000,4854,2025-10-01 08:03:23,2025-10-01 08:03:23,2025-10-01 08:03:31,2025-10-01 08:03:31,2025-10-01 08:03:50,2025-10-01 08:03:50,2025-10-01 08:03:58,2025-10-01 08:03:58,0.0,13303.0,116.054,130,130,0,0
3,HOSTTRANSFER-20251001080203808,AL-H0001,53,2025-10-01 08:02:03.808000,P04,P09,OHT07,2025-10-01 08:04:07.800000,123992,2025-10-01 08:08:13.800000,2025-10-01 08:08:13.800000,2025-10-01 08:08:21.800000,2025-10-01 08:08:21.800000,2025-10-01 08:09:10.600000,2025-10-01 08:09:10.600000,2025-10-01 08:09:18.600000,2025-10-01 08:09:18.600000,33702.5,31858.3,434.792,28;29;22;18;12;11;10,10;9;8;7;6;15;19;25;26,2,3000
3,HOSTTRANSFER-20251001080206931,AL-H0051,50,2025-10-01 08:02:06.931000,P21,P14,OHT03,2025-10-01 08:02:11.800000,4869,2025-10-01 08:03:31.600000,2025-10-01 08:03:31.600000,2025-10-01 08:03:39.600000,2025-10-01 08:03:39.600000,2025-10-01 08:05:26,2025-10-01 08:05:26,2025-10-01 08:05:34,2025-10-01 08:05:34,0.0,75446.6,207.069,45,45;104;106;107;105;44;41;38;33;4;2;1;3;5;14;23;32;34;39;40;43;47;54;53,0,0
3,HOSTTRANSFER-20251001080209403,FE-H0083,90,2025-10-01 08:02:09.403000,P34,P33,OHT16,2025-10-01 08:02:09.600000,197,2025-10-01 08:06:06.200000,2025-10-01 08:06:06.200000,2025-10-01 08:06:14.200000,2025-10-01 08:06:14.200000,2025-10-01 08:08:40.600000,2025-10-01 08:08:40.600000,2025-10-01 08:08:48.600000,2025-10-01 08:08:48.600000,0.0,81887.2,399.197,129,129;130;131;125;121;116;115;114;113;112;118;122;127,5,29800
3,HOSTTRANSFER-20251001080213427,FE-H0084,50,2025-10-01 08:02:13.427000,P31,P32,OHT18,2025-10-01 08:02:16.800000,3373,2025-10-01 08:04:45.600000,2025-10-01 08:04:45.600000,2025-10-01 08:04:53.600000,2025-10-01 08:04:53.600000,2025-10-01 08:06:04.800000,2025-10-01 08:06:04.800000,2025-10-01 08:06:12.800000,2025-10-01 08:06:12.800000,31643.0,50454.8,239.373,130;131;125;121;116,116;115;120;124;130;131;125;121;116,1,2600
3,HOSTTRANSFER-20251001080215953,AL-H0024,50,2025-10-01 08:02:15.953000,P06,P04,OHT04,2025-10-01 08:02:16.800000,847,2025-10-01 08:03:41.800000,2025-10-01 08:03:41.800000,2025-10-01 08:03:49.800000,2025-10-01 08:03:49.800000,2025-10-01 08:04:08.800000,2025-10-01 08:04:08.800000,2025-10-01 08:04:16.800000,2025-10-01 08:04:16.800000,0.0,13269.0,120.847,11,11;10,0,0
3,HOSTTRANSFER-20251001080218776,AL-H0054,50,2025-10-01 08:02:18.776000,P21,P14,OHT08,2025-10-01 08:02:21.800000,3024,2025-10-01 08:03:47.800000,2025-10-01 08:03:47.800000,2025-10-01 08:03:55.800000,2025-10-01 08:03:55.800000,2025-10-01 08:05:44.200000,2025-10-01 08:05:44.200000,2025-10-01 08:05:52.200000,2025-10-01 08:05:52.200000,23176.5,75446.6,213.424,28;29;30;32;34;39;40;45,45;104;106;107;105;44;41;38;33;4;2;1;3;5;14;23;32;34;39;40;43;47;54;53,1,1600
3,HOSTTRANSFER-20251001080224014,AL-H0039,50,2025-10-01 08:02:24.014000,P08,P02,OHT01,2025-10-01 08:07:05.200000,281186,2025-10-01 08:07:48.600000,2025-10-01 08:07:48.600000,2025-10-01 08:07:56.600000,2025-10-01 08:07:56.600000,2025-10-01 08:09:34,2025-10-01 08:09:34,2025-10-01 08:09:42,2025-10-01 08:09:42,19533.0,68958.4,437.986,8;7;6;15;19;25,25;26;27;28;29;22;18;12;11;10;9;8,1,200
3,HOSTTRANSFER-20251001080227903,AL-H0055,53,2025-10-01 08:02:27.903000,P04,P06,OHT04,2025-10-01 08:02:28,97,2025-10-01 08:04:16.800000,2025-10-01 08:04:16.800000,2025-10-01 08:04:24.800000,2025-10-01 08:04:24.800000,2025-10-01 08:05:34.200000,2025-10-01 08:05:34.200000,2025-10-01 08:05:42.200000,2025-10-01 08:05:42.200000,0.0,49182.4,194.297,10,10;9;17;21;28;29;22;18;12;11,0,0
3,HOSTTRANSFER-20251001080232880,AL-H0055,50,2025-10-01 08:02:32.880000,P06,P16,OHT08,2025-10-01 08:05:46.400000,193520,2025-10-01 08:08:11.600000,2025-10-01 08:08:11.600000,2025-10-01 08:08:19.600000,2025-10-01 08:08:19.600000,2025-10-01 08:10:56,2025-10-01 08:10:56,2025-10-01 08:11:04,2025-10-01 08:11:04,49020.2,110944.6,511.12,25;26;27;28;29;22;18;12;11,11;10;9;17;21;28;29;30;32;34;39;40;43;47;54;53;52;51;50;49;57;61;68,0,0
3,HOSTTRANSFER-20251001080241227,AL-H0058,50,2025-10-01 08:02:41.227000,P15,P02,OHT01,2025-10-01 08:02:41.400000,173,2025-10-01 08:04:15.400000,2025-10-01 08:04:15.400000,2025-10-01 08:04:23.400000,2025-10-01 08:04:23.400000,2025-10-01 08:07:12.600000,2025-10-01 08:07:12.600000,2025-10-01 08:07:20.600000,2025-10-01 08:07:20.600000,10869.9,119936.9,279.373,43;47;54;53,53;52;51;50;49;48;46;31;24;25;26;27;28;29;22;18;12;11;10;9;8,0,0
3,HOSTTRANSFER-20251001080244373,FE-H0093,50,2025-10-01 08:02:44.373000,P31,P32,OHT15,2025-10-01 08:02:46.400000,2027,2025-10-01 08:07:06.200000,2025-10-01 08:07:06.200000,2025-10-01 08:07:14.200000,2025-10-01 08:07:14.200000,2025-10-01 08:08:27.800000,2025-10-01 08:08:27.800000,2025-10-01 08:08:35.800000,2025-10-01 08:08:35.800000,12670.0,50454.8,351.427,116,116;115;120;124;130;131;125;121;116,1,2000
3,HOSTTRANSFER-20251001080253469,AL-H0031,50,2025-10-01 08:02:53.469000,P14,P11,OHT02,2025-10-01 08:02:53.600000,131,2025-10-01 08:05:08.800000,2025-10-01 08:05:08.800000,2025-10-01 08:05:16.800000,2025-10-01 08:05:16.800000,2025-10-01 08:07:07.800000,2025-10-01 08:07:07.800000,2025-10-01 08:07:15.800000,2025-10-01 08:07:15.800000,0.0,66937.1,262.331,53,53;52;51;50;49;48;46;31;24;25;26;27;28,2,16000
3,HOSTTRANSFER-20251001080257092,FE-H0096,50,2025-10-01 08:02:57.092000,P22,P31,OHT17,2025-10-01 08:02:58.600000,1508,2025-10-01 08:05:59.400000,2025-10-01 08:05:59.400000,2025-10-01 08:06:07.400000,2025-10-01 08:06:07.400000,2025-10-01 08:08:02,2025-10-01 08:08:02,2025-10-01 08:08:10,2025-10-01 08:08:10,33677.8,81259.0,312.908,113;112;111;109;108;103;102;100;93;94;95;88;80,80;79;87;94;95;96;97;98;99;101;110;117;116,0,0
3,HOSTTRANSFER-20251001080301480,FE-H0099,50,2025-10-01 08:03:01.480000,P35,P36,OHT10,2025-10-01 08:03:03.600000,2120,2025-10-01 08:04:28.400000,2025-10-01 08:04:28.400000,2025-10-01 08:04:36.400000,2025-10-01 08:04:36.400000,2025-10-01 08:04:55.400000,2025-10-01 08:04:55.400000,2025-10-01 08:05:03.400000,2025-10-01 08:05:03.400000,49855.9,13303.0,121.92,98;99;101;110;117;116;115;120;124;130,130,0,0
3,HOSTTRANSFER-20251001080306275,AL-H0062,50,2025-10-01 08:03:06.275000,P21,P11,OHT11,2025-10-01 08:03:08.600000,2325,2025-10-01 08:05:19.800000,2025-10-01 08:05:19.800000,2025-10-01 08:05:27.800000,2025-10-01 08:05:27.800000,2025-10-01 08:08:48.600000,2025-10-01 08:08:48.600000,2025-10-01 08:08:56.600000,2025-10-01 08:08:56.600000,0.0,142383.7,350.325,45,45;104;106;107;105;44;41;38;33;4;2;1;3;5;14;23;32;34;39;40;43;47;54;53;52;51;50;49;48;46;31;24;25;26;27;28,0,0
3,HOSTTRANSFER-20251001080310962,FE-H0101,50,2025-10-01 08:03:10.962000,P31,P32,OHT19,2025-10-01 08:03:13.600000,2638,2025-10-01 08:06:49,2025-10-01 08:06:49,2025-10-01 08:06:57,2025-10-01 08:06:57,2025-10-01 08:08:12.200000,2025-10-01 08:08:12.200000,2025-10-01 08:08:20.200000,2025-10-01 08:08:20.200000,0.0,50454.8,309.238,116,116;115;120;124;130;131;125;121;116,1,3400
3,HOSTTRANSFER-20251001080319156,AL-H0020,50,2025-10-01 08:03:19.156000,P06,P13,OHT06,2025-10-01 08:03:23.600000,4444,2025-10-01 08:04:12.600000,2025-10-01 08:04:12.600000,2025-10-01 08:04:20.600000,2025-10-01 08:04:20.600000,2025-10-01 08:06:39.800000,2025-10-01 08:06:39.800000,2025-10-01 08:06:47.800000,2025-10-01 08:06:47.800000,0.0,97679.6,208.644,11,11;10;9;17;21;28;29;30;32;34;39;40;43;47;54;53;52;51;50,1,1200
3,HOSTTRANSFER-20251001080325297,AL-H0001,53,2025-10-01 08:03:25.297000,P04,P09,OHT20,2025-10-01 08:09:18.600000,353303,2025-10-01 08:13:58.800000,2025-10-01 08:13:58.800000,2025-10-01 08:14:06.800000,2025-10-01 08:14:06.800000,2025-10-01 08:14:51.800000,2025-10-01 08:14:51.800000,2025-10-01 08:14:59.800000,2025-10-01 08:14:59.800000,0.0,31858.3,694.503,10,10;9;8;7;6;15;19;25;26,0,0
3,HOSTTRANSFER-20251001080327692,FE-H0104,73,2025-10-01 08:03:27.692000,P31,P34,OHT16,2025-10-01 08:03:28.600000,908,2025-10-01 08:04:59.400000,2025-10-01 08:04:59.400000,2025-10-01 08:05:07.400000,2025-10-01 08:05:07.400000,2025-10-01 08:05:58.200000,2025-10-01 08:05:58.200000,2025-10-01 08:06:06.200000,2025-10-01 08:06:06.200000,12670.0,35868.0,158.508,116,116;115;114;113;112;118;122;127;128;129,0,0
3,HOSTTRANSFER-20251001080332368,AL-H0021,50,2025-10-01 08:03:32.368000,P06,P20,OHT13,2025-10-01 08:03:33.600000,1232,2025-10-01 08:05:18,2025-10-01 08:05:18,2025-10-01 08:05:26,2025-10-01 08:05:26,2025-10-01 08:08:06,2025-10-01 08:08:06,2025-10-01 08:08:14,2025-10-01 08:08:14,0.0,113461.0,281.632,11,11;10;9;17;21;28;29;30;32;34;39;40;43;47;54;53;52;59;63;71,0,0
3,HOSTTRANSFER-20251001080342173,FE-H0109,53,2025-10-01 08:03:42.173000,P33,P29,OHT19,2025-10-01 08:03:46.800000,4627,2025-10-01 08:04:05.600000,2025-10-01 08:04:05.600000,2025-10-01 08:04:13.600000,2025-10-01 08:04:13.600000,2025-10-01 08:04:32.400000,2025-10-01 08:04:32.400000,2025-10-01 08:04:40.400000,2025-10-01 08:04:40.400000,0.0,13191.8,58.227,127,127;128;123;119;113,0,0
3,HOSTTRANSFER-20251001080354898,AL-H0065,50,2025-10-01 08:03:54.898000,P21,P14,OHT04,2025-10-01 08:03:55,102,2025-10-01 08:07:46.400000,2025-10-01 08:07:46.400000,2025-10-01 08:07:54.400000,2025-10-01 08:07:54.400000,2025-10-01 08:09:40.800000,2025-10-01 08:09:40.800000,2025-10-01 08:09:48.800000,2025-10-01 08:09:48.800000,0.0,75446.6,353.902,45,45;104;106;107;105;44;41;38;33;4;2;1;3;5;14;23;32;34;39;40;43;47;54;53,0,0
3,HOSTTRANSFER-20251001080359944,AL-H0001,53,2025-10-01 08:03:59.944000,P04,P05,OHT03,2025-10-01 08:15:02.600000,662656,2025-10-01 08:23:11,2025-10-01 08:23:11,2025-10-01 08:23:19,2025-10-01 08:23:19,2025-10-01 08:24:38,2025-10-01 08:24:38,2025-10-01 08:24:46,2025-10-01 08:24:46,13269.0,54661.4,1246.056,11;10,10;9;17;21;28;29;22;18;12;11;10,2,5400
3,HOSTTRANSFER-20251001080407736,AL-H0055,50,2025-10-01 08:04:07.736000,P16,P06,OHT03,2025-10-01 08:11:04,416264,2025-10-01 08:14:56.600000,2025-10-01 08:14:56.600000,2025-10-01 08:15:04.600000,2025-10-01 08:15:04.600000,2025-10-01 08:17:23.800000,2025-10-01 08:17:23.800000,2025-10-01 08:17:31.800000,2025-10-01 08:17:31.800000,13265.0,85686.4,804.064,50;49;57;61;68,68;69;62;58;50;49;48;46;31;24;25;26;27;28;29;22;18;12;11,5,17000
3,HOSTTRANSFER-20251001080412145,FE-H0045,50,2025-10-01 08:04:12.145000,P36,P35,OHT10,2025-10-01 08:04:12.800000,655,2025-10-01 08:05:03.400000,2025-10-01 08:05:03.400000,2025-10-01 08:05:11.400000,2025-10-01 08:05:11.400000,2025-10-01 08:06:21.800000,2025-10-01 08:06:21.800000,2025-10-01 08:06:29.800000,2025-10-01 08:06:29.800000,0.0,49821.8,137.655,130,130;131;125;121;116;115;120;124;130,0,0
3,HOSTTRANSFER-20251001080415729,AL-H0047,50,2025-10-01 08:04:15.729000,P14,P09,OHT03,2025-10-01 08:04:17.800000,2071,2025-10-01 08:05:34,2025-10-01 08:05:34,2025-10-01 08:05:42,2025-10-01 08:05:42,2025-10-01 08:06:44.200000,2025-10-01 08:06:44.200000,2025-10-01 08:06:52.200000,2025-10-01 08:06:52.200000,0.0,44006.5,156.471,53,53;52;51;50;49;48;46;31;24;25;26,0,0
3,HOSTTRANSFER-20251001080420865,AL-H0039,50,2025-10-01 08:04:20.865000,P06,P16,OHT06,2025-10-01 08:09:45.200000,324335,2025-10-01 08:14:21,2025-10-01 08:14:21,2025-10-01 08:14:29,2025-10-01 08:14:29,2025-10-01 08:17:05.400000,2025-10-01 08:17:05.400000,2025-10-01 08:17:13.400000,2025-10-01 08:17:13.400000,49020.2,110944.6,772.535,25;26;27;28;29;22;18;12;11,11;10;9;17;21;28;29;30;32;34;39;40;43;47;54;53;52;51;50;49;57;61;68,0,0
3,HOSTTRANSFER-20251001080424060,AL-H0067,50,2025-10-01 08:04:24.060000,P16,P11,OHT05,2025-10-01 08:04:24.200000,140,2025-10-01 08:09:52,2025-10-01 08:09:52,2025-10-01 08:10:00,2025-10-01 08:10:00,2025-10-01 08:11:41.400000,2025-10-01 08:11:41.400000,2025-10-01 08:11:49.400000,2025-10-01 08:11:49.400000,43936.6,65252.9,445.34,116;115;114;113;112;111;109;108;103;102;100;91;85;76;74;67;68,68;69;62;58;50;49;48;46;31;24;25;26;27;28,3,8600
3,HOSTTRANSFER-20251001080426399,FE-H0114,50,2025-10-01 08:04:26.399000,P32,P34,OHT12,2025-10-01 08:04:29.200000,2801,2025-10-01 08:06:30,2025-10-01 08:06:30,2025-10-01 08:06:38,2025-10-01 08:06:38,2025-10-01 08:08:08.200000,2025-10-01 08:08:08.200000,2025-10-01 08:08:16.200000,2025-10-01 08:08:16.200000,19007.1,48538.0,229.801,98;99;101;110;117;116,116;115;114;113;112;118;122;127;128;129,4,20600
3,HOSTTRANSFER-20251001080431148,FE-H0117,50,2025-10-01 08:04:31.148000,P36,P29,OHT18,2025-10-01 08:04:34.200000,3052,2025-10-01 08:07:31.600000,2025-10-01 08:07:31.600000,2025-10-01 08:07:39.600000,2025-10-01 08:07:39.600000,2025-10-01 08:08:46.400000,2025-10-01 08:08:46.400000,2025-10-01 08:08:54.400000,2025-10-01 08:08:54.400000,13303.0,47263.2,263.252,130,130;131;125;121;116;115;114;113,0,0
3,HOSTTRANSFER-20251001080434405,AL-H0068,50,2025-10-01 08:04:34.405000,P16,P14,OHT06,2025-10-01 08:04:39.200000,4795,2025-10-01 08:07:06.800000,2025-10-01 08:07:06.800000,2025-10-01 08:07:14.800000,2025-10-01 08:07:14.800000,2025-10-01 08:08:39.600000,2025-10-01 08:08:39.600000,2025-10-01 08:08:47.600000,2025-10-01 08:08:47.600000,13265.0,60060.2,253.195,50;49;57;61;68,68;69;70;71;72;64;60;53,0,0
3,HOSTTRANSFER-20251001080437008,AL-H0061,50,2025-10-01 08:04:37.008000,P16,P19,OHT14,2025-10-01 08:04:39.200000,2192,2025-10-01 08:13:09.600000,2025-10-01 08:13:09.600000,2025-10-01 08:13:17.600000,2025-10-01 08:13:17.600000,2025-10-01 08:13:40,2025-10-01 08:13:40,2025-10-01 08:13:48,2025-10-01 08:13:48,33839.4,15688.5,550.992,114;113;112;111;109;108;103;102;100;91;85;76;74;67;68,68;69;70;71,1,200
3,HOSTTRANSFER-20251001080445152,FE-H0064,50,2025-10-01 08:04:45.152000,P31,P32,OHT15,2025-10-01 08:04:45.200000,48,2025-10-01 08:05:17.600000,2025-10-01 08:05:17.600000,2025-10-01 08:05:25.600000,2025-10-01 08:05:25.600000,2025-10-01 08:06:40.200000,2025-10-01 08:06:40.200000,2025-10-01 08:06:48.200000,2025-10-01 08:06:48.200000,0.0,50454.8,123.048,116,116;115;120;124;130;131;125;121;116,1,3000
3,HOSTTRANSFER-20251001080449932,FE-H0125,53,2025-10-01 08:04:49.932000,P31,P28,OHT17,2025-10-01 08:04:50.200000,268,2025-10-01 08:08:10,2025-10-01 08:08:10,2025-10-01 08:08:18,2025-10-01 08:08:18,2025-10-01 08:10:02.200000,2025-10-01 08:10:02.200000,2025-10-01 08:10:10.200000,2025-10-01 08:10:10.200000,0.0,73841.1,320.268,116,116;115;114;113;112;111;109;108;103;102;100;93;94;95;96;97;98,0,0
3,HOSTTRANSFER-20251001080455192,FE-H0128,50,2025-10-01 08:04:55.192000,P34,P29,OHT12,2025-10-01 08:04:55.200000,8,2025-10-01 08:08:16.200000,2025-10-01 08:08:16.200000,2025-10-01 08:08:24.200000,2025-10-01 08:08:24.200000,2025-10-01 08:10:11.400000,2025-10-01 08:10:11.400000,2025-10-01 08:10:19.400000,2025-10-01 08:10:19.400000,0.0,68593.2,324.208,129,129;130;131;125;121;116;115;114;113,3,9800
3,HOSTTRANSFER-20251001080458188,FE-H0123,50,2025-10-01 08:04:58.188000,P28,P34,OHT14,2025-10-01 08:05:00.200000,2012,2025-10-01 08:05:44.800000,2025-10-01 08:05:44.800000,2025-10-01 08:05:52.800000,2025-10-01 08:05:52.800000,2025-10-01 08:07:49.800000,2025-10-01 08:07:49.800000,2025-10-01 08:07:57.800000,2025-10-01 08:07:57.800000,0.0,67545.1,179.612,98,98;99;101;110;117;116;115;114;113;112;118;122;127;128;129,2,20800
3,HOSTTRANSFER-20251001080503931,FE-H0134,53,2025-10-01 08:05:03.931000,P31,P35,OHT18,2025-10-01 08:05:05.200000,1269,2025-10-01 08:06:30.800000,2025-10-01 08:06:30.800000,2025-10-01 08:06:38.800000,2025-10-01 08:06:38.800000,2025-10-01 08:07:04.600000,2025-10-01 08:07:04.600000,2025-10-01 08:07:12.600000,2025-10-01 08:07:12.600000,12670.0,18178.8,128.669,116,116;115;120;124;130,0,0
3,HOSTTRANSFER-20251001080508315,FE-H0135,53,2025-10-01 08:05:08.315000,P23,P27,OHT20,2025-10-01 08:05:10.200000,1885,2025-10-01 08:05:19.200000,2025-10-01 08:05:19.200000,2025-10-01 08:05:27.200000,2025-10-01 08:05:27.200000,2025-10-01 08:06:11.400000,2025-10-01 08:06:11.400000,2025-10-01 08:06:19.400000,2025-10-01 08:06:19.400000,0.0,31171.2,71.085,83,83;82;89;97,0,0
3,HOSTTRANSFER-20251001080511751,AL-H0070,53,2025-10-01 08:05:11.751000,P14,P06,OHT02,2025-10-01 08:05:15.200000,3449,2025-10-01 08:12:21.800000,2025-10-01 08:12:21.800000,2025-10-01 08:12:29.800000,2025-10-01 08:12:29.800000,2025-10-01 08:14:38,2025-10-01 08:14:38,2025-10-01 08:14:46,2025-10-01 08:14:46,12628.1,87370.6,574.249,53,53;52;51;50;49;48;46;31;24;25;26;27;28;29;22;18;12;11,2,4600
3,HOSTTRANSFER-20251001080516107,FE-H0138,53,2025-10-01 08:05:16.107000,P23,P27,OHT05,2025-10-01 08:05:20.200000,4093,2025-10-01 08:06:37.200000,2025-10-01 08:06:37.200000,2025-10-01 08:06:45.200000,2025-10-01 08:06:45.200000,2025-10-01 08:07:29.400000,2025-10-01 08:07:29.400000,2025-10-01 08:07:37.400000,2025-10-01 08:07:37.400000,12363.0,31171.2,141.293,83,83;82;89;97,0,0
3,HOSTTRANSFER-20251001080520104,AL-H0073,53,2025-10-01 08:05:20.104000,P14,P21,OHT03,2025-10-01 08:05:20.200000,96,2025-10-01 08:08:24.600000,2025-10-01 08:08:24.600000,2025-10-01 08:08:32.600000,2025-10-01 08:08:32.600000,2025-10-01 08:10:39.800000,2025-10-01 08:10:39.800000,2025-10-01 08:10:47.800000,2025-10-01 08:10:47.800000,62883.1,90113.6,327.696,26;27;28;29;30;32;34;39;40;43;47;54;53,53;52;51;50;49;48;46;31;24;25;26;27;28;29;30;32;34;39;40;45,1,3200
3,HOSTTRANSFER-20251001080522238,FE-H0141,50,2025-10-01 08:05:22.238000,P28,P34,OHT20,2025-10-01 08:05:25.200000,2962,2025-10-01 08:06:31.200000,2025-10-01 08:06:31.200000,2025-10-01 08:06:39.200000,2025-10-01 08:06:39.200000,2025-10-01 08:08:26.600000,2025-10-01 08:08:26.600000,2025-10-01 08:08:34.600000,2025-10-01 08:08:34.600000,8265.1,67545.1,192.362,97;98,98;99;101;110;117;116;115;114;113;112;118;122;127;128;129,1,11800
3,HOSTTRANSFER-20251001080527894,FE-H0142,50,2025-10-01 08:05:27.894000,P27,P31,OHT05,2025-10-01 08:05:30.200000,2306,2025-10-01 08:07:37.400000,2025-10-01 08:07:37.400000,2025-10-01 08:07:45.400000,2025-10-01 08:07:45.400000,2025-10-01 08:08:41.800000,2025-10-01 08:08:41.800000,2025-10-01 08:08:49.800000,2025-10-01 08:08:49.800000,0.0,39942.2,201.906,97,97;98;99;101;110;117;116,0,0
3,HOSTTRANSFER-20251001080531615,FE-H0041,50,2025-10-01 08:05:31.615000,P35,P36,OHT10,2025-10-01 08:05:35.200000,3585,2025-10-01 08:06:29.800000,2025-10-01 08:06:29.800000,2025-10-01 08:06:37.800000,2025-10-01 08:06:37.800000,2025-10-01 08:06:56.800000,2025-10-01 08:06:56.800000,2025-10-01 08:07:04.800000,2025-10-01 08:07:04.800000,0.0,13303.0,93.185,130,130,0,0
3,HOSTTRANSFER-20251001080534301,FE-H0106,50,2025-10-01 08:05:34.301000,P35,P30,OHT14,2025-10-01 08:05:35.200000,899,2025-10-01 08:10:47.800000,2025-10-01 08:10:47.800000,2025-10-01 08:10:55.800000,2025-10-01 08:10:55.800000,2025-10-01 08:12:13.600000,2025-10-01 08:12:13.600000,2025-10-01 08:12:21.600000,2025-10-01 08:12:21.600000,8027.0,55043.2,407.299,129;130,130;131;125;121;116;115;114,1,200
3,HOSTTRANSFER-20251001080536389,FE-H0117,50,2025-10-01 08:05:36.389000,P29,P30,OHT19,2025-10-01 08:08:58.600000,202211,2025-10-01 08:10:45.800000,2025-10-01 08:10:45.800000,2025-10-01 08:10:53.800000,2025-10-01 08:10:53.800000,2025-10-01 08:12:51.400000,2025-10-01 08:12:51.400000,2025-10-01 08:12:59.400000,2025-10-01 08:12:59.400000,5523.0,83318.0,443.011,114;113,113;112;118;122;127;128;129;130;131;125;121;116;115;114,1,200
3,HOSTTRANSFER-20251001080541366,AL-H0075,53,2025-10-01 08:05:41.366000,P04,P11,OHT07,2025-10-01 08:05:41.400000,34,2025-10-01 08:06:19.200000,2025-10-01 08:06:19.200000,2025-10-01 08:06:27.200000,2025-10-01 08:06:27.200000,2025-10-01 08:07:18,2025-10-01 08:07:18,2025-10-01 08:07:26,2025-10-01 08:07:26,0.0,28748.9,104.634,10,10;9;17;21;28,2,9400
3,HOSTTRANSFER-20251001080547004,FE-H0149,53,2025-10-01 08:05:47.004000,P23,P27,OHT13,2025-10-01 08:05:51.400000,4396,2025-10-01 08:09:05.400000,2025-10-01 08:09:05.400000,2025-10-01 08:09:13.400000,2025-10-01 08:09:13.400000,2025-10-01 08:09:57.600000,2025-10-01 08:09:57.600000,2025-10-01 08:10:05.600000,2025-10-01 08:10:05.600000,36369.8,31171.2,258.596,71;72;73;75;77;84;83,83;82;89;97,0,0
3,HOSTTRANSFER-20251001080553729,AL-H0073,50,2025-10-01 08:05:53.729000,P05,P06,OHT07,2025-10-01 08:10:48,294271,2025-10-01 08:15:18,2025-10-01 08:15:18,2025-10-01 08:15:26,2025-10-01 08:15:26,2025-10-01 08:16:56.200000,2025-10-01 08:16:56.200000,2025-10-01 08:17:04.200000,2025-10-01 08:17:04.200000,5479.0,56972.4,670.471,11;10,10;9;17;21;28;29;22;18;12;11,2,9200
3,HOSTTRANSFER-20251001080559804,FE-H0153,53,2025-10-01 08:05:59.804000,P23,P27,OHT01,2025-10-01 08:06:00,196,2025-10-01 08:40:39,2025-10-01 08:40:39,2025-10-01 08:40:47,2025-10-01 08:40:47,2025-10-01 08:41:31.200000,2025-10-01 08:41:31.200000,2025-10-01 08:41:39.200000,2025-10-01 08:41:39.200000,36369.8,31171.2,2139.396,71;72;73;75;77;84;83,83;82;89;97,0,0
3,HOSTTRANSFER-20251001080601455,FE-H0154,50,2025-10-01 08:06:01.455000,P22,P32,OHT16,2025-10-01 08:06:05,3545,2025-10-01 08:10:11.400000,2025-10-01 08:10:11.400000,2025-10-01 08:10:19.400000,2025-10-01 08:10:19.400000,2025-10-01 08:11:56.200000,2025-10-01 08:11:56.200000,2025-10-01 08:12:04.200000,2025-10-01 08:12:04.200000,33677.8,68589.0,362.745,113;112;111;109;108;103;102;100;93;94;95;88;80,80;79;87;94;95;96;97;98;99;101;110;117;116,0,0
3,HOSTTRANSFER-20251001080606115,AL-H0012,50,2025-10-01 08:06:06.115000,P06,P16,OHT11,2025-10-01 08:06:10,3885,2025-10-01 08:14:51.800000,2025-10-01 08:14:51.800000,2025-10-01 08:14:59.800000,2025-10-01 08:14:59.800000,2025-10-01 08:17:37.800000,2025-10-01 08:17:37.800000,2025-10-01 08:17:45.800000,2025-10-01 08:17:45.800000,5298.0,110944.6,699.685,12;11,11;10;9;17;21;28;29;30;32;34;39;40;43;47;54;53;52;51;50;49;57;61;68,1,1000
3,HOSTTRANSFER-20251001080608845,FE-H0132,52,2025-10-01 08:06:08.845000,P29,P23,OHT19,2025-10-01 08:06:10,1155,2025-10-01 08:13:07.600000,2025-10-01 08:13:07.600000,2025-10-01 08:13:15.600000,2025-10-01 08:13:15.600000,2025-10-01 08:15:23.600000,2025-10-01 08:15:23.600000,2025-10-01 08:15:31.600000,2025-10-01 08:15:31.600000,5523.0,80861.0,562.755,114;113,113;112;111;109;108;103;102;100;93;94;95;96;97;98;90;83,3,13600
3,HOSTTRANSFER-20251001080611876,AL-H0016,50,2025-10-01 08:06:11.876000,P20,P08,OHT06,2025-10-01 08:06:15,3124,2025-10-01 08:11:17.200000,2025-10-01 08:11:17.200000,2025-10-01 08:11:25.200000,2025-10-01 08:11:25.200000,2025-10-01 08:13:03.800000,2025-10-01 08:13:03.800000,2025-10-01 08:13:11.800000,2025-10-01 08:13:11.800000,44118.7,69854.2,419.924,53;52;59;63;71,71;72;64;60;53;52;51;50;49;48;46;31;24;25,0,0
3,HOSTTRANSFER-20251001080617406,FE-H0158,50,2025-10-01 08:06:17.406000,P27,P24,OHT18,2025-10-01 08:06:20,2594,2025-10-01 08:10:15.800000,2025-10-01 08:10:15.800000,2025-10-01 08:10:23.800000,2025-10-01 08:10:23.800000,2025-10-01 08:10:50.200000,2025-10-01 08:10:50.200000,2025-10-01 08:10:58.200000,2025-10-01 08:10:58.200000,49955.8,18542.2,280.794,113;112;111;109;108;103;102;100;93;94;95;96;97,97;98;90;83,1,10600
3,HOSTTRANSFER-20251001080620676,AL-H0016,50,2025-10-01 08:06:20.676000,P08,P14,OHT07,2025-10-01 08:13:15.400000,414724,2025-10-01 08:37:17.400000,2025-10-01 08:37:17.400000,2025-10-01 08:37:25.400000,2025-10-01 08:37:25.400000,2025-10-01 08:39:02.200000,2025-10-01 08:39:02.200000,2025-10-01 08:39:10.200000,2025-10-01 08:39:10.200000,13125.0,68539.2,1969.524,7;6;15;19;25,25;26;27;28;29;30;32;34;39;40;43;47;54;53,0,0
3,HOSTTRANSFER-20251001080625196,FE-H0165,50,2025-10-01 08:06:25.196000,P33,P32,OHT15,2025-10-01 08:06:25.200000,4,2025-10-01 08:11:36.200000,2025-10-01 08:11:36.200000,2025-10-01 08:11:44.200000,2025-10-01 08:11:44.200000,2025-10-01 08:12:54,2025-10-01 08:12:54,2025-10-01 08:13:02,2025-10-01 08:13:02,13294.0,47256.8,396.804,113;112;118;122;127,127;128;129;130;131;125;121;116,1,2800
3,HOSTTRANSFER-20251001080626731,FE-H0169,50,2025-10-01 08:06:26.731000,P28,P23,OHT17,2025-10-01 08:06:30.200000,3469,2025-10-01 08:10:10.200000,2025-10-01 08:10:10.200000,2025-10-01 08:10:18.200000,2025-10-01 08:10:18.200000,2025-10-01 08:13:19,2025-10-01 08:13:19,2025-10-01 08:13:27,2025-10-01 08:13:27,0.0,128158.3,420.269,98,98;99;101;110;117;116;115;114;113;112;111;109;108;103;102;100;93;94;95;96;97;98;90;83,0,0
3,HOSTTRANSFER-20251001080631879,FE-H0164,50,2025-10-01 08:06:31.879000,P31,P32,OHT10,2025-10-01 08:06:35.200000,3321,2025-10-01 08:07:49.600000,2025-10-01 08:07:49.600000,2025-10-01 08:07:57.600000,2025-10-01 08:07:57.600000,2025-10-01 08:09:13.200000,2025-10-01 08:09:13.200000,2025-10-01 08:09:21.200000,2025-10-01 08:09:21.200000,31643.0,50454.8,169.321,130;131;125;121;116,116;115;120;124;130;131;125;121;116,1,4000
3,HOSTTRANSFER-20251001080634953,AL-H0001,53,2025-10-01 08:06:34.953000,P14,P01,OHT03,2025-10-01 08:24:46.600000,1091647,2025-10-01 08:52:24.200000,2025-10-01 08:52:24.200000,2025-10-01 08:52:32.200000,2025-10-01 08:52:32.200000,2025-10-01 08:53:46,2025-10-01 08:53:46,2025-10-01 08:53:54,2025-10-01 08:53:54,0.0,52235.4,2839.047,53,53;52;51;50;49;48;46;31;24;25;26;20;16;7,0,0
3,HOSTTRANSFER-20251001080637381,AL-H0080,50,2025-10-01 08:06:37.381000,P11,P21,OHT04,2025-10-01 08:06:40.200000,2819,2025-10-01 08:06:57.600000,2025-10-01 08:06:57.600000,2025-10-01 08:07:05.600000,2025-10-01 08:07:05.600000,2025-10-01 08:07:38.400000,2025-10-01 08:07:38.400000,2025-10-01 08:07:46.400000,2025-10-01 08:07:46.400000,0.0,23176.5,69.019,28,28;29;30;32;34;39;40;45,0,0
3,HOSTTRANSFER-20251001080640955,FE-H0167,50,2025-10-01 08:06:40.955000,P35,P33,OHT20,2025-10-01 08:06:45.200000,4245,2025-10-01 08:08:46.400000,2025-10-01 08:08:46.400000,2025-10-01 08:08:54.400000,2025-10-01 08:08:54.400000,2025-10-01 08:10:48.600000,2025-10-01 08:10:48.600000,2025-10-01 08:10:56.600000,2025-10-01 08:10:56.600000,8027.0,73860.2,255.645,129;130,130;131;125;121;116;115;114;113;112;118;122;127,4,9400
3,HOSTTRANSFER-20251001080643439,FE-H0176,50,2025-10-01 08:06:43.439000,P07,P21,OHT09,2025-10-01 08:06:45.200000,1761,2025-10-01 08:16:35.800000,2025-10-01 08:16:35.800000,2025-10-01 08:16:43.800000,2025-10-01 08:16:43.800000,2025-10-01 08:18:23.400000,2025-10-01 08:18:23.400000,2025-10-01 08:18:31.400000,2025-10-01 08:18:31.400000,15135.5,70492.4,707.961,28;29;22;18;12,12;11;10;9;17;21;28;29;30;32;34;39;40;45,0,0
3,HOSTTRANSFER-20251001080647974,FE-H0178,50,2025-10-01 08:06:47.974000,P33,P34,OHT12,2025-10-01 08:06:50.200000,2226,2025-10-01 08:10:38.400000,2025-10-01 08:10:38.400000,2025-10-01 08:10:46.400000,2025-10-01 08:10:46.400000,2025-10-01 08:10:56.400000,2025-10-01 08:10:56.400000,2025-10-01 08:11:04.400000,2025-10-01 08:11:04.400000,13294.0,6953.8,256.426,113;112;118;122;127,127;128;129,0,0
3,HOSTTRANSFER-20251001080650408,AL-H0040,50,2025-10-01 08:06:50.408000,P05,P02,OHT02,2025-10-01 08:06:55.200000,4792,2025-10-01 08:07:52.600000,2025-10-01 08:07:52.600000,2025-10-01 08:08:00.600000,2025-10-01 08:08:00.600000,2025-10-01 08:08:21.200000,2025-10-01 08:08:21.200000,2025-10-01 08:08:29.200000,2025-10-01 08:08:29.200000,25912.5,14459.2,98.792,28;29;22;18;12;11;10,10;9;8,0,0
3,HOSTTRANSFER-20251001080652353,FE-H0182,80,2025-10-01 08:06:52.353000,P36,P33,OHT12,2025-10-01 08:06:55.200000,2847,2025-10-01 08:22:48.800000,2025-10-01 08:22:48.800000,2025-10-01 08:22:56.800000,2025-10-01 08:22:56.800000,2025-10-01 08:24:30.200000,2025-10-01 08:24:30.200000,2025-10-01 08:24:38.200000,2025-10-01 08:24:38.200000,0.0,60557.2,1065.847,130,130;131;125;121;116;115;114;113;112;118;122;127,4,6800
3,HOSTTRANSFER-20251001080653547,FE-H0185,53,2025-10-01 08:06:53.547000,P33,P29,OHT16,2025-10-01 08:06:55.200000,1653,2025-10-01 08:08:48.600000,2025-10-01 08:08:48.600000,2025-10-01 08:08:56.600000,2025-10-01 08:08:56.600000,2025-10-01 08:09:15.800000,2025-10-01 08:09:15.800000,2025-10-01 08:09:23.800000,2025-10-01 08:09:23.800000,0.0,13191.8,150.253,127,127;128;123;119;113,1,200
3,HOSTTRANSFER-20251001080656462,AL-H0075,50,2025-10-01 08:06:56.462000,P11,P06,OHT11,2025-10-01 08:07:26,29538,2025-10-01 08:08:56.600000,2025-10-01 08:08:56.600000,2025-10-01 08:09:04.600000,2025-10-01 08:09:04.600000,2025-10-01 08:09:33.600000,2025-10-01 08:09:33.600000,2025-10-01 08:09:41.600000,2025-10-01 08:09:41.600000,0.0,20433.5,165.138,28,28;29;22;18;12;11,0,0
3,HOSTTRANSFER-20251001080657838,AL-H0070,50,2025-10-01 08:06:57.838000,P06,P17,OHT04,2025-10-01 08:14:47.600000,469762,2025-10-01 08:25:19.600000,2025-10-01 08:25:19.600000,2025-10-01 08:25:27.600000,2025-10-01 08:25:27.600000,2025-10-01 08:28:23.400000,2025-10-01 08:28:23.400000,2025-10-01 08:28:31.400000,2025-10-01 08:28:31.400000,0.0,117947.6,1293.562,11,11;10;9;17;21;28;29;30;32;34;39;40;43;47;54;53;52;51;50;49;57;61;68;69;70,3,8400
3,HOSTTRANSFER-20251001080659727,AL-H0071,50,2025-10-01 08:06:59.727000,P06,P13,OHT07,2025-10-01 08:07:00.200000,473,2025-10-01 08:17:04.200000,2025-10-01 08:17:04.200000,2025-10-01 08:17:12.200000,2025-10-01 08:17:12.200000,2025-10-01 08:19:30,2025-10-01 08:19:30,2025-10-01 08:19:38,2025-10-01 08:19:38,0.0,97679.6,758.273,11,11;10;9;17;21;28;29;30;32;34;39;40;43;47;54;53;52;51;50,0,0
3,HOSTTRANSFER-20251001080704014,AL-H0070,50,2025-10-01 08:07:04.014000,P17,P05,OHT03,2025-10-01 08:28:35.400000,1291386,2025-10-01 08:57:03.800000,2025-10-01 08:57:03.800000,2025-10-01 08:57:11.800000,2025-10-01 08:57:11.800000,2025-10-01 09:00:37.800000,2025-10-01 09:00:37.800000,2025-10-01 09:00:45.800000,2025-10-01 09:00:45.800000,117641.4,145906.8,3221.786,7;6;15;19;25;26;27;28;29;30;32;34;39;40;43;47;54;53;52;51;50;49;57;61;68;69;70,70;71;72;64;60;53;52;51;50;49;48;46;31;24;25;26;27;28;29;22;18;12;11;10,6,22400
3,HOSTTRANSFER-20251001080704972,FE-H0189,50,2025-10-01 08:07:04.972000,P27,P22,OHT13,2025-10-01 08:07:05.200000,228,2025-10-01 08:10:05.600000,2025-10-01 08:10:05.600000,2025-10-01 08:10:13.600000,2025-10-01 08:10:13.600000,2025-10-01 08:11:20,2025-10-01 08:11:20,2025-10-01 08:11:28,2025-10-01 08:11:28,0.0,46919.2,263.028,97,97;98;90;83;82;81;80,0,0
3,HOSTTRANSFER-20251001080708349,FE-H0145,50,2025-10-01 08:07:08.349000,P35,P30,OHT19,2025-10-01 08:07:10.200000,1851,2025-10-01 08:09:03.800000,2025-10-01 08:09:03.800000,2025-10-01 08:09:11.800000,2025-10-01 08:09:11.800000,2025-10-01 08:10:29.600000,2025-10-01 08:10:29.600000,2025-10-01 08:10:37.600000,2025-10-01 08:10:37.600000,30848.8,55043.2,209.251,116;115;120;124;130,130;131;125;121;116;115;114,0,0
3,HOSTTRANSFER-20251001080709424,AL-H0084,50,2025-10-01 08:07:09.424000,P06,P15,OHT02,2025-10-01 08:07:10.200000,776,2025-10-01 08:10:06.200000,2025-10-01 08:10:06.200000,2025-10-01 08:10:14.200000,2025-10-01 08:10:14.200000,2025-10-01 08:11:55.800000,2025-10-01 08:11:55.800000,2025-10-01 08:12:03.800000,2025-10-01 08:12:03.800000,68553.2,69342.3,294.376,8;7;6;15;19;25;26;27;28;29;22;18;12;11,11;10;9;17;21;28;29;30;32;34;39;40;43;47;54;53,2,3600
3,HOSTTRANSFER-20251001080713012,FE-H0191,80,2025-10-01 08:07:13.012000,P36,P29,OHT15,2025-10-01 08:07:15.200000,2188,2025-10-01 08:09:54.400000,2025-10-01 08:09:54.400000,2025-10-01 08:10:02.400000,2025-10-01 08:10:02.400000,2025-10-01 08:11:09.200000,2025-10-01 08:11:09.200000,2025-10-01 08:11:17.200000,2025-10-01 08:11:17.200000,0.0,47263.2,244.188,130,130;131;125;121;116;115;114;113,0,0
3,HOSTTRANSFER-20251001080720681,AL-H0081,50,2025-10-01 08:07:20.681000,P02,P03,OHT01,2025-10-01 08:07:20.800000,119,2025-10-01 08:09:42,2025-10-01 08:09:42,2025-10-01 08:09:50,2025-10-01 08:09:50,2025-10-01 08:12:22.400000,2025-10-01 08:12:22.400000,2025-10-01 08:12:30.400000,2025-10-01 08:12:30.400000,0.0,88121.4,309.719,8,8;7;6;15;19;25;26;27;28;29;22;18;12;11;10;9,4,27000
3,HOSTTRANSFER-20251001080731135,AL-H0003,53,2025-10-01 08:07:31.135000,P04,P07,OHT09,2025-10-01 08:07:31.200000,65,2025-10-01 08:10:02.600000,2025-10-01 08:10:02.600000,2025-10-01 08:10:10.600000,2025-10-01 08:10:10.600000,2025-10-01 08:11:12.600000,2025-10-01 08:11:12.600000,2025-10-01 08:11:20.600000,2025-10-01 08:11:20.600000,67106.6,43884.4,229.465,45;104;106;107;105;44;41;38;33;4;2;1;3;5;13;12;11;10,10;9;17;21;28;29;22;18;12,1,200
3,HOSTTRANSFER-20251001080734037,FE-H0092,50,2025-10-01 08:07:34.037000,P28,P23,OHT18,2025-10-01 08:07:36.200000,2163,2025-10-01 08:48:51.600000,2025-10-01 08:48:51.600000,2025-10-01 08:48:59.600000,2025-10-01 08:48:59.600000,2025-10-01 08:52:00.400000,2025-10-01 08:52:00.400000,2025-10-01 08:52:08.400000,2025-10-01 08:52:08.400000,0.0,128158.3,2674.363,98,98;99;101;110;117;116;115;114;113;112;111;109;108;103;102;100;93;94;95;96;97;98;90;83,0,0
3,HOSTTRANSFER-20251001080745437,AL-H0077,50,2025-10-01 08:07:45.437000,P12,P06,OHT04,2025-10-01 08:07:45.600000,163,2025-10-01 08:16:48.600000,2025-10-01 08:16:48.600000,2025-10-01 08:16:56.600000,2025-10-01 08:16:56.600000,2025-10-01 08:19:40.400000,2025-10-01 08:19:40.400000,2025-10-01 08:19:48.400000,2025-10-01 08:19:48.400000,16454.5,110868.6,722.963,28;29;30;32;34;39;40;43,43;47;54;53;52;51;50;49;48;46;31;24;25;26;27;28;29;22;18;12;11,2,7000
3,HOSTTRANSFER-20251001080748448,AL-H0054,50,2025-10-01 08:07:48.448000,P14,P15,OHT06,2025-10-01 08:07:50.600000,2152,2025-10-01 08:08:47.600000,2025-10-01 08:08:47.600000,2025-10-01 08:08:55.600000,2025-10-01 08:08:55.600000,2025-10-01 08:10:06.800000,2025-10-01 08:10:06.800000,2025-10-01 08:10:14.800000,2025-10-01 08:10:14.800000,0.0,50366.3,146.352,53,53;52;59;63;71;72;64;60;53,0,0
3,HOSTTRANSFER-20251001080750480,AL-H0088,50,2025-10-01 08:07:50.480000,P03,P07,OHT11,2025-10-01 08:07:50.600000,120,2025-10-01 08:12:40.600000,2025-10-01 08:12:40.600000,2025-10-01 08:12:48.600000,2025-10-01 08:12:48.600000,2025-10-01 08:14:36.200000,2025-10-01 08:14:36.200000,2025-10-01 08:14:44.200000,2025-10-01 08:14:44.200000,0.0,63625.2,413.72,9,9;8;7;6;15;19;25;26;27;28;29;22;18;12,5,16600
3,HOSTTRANSFER-20251001080754955,FE-H0103,70,2025-10-01 08:07:54.955000,P34,P32,OHT14,2025-10-01 08:07:55.600000,645,2025-10-01 08:07:57.800000,2025-10-01 08:07:57.800000,2025-10-01 08:08:05.800000,2025-10-01 08:08:05.800000,2025-10-01 08:09:03,2025-10-01 08:09:03,2025-10-01 08:09:11,2025-10-01 08:09:11,0.0,40303.0,76.045,129,129;130;131;125;121;116,1,200
3,HOSTTRANSFER-20251001080758646,AL-H0090,50,2025-10-01 08:07:58.646000,P06,P13,OHT03,2025-10-01 08:08:00.600000,1954,2025-10-01 08:12:03.800000,2025-10-01 08:12:03.800000,2025-10-01 08:12:11.800000,2025-10-01 08:12:11.800000,2025-10-01 08:14:29.600000,2025-10-01 08:14:29.600000,2025-10-01 08:14:37.600000,2025-10-01 08:14:37.600000,53837.6,97679.6,398.954,45;104;106;107;105;44;41;38;33;4;2;1;3;5;13;12;11,11;10;9;17;21;28;29;30;32;34;39;40;43;47;54;53;52;51;50,0,0
3,HOSTTRANSFER-20251001080802611,FE-H0203,50,2025-10-01 08:08:02.611000,P13,P21,OHT08,2025-10-01 08:08:05.600000,2989,2025-10-01 08:11:24,2025-10-01 08:11:24,2025-10-01 08:11:32,2025-10-01 08:11:32,2025-10-01 08:13:17,2025-10-01 08:13:17,2025-10-01 08:13:25,2025-10-01 08:13:25,14025.0,74404.4,322.389,68;69;62;58;50,50;49;48;46;31;24;25;26;27;28;29;30;32;34;39;40;45,0,0
3,HOSTTRANSFER-20251001080811320,AL-H0026,50,2025-10-01 08:08:11.320000,P17,P15,OHT13,2025-10-01 08:08:11.400000,80,2025-10-01 08:12:04.800000,2025-10-01 08:12:04.800000,2025-10-01 08:12:12.800000,2025-10-01 08:12:12.800000,2025-10-01 08:13:10.200000,2025-10-01 08:13:10.200000,2025-10-01 08:13:18.200000,2025-10-01 08:13:18.200000,25998.4,40429.1,306.88,80;79;78;76;74;67;68;69;70,70;71;72;64;60;53,1,200
3,HOSTTRANSFER-20251001080816960,AL-H0093,50,2025-10-01 08:08:16.960000,P21,P17,OHT05,2025-10-01 08:08:17,40,2025-10-01 08:42:14.400000,2025-10-01 08:42:14.400000,2025-10-01 08:42:22.400000,2025-10-01 08:42:22.400000,2025-10-01 08:45:02,2025-10-01 08:45:02,2025-10-01 08:45:10,2025-10-01 08:45:10,0.0,111423.8,2213.04,45,45;104;106;107;105;44;41;38;33;4;2;1;3;5;14;23;32;34;39;40;43;47;54;53;52;51;50;49;57;61;68;69;70,1,2200
3,HOSTTRANSFER-20251001080826859,AL-H0012,50,2025-10-01 08:08:26.859000,P01,P21,OHT02,2025-10-01 08:17:48.200000,561341,2025-10-01 08:20:28,2025-10-01 08:20:28,2025-10-01 08:20:36,2025-10-01 08:20:36,2025-10-01 08:22:07.600000,2025-10-01 08:22:07.600000,2025-10-01 08:22:15.600000,2025-10-01 08:22:15.600000,0.0,64888.2,828.741,7,7;6;15;19;25;26;27;28;29;30;32;34;39;40;45,0,0
3,HOSTTRANSFER-20251001080830410,FE-H0206,50,2025-10-01 08:08:30.410000,P35,P36,OHT15,2025-10-01 08:08:32.400000,1990,2025-10-01 08:09:19.400000,2025-10-01 08:09:19.400000,2025-10-01 08:09:27.400000,2025-10-01 08:09:27.400000,2025-10-01 08:09:46.400000,2025-10-01 08:09:46.400000,2025-10-01 08:09:54.400000,2025-10-01 08:09:54.400000,30848.8,13303.0,83.99,116;115;120;124;130,130,0,0
3,HOSTTRANSFER-20251001080835551,AL-H0052,50,2025-10-01 08:08:35.551000,P14,P11,OHT04,2025-10-01 08:08:37.400000,1849,2025-10-01 08:09:48.800000,2025-10-01 08:09:48.800000,2025-10-01 08:09:56.800000,2025-10-01 08:09:56.800000,2025-10-01 08:11:31.200000,2025-10-01 08:11:31.200000,2025-10-01 08:11:39.200000,2025-10-01 08:11:39.200000,0.0,66937.1,183.649,53,53;52;51;50;49;48;46;31;24;25;26;27;28,0,0
3,HOSTTRANSFER-20251001080837205,FE-H0209,70,2025-10-01 08:08:37.205000,P30,P34,OHT14,2025-10-01 08:08:37.400000,195,2025-10-01 08:09:43.200000,2025-10-01 08:09:43.200000,2025-10-01 08:09:51.200000,2025-10-01 08:09:51.200000,2025-10-01 08:10:28,2025-10-01 08:10:28,2025-10-01 08:10:36,2025-10-01 08:10:36,22767.2,25770.8,118.795,116;115;114,114;113;112;118;122;127;128;129,1,200
3,HOSTTRANSFER-20251001080842039,AL-H0085,50,2025-10-01 08:08:42.039000,P14,P06,OHT07,2025-10-01 08:08:42.400000,361,2025-10-01 08:10:47.400000,2025-10-01 08:10:47.400000,2025-10-01 08:10:55.400000,2025-10-01 08:10:55.400000,2025-10-01 08:12:58.600000,2025-10-01 08:12:58.600000,2025-10-01 08:13:06.600000,2025-10-01 08:13:06.600000,62883.1,87370.6,264.561,26;27;28;29;30;32;34;39;40;43;47;54;53,53;52;51;50;49;48;46;31;24;25;26;27;28;29;22;18;12;11,0,0
3,HOSTTRANSFER-20251001080848645,FE-H0164,50,2025-10-01 08:08:48.645000,P30,P31,OHT15,2025-10-01 08:09:23.600000,34955,2025-10-01 08:13:50.600000,2025-10-01 08:13:50.600000,2025-10-01 08:13:58.600000,2025-10-01 08:13:58.600000,2025-10-01 08:15:58,2025-10-01 08:15:58,2025-10-01 08:16:06,2025-10-01 08:16:06,0.0,78743.8,437.355,114,114;113;112;118;122;127;128;129;130;131;125;121;116,2,8000
3,HOSTTRANSFER-20251001080853418,FE-H0213,53,2025-10-01 08:08:53.418000,P31,P32,OHT16,2025-10-01 08:08:53.600000,182,2025-10-01 08:12:22.200000,2025-10-01 08:12:22.200000,2025-10-01 08:12:30.200000,2025-10-01 08:12:30.200000,2025-10-01 08:13:41.400000,2025-10-01 08:13:41.400000,2025-10-01 08:13:49.400000,2025-10-01 08:13:49.400000,12670.0,50454.8,295.982,116,116;115;120;124;130;131;125;121;116,0,0
3,HOSTTRANSFER-20251001080855485,FE-H0048,50,2025-10-01 08:08:55.485000,P25,P27,OHT18,2025-10-01 08:08:58.600000,3115,2025-10-01 08:14:33.400000,2025-10-01 08:14:33.400000,2025-10-01 08:14:41.400000,2025-10-01 08:14:41.400000,2025-10-01 08:15:21.600000,2025-10-01 08:15:21.600000,2025-10-01 08:15:29.600000,2025-10-01 08:15:29.600000,0.0,28439.8,394.115,94,94;95;96;97,0,0
3,HOSTTRANSFER-20251001080859449,AL-H0085,50,2025-10-01 08:08:59.449000,P02,P11,OHT09,2025-10-01 08:13:10.400000,250951,2025-10-01 08:14:50,2025-10-01 08:14:50,2025-10-01 08:14:58,2025-10-01 08:14:58,2025-10-01 08:16:06.200000,2025-10-01 08:16:06.200000,2025-10-01 08:16:14.200000,2025-10-01 08:16:14.200000,6669.2,48119.7,434.751,10;9;8,8;7;6;15;19;25;26;27;28,1,200
3,HOSTTRANSFER-20251001080903797,FE-H0056,53,2025-10-01 08:09:03.797000,P23,P27,OHT17,2025-10-01 08:09:03.800000,3,2025-10-01 08:13:27,2025-10-01 08:13:27,2025-10-01 08:13:35,2025-10-01 08:13:35,2025-10-01 08:14:19.200000,2025-10-01 08:14:19.200000,2025-10-01 08:14:27.200000,2025-10-01 08:14:27.200000,0.0,31171.2,323.403,83,83;82;89;97,0,0
3,HOSTTRANSFER-20251001080913508,FE-H0136,83,2025-10-01 08:09:13.508000,P31,P36,OHT10,2025-10-01 08:09:13.600000,92,2025-10-01 08:09:39.200000,2025-10-01 08:09:39.200000,2025-10-01 08:09:47.200000,2025-10-01 08:09:47.200000,2025-10-01 08:10:31.800000,2025-10-01 08:10:31.800000,2025-10-01 08:10:39.800000,2025-10-01 08:10:39.800000,12670.0,31481.8,86.292,116,116;115;120;124;130,0,0
3,HOSTTRANSFER-20251001080915894,AL-H0077,50,2025-10-01 08:09:15.894000,P15,P03,OHT08,2025-10-01 08:19:52.200000,636306,2025-10-01 08:57:20,2025-10-01 08:57:20,2025-10-01 08:57:28,2025-10-01 08:57:28,2025-10-01 09:00:19.200000,2025-10-01 09:00:19.200000,2025-10-01 09:00:27.200000,2025-10-01 09:00:27.200000,62818.5,119566.9,3071.306,45;104;106;107;105;44;41;38;33;4;2;1;3;5;14;23;32;34;39;40;43;47;54;53,53;52;51;50;49;48;46;31;24;25;26;27;28;29;22;18;12;11;10;9,1,2400
3,HOSTTRANSFER-20251001080923766,AL-H0054,50,2025-10-01 08:09:23.766000,P14,P10,OHT13,2025-10-01 08:10:18,54234,2025-10-01 08:15:37.600000,2025-10-01 08:15:37.600000,2025-10-01 08:15:45.600000,2025-10-01 08:15:45.600000,2025-10-01 08:17:02,2025-10-01 08:17:02,2025-10-01 08:17:10,2025-10-01 08:17:10,44371.7,54078.2,466.234,71;72;64;60;53,53;52;51;50;49;48;46;31;24;25;26;27;28,2,15800
3,HOSTTRANSFER-20251001080927963,FE-H0218,50,2025-10-01 08:09:27.963000,P31,P30,OHT10,2025-10-01 08:09:28.600000,637,2025-10-01 08:13:09.800000,2025-10-01 08:13:09.800000,2025-10-01 08:13:17.800000,2025-10-01 08:13:17.800000,2025-10-01 08:13:32.200000,2025-10-01 08:13:32.200000,2025-10-01 08:13:40.200000,2025-10-01 08:13:40.200000,12670.0,10097.2,252.237,116,116;115;114,0,0
3,HOSTTRANSFER-20251001080933888,AL-H0051,50,2025-10-01 08:09:33.888000,P02,P01,OHT01,2025-10-01 08:09:34,112,2025-10-01 08:12:31.200000,2025-10-01 08:12:31.200000,2025-10-01 08:12:39.200000,2025-10-01 08:12:39.200000,2025-10-01 08:12:48.600000,2025-10-01 08:12:48.600000,2025-10-01 08:12:56.600000,2025-10-01 08:12:56.600000,370.0,6408.0,202.712,9;8,8;7,1,200
3,HOSTTRANSFER-20251001080934752,AL-H0090,50,2025-10-01 08:09:34.752000,P13,P06,OHT07,2025-10-01 08:14:37.600000,302848,2025-10-01 08:19:38,2025-10-01 08:19:38,2025-10-01 08:19:46,2025-10-01 08:19:46,2025-10-01 08:21:27.200000,2025-10-01 08:21:27.200000,2025-10-01 08:21:35.200000,2025-10-01 08:21:35.200000,0.0,71661.4,720.448,50,50;49;48;46;31;24;25;26;27;28;29;22;18;12;11,0,0
3,HOSTTRANSFER-20251001080940178,AL-H0076,50,2025-10-01 08:09:40.178000,P02,P03,OHT11,2025-10-01 08:09:40.200000,22,2025-10-01 08:10:10,2025-10-01 08:10:10,2025-10-01 08:10:18,2025-10-01 08:10:18,2025-10-01 08:12:32.600000,2025-10-01 08:12:32.600000,2025-10-01 08:12:40.600000,2025-10-01 08:12:40.600000,19938.2,88121.4,180.422,11;10;9;8,8;7;6;15;19;25;26;27;28;29;22;18;12;11;10;9,3,9400
3,HOSTTRANSFER-20251001080942257,AL-H0077,50,2025-10-01 08:09:42.257000,P03,P13,OHT10,2025-10-01 09:00:27.200000,3044943,2025-10-01 09:00:37.400000,2025-10-01 09:00:37.400000,2025-10-01 09:00:45.400000,2025-10-01 09:00:45.400000,2025-10-01 09:03:17.400000,2025-10-01 09:03:17.400000,2025-10-01 09:03:25.400000,2025-10-01 09:03:25.400000,4140.2,104151.4,3223.143,10;9,9;8;7;6;15;19;25;26;27;28;29;30;32;34;39;40;43;47;54;53;52;51;50,4,8600
3,HOSTTRANSFER-20251001080947505,FE-H0226,50,2025-10-01 08:09:47.505000,P31,P29,OHT16,2025-10-01 08:09:50.200000,2695,2025-10-01 08:14:07.400000,2025-10-01 08:14:07.400000,2025-10-01 08:14:15.400000,2025-10-01 08:14:15.400000,2025-10-01 08:14:37.600000,2025-10-01 08:14:37.600000,2025-10-01 08:14:45.600000,2025-10-01 08:14:45.600000,12670.0,15620.2,298.095,116,116;115;114;113,0,0
3,HOSTTRANSFER-20251001080951405,FE-H0226,50,2025-10-01 08:09:51.405000,P29,P34,OHT12,2025-10-01 08:14:47.600000,296195,2025-10-01 08:16:17.800000,2025-10-01 08:16:17.800000,2025-10-01 08:16:25.800000,2025-10-01 08:16:25.800000,2025-10-01 08:16:54.600000,2025-10-01 08:16:54.600000,2025-10-01 08:17:02.600000,2025-10-01 08:17:02.600000,0.0,20247.8,431.195,113,113;112;118;122;127;128;129,0,0
3,HOSTTRANSFER-20251001080957890,AL-H0095,50,2025-10-01 08:09:57.890000,P06,P04,OHT09,2025-10-01 08:09:58,110,2025-10-01 08:11:28.200000,2025-10-01 08:11:28.200000,2025-10-01 08:11:36.200000,2025-10-01 08:11:36.200000,2025-10-01 08:11:55.200000,2025-10-01 08:11:55.200000,2025-10-01 08:12:03.200000,2025-10-01 08:12:03.200000,5298.0,13269.0,125.31,12;11,11;10,0,0
3,HOSTTRANSFER-20251001081002657,FE-H0211,70,2025-10-01 08:10:02.657000,P35,P34,OHT12,2025-10-01 08:10:03,343,2025-10-01 08:11:16.200000,2025-10-01 08:11:16.200000,2025-10-01 08:11:24.200000,2025-10-01 08:11:24.200000,2025-10-01 08:13:23,2025-10-01 08:13:23,2025-10-01 08:13:31,2025-10-01 08:13:31,8027.0,80814.0,208.343,129;130,130;131;125;121;116;115;114;113;112;118;122;127;128;129,2,4600
3,HOSTTRANSFER-20251001081006909,AL-H0098,50,2025-10-01 08:10:06.909000,P06,P18,OHT02,2025-10-01 08:10:08,1091,2025-10-01 08:23:47.600000,2025-10-01 08:23:47.600000,2025-10-01 08:23:55.600000,2025-10-01 08:23:55.600000,2025-10-01 08:26:43.600000,2025-10-01 08:26:43.600000,2025-10-01 08:26:51.600000,2025-10-01 08:26:51.600000,0.0,118227.6,1004.691,11,11;10;9;17;21;28;29;30;32;34;39;40;43;47;54;53;52;51;50;49;57;61;68;69;70,1,1000
3,HOSTTRANSFER-20251001081012886,FE-H0193,50,2025-10-01 08:10:12.886000,P32,P30,OHT15,2025-10-01 08:10:13,114,2025-10-01 08:13:02,2025-10-01 08:13:02,2025-10-01 08:13:10,2025-10-01 08:13:10,2025-10-01 08:13:42.600000,2025-10-01 08:13:42.600000,2025-10-01 08:13:50.600000,2025-10-01 08:13:50.600000,0.0,22767.2,217.714,116,116;115;114,0,0
3,HOSTTRANSFER-20251001081014814,AL-H0094,50,2025-10-01 08:10:14.814000,P14,P04,OHT14,2025-10-01 08:10:18,3186,2025-10-01 08:22:42.800000,2025-10-01 08:22:42.800000,2025-10-01 08:22:50.800000,2025-10-01 08:22:50.800000,2025-10-01 08:25:12.800000,2025-10-01 08:25:12.800000,2025-10-01 08:25:20.800000,2025-10-01 08:25:20.800000,0.0,100639.6,905.986,53,53;52;51;50;49;48;46;31;24;25;26;27;28;29;22;18;12;11;10,0,0
3,HOSTTRANSFER-20251001081019449,FE-H0096,50,2025-10-01 08:10:19.449000,P29,P30,OHT16,2025-10-01 08:10:23,3551,2025-10-01 08:41:15.200000,2025-10-01 08:41:15.200000,2025-10-01 08:41:23.200000,2025-10-01 08:41:23.200000,2025-10-01 08:43:26,2025-10-01 08:43:26,2025-10-01 08:43:34,2025-10-01 08:43:34,15620.2,83318.0,1994.551,116;115;114;113,113;112;118;122;127;128;129;130;131;125;121;116;115;114,1,4800
3,HOSTTRANSFER-20251001081021109,AL-H0103,50,2025-10-01 08:10:21.109000,P15,P21,OHT05,2025-10-01 08:10:23,1891,2025-10-01 08:39:10,2025-10-01 08:39:10,2025-10-01 08:39:18,2025-10-01 08:39:18,2025-10-01 08:42:06.400000,2025-10-01 08:42:06.400000,2025-10-01 08:42:14.400000,2025-10-01 08:42:14.400000,0.0,102741.7,1913.291,53,53;52;51;50;49;48;46;31;24;25;26;27;28;29;30;32;34;39;40;45,7,21600
3,HOSTTRANSFER-20251001081024727,AL-H0106,53,2025-10-01 08:10:24.727000,P14,P21,OHT08,2025-10-01 08:10:28,3273,2025-10-01 08:38:19.400000,2025-10-01 08:38:19.400000,2025-10-01 08:38:27.400000,2025-10-01 08:38:27.400000,2025-10-01 08:40:34.600000,2025-10-01 08:40:34.600000,2025-10-01 08:40:42.600000,2025-10-01 08:40:42.600000,0.0,90113.6,1817.873,53,53;52;51;50;49;48;46;31;24;25;26;27;28;29;30;32;34;39;40;45,0,0
3,HOSTTRANSFER-20251001081027485,AL-H0084,50,2025-10-01 08:10:27.485000,P09,P01,OHT20,2025-10-01 08:12:07.400000,99915,2025-10-01 08:14:59.800000,2025-10-01 08:14:59.800000,2025-10-01 08:15:07.800000,2025-10-01 08:15:07.800000,2025-10-01 08:16:46.200000,2025-10-01 08:16:46.200000,2025-10-01 08:16:54.200000,2025-10-01 08:16:54.200000,0.0,69710.3,386.715,26,26;27;28;29;22;18;12;11;10;9;8;7,0,0
3,HOSTTRANSFER-20251001081032951,AL-H0034,50,2025-10-01 08:10:32.951000,P01,P04,OHT01,2025-10-01 08:10:33,49,2025-10-01 08:12:56.600000,2025-10-01 08:12:56.600000,2025-10-01 08:13:04.600000,2025-10-01 08:13:04.600000,2025-10-01 08:14:51,2025-10-01 08:14:51,2025-10-01 08:14:59,2025-10-01 08:14:59,0.0,75414.2,266.049,7,7;6;15;19;25;26;27;28;29;22;18;12;11;10,0,0
3,HOSTTRANSFER-20251001081036008,FE-H0235,50,2025-10-01 08:10:36.008000,P24,P25,OHT18,2025-10-01 08:10:38,1992,2025-10-01 08:10:58.200000,2025-10-01 08:10:58.200000,2025-10-01 08:11:06.200000,2025-10-01 08:11:06.200000,2025-10-01 08:12:04.600000,2025-10-01 08:12:04.600000,2025-10-01 08:12:12.600000,2025-10-01 08:12:12.600000,0.0,41254.0,96.592,83,83;82;81;80;79;87;94,0,0
3,HOSTTRANSFER-20251001081039098,AL-H0089,50,2025-10-01 08:10:39.098000,P04,P01,OHT09,2025-10-01 08:10:43,3902,2025-10-01 08:12:03.200000,2025-10-01 08:12:03.200000,2025-10-01 08:12:11.200000,2025-10-01 08:12:11.200000,2025-10-01 08:12:29.800000,2025-10-01 08:12:29.800000,2025-10-01 08:12:37.800000,2025-10-01 08:12:37.800000,0.0,13077.2,118.702,10,10;9;8;7,0,0
3,HOSTTRANSFER-20251001081044323,AL-H0089,50,2025-10-01 08:10:44.323000,P01,P19,OHT20,2025-10-01 08:12:39.600000,115277,2025-10-01 08:16:54.200000,2025-10-01 08:16:54.200000,2025-10-01 08:17:02.200000,2025-10-01 08:17:02.200000,2025-10-01 08:19:23.600000,2025-10-01 08:19:23.600000,2025-10-01 08:19:31.600000,2025-10-01 08:19:31.600000,0.0,100286.9,527.277,7,7;6;15;19;25;26;27;28;29;30;32;34;39;40;43;47;54;53;52;59;63;71,0,0
3,HOSTTRANSFER-20251001081050773,AL-H0104,50,2025-10-01 08:10:50.773000,P21,P14,OHT08,2025-10-01 08:10:53,2227,2025-10-01 08:13:25,2025-10-01 08:13:25,2025-10-01 08:13:33,2025-10-01 08:13:33,2025-10-01 08:15:19.400000,2025-10-01 08:15:19.400000,2025-10-01 08:15:27.400000,2025-10-01 08:15:27.400000,0.0,75446.6,276.627,45,45;104;106;107;105;44;41;38;33;4;2;1;3;5;14;23;32;34;39;40;43;47;54;53,0,0
3,HOSTTRANSFER-20251001081052936,FE-H0240,53,2025-10-01 08:10:52.936000,P23,P31,OHT17,2025-10-01 08:10:53,64,2025-10-01 08:20:59.400000,2025-10-01 08:20:59.400000,2025-10-01 08:21:07.400000,2025-10-01 08:21:07.400000,2025-10-01 08:22:54.200000,2025-10-01 08:22:54.200000,2025-10-01 08:23:02.200000,2025-10-01 08:23:02.200000,0.0,71113.4,729.264,83,83;82;89;97;98;99;101;110;117;116,1,6000
3,HOSTTRANSFER-20251001081059346,AL-H0003,50,2025-10-01 08:10:59.346000,P20,P08,OHT14,2025-10-01 08:11:24,24654,2025-10-01 08:14:06.400000,2025-10-01 08:14:06.400000,2025-10-01 08:14:14.400000,2025-10-01 08:14:14.400000,2025-10-01 08:15:53,2025-10-01 08:15:53,2025-10-01 08:16:01,2025-10-01 08:16:01,12867.9,69854.2,301.654,71,71;72;64;60;53;52;51;50;49;48;46;31;24;25,0,0
3,HOSTTRANSFER-20251001081104371,AL-H0104,50,2025-10-01 08:11:04.371000,P14,P12,OHT09,2025-10-01 08:15:27.400000,263029,2025-10-01 08:38:01.200000,2025-10-01 08:38:01.200000,2025-10-01 08:38:09.200000,2025-10-01 08:38:09.200000,2025-10-01 08:40:06.800000,2025-10-01 08:40:06.800000,2025-10-01 08:40:14.800000,2025-10-01 08:40:14.800000,0.0,83391.6,1750.429,53,53;52;51;50;49;48;46;31;24;25;26;27;28;29;30;32;34;39;40;43,0,0
3,HOSTTRANSFER-20251001081108485,FE-H0245,50,2025-10-01 08:11:08.485000,P26,P27,OHT19,2025-10-01 08:11:09,515,2025-10-01 08:16:03,2025-10-01 08:16:03,2025-10-01 08:16:11,2025-10-01 08:16:11,2025-10-01 08:16:29.400000,2025-10-01 08:16:29.400000,2025-10-01 08:16:37.400000,2025-10-01 08:16:37.400000,18291.2,12880.0,328.915,83;82;89;97,97,1,5200
3,HOSTTRANSFER-20251001081111037,AL-H0109,53,2025-10-01 08:11:11.037000,P14,P19,OHT13,2025-10-01 08:11:14,2963,2025-10-01 08:13:36.200000,2025-10-01 08:13:36.200000,2025-10-01 08:13:44.200000,2025-10-01 08:13:44.200000,2025-10-01 08:14:10.600000,2025-10-01 08:14:10.600000,2025-10-01 08:14:18.600000,2025-10-01 08:14:18.600000,12628.1,18622.7,187.563,53,53;52;59;63;71,0,0
3,HOSTTRANSFER-20251001081114655,FE-H0110,80,2025-10-01 08:11:14.655000,P28,P36,OHT19,2025-10-01 08:11:19,4345,2025-10-01 08:20:24.600000,2025-10-01 08:20:24.600000,2025-10-01 08:20:32.600000,2025-10-01 08:20:32.600000,2025-10-01 08:22:12,2025-10-01 08:22:12,2025-10-01 08:22:20,2025-10-01 08:22:20,0.0,63158.9,665.345,98,98;99;101;110;117;116;115;120;124;130,1,10000
3,HOSTTRANSFER-20251001081116380,FE-H0052,50,2025-10-01 08:11:16.380000,P36,P29,OHT12,2025-10-01 08:11:19,2620,2025-10-01 08:20:11,2025-10-01 08:20:11,2025-10-01 08:20:19,2025-10-01 08:20:19,2025-10-01 08:21:25.800000,2025-10-01 08:21:25.800000,2025-10-01 08:21:33.800000,2025-10-01 08:21:33.800000,0.0,47263.2,617.42,130,130;131;125;121;116;115;114;113,0,0
3,HOSTTRANSFER-20251001081121167,FE-H0001,50,2025-10-01 08:11:21.167000,P26,P25,OHT18,2025-10-01 08:11:24,2833,2025-10-01 08:12:34.800000,2025-10-01 08:12:34.800000,2025-10-01 08:12:42.800000,2025-10-01 08:12:42.800000,2025-10-01 08:14:25.400000,2025-10-01 08:14:25.400000,2025-10-01 08:14:33.400000,2025-10-01 08:14:33.400000,15559.8,72676.2,192.233,94;95;96;97,97;98;90;83;82;81;80;79;87;94,0,0
3,HOSTTRANSFER-20251001081123291,AL-H0019,50,2025-10-01 08:11:23.291000,P02,P06,OHT04,2025-10-01 08:11:24,709,2025-10-01 08:23:26.600000,2025-10-01 08:23:26.600000,2025-10-01 08:23:34.600000,2025-10-01 08:23:34.600000,2025-10-01 08:25:11.600000,2025-10-01 08:25:11.600000,2025-10-01 08:25:19.600000,2025-10-01 08:25:19.600000,370.0,68553.2,836.309,9;8,8;7;6;15;19;25;26;27;28;29;22;18;12;11,1,200
3,HOSTTRANSFER-20251001081124869,FE-H0050,50,2025-10-01 08:11:24.869000,P28,P36,OHT20,2025-10-01 08:11:29,4131,2025-10-01 08:23:53.200000,2025-10-01 08:23:53.200000,2025-10-01 08:24:01.200000,2025-10-01 08:24:01.200000,2025-10-01 08:25:30.400000,2025-10-01 08:25:30.400000,2025-10-01 08:25:38.400000,2025-10-01 08:25:38.400000,8265.1,63158.9,853.531,97;98,98;99;101;110;117;116;115;120;124;130,0,0
3,HOSTTRANSFER-20251001081127807,AL-H0002,50,2025-10-01 08:11:27.807000,P06,P12,OHT04,2025-10-01 08:11:29,1193,2025-10-01 08:12:14,2025-10-01 08:12:14,2025-10-01 08:12:22,2025-10-01 08:12:22,2025-10-01 08:13:47.400000,2025-10-01 08:13:47.400000,2025-10-01 08:13:55.400000,2025-10-01 08:13:55.400000,20433.5,58472.4,147.593,28;29;22;18;12;11,11;10;9;17;21;28;29;30;32;34;39;40;43,2,8200
3,HOSTTRANSFER-20251001081129951,AL-H0103,50,2025-10-01 08:11:29.951000,P17,P21,OHT20,2025-10-01 08:42:14.400000,1844449,2025-10-01 08:56:53.400000,2025-10-01 08:56:53.400000,2025-10-01 08:57:01.400000,2025-10-01 08:57:01.400000,2025-10-01 09:00:27,2025-10-01 09:00:27,2025-10-01 09:00:35,2025-10-01 09:00:35,35977.2,143170.8,2945.049,53;52;51;50;49;57;61;68;69;70,70;71;72;64;60;53;52;51;50;49;48;46;31;24;25;26;27;28;29;30;32;34;39;40;45,2,3600
3,HOSTTRANSFER-20251001081133543,FE-H0023,50,2025-10-01 08:11:33.543000,P27,P26,OHT17,2025-10-01 08:11:34,457,2025-10-01 08:18:11,2025-10-01 08:18:11,2025-10-01 08:18:19,2025-10-01 08:18:19,2025-10-01 08:19:28.600000,2025-10-01 08:19:28.600000,2025-10-01 08:19:36.600000,2025-10-01 08:19:36.600000,12880.0,49196.4,483.057,97,97;98;90;83;82;89;97,0,0
3,HOSTTRANSFER-20251001081136647,AL-H0098,50,2025-10-01 08:11:36.647000,P05,P01,OHT07,2025-10-01 08:26:54.600000,917953,2025-10-01 08:31:51.200000,2025-10-01 08:31:51.200000,2025-10-01 08:31:59.200000,2025-10-01 08:31:59.200000,2025-10-01 08:32:28.800000,2025-10-01 08:32:28.800000,2025-10-01 08:32:36.800000,2025-10-01 08:32:36.800000,0.0,20867.2,1260.153,10,10;9;8;7,0,0
3,HOSTTRANSFER-20251001081139154,AL-H0108,50,2025-10-01 08:11:39.154000,P12,P04,OHT09,2025-10-01 08:11:39.200000,46,2025-10-01 08:44:56.800000,2025-10-01 08:44:56.800000,2025-10-01 08:45:04.800000,2025-10-01 08:45:04.800000,2025-10-01 08:47:59.800000,2025-10-01 08:47:59.800000,2025-10-01 08:48:07.800000,2025-10-01 08:48:07.800000,0.0,124137.6,2188.646,43,43;47;54;53;52;51;50;49;48;46;31;24;25;26;27;28;29;22;18;12;11;10,0,0
3,HOSTTRANSFER-20251001081142931,AL-H0106,50,2025-10-01 08:11:42.931000,P18,P12,OHT11,2025-10-01 08:40:42.600000,1739669,2025-10-01 08:46:41.200000,2025-10-01 08:46:41.200000,2025-10-01 08:46:49.200000,2025-10-01 08:46:49.200000,2025-10-01 08:50:07.400000,2025-10-01 08:50:07.400000,2025-10-01 08:50:15.400000,2025-10-01 08:50:15.400000,20548.0,136168.8,2312.469,50;49;57;61;68;69;70,70;71;72;64;60;53;52;51;50;49;48;46;31;24;25;26;27;28;29;30;32;34;39;40;43,4,5200
3,HOSTTRANSFER-20251001081147243,AL-H0112,53,2025-10-01 08:11:47.243000,P21,P15,OHT05,2025-10-01 08:11:47.400000,157,2025-10-01 08:12:22.200000,2025-10-01 08:12:22.200000,2025-10-01 08:12:30.200000,2025-10-01 08:12:30.200000,2025-10-01 08:13:58.800000,2025-10-01 08:13:58.800000,2025-10-01 08:14:06.800000,2025-10-01 08:14:06.800000,23176.5,62818.5,139.557,28;29;30;32;34;39;40;45,45;104;106;107;105;44;41;38;33;4;2;1;3;5;14;23;32;34;39;40;43;47;54;53,0,0
3,HOSTTRANSFER-20251001081150921,FE-H0234,50,2025-10-01 08:11:50.921000,P34,P29,OHT10,2025-10-01 08:11:52.400000,1479,2025-10-01 08:24:07,2025-10-01 08:24:07,2025-10-01 08:24:15,2025-10-01 08:24:15,2025-10-01 08:25:52,2025-10-01 08:25:52,2025-10-01 08:26:00,2025-10-01 08:26:00,0.0,68593.2,849.079,129,129;130;131;125;121;116;115;114;113,1,200
3,HOSTTRANSFER-20251001081156402,FE-H0256,83,2025-10-01 08:11:56.402000,P33,P36,OHT12,2025-10-01 08:11:57.400000,998,2025-10-01 08:21:52.800000,2025-10-01 08:21:52.800000,2025-10-01 08:22:00.800000,2025-10-01 08:22:00.800000,2025-10-01 08:22:40.800000,2025-10-01 08:22:40.800000,2025-10-01 08:22:48.800000,2025-10-01 08:22:48.800000,13294.0,28283.8,652.398,113;112;118;122;127,127;128;129;130,0,0
3,HOSTTRANSFER-20251001081159330,FE-H0257,50,2025-10-01 08:11:59.330000,P35,P32,OHT15,2025-10-01 08:12:02.400000,3070,2025-10-01 08:16:31.800000,2025-10-01 08:16:31.800000,2025-10-01 08:16:39.800000,2025-10-01 08:16:39.800000,2025-10-01 08:17:25.400000,2025-10-01 08:17:25.400000,2025-10-01 08:17:33.400000,2025-10-01 08:17:33.400000,18178.8,32276.0,334.07,116;115;120;124;130,130;131;125;121;116,0,0
3,HOSTTRANSFER-20251001081202249,FE-H0259,50,2025-10-01 08:12:02.249000,P20,P21,OHT06,2025-10-01 08:12:02.400000,151,2025-10-01 08:24:06,2025-10-01 08:24:06,2025-10-01 08:24:14,2025-10-01 08:24:14,2025-10-01 08:27:19.600000,2025-10-01 08:27:19.600000,2025-10-01 08:27:27.600000,2025-10-01 08:27:27.600000,0.0,121617.4,925.351,71,71;72;64;60;53;52;51;50;49;48;46;31;24;25;26;27;28;29;30;32;34;39;40;45,2,13600
3,HOSTTRANSFER-20251001081203065,AL-H0033,53,2025-10-01 08:12:03.065000,P04,P21,OHT01,2025-10-01 08:12:07.400000,4335,2025-10-01 08:14:59,2025-10-01 08:14:59,2025-10-01 08:15:07,2025-10-01 08:15:07,2025-10-01 08:16:20.400000,2025-10-01 08:16:20.400000,2025-10-01 08:16:28.400000,2025-10-01 08:16:28.400000,0.0,51925.4,265.335,10,10;9;17;21;28;29;30;32;34;39;40;45,0,0
3,HOSTTRANSFER-20251001081204214,FE-H0260,80,2025-10-01 08:12:04.214000,P21,P32,OHT13,2025-10-01 08:12:07.400000,3186,2025-10-01 08:21:06.200000,2025-10-01 08:21:06.200000,2025-10-01 08:21:14.200000,2025-10-01 08:21:14.200000,2025-10-01 08:23:06.600000,2025-10-01 08:23:06.600000,2025-10-01 08:23:14.600000,2025-10-01 08:23:14.600000,0.0,79669.6,670.386,45,45;104;106;107;105;44;41;38;33;4;2;1;3;5;14;23;32;34;39;40;43;47;56;66;75;77;86;92;101;110;117;116,0,0
3,HOSTTRANSFER-20251001081206284,AL-H0035,50,2025-10-01 08:12:06.284000,P11,P04,OHT09,2025-10-01 08:12:07.400000,1116,2025-10-01 08:13:36.800000,2025-10-01 08:13:36.800000,2025-10-01 08:13:44.800000,2025-10-01 08:13:44.800000,2025-10-01 08:14:32.400000,2025-10-01 08:14:32.400000,2025-10-01 08:14:40.400000,2025-10-01 08:14:40.400000,41711.7,33702.5,154.116,7;6;15;19;25;26;27;28,28;29;22;18;12;11;10,0,0
3,HOSTTRANSFER-20251001081207977,AL-H0102,50,2025-10-01 08:12:07.977000,P06,P21,OHT03,2025-10-01 08:12:12.400000,4423,2025-10-01 08:17:31.800000,2025-10-01 08:17:31.800000,2025-10-01 08:17:39.800000,2025-10-01 08:17:39.800000,2025-10-01 08:19:11.800000,2025-10-01 08:19:11.800000,2025-10-01 08:19:19.800000,2025-10-01 08:19:19.800000,0.0,65194.4,431.823,11,11;10;9;17;21;28;29;30;32;34;39;40;45,0,0
3,HOSTTRANSFER-20251001081209083,FE-H0262,50,2025-10-01 08:12:09.083000,P33,P36,OHT16,2025-10-01 08:12:12.400000,3317,2025-10-01 08:15:04.600000,2025-10-01 08:15:04.600000,2025-10-01 08:15:12.600000,2025-10-01 08:15:12.600000,2025-10-01 08:15:52.600000,2025-10-01 08:15:52.600000,2025-10-01 08:16:00.600000,2025-10-01 08:16:00.600000,13294.0,28283.8,231.517,113;112;118;122;127,127;128;129;130,0,0
3,HOSTTRANSFER-20251001081213165,FE-H0182,50,2025-10-01 08:12:13.165000,P33,P31,OHT10,2025-10-01 08:24:41.600000,748435,2025-10-01 08:33:35,2025-10-01 08:33:35,2025-10-01 08:33:43,2025-10-01 08:33:43,2025-10-01 08:35:07.600000,2025-10-01 08:35:07.600000,2025-10-01 08:35:15.600000,2025-10-01 08:35:15.600000,18817.0,59926.8,1382.435,114;113;112;118;122;127,127;128;129;130;131;125;121;116,2,5600
3,HOSTTRANSFER-20251001081214394,AL-H0055,53,2025-10-01 08:12:14.394000,P04,P06,OHT03,2025-10-01 08:17:33.200000,318806,2025-10-01 08:21:10.600000,2025-10-01 08:21:10.600000,2025-10-01 08:21:18.600000,2025-10-01 08:21:18.600000,2025-10-01 08:22:39.800000,2025-10-01 08:22:39.800000,2025-10-01 08:22:47.800000,2025-10-01 08:22:47.800000,0.0,49182.4,633.406,10,10;9;17;21;28;29;22;18;12;11,3,11000
3,HOSTTRANSFER-20251001081216718,AL-H0061,50,2025-10-01 08:12:16.718000,P08,P02,OHT14,2025-10-01 08:13:52.600000,95882,2025-10-01 08:16:01,2025-10-01 08:16:01,2025-10-01 08:16:09,2025-10-01 08:16:09,2025-10-01 08:17:46.400000,2025-10-01 08:17:46.400000,2025-10-01 08:17:54.400000,2025-10-01 08:17:54.400000,0.0,68958.4,337.682,25,25;26;27;28;29;22;18;12;11;10;9;8,0,0
3,HOSTTRANSFER-20251001081219447,FE-H0263,50,2025-10-01 08:12:19.447000,P16,P21,OHT11,2025-10-01 08:12:19.600000,153,2025-10-01 08:21:33.400000,2025-10-01 08:21:33.400000,2025-10-01 08:21:41.400000,2025-10-01 08:21:41.400000,2025-10-01 08:23:46.200000,2025-10-01 08:23:46.200000,2025-10-01 08:23:54.200000,2025-10-01 08:23:54.200000,0.0,88429.4,694.753,68,68;69;62;58;50;49;48;46;31;24;25;26;27;28;29;30;32;34;39;40;45,0,0
3,HOSTTRANSFER-20251001081220251,FE-H0264,52,2025-10-01 08:12:20.251000,P15,P21,OHT02,2025-10-01 08:12:24.600000,4349,2025-10-01 08:41:09,2025-10-01 08:41:09,2025-10-01 08:41:17,2025-10-01 08:41:17,2025-10-01 08:43:58.400000,2025-10-01 08:43:58.400000,2025-10-01 08:44:06.400000,2025-10-01 08:44:06.400000,50255.0,102741.7,1906.149,26;27;28;29;30;32;34;39;40;43;47;54;53,53;52;51;50;49;48;46;31;24;25;26;27;28;29;30;32;34;39;40;45,3,15800
3,HOSTTRANSFER-20251001081223251,FE-H0250,50,2025-10-01 08:12:23.251000,P24,P27,OHT18,2025-10-01 08:12:24.600000,1349,2025-10-01 08:16:12,2025-10-01 08:16:12,2025-10-01 08:16:20,2025-10-01 08:16:20,2025-10-01 08:17:21.600000,2025-10-01 08:17:21.600000,2025-10-01 08:17:29.600000,2025-10-01 08:17:29.600000,0.0,43534.2,306.349,83,83;82;89;97,0,0
3,HOSTTRANSFER-20251001081227834,AL-H0105,50,2025-10-01 08:12:27.834000,P05,P06,OHT07,2025-10-01 08:12:29.600000,1766,2025-10-01 08:13:14.600000,2025-10-01 08:13:14.600000,2025-10-01 08:13:22.600000,2025-10-01 08:13:22.600000,2025-10-01 08:15:02,2025-10-01 08:15:02,2025-10-01 08:15:10,2025-10-01 08:15:10,5479.0,56972.4,162.166,11;10,10;9;17;21;28;29;22;18;12;11,5,17600
3,HOSTTRANSFER-20251001081229050,FE-H0267,70,2025-10-01 08:12:29.050000,P34,P26,OHT12,2025-10-01 08:12:29.600000,550,2025-10-01 08:53:56.200000,2025-10-01 08:53:56.200000,2025-10-01 08:54:04.200000,2025-10-01 08:54:04.200000,2025-10-01 08:56:33.400000,2025-10-01 08:56:33.400000,2025-10-01 08:56:41.400000,2025-10-01 08:56:41.400000,67511.0,105669.0,2652.35,130;131;125;121;116;115;114;113;112;118;122;127;128;129,129;130;131;125;121;116;115;114;113;112;111;109;108;103;102;100;93;94;95;96;97,2,11600
3,HOSTTRANSFER-20251001081232161,AL-H0118,53,2025-10-01 08:12:32.161000,P04,P15,OHT14,2025-10-01 08:12:34.600000,2439,2025-10-01 08:20:33.600000,2025-10-01 08:20:33.600000,2025-10-01 08:20:41.600000,2025-10-01 08:20:41.600000,2025-10-01 08:22:00.800000,2025-10-01 08:22:00.800000,2025-10-01 08:22:08.800000,2025-10-01 08:22:08.800000,56633.1,56073.3,576.639,26;27;28;29;22;18;12;11;10,10;9;17;21;28;29;30;32;34;39;40;43;47;54;53,2,26800
3,HOSTTRANSFER-20251001081234934,FE-H0253,50,2025-10-01 08:12:34.934000,P27,P26,OHT17,2025-10-01 08:12:39.600000,4666,2025-10-01 08:14:27.200000,2025-10-01 08:14:27.200000,2025-10-01 08:14:35.200000,2025-10-01 08:14:35.200000,2025-10-01 08:15:44.800000,2025-10-01 08:15:44.800000,2025-10-01 08:15:52.800000,2025-10-01 08:15:52.800000,0.0,49196.4,197.866,97,97;98;90;83;82;89;97,0,0
3,HOSTTRANSFER-20251001081237955,AL-H0045,50,2025-10-01 08:12:37.955000,P15,P18,OHT05,2025-10-01 08:12:39.600000,1645,2025-10-01 08:14:06.800000,2025-10-01 08:14:06.800000,2025-10-01 08:14:14.800000,2025-10-01 08:14:14.800000,2025-10-01 08:15:23.800000,2025-10-01 08:15:23.800000,2025-10-01 08:15:31.800000,2025-10-01 08:15:31.800000,0.0,48885.3,173.845,53,53;52;51;50;49;57;61;68;69;70,0,0
3,HOSTTRANSFER-20251001081239205,FE-H0273,50,2025-10-01 08:12:39.205000,P14,P21,OHT08,2025-10-01 08:12:39.600000,395,2025-10-01 08:15:27.400000,2025-10-01 08:15:27.400000,2025-10-01 08:15:35.400000,2025-10-01 08:15:35.400000,2025-10-01 08:17:42.600000,2025-10-01 08:17:42.600000,2025-10-01 08:17:50.600000,2025-10-01 08:17:50.600000,0.0,90113.6,311.395,53,53;52;51;50;49;48;46;31;24;25;26;27;28;29;30;32;34;39;40;45,0,0
3,HOSTTRANSFER-20251001081243273,FE-H0218,50,2025-10-01 08:12:43.273000,P30,P31,OHT10,2025-10-01 08:13:42.600000,59327,2025-10-01 08:20:24.800000,2025-10-01 08:20:24.800000,2025-10-01 08:20:32.800000,2025-10-01 08:20:32.800000,2025-10-01 08:22:36,2025-10-01 08:22:36,2025-10-01 08:22:44,2025-10-01 08:22:44,10097.2,78743.8,600.727,116;115;114,114;113;112;118;122;127;128;129;130;131;125;121;116,4,11400
3,HOSTTRANSFER-20251001081249757,FE-H0242,80,2025-10-01 08:12:49.757000,P36,P32,OHT16,2025-10-01 08:12:49.800000,43,2025-10-01 08:16:00.600000,2025-10-01 08:16:00.600000,2025-10-01 08:16:08.600000,2025-10-01 08:16:08.600000,2025-10-01 08:16:35.600000,2025-10-01 08:16:35.600000,2025-10-01 08:16:43.600000,2025-10-01 08:16:43.600000,0.0,18973.0,233.843,130,130;131;125;121;116,0,0
3,HOSTTRANSFER-20251001081251950,AL-H0104,50,2025-10-01 08:12:51.950000,P19,P16,OHT05,2025-10-01 08:40:14.800000,1642850,2025-10-01 08:45:22.600000,2025-10-01 08:45:22.600000,2025-10-01 08:45:30.600000,2025-10-01 08:45:30.600000,2025-10-01 08:47:19.800000,2025-10-01 08:47:19.800000,2025-10-01 08:47:27.800000,2025-10-01 08:47:27.800000,8685.5,73345.9,2075.85,70;71,71;72;64;60;53;52;51;50;49;57;61;68,3,5400
3,HOSTTRANSFER-20251001081253798,AL-H0070,53,2025-10-01 08:12:53.798000,P21,P19,OHT06,2025-10-01 09:00:45.800000,2872002,2025-10-01 09:00:53.200000,2025-10-01 09:00:53.200000,2025-10-01 09:01:01.200000,2025-10-01 09:01:01.200000,2025-10-01 09:03:14,2025-10-01 09:03:14,2025-10-01 09:03:22,2025-10-01 09:03:22,0.0,94069.3,3028.202,45,45;104;106;107;105;44;41;38;33;4;2;1;3;5;14;23;32;34;39;40;43;47;54;53;52;59;63;71,0,0
3,HOSTTRANSFER-20251001081255278,FE-H0205,50,2025-10-01 08:12:55.278000,P33,P31,OHT10,2025-10-01 08:12:55.400000,122,2025-10-01 08:14:07.200000,2025-10-01 08:14:07.200000,2025-10-01 08:14:15.200000,2025-10-01 08:14:15.200000,2025-10-01 08:15:39.800000,2025-10-01 08:15:39.800000,2025-10-01 08:15:47.800000,2025-10-01 08:15:47.800000,18817.0,59926.8,172.522,114;113;112;118;122;127,127;128;129;130;131;125;121;116,1,200
3,HOSTTRANSFER-20251001081256042,AL-H0119,50,2025-10-01 08:12:56.042000,P21,P14,OHT01,2025-10-01 08:13:00.400000,4358,2025-10-01 08:16:28.400000,2025-10-01 08:16:28.400000,2025-10-01 08:16:36.400000,2025-10-01 08:16:36.400000,2025-10-01 08:18:22.800000,2025-10-01 08:18:22.800000,2025-10-01 08:18:30.800000,2025-10-01 08:18:30.800000,0.0,75446.6,334.758,45,45;104;106;107;105;44;41;38;33;4;2;1;3;5;14;23;32;34;39;40;43;47;54;53,0,0
3,HOSTTRANSFER-20251001081259223,FE-H0276,50,2025-10-01 08:12:59.223000,P32,P36,OHT15,2025-10-01 08:13:00.400000,1177,2025-10-01 08:17:33.400000,2025-10-01 08:17:33.400000,2025-10-01 08:17:41.400000,2025-10-01 08:17:41.400000,2025-10-01 08:18:43.800000,2025-10-01 08:18:43.800000,2025-10-01 08:18:51.800000,2025-10-01 08:18:51.800000,0.0,44151.8,352.577,116,116;115;120;124;130,0,0
3,HOSTTRANSFER-20251001081301092,AL-H0083,50,2025-10-01 08:13:01.092000,P15,P11,OHT04,2025-10-01 08:13:05.400000,4308,2025-10-01 08:14:17,2025-10-01 08:14:17,2025-10-01 08:14:25,2025-10-01 08:14:25,2025-10-01 08:16:17.200000,2025-10-01 08:16:17.200000,2025-10-01 08:16:25.200000,2025-10-01 08:16:25.200000,10869.9,79565.2,204.108,43;47;54;53,53;52;51;50;49;48;46;31;24;25;26;27;28,1,5800
3,HOSTTRANSFER-20251001081304325,AL-H0089,50,2025-10-01 08:13:04.325000,P15,P19,OHT08,2025-10-01 08:19:36,391675,2025-10-01 08:21:20.600000,2025-10-01 08:21:20.600000,2025-10-01 08:21:28.600000,2025-10-01 08:21:28.600000,2025-10-01 08:22:12.800000,2025-10-01 08:22:12.800000,2025-10-01 08:22:20.800000,2025-10-01 08:22:20.800000,0.0,31250.8,556.475,53,53;52;59;63;71,0,0
3,HOSTTRANSFER-20251001081306887,FE-H0225,50,2025-10-01 08:13:06.887000,P34,P30,OHT19,2025-10-01 08:13:10.400000,3513,2025-10-01 08:58:52.200000,2025-10-01 08:58:52.200000,2025-10-01 08:59:00.200000,2025-10-01 08:59:00.200000,2025-10-01 09:00:29.400000,2025-10-01 09:00:29.400000,2025-10-01 09:00:37.400000,2025-10-01 09:00:37.400000,35868.0,63070.2,2850.513,116;115;114;113;112;118;122;127;128;129,129;130;131;125;121;116;115;114,1,200
3,HOSTTRANSFER-20251001081309149,AL-H0112,50,2025-10-01 08:13:09.149000,P14,P15,OHT05,2025-10-01 08:14:07.600000,58451,2025-10-01 08:16:46.600000,2025-10-01 08:16:46.600000,2025-10-01 08:16:54.600000,2025-10-01 08:16:54.600000,2025-10-01 08:18:09,2025-10-01 08:18:09,2025-10-01 08:18:17,2025-10-01 08:18:17,52777.2,50366.3,307.851,70;71;72;64;60;53,53;52;59;63;71;72;64;60;53,2,3200
3,HOSTTRANSFER-20251001081310818,AL-H0105,50,2025-10-01 08:13:10.818000,P06,P04,OHT04,2025-10-01 08:15:10,119182,2025-10-01 08:19:48.400000,2025-10-01 08:19:48.400000,2025-10-01 08:19:56.400000,2025-10-01 08:19:56.400000,2025-10-01 08:20:15.400000,2025-10-01 08:20:15.400000,2025-10-01 08:20:23.400000,2025-10-01 08:20:23.400000,0.0,13269.0,432.582,11,11;10,0,0
3,HOSTTRANSFER-20251001081312464,AL-H0114,50,2025-10-01 08:13:12.464000,P15,P21,OHT13,2025-10-01 08:13:15.400000,2936,2025-10-01 08:18:19.200000,2025-10-01 08:18:19.200000,2025-10-01 08:18:27.200000,2025-10-01 08:18:27.200000,2025-10-01 08:20:58.200000,2025-10-01 08:20:58.200000,2025-10-01 08:21:06.200000,2025-10-01 08:21:06.200000,40183.3,102741.7,473.736,28;29;30;32;34;39;40;43;47;54;53,53;52;51;50;49;48;46;31;24;25;26;27;28;29;30;32;34;39;40;45,4,17600
3,HOSTTRANSFER-20251001081313810,AL-H0013,50,2025-10-01 08:13:13.810000,P21,P12,OHT08,2025-10-01 08:13:15.400000,1590,2025-10-01 08:17:50.600000,2025-10-01 08:17:50.600000,2025-10-01 08:17:58.600000,2025-10-01 08:17:58.600000,2025-10-01 08:19:12,2025-10-01 08:19:12,2025-10-01 08:19:20,2025-10-01 08:19:20,0.0,51948.6,366.19,45,45;104;106;107;105;44;41;38;33;4;2;1;3;5;14;23;32;34;39;40;43,0,0
3,HOSTTRANSFER-20251001081315987,AL-H0105,50,2025-10-01 08:13:15.987000,P04,P21,OHT05,2025-10-01 08:20:25.400000,429413,2025-10-01 08:34:14.800000,2025-10-01 08:34:14.800000,2025-10-01 08:34:22.800000,2025-10-01 08:34:22.800000,2025-10-01 08:35:36.200000,2025-10-01 08:35:36.200000,2025-10-01 08:35:44.200000,2025-10-01 08:35:44.200000,0.0,51925.4,1348.213,10,10;9;17;21;28;29;30;32;34;39;40;45,0,0
3,HOSTTRANSFER-20251001081318285,AL-H0019,50,2025-10-01 08:13:18.285000,P02,P05,OHT07,2025-10-01 08:25:19.600000,721315,2025-10-01 08:29:50.600000,2025-10-01 08:29:50.600000,2025-10-01 08:29:58.600000,2025-10-01 08:29:58.600000,2025-10-01 08:31:43.200000,2025-10-01 08:31:43.200000,2025-10-01 08:31:51.200000,2025-10-01 08:31:51.200000,6669.2,74032.2,1112.915,10;9;8,8;7;6;15;19;25;26;27;28;29;22;18;12;11;10,1,200
3,HOSTTRANSFER-20251001081321467,AL-H0118,50,2025-10-01 08:13:21.467000,P14,P21,OHT02,2025-10-01 08:22:10.600000,529133,2025-10-01 08:56:29.200000,2025-10-01 08:56:29.200000,2025-10-01 08:56:37.200000,2025-10-01 08:56:37.200000,2025-10-01 08:58:44.400000,2025-10-01 08:58:44.400000,2025-10-01 08:58:52.400000,2025-10-01 08:58:52.400000,0.0,90113.6,2730.933,53,53;52;51;50;49;48;46;31;24;25;26;27;28;29;30;32;34;39;40;45,0,0
3,HOSTTRANSFER-20251001081324534,FE-H0282,70,2025-10-01 08:13:24.534000,P34,P31,OHT12,2025-10-01 08:13:24.600000,66,2025-10-01 08:13:31,2025-10-01 08:13:31,2025-10-01 08:13:39,2025-10-01 08:13:39,2025-10-01 08:14:54,2025-10-01 08:14:54,2025-10-01 08:15:02,2025-10-01 08:15:02,0.0,52973.0,97.466,129,129;130;131;125;121;116,1,200
3,HOSTTRANSFER-20251001081327321,FE-H0284,50,2025-10-01 08:13:27.321000,P33,P31,OHT16,2025-10-01 08:13:29.600000,2279,2025-10-01 08:27:53,2025-10-01 08:27:53,2025-10-01 08:28:01,2025-10-01 08:28:01,2025-10-01 08:29:35.200000,2025-10-01 08:29:35.200000,2025-10-01 08:29:43.200000,2025-10-01 08:29:43.200000,0.0,59926.8,975.879,127,127;128;129;130;131;125;121;116,1,9200
3,HOSTTRANSFER-20251001081329576,AL-H0124,53,2025-10-01 08:13:29.576000,P21,P04,OHT03,2025-10-01 08:13:29.600000,24,2025-10-01 08:19:19.800000,2025-10-01 08:19:19.800000,2025-10-01 08:19:27.800000,2025-10-01 08:19:27.800000,2025-10-01 08:21:02.600000,2025-10-01 08:21:02.600000,2025-10-01 08:21:10.600000,2025-10-01 08:21:10.600000,0.0,67106.6,461.024,45,45;104;106;107;105;44;41;38;33;4;2;1;3;5;13;12;11;10,0,0
3,HOSTTRANSFER-20251001081331514,AL-H0104,50,2025-10-01 08:13:31.514000,P16,P20,OHT20,2025-10-01 08:47:27.800000,2036286,2025-10-01 08:49:29.400000,2025-10-01 08:49:29.400000,2025-10-01 08:49:37.400000,2025-10-01 08:49:37.400000,2025-10-01 08:50:17.800000,2025-10-01 08:50:17.800000,2025-10-01 08:50:25.800000,2025-10-01 08:50:25.800000,43936.6,28556.4,2214.286,116;115;114;113;112;111;109;108;103;102;100;91;85;76;74;67;68,68;69;70;71,2,7600
3,HOSTTRANSFER-20251001081334477,AL-H0112,53,2025-10-01 08:13:34.477000,P14,P15,OHT01,2025-10-01 08:18:18.200000,283723,2025-10-01 08:18:30.800000,2025-10-01 08:18:30.800000,2025-10-01 08:18:38.800000,2025-10-01 08:18:38.800000,2025-10-01 08:19:50,2025-10-01 08:19:50,2025-10-01 08:19:58,2025-10-01 08:19:58,0.0,50366.3,383.523,53,53;52;59;63;71;72;64;60;53,0,0
3,HOSTTRANSFER-20251001081337545,AL-H0126,53,2025-10-01 08:13:37.545000,P21,P12,OHT09,2025-10-01 08:13:37.600000,55,2025-10-01 08:18:31.400000,2025-10-01 08:18:31.400000,2025-10-01 08:18:39.400000,2025-10-01 08:18:39.400000,2025-10-01 08:19:52.800000,2025-10-01 08:19:52.800000,2025-10-01 08:20:00.800000,2025-10-01 08:20:00.800000,0.0,51948.6,383.255,45,45;104;106;107;105;44;41;38;33;4;2;1;3;5;14;23;32;34;39;40;43,0,0
3,HOSTTRANSFER-20251001081338773,FE-H0291,90,2025-10-01 08:13:38.773000,P34,P32,OHT15,2025-10-01 08:13:38.800000,27,2025-10-01 08:23:45.200000,2025-10-01 08:23:45.200000,2025-10-01 08:23:53.200000,2025-10-01 08:23:53.200000,2025-10-01 08:24:50.400000,2025-10-01 08:24:50.400000,2025-10-01 08:24:58.400000,2025-10-01 08:24:58.400000,0.0,40303.0,679.627,129,129;130;131;125;121;116,1,200
3,HOSTTRANSFER-20251001081341226,AL-H0067,50,2025-10-01 08:13:41.226000,P02,P01,OHT02,2025-10-01 08:13:42.600000,1374,2025-10-01 08:15:18.600000,2025-10-01 08:15:18.600000,2025-10-01 08:15:26.600000,2025-10-01 08:15:26.600000,2025-10-01 08:15:36,2025-10-01 08:15:36,2025-10-01 08:15:44,2025-10-01 08:15:44,19938.2,6408.0,122.774,11;10;9;8,8;7,2,4200
3,HOSTTRANSFER-20251001081342173,AL-H0114,50,2025-10-01 08:13:42.173000,P15,P14,OHT14,2025-10-01 08:21:08.400000,446227,2025-10-01 08:22:08.800000,2025-10-01 08:22:08.800000,2025-10-01 08:22:16.800000,2025-10-01 08:22:16.800000,2025-10-01 08:22:34.800000,2025-10-01 08:22:34.800000,2025-10-01 08:22:42.800000,2025-10-01 08:22:42.800000,0.0,12628.1,540.627,53,53,0,0
3,HOSTTRANSFER-20251001081343400,FE-H0297,50,2025-10-01 08:13:43.400000,P36,P21,OHT19,2025-10-01 08:13:47.600000,4200,2025-10-01 08:40:17.200000,2025-10-01 08:40:17.200000,2025-10-01 08:40:25.200000,2025-10-01 08:40:25.200000,2025-10-01 08:43:40.200000,2025-10-01 08:43:40.200000,2025-10-01 08:43:48.200000,2025-10-01 08:43:48.200000,13303.0,138278.0,1804.8,130,130;131;125;121;116;115;114;113;112;111;109;108;103;102;100;91;85;76;74;65;55;46;31;24;25;26;27;28;29;30;32;34;39;40;45,0,0
3,HOSTTRANSFER-20251001081345035,FE-H0300,50,2025-10-01 08:13:45.035000,P14,P21,OHT01,2025-10-01 08:13:47.600000,2565,2025-10-01 08:20:16,2025-10-01 08:20:16,2025-10-01 08:20:24,2025-10-01 08:20:24,2025-10-01 08:22:45.600000,2025-10-01 08:22:45.600000,2025-10-01 08:22:53.600000,2025-10-01 08:22:53.600000,12628.1,90113.6,548.565,53,53;52;51;50;49;48;46;31;24;25;26;27;28;29;30;32;34;39;40;45,4,13200
3,HOSTTRANSFER-20251001081346065,FE-H0294,90,2025-10-01 08:13:46.065000,P34,P33,OHT17,2025-10-01 08:13:46.200000,135,2025-10-01 08:39:58.600000,2025-10-01 08:39:58.600000,2025-10-01 08:40:06.600000,2025-10-01 08:40:06.600000,2025-10-01 08:42:20.800000,2025-10-01 08:42:20.800000,2025-10-01 08:42:28.800000,2025-10-01 08:42:28.800000,6953.8,81887.2,1722.735,127;128;129,129;130;131;125;121;116;115;114;113;112;118;122;127,6,17400
3,HOSTTRANSFER-20251001081350803,AL-H0001,50,2025-10-01 08:13:50.803000,P16,P06,OHT12,2025-10-01 08:53:54,2403197,2025-10-01 08:58:32.600000,2025-10-01 08:58:32.600000,2025-10-01 08:58:40.600000,2025-10-01 08:58:40.600000,2025-10-01 09:00:46,2025-10-01 09:00:46,2025-10-01 09:00:54,2025-10-01 09:00:54,78794.6,85686.4,2823.197,97;98;90;83;82;81;80;79;78;76;74;67;68,68;69;62;58;50;49;48;46;31;24;25;26;27;28;29;22;18;12;11,3,3800
3,HOSTTRANSFER-20251001081352241,FE-H0046,50,2025-10-01 08:13:52.241000,P36,P34,OHT15,2025-10-01 08:13:52.600000,359,2025-10-01 08:18:51.800000,2025-10-01 08:18:51.800000,2025-10-01 08:18:59.800000,2025-10-01 08:18:59.800000,2025-10-01 08:20:59.400000,2025-10-01 08:20:59.400000,2025-10-01 08:21:07.400000,2025-10-01 08:21:07.400000,0.0,67511.0,435.159,130,130;131;125;121;116;115;114;113;112;118;122;127;128;129,3,23600
3,HOSTTRANSFER-20251001081355364,AL-H0055,50,2025-10-01 08:13:55.364000,P06,P16,OHT17,2025-10-01 08:22:50.800000,535436,2025-10-01 08:55:57.600000,2025-10-01 08:55:57.600000,2025-10-01 08:56:05.600000,2025-10-01 08:56:05.600000,2025-10-01 08:58:43,2025-10-01 08:58:43,2025-10-01 08:58:51,2025-10-01 08:58:51,0.0,110944.6,2695.636,11,11;10;9;17;21;28;29;30;32;34;39;40;43;47;54;53;52;51;50;49;57;61;68,1,800
3,HOSTTRANSFER-20251001081356446,FE-H0018,50,2025-10-01 08:13:56.446000,P31,P23,OHT18,2025-10-01 08:13:57.600000,1154,2025-10-01 08:26:15.800000,2025-10-01 08:26:15.800000,2025-10-01 08:26:23.800000,2025-10-01 08:26:23.800000,2025-10-01 08:28:40,2025-10-01 08:28:40,2025-10-01 08:28:48,2025-10-01 08:28:48,12670.0,96481.2,891.554,116,116;115;114;113;112;111;109;108;103;102;100;93;94;95;96;97;98;90;83,1,7600
3,HOSTTRANSFER-20251001081358849,AL-H0020,53,2025-10-01 08:13:58.849000,P14,P03,OHT07,2025-10-01 08:14:02.600000,3751,2025-10-01 08:46:27,2025-10-01 08:46:27,2025-10-01 08:46:35,2025-10-01 08:46:35,2025-10-01 08:49:09,2025-10-01 08:49:09,2025-10-01 08:49:17,2025-10-01 08:49:17,0.0,106938.8,2118.151,53,53;52;51;50;49;48;46;31;24;25;26;27;28;29;22;18;12;11;10;9,1,2800
3,HOSTTRANSFER-20251001081400598,AL-H0023,50,2025-10-01 08:14:00.598000,P11,P06,OHT02,2025-10-01 08:14:02.600000,2002,2025-10-01 08:16:57.200000,2025-10-01 08:16:57.200000,2025-10-01 08:17:05.200000,2025-10-01 08:17:05.200000,2025-10-01 08:17:42,2025-10-01 08:17:42,2025-10-01 08:17:50,2025-10-01 08:17:50,41711.7,20433.5,229.402,7;6;15;19;25;26;27;28,28;29;22;18;12;11,4,20800
3,HOSTTRANSFER-20251001081402118,FE-H0266,50,2025-10-01 08:14:02.118000,P30,P32,OHT16,2025-10-01 08:14:02.600000,482,2025-10-01 08:19:01,2025-10-01 08:19:01,2025-10-01 08:19:09,2025-10-01 08:19:09,2025-10-01 08:20:51.600000,2025-10-01 08:20:51.600000,2025-10-01 08:20:59.600000,2025-10-01 08:20:59.600000,22767.2,66073.8,417.482,116;115;114,114;113;112;118;122;127;128;129;130;131;125;121;116,4,8400
3,HOSTTRANSFER-20251001081404141,AL-H0023,50,2025-10-01 08:14:04.141000,P06,P15,OHT05,2025-10-01 08:17:53.200000,229059,2025-10-01 08:37:16.200000,2025-10-01 08:37:16.200000,2025-10-01 08:37:24.200000,2025-10-01 08:37:24.200000,2025-10-01 08:39:02,2025-10-01 08:39:02,2025-10-01 08:39:10,2025-10-01 08:39:10,0.0,69342.3,1505.859,11,11;10;9;17;21;28;29;30;32;34;39;40;43;47;54;53,0,0
3,HOSTTRANSFER-20251001081404362,FE-H0309,50,2025-10-01 08:14:04.362000,P27,P31,OHT18,2025-10-01 08:14:07.600000,3238,2025-10-01 08:17:29.600000,2025-10-01 08:17:29.600000,2025-10-01 08:17:37.600000,2025-10-01 08:17:37.600000,2025-10-01 08:18:36.200000,2025-10-01 08:18:36.200000,2025-10-01 08:18:44.200000,2025-10-01 08:18:44.200000,0.0,39942.2,279.838,97,97;98;99;101;110;117;116,1,1800
3,HOSTTRANSFER-20251001081407529,FE-H0314,53,2025-10-01 08:14:07.529000,P23,P27,OHT20,2025-10-01 08:14:07.600000,71,2025-10-01 08:20:41.200000,2025-10-01 08:20:41.200000,2025-10-01 08:20:49.200000,2025-10-01 08:20:49.200000,2025-10-01 08:21:33.400000,2025-10-01 08:21:33.400000,2025-10-01 08:21:41.400000,2025-10-01 08:21:41.400000,49237.7,31171.2,453.871,71;72;73;75;77;84;83,83;82;89;97,0,0
3,HOSTTRANSFER-20251001081409587,FE-H0312,50,2025-10-01 08:14:09.587000,P26,P23,OHT17,2025-10-01 08:14:12.600000,3013,2025-10-01 08:19:36.600000,2025-10-01 08:19:36.600000,2025-10-01 08:19:44.600000,2025-10-01 08:19:44.600000,2025-10-01 08:20:51.400000,2025-10-01 08:20:51.400000,2025-10-01 08:20:59.400000,2025-10-01 08:20:59.400000,0.0,43785.2,409.813,97,97;98;90;83,1,4600
3,HOSTTRANSFER-20251001081411474,FE-H0319,50,2025-10-01 08:14:11.474000,P16,P21,OHT06,2025-10-01 08:14:12.600000,1126,2025-10-01 08:17:13.400000,2025-10-01 08:17:13.400000,2025-10-01 08:17:21.400000,2025-10-01 08:17:21.400000,2025-10-01 08:19:30,2025-10-01 08:19:30,2025-10-01 08:19:38,2025-10-01 08:19:38,0.0,88429.4,326.526,68,68;69;62;58;50;49;48;46;31;24;25;26;27;28;29;30;32;34;39;40;45,1,3600
3,HOSTTRANSFER-20251001081414708,FE-H0323,53,2025-10-01 08:14:14.708000,P21,P27,OHT11,2025-10-01 08:14:17.600000,2892,2025-10-01 08:23:54.200000,2025-10-01 08:23:54.200000,2025-10-01 08:24:02.200000,2025-10-01 08:24:02.200000,2025-10-01 08:26:42.800000,2025-10-01 08:26:42.800000,2025-10-01 08:26:50.800000,2025-10-01 08:26:50.800000,0.0,113853.8,756.092,45,45;104;106;107;105;44;41;38;33;4;2;1;3;5;14;23;32;34;39;40;43;47;56;66;75;77;84;83;82;89;97,0,0
3,HOSTTRANSFER-20251001081417383,FE-H0324,50,2025-10-01 08:14:17.383000,P28,P26,OHT11,2025-10-01 08:14:17.600000,217,2025-10-01 08:36:02.200000,2025-10-01 08:36:02.200000,2025-10-01 08:36:10.200000,2025-10-01 08:36:10.200000,2025-10-01 08:38:21.400000,2025-10-01 08:38:21.400000,2025-10-01 08:38:29.400000,2025-10-01 08:38:29.400000,0.0,84373.1,1452.017,98,98;99;101;110;117;116;115;114;113;112;111;109;108;103;102;100;93;94;95;96;97,3,11200
3,HOSTTRANSFER-20251001081420126,AL-H0095,53,2025-10-01 08:14:20.126000,P14,P21,OHT03,2025-10-01 08:14:22.600000,2474,2025-10-01 08:39:28.400000,2025-10-01 08:39:28.400000,2025-10-01 08:39:36.400000,2025-10-01 08:39:36.400000,2025-10-01 08:41:48.200000,2025-10-01 08:41:48.200000,2025-10-01 08:41:56.200000,2025-10-01 08:41:56.200000,0.0,90113.6,1656.074,53,53;52;51;50;49;48;46;31;24;25;26;27;28;29;30;32;34;39;40;45,1,4200
3,HOSTTRANSFER-20251001081422295,AL-H0003,53,2025-10-01 08:14:22.295000,P14,P08,OHT05,2025-10-01 08:16:01,98705,2025-10-01 08:21:02.600000,2025-10-01 08:21:02.600000,2025-10-01 08:21:10.600000,2025-10-01 08:21:10.600000,2025-10-01 08:22:04.800000,2025-10-01 08:22:04.800000,2025-10-01 08:22:12.800000,2025-10-01 08:22:12.800000,0.0,38350.4,470.505,53,53;52;51;50;49;48;46;31;24;25,0,0
3,HOSTTRANSFER-20251001081425395,FE-H0329,53,2025-10-01 08:14:25.395000,P31,P32,OHT10,2025-10-01 08:14:27.600000,2205,2025-10-01 08:15:47.800000,2025-10-01 08:15:47.800000,2025-10-01 08:15:55.800000,2025-10-01 08:15:55.800000,2025-10-01 08:17:07,2025-10-01 08:17:07,2025-10-01 08:17:15,2025-10-01 08:17:15,0.0,50454.8,169.605,116,116;115;120;124;130;131;125;121;116,0,0
3,HOSTTRANSFER-20251001081428196,AL-H0069,50,2025-10-01 08:14:28.196000,P02,P09,OHT14,2025-10-01 08:14:32.600000,4404,2025-10-01 08:17:54.400000,2025-10-01 08:17:54.400000,2025-10-01 08:18:02.400000,2025-10-01 08:18:02.400000,2025-10-01 08:18:38.200000,2025-10-01 08:18:38.200000,2025-10-01 08:18:46.200000,2025-10-01 08:18:46.200000,0.0,25189.1,258.004,8,8;7;6;15;19;25;26,1,200
3,HOSTTRANSFER-20251001081430426,AL-H0039,50,2025-10-01 08:14:30.426000,P13,P14,OHT05,2025-10-01 08:17:18.200000,167774,2025-10-01 08:19:03.200000,2025-10-01 08:19:03.200000,2025-10-01 08:19:11.200000,2025-10-01 08:19:11.200000,2025-10-01 08:20:54.600000,2025-10-01 08:20:54.600000,2025-10-01 08:21:02.600000,2025-10-01 08:21:02.600000,28337.3,73325.2,392.174,53;52;51;50,50;49;57;61;68;69;70;71;72;64;60;53,1,5800
3,HOSTTRANSFER-20251001081432346,FE-H0331,50,2025-10-01 08:14:32.346000,P26,P23,OHT17,2025-10-01 08:14:32.600000,254,2025-10-01 08:15:52.800000,2025-10-01 08:15:52.800000,2025-10-01 08:16:00.800000,2025-10-01 08:16:00.800000,2025-10-01 08:17:02.600000,2025-10-01 08:17:02.600000,2025-10-01 08:17:10.600000,2025-10-01 08:17:10.600000,0.0,43785.2,158.254,97,97;98;90;83,0,0
3,HOSTTRANSFER-20251001081434215,AL-H0018,50,2025-10-01 08:14:34.215000,P16,P08,OHT15,2025-10-01 08:14:37.600000,3385,2025-10-01 08:51:40.800000,2025-10-01 08:51:40.800000,2025-10-01 08:51:48.800000,2025-10-01 08:51:48.800000,2025-10-01 08:52:40.600000,2025-10-01 08:52:40.600000,2025-10-01 08:52:48.600000,2025-10-01 08:52:48.600000,56606.6,36666.2,2294.385,116;115;114;113;112;111;109;108;103;102;100;91;85;76;74;67;68,68;69;62;58;50;49;48;46;31;24;25,0,0
3,HOSTTRANSFER-20251001081438590,FE-H0232,50,2025-10-01 08:14:38.590000,P35,P31,OHT12,2025-10-01 08:14:42.600000,4010,2025-10-01 08:17:14.400000,2025-10-01 08:17:14.400000,2025-10-01 08:17:22.400000,2025-10-01 08:17:22.400000,2025-10-01 08:18:26,2025-10-01 08:18:26,2025-10-01 08:18:34,2025-10-01 08:18:34,8027.0,44946.0,235.41,129;130,130;131;125;121;116,1,200
3,HOSTTRANSFER-20251001081442898,AL-H0120,50,2025-10-01 08:14:42.898000,P15,P06,OHT08,2025-10-01 08:14:47.600000,4702,2025-10-01 08:25:52.600000,2025-10-01 08:25:52.600000,2025-10-01 08:26:00.600000,2025-10-01 08:26:00.600000,2025-10-01 08:28:21.600000,2025-10-01 08:28:21.600000,2025-10-01 08:28:29.600000,2025-10-01 08:28:29.600000,10869.9,99998.7,826.702,43;47;54;53,53;52;51;50;49;48;46;31;24;25;26;27;28;29;22;18;12;11,0,0
3,HOSTTRANSFER-20251001081446574,FE-H0336,90,2025-10-01 08:14:46.574000,P34,P26,OHT13,2025-10-01 08:14:46.600000,26,2025-10-01 08:41:24.800000,2025-10-01 08:41:24.800000,2025-10-01 08:41:32.800000,2025-10-01 08:41:32.800000,2025-10-01 08:44:18.600000,2025-10-01 08:44:18.600000,2025-10-01 08:44:26.600000,2025-10-01 08:44:26.600000,6953.8,105669.0,1780.026,127;128;129,129;130;131;125;121;116;115;114;113;112;111;109;108;103;102;100;93;94;95;96;97,5,15600
3,HOSTTRANSFER-20251001081448417,AL-H0121,50,2025-10-01 08:14:48.417000,P06,P20,OHT06,2025-10-01 08:14:52.600000,4183,2025-10-01 08:21:10,2025-10-01 08:21:10,2025-10-01 08:21:18,2025-10-01 08:21:18,2025-10-01 08:23:58,2025-10-01 08:23:58,2025-10-01 08:24:06,2025-10-01 08:24:06,0.0,113461.0,557.583,11,11;10;9;17;21;28;29;30;32;34;39;40;43;47;54;53;52;59;63;71,0,0
3,HOSTTRANSFER-20251001081451382,FE-H0026,50,2025-10-01 08:14:51.382000,P32,P33,OHT16,2025-10-01 08:14:52.600000,1218,2025-10-01 08:20:59.600000,2025-10-01 08:20:59.600000,2025-10-01 08:21:07.600000,2025-10-01 08:21:07.600000,2025-10-01 08:22:06.400000,2025-10-01 08:22:06.400000,2025-10-01 08:22:14.400000,2025-10-01 08:22:14.400000,0.0,41584.2,443.018,116,116;115;114;113;112;118;122;127,0,0
3,HOSTTRANSFER-20251001081453947,FE-H0129,50,2025-10-01 08:14:53.947000,P33,P29,OHT12,2025-10-01 08:14:57.600000,3653,2025-10-01 08:15:43,2025-10-01 08:15:43,2025-10-01 08:15:51,2025-10-01 08:15:51,2025-10-01 08:16:09.800000,2025-10-01 08:16:09.800000,2025-10-01 08:16:17.800000,2025-10-01 08:16:17.800000,28914.2,13191.8,83.853,116;115;114;113;112;118;122;127,127;128;123;119;113,0,0
3,HOSTTRANSFER-20251001081456526,FE-H0149,50,2025-10-01 08:14:56.526000,P27,P24,OHT18,2025-10-01 08:14:57.600000,1074,2025-10-01 08:15:29.600000,2025-10-01 08:15:29.600000,2025-10-01 08:15:37.600000,2025-10-01 08:15:37.600000,2025-10-01 08:16:04,2025-10-01 08:16:04,2025-10-01 08:16:12,2025-10-01 08:16:12,0.0,18542.2,75.474,97,97;98;90;83,0,0
3,HOSTTRANSFER-20251001081500096,FE-H0239,50,2025-10-01 08:15:00.096000,P29,P23,OHT20,2025-10-01 08:15:02.600000,2504,2025-10-01 08:30:03,2025-10-01 08:30:03,2025-10-01 08:30:11,2025-10-01 08:30:11,2025-10-01 08:32:15.800000,2025-10-01 08:32:15.800000,2025-10-01 08:32:23.800000,2025-10-01 08:32:23.800000,0.0,80861.0,1043.704,113,113;112;111;109;108;103;102;100;93;94;95;96;97;98;90;83,1,10400
3,HOSTTRANSFER-20251001081504052,AL-H0033,50,2025-10-01 08:15:04.052000,P20,P16,OHT11,2025-10-01 08:16:32.400000,88348,2025-10-01 08:19:52,2025-10-01 08:19:52,2025-10-01 08:20:00,2025-10-01 08:20:00,2025-10-01 08:21:25.400000,2025-10-01 08:21:25.400000,2025-10-01 08:21:33.400000,2025-10-01 08:21:33.400000,21273.4,60478.0,389.348,70;71,71;72;64;60;53;52;51;50;49;57;61;68,2,14400
3,HOSTTRANSFER-20251001081515901,FE-H0291,99,2025-10-01 08:15:15.901000,P32,P33,OHT16,2025-10-01 08:24:58.400000,582499,2025-10-01 08:32:58,2025-10-01 08:32:58,2025-10-01 08:33:06,2025-10-01 08:33:06,2025-10-01 08:34:04.800000,2025-10-01 08:34:04.800000,2025-10-01 08:34:12.800000,2025-10-01 08:34:12.800000,0.0,41584.2,1136.899,116,116;115;114;113;112;118;122;127,0,0
3,HOSTTRANSFER-20251001081522303,FE-H0298,50,2025-10-01 08:15:22.303000,P29,P36,OHT12,2025-10-01 08:15:22.400000,97,2025-10-01 08:18:56.200000,2025-10-01 08:18:56.200000,2025-10-01 08:19:04.200000,2025-10-01 08:19:04.200000,2025-10-01 08:20:03,2025-10-01 08:20:03,2025-10-01 08:20:11,2025-10-01 08:20:11,15620.2,41577.8,288.697,116;115;114;113,113;112;118;122;127;128;129;130,0,0
3,HOSTTRANSFER-20251001081526414,FE-H0339,90,2025-10-01 08:15:26.414000,P34,P32,OHT18,2025-10-01 08:15:26.600000,186,2025-10-01 08:20:49,2025-10-01 08:20:49,2025-10-01 08:20:57,2025-10-01 08:20:57,2025-10-01 08:21:54.200000,2025-10-01 08:21:54.200000,2025-10-01 08:22:02.200000,2025-10-01 08:22:02.200000,0.0,40303.0,395.786,129,129;130;131;125;121;116,1,200
3,HOSTTRANSFER-20251001081532437,FE-H0304,99,2025-10-01 08:15:32.437000,P33,P31,OHT10,2025-10-01 08:15:32.600000,163,2025-10-01 08:18:29.800000,2025-10-01 08:18:29.800000,2025-10-01 08:18:37.800000,2025-10-01 08:18:37.800000,2025-10-01 08:20:02.400000,2025-10-01 08:20:02.400000,2025-10-01 08:20:10.400000,2025-10-01 08:20:10.400000,0.0,59926.8,277.963,127,127;128;129;130;131;125;121;116,0,0
3,HOSTTRANSFER-20251001081534730,FE-H0254,50,2025-10-01 08:15:34.730000,P31,P32,OHT16,2025-10-01 08:15:37.600000,2870,2025-10-01 08:17:01.600000,2025-10-01 08:17:01.600000,2025-10-01 08:17:09.600000,2025-10-01 08:17:09.600000,2025-10-01 08:18:20.800000,2025-10-01 08:18:20.800000,2025-10-01 08:18:28.800000,2025-10-01 08:18:28.800000,12670.0,50454.8,174.07,116,116;115;120;124;130;131;125;121;116,0,0
3,HOSTTRANSFER-20251001081538012,AL-H0120,50,2025-10-01 08:15:38.012000,P06,P04,OHT09,2025-10-01 08:28:30.400000,772388,2025-10-01 08:32:10,2025-10-01 08:32:10,2025-10-01 08:32:18,2025-10-01 08:32:18,2025-10-01 08:32:37,2025-10-01 08:32:37,2025-10-01 08:32:45,2025-10-01 08:32:45,20433.5,13269.0,1026.988,28;29;22;18;12;11,11;10,0,0
3,HOSTTRANSFER-20251001081539824,AL-H0023,50,2025-10-01 08:15:39.824000,P15,P06,OHT17,2025-10-01 08:39:10,1410176,2025-10-01 08:51:26.400000,2025-10-01 08:51:26.400000,2025-10-01 08:51:34.400000,2025-10-01 08:51:34.400000,2025-10-01 08:54:01.800000,2025-10-01 08:54:01.800000,2025-10-01 08:54:09.800000,2025-10-01 08:54:09.800000,63863.3,99998.7,2309.976,10;9;17;21;28;29;30;32;34;39;40;43;47;54;53,53;52;51;50;49;48;46;31;24;25;26;27;28;29;22;18;12;11,3,6200
3,HOSTTRANSFER-20251001081541858,FE-H0345,90,2025-10-01 08:15:41.858000,P34,P33,OHT15,2025-10-01 08:15:42,142,2025-10-01 08:21:07.400000,2025-10-01 08:21:07.400000,2025-10-01 08:21:15.400000,2025-10-01 08:21:15.400000,2025-10-01 08:23:11.200000,2025-10-01 08:23:11.200000,2025-10-01 08:23:19.200000,2025-10-01 08:23:19.200000,0.0,81887.2,457.342,129,129;130;131;125;121;116;115;114;113;112;118;122;127,1,200
3,HOSTTRANSFER-20251001081543272,AL-H0095,50,2025-10-01 08:15:43.272000,P21,P14,OHT02,2025-10-01 08:41:56.200000,1572928,2025-10-01 08:54:26.800000,2025-10-01 08:54:26.800000,2025-10-01 08:54:34.800000,2025-10-01 08:54:34.800000,2025-10-01 08:56:21.200000,2025-10-01 08:56:21.200000,2025-10-01 08:56:29.200000,2025-10-01 08:56:29.200000,51763.2,75446.6,2445.928,25;26;27;28;29;30;32;34;39;40;45,45;104;106;107;105;44;41;38;33;4;2;1;3;5;14;23;32;34;39;40;43;47;54;53,0,0
3,HOSTTRANSFER-20251001081543794,AL-H0115,50,2025-10-01 08:15:43.794000,P04,P01,OHT02,2025-10-01 08:15:43.800000,6,2025-10-01 08:19:53.400000,2025-10-01 08:19:53.400000,2025-10-01 08:20:01.400000,2025-10-01 08:20:01.400000,2025-10-01 08:20:20,2025-10-01 08:20:20,2025-10-01 08:20:28,2025-10-01 08:20:28,33702.5,13077.2,284.206,28;29;22;18;12;11;10,10;9;8;7,0,0
3,HOSTTRANSFER-20251001081546131,AL-H0114,53,2025-10-01 08:15:46.131000,P04,P11,OHT05,2025-10-01 08:22:45.800000,419669,2025-10-01 08:24:51.200000,2025-10-01 08:24:51.200000,2025-10-01 08:24:59.200000,2025-10-01 08:24:59.200000,2025-10-01 08:25:40,2025-10-01 08:25:40,2025-10-01 08:25:48,2025-10-01 08:25:48,0.0,28748.9,601.869,10,10;9;17;21;28,0,0
3,HOSTTRANSFER-20251001081549857,FE-H0347,90,2025-10-01 08:15:49.857000,P34,P33,OHT01,2025-10-01 08:15:50,143,2025-10-01 08:46:14.600000,2025-10-01 08:46:14.600000,2025-10-01 08:46:22.600000,2025-10-01 08:46:22.600000,2025-10-01 08:48:29.400000,2025-10-01 08:48:29.400000,2025-10-01 08:48:37.400000,2025-10-01 08:48:37.400000,6953.8,81887.2,1967.543,127;128;129,129;130;131;125;121;116;115;114;113;112;118;122;127,5,10000
3,HOSTTRANSFER-20251001081551819,AL-H0117,50,2025-10-01 08:15:51.819000,P21,P16,OHT19,2025-10-01 08:15:55,3181,2025-10-01 08:43:48.200000,2025-10-01 08:43:48.200000,2025-10-01 08:43:56.200000,2025-10-01 08:43:56.200000,2025-10-01 08:46:36.600000,2025-10-01 08:46:36.600000,2025-10-01 08:46:44.600000,2025-10-01 08:46:44.600000,0.0,104420.8,1852.781,45,45;104;106;107;105;44;41;38;33;4;2;1;3;5;14;23;32;34;39;40;43;47;54;53;52;51;50;49;57;61;68,6,11600
3,HOSTTRANSFER-20251001081554741,FE-H0349,50,2025-10-01 08:15:54.741000,P32,P34,OHT13,2025-10-01 08:15:55,259,2025-10-01 08:23:14.600000,2025-10-01 08:23:14.600000,2025-10-01 08:23:22.600000,2025-10-01 08:23:22.600000,2025-10-01 08:24:33.800000,2025-10-01 08:24:33.800000,2025-10-01 08:24:41.800000,2025-10-01 08:24:41.800000,0.0,48538.0,527.059,116,116;115;114;113;112;118;122;127;128;129,1,2400
3,HOSTTRANSFER-20251001081558870,FE-H0284,50,2025-10-01 08:15:58.870000,P30,P31,OHT16,2025-10-01 08:29:45.200000,826330,2025-10-01 08:38:45.600000,2025-10-01 08:38:45.600000,2025-10-01 08:38:53.600000,2025-10-01 08:38:53.600000,2025-10-01 08:40:45,2025-10-01 08:40:45,2025-10-01 08:40:53,2025-10-01 08:40:53,0.0,78743.8,1494.13,114,114;113;112;118;122;127;128;129;130;131;125;121;116,1,200
3,HOSTTRANSFER-20251001081601087,AL-H0137,53,2025-10-01 08:16:01.087000,P21,P06,OHT06,2025-10-01 08:16:06,4913,2025-10-01 08:19:38,2025-10-01 08:19:38,2025-10-01 08:19:46,2025-10-01 08:19:46,2025-10-01 08:21:02,2025-10-01 08:21:02,2025-10-01 08:21:10,2025-10-01 08:21:10,0.0,53837.6,308.913,45,45;104;106;107;105;44;41;38;33;4;2;1;3;5;13;12;11,0,0
3,HOSTTRANSFER-20251001081603029,FE-H0354,50,2025-10-01 08:16:03.029000,P32,P33,OHT10,2025-10-01 08:16:06,2971,2025-10-01 08:17:15,2025-10-01 08:17:15,2025-10-01 08:17:23,2025-10-01 08:17:23,2025-10-01 08:18:21.800000,2025-10-01 08:18:21.800000,2025-10-01 08:18:29.800000,2025-10-01 08:18:29.800000,0.0,41584.2,146.771,116,116;115;114;113;112;118;122;127,0,0
3,HOSTTRANSFER-20251001081604512,FE-H0333,99,2025-10-01 08:16:04.512000,P33,P34,OHT18,2025-10-01 08:16:04.600000,88,2025-10-01 08:20:23,2025-10-01 08:20:23,2025-10-01 08:20:31,2025-10-01 08:20:31,2025-10-01 08:20:41,2025-10-01 08:20:41,2025-10-01 08:20:49,2025-10-01 08:20:49,13294.0,6953.8,284.488,113;112;118;122;127,127;128;129,0,0
3,HOSTTRANSFER-20251001081607621,AL-H0137,50,2025-10-01 08:16:07.621000,P06,P16,OHT01,2025-10-01 08:21:13.400000,305779,2025-10-01 08:27:15.200000,2025-10-01 08:27:15.200000,2025-10-01 08:27:23.200000,2025-10-01 08:27:23.200000,2025-10-01 08:29:59.600000,2025-10-01 08:29:59.600000,2025-10-01 08:30:07.600000,2025-10-01 08:30:07.600000,0.0,110944.6,839.979,11,11;10;9;17;21;28;29;30;32;34;39;40;43;47;54;53;52;51;50;49;57;61;68,0,0
3,HOSTTRANSFER-20251001081609719,AL-H0132,50,2025-10-01 08:16:09.719000,P14,P15,OHT08,2025-10-01 08:16:11,1281,2025-10-01 08:19:53.400000,2025-10-01 08:19:53.400000,2025-10-01 08:20:01.400000,2025-10-01 08:20:01.400000,2025-10-01 08:21:12.600000,2025-10-01 08:21:12.600000,2025-10-01 08:21:20.600000,2025-10-01 08:21:20.600000,23498.0,50366.3,310.881,43;47;54;53,53;52;59;63;71;72;64;60;53,0,0
3,HOSTTRANSFER-20251001081611342,FE-H0361,53,2025-10-01 08:16:11.342000,P23,P26,OHT17,2025-10-01 08:16:16,4658,2025-10-01 08:17:10.600000,2025-10-01 08:17:10.600000,2025-10-01 08:17:18.600000,2025-10-01 08:17:18.600000,2025-10-01 08:17:44.600000,2025-10-01 08:17:44.600000,2025-10-01 08:17:52.600000,2025-10-01 08:17:52.600000,0.0,18291.2,101.258,83,83;82;89;97,0,0
3,HOSTTRANSFER-20251001081615101,FE-H0346,50,2025-10-01 08:16:15.101000,P32,P25,OHT15,2025-10-01 08:16:16,899,2025-10-01 08:24:58.400000,2025-10-01 08:24:58.400000,2025-10-01 08:25:06.400000,2025-10-01 08:25:06.400000,2025-10-01 08:26:16.800000,2025-10-01 08:26:16.800000,2025-10-01 08:26:24.800000,2025-10-01 08:26:24.800000,0.0,49806.2,609.699,116,116;115;114;113;112;111;109;108;103;102;100;93;94,0,0
3,HOSTTRANSFER-20251001081618368,FE-H0365,53,2025-10-01 08:16:18.368000,P23,P26,OHT19,2025-10-01 08:16:21,2632,2025-10-01 08:17:21.200000,2025-10-01 08:17:21.200000,2025-10-01 08:17:29.200000,2025-10-01 08:17:29.200000,2025-10-01 08:17:55.200000,2025-10-01 08:17:55.200000,2025-10-01 08:18:03.200000,2025-10-01 08:18:03.200000,30905.2,18291.2,104.832,97;98;90;83,83;82;89;97,0,0
3,HOSTTRANSFER-20251001081621345,FE-H0365,50,2025-10-01 08:16:21.345000,P26,P23,OHT15,2025-10-01 08:18:03.200000,101855,2025-10-01 08:26:47,2025-10-01 08:26:47,2025-10-01 08:26:55,2025-10-01 08:26:55,2025-10-01 08:27:56.800000,2025-10-01 08:27:56.800000,2025-10-01 08:28:04.800000,2025-10-01 08:28:04.800000,15559.8,43785.2,703.455,94;95;96;97,97;98;90;83,0,0
3,HOSTTRANSFER-20251001081623850,AL-H0126,53,2025-10-01 08:16:23.850000,P21,P12,OHT09,2025-10-01 08:20:02.200000,218350,2025-10-01 08:43:27.400000,2025-10-01 08:43:27.400000,2025-10-01 08:43:35.400000,2025-10-01 08:43:35.400000,2025-10-01 08:44:48.800000,2025-10-01 08:44:48.800000,2025-10-01 08:44:56.800000,2025-10-01 08:44:56.800000,0.0,51948.6,1712.95,45,45;104;106;107;105;44;41;38;33;4;2;1;3;5;14;23;32;34;39;40;43,0,0
3,HOSTTRANSFER-20251001081627304,FE-H0374,50,2025-10-01 08:16:27.304000,P32,P29,OHT20,2025-10-01 08:16:27.400000,96,2025-10-01 08:26:12.400000,2025-10-01 08:26:12.400000,2025-10-01 08:26:20.400000,2025-10-01 08:26:20.400000,2025-10-01 08:27:04,2025-10-01 08:27:04,2025-10-01 08:27:12,2025-10-01 08:27:12,18973.0,28290.2,644.696,130;131;125;121;116,116;115;114;113,3,9400
3,HOSTTRANSFER-20251001081631018,FE-H0375,50,2025-10-01 08:16:31.018000,P25,P32,OHT17,2025-10-01 08:16:32.400000,1382,2025-10-01 08:23:54.800000,2025-10-01 08:23:54.800000,2025-10-01 08:24:02.800000,2025-10-01 08:24:02.800000,2025-10-01 08:25:21.400000,2025-10-01 08:25:21.400000,2025-10-01 08:25:29.400000,2025-10-01 08:25:29.400000,37136.2,55712.0,538.382,116;115;114;113;112;111;109;108;103;102;100;93;94,94;95;96;97;98;99;101;110;117;116,0,0
3,HOSTTRANSFER-20251001081633636,AL-H0070,50,2025-10-01 08:16:33.636000,P19,P01,OHT10,2025-10-01 09:03:22,2808364,2025-10-01 09:04:06.400000,2025-10-01 09:04:06.400000,2025-10-01 09:04:14.400000,2025-10-01 09:04:14.400000,2025-10-01 09:06:30.600000,2025-10-01 09:06:30.600000,2025-10-01 09:06:38.600000,2025-10-01 09:06:38.600000,28953.5,96607.1,3004.964,50;49;57;61;68;69;70;71,71;72;64;60;53;52;51;50;49;48;46;31;24;25;26;20;16;7,0,0
3,HOSTTRANSFER-20251001081634836,AL-H0077,53,2025-10-01 08:16:34.836000,P04,P09,OHT15,2025-10-01 09:03:25.400000,2810564,2025-10-01 09:04:04.800000,2025-10-01 09:04:04.800000,2025-10-01 09:04:12.800000,2025-10-01 09:04:12.800000,2025-10-01 09:04:57.800000,2025-10-01 09:04:57.800000,2025-10-01 09:05:05.800000,2025-10-01 09:05:05.800000,7790.0,31858.3,2910.964,10,10;9;8;7;6;15;19;25;26,0,0
3,HOSTTRANSFER-20251001081636926,FE-H0336,99,2025-10-01 08:16:36.926000,P26,P33,OHT19,2025-10-01 08:44:26.600000,1669674,2025-10-01 08:54:09.400000,2025-10-01 08:54:09.400000,2025-10-01 08:54:17.400000,2025-10-01 08:54:17.400000,2025-10-01 08:56:12.800000,2025-10-01 08:56:12.800000,2025-10-01 08:56:20.800000,2025-10-01 08:56:20.800000,88410.3,81736.4,2383.874,26;27;28;29;30;32;34;39;40;43;47;56;66;75;77;84;83;82;89;97,97;98;99;101;110;117;116;115;114;113;112;118;122;127,0,0
3,HOSTTRANSFER-20251001081640503,AL-H0095,50,2025-10-01 08:16:40.503000,P01,P04,OHT05,2025-10-01 08:56:29.200000,2388697,2025-10-01 08:59:18,2025-10-01 08:59:18,2025-10-01 08:59:26,2025-10-01 08:59:26,2025-10-01 09:01:29.600000,2025-10-01 09:01:29.600000,2025-10-01 09:01:37.600000,2025-10-01 09:01:37.600000,6778.0,75414.2,2697.097,9;8;7,7;6;15;19;25;26;27;28;29;22;18;12;11;10,5,16200
3,HOSTTRANSFER-20251001081643075,FE-H0378,90,2025-10-01 08:16:43.075000,P34,P33,OHT13,2025-10-01 08:16:43.200000,125,2025-10-01 08:27:42.600000,2025-10-01 08:27:42.600000,2025-10-01 08:27:50.600000,2025-10-01 08:27:50.600000,2025-10-01 08:29:46.400000,2025-10-01 08:29:46.400000,2025-10-01 08:29:54.400000,2025-10-01 08:29:54.400000,0.0,81887.2,791.325,129,129;130;131;125;121;116;115;114;113;112;118;122;127,1,200
3,HOSTTRANSFER-20251001081645980,AL-H0139,50,2025-10-01 08:16:45.980000,P17,P18,OHT11,2025-10-01 08:16:48.200000,2220,2025-10-01 08:18:50.600000,2025-10-01 08:18:50.600000,2025-10-01 08:18:58.600000,2025-10-01 08:18:58.600000,2025-10-01 08:18:59.200000,2025-10-01 08:18:59.200000,2025-10-01 08:19:07.200000,2025-10-01 08:19:07.200000,0.0,280.0,141.22,70,70,0,0
3,HOSTTRANSFER-20251001081648243,AL-H0100,50,2025-10-01 08:16:48.243000,P20,P05,OHT04,2025-10-01 08:16:53.200000,4957,2025-10-01 08:35:57.200000,2025-10-01 08:35:57.200000,2025-10-01 08:36:05.200000,2025-10-01 08:36:05.200000,2025-10-01 08:39:03.800000,2025-10-01 08:39:03.800000,2025-10-01 08:39:11.800000,2025-10-01 08:39:11.800000,21273.4,124353.4,1343.557,70;71,71;72;64;60;53;52;51;50;49;48;46;31;24;25;26;27;28;29;22;18;12;11;10,2,3200
3,HOSTTRANSFER-20251001081651751,FE-H0344,99,2025-10-01 08:16:51.751000,P33,P34,OHT10,2025-10-01 08:16:51.800000,49,2025-10-01 08:23:41,2025-10-01 08:23:41,2025-10-01 08:23:49,2025-10-01 08:23:49,2025-10-01 08:23:59,2025-10-01 08:23:59,2025-10-01 08:24:07,2025-10-01 08:24:07,0.0,6953.8,435.249,127,127;128;129,0,0
3,HOSTTRANSFER-20251001081654825,FE-H0383,53,2025-10-01 08:16:54.825000,P33,P29,OHT18,2025-10-01 08:16:58.200000,3375,2025-10-01 08:19:29.200000,2025-10-01 08:19:29.200000,2025-10-01 08:19:37.200000,2025-10-01 08:19:37.200000,2025-10-01 08:19:56,2025-10-01 08:19:56,2025-10-01 08:20:04,2025-10-01 08:20:04,28914.2,13191.8,189.175,116;115;114;113;112;118;122;127,127;128;123;119;113,1,3800
3,HOSTTRANSFER-20251001081655996,AL-H0122,53,2025-10-01 08:16:55.996000,P04,P11,OHT02,2025-10-01 08:16:58.200000,2204,2025-10-01 08:18:09,2025-10-01 08:18:09,2025-10-01 08:18:17,2025-10-01 08:18:17,2025-10-01 08:18:57.800000,2025-10-01 08:18:57.800000,2025-10-01 08:19:05.800000,2025-10-01 08:19:05.800000,13269.0,28748.9,129.804,11;10,10;9;17;21;28,0,0
3,HOSTTRANSFER-20251001081701705,AL-H0063,50,2025-10-01 08:17:01.705000,P04,P01,OHT07,2025-10-01 08:17:03.200000,1495,2025-10-01 08:21:54.200000,2025-10-01 08:21:54.200000,2025-10-01 08:22:02.200000,2025-10-01 08:22:02.200000,2025-10-01 08:22:20.800000,2025-10-01 08:22:20.800000,2025-10-01 08:22:28.800000,2025-10-01 08:22:28.800000,13269.0,13077.2,327.095,11;10,10;9;8;7,0,0
3,HOSTTRANSFER-20251001081705229,FE-H0387,90,2025-10-01 08:17:05.229000,P34,P33,OHT16,2025-10-01 08:17:05.400000,171,2025-10-01 08:25:06.400000,2025-10-01 08:25:06.400000,2025-10-01 08:25:14.400000,2025-10-01 08:25:14.400000,2025-10-01 08:27:45,2025-10-01 08:27:45,2025-10-01 08:27:53,2025-10-01 08:27:53,6953.8,81887.2,647.771,127;128;129,129;130;131;125;121;116;115;114;113;112;118;122;127,8,32600
3,HOSTTRANSFER-20251001081706590,FE-H0040,50,2025-10-01 08:17:06.590000,P25,P29,OHT14,2025-10-01 08:17:08.200000,1610,2025-10-01 08:32:44.400000,2025-10-01 08:32:44.400000,2025-10-01 08:32:52.400000,2025-10-01 08:32:52.400000,2025-10-01 08:35:15.800000,2025-10-01 08:35:15.800000,2025-10-01 08:35:23.800000,2025-10-01 08:35:23.800000,0.0,84002.2,1097.21,94,94;95;96;97;98;99;101;110;117;116;115;114;113,4,23600
3,HOSTTRANSFER-20251001081710780,AL-H0039,50,2025-10-01 08:17:10.780000,P13,P18,OHT04,2025-10-01 08:21:03.400000,232620,2025-10-01 08:34:41.600000,2025-10-01 08:34:41.600000,2025-10-01 08:34:49.600000,2025-10-01 08:34:49.600000,2025-10-01 08:35:18.800000,2025-10-01 08:35:18.800000,2025-10-01 08:35:26.800000,2025-10-01 08:35:26.800000,0.0,20548.0,1096.02,50,50;49;57;61;68;69;70,0,0
3,HOSTTRANSFER-20251001081711559,AL-H0143,53,2025-10-01 08:17:11.559000,P14,P21,OHT09,2025-10-01 08:17:13.200000,1641,2025-10-01 08:41:04.200000,2025-10-01 08:41:04.200000,2025-10-01 08:41:12.200000,2025-10-01 08:41:12.200000,2025-10-01 08:43:19.400000,2025-10-01 08:43:19.400000,2025-10-01 08:43:27.400000,2025-10-01 08:43:27.400000,0.0,90113.6,1575.841,53,53;52;51;50;49;48;46;31;24;25;26;27;28;29;30;32;34;39;40;45,0,0
3,HOSTTRANSFER-20251001081712059,AL-H0031,53,2025-10-01 08:17:12.059000,P21,P09,OHT01,2025-10-01 08:17:13.200000,1141,2025-10-01 08:22:53.600000,2025-10-01 08:22:53.600000,2025-10-01 08:23:01.600000,2025-10-01 08:23:01.600000,2025-10-01 08:25:50,2025-10-01 08:25:50,2025-10-01 08:25:58,2025-10-01 08:25:58,0.0,119453.1,525.941,45,45;104;106;107;105;44;41;38;33;4;2;1;3;5;14;23;32;34;39;40;43;47;54;53;52;51;50;49;48;46;31;24;25;26,0,0
3,HOSTTRANSFER-20251001081714392,AL-H0119,50,2025-10-01 08:17:14.392000,P12,P20,OHT09,2025-10-01 08:18:33.200000,78808,2025-10-01 08:20:00.800000,2025-10-01 08:20:00.800000,2025-10-01 08:20:08.800000,2025-10-01 08:20:08.800000,2025-10-01 08:21:32.600000,2025-10-01 08:21:32.600000,2025-10-01 08:21:40.600000,2025-10-01 08:21:40.600000,0.0,54988.6,266.208,43,43;47;54;53;52;59;63;71,1,6000
3,HOSTTRANSFER-20251001081716245,FE-H0391,50,2025-10-01 08:17:16.245000,P20,P21,OHT20,2025-10-01 08:17:18.200000,1955,2025-10-01 08:50:25.800000,2025-10-01 08:50:25.800000,2025-10-01 08:50:33.800000,2025-10-01 08:50:33.800000,2025-10-01 08:53:35.400000,2025-10-01 08:53:35.400000,2025-10-01 08:53:43.400000,2025-10-01 08:53:43.400000,0.0,121617.4,2187.155,71,71;72;64;60;53;52;51;50;49;48;46;31;24;25;26;27;28;29;30;32;34;39;40;45,3,9400
3,HOSTTRANSFER-20251001081719963,FE-H0392,50,2025-10-01 08:17:19.963000,P23,P25,OHT18,2025-10-01 08:17:23.200000,3237,2025-10-01 08:30:31.800000,2025-10-01 08:30:31.800000,2025-10-01 08:30:39.800000,2025-10-01 08:30:39.800000,2025-10-01 08:31:20.800000,2025-10-01 08:31:20.800000,2025-10-01 08:31:28.800000,2025-10-01 08:31:28.800000,12363.0,28891.0,848.837,83,83;82;81;80;79;87;94,0,0
3,HOSTTRANSFER-20251001081722797,AL-H0143,53,2025-10-01 08:17:22.797000,P14,P21,OHT08,2025-10-01 08:43:27.400000,1564603,2025-10-01 08:53:28.200000,2025-10-01 08:53:28.200000,2025-10-01 08:53:36.200000,2025-10-01 08:53:36.200000,2025-10-01 08:55:43.400000,2025-10-01 08:55:43.400000,2025-10-01 08:55:51.400000,2025-10-01 08:55:51.400000,0.0,90113.6,2308.603,53,53;52;51;50;49;48;46;31;24;25;26;27;28;29;30;32;34;39;40;45,0,0
3,HOSTTRANSFER-20251001081725405,AL-H0048,50,2025-10-01 08:17:25.405000,P13,P17,OHT11,2025-10-01 08:17:28.200000,2795,2025-10-01 08:18:05.800000,2025-10-01 08:18:05.800000,2025-10-01 08:18:13.800000,2025-10-01 08:18:13.800000,2025-10-01 08:18:42.600000,2025-10-01 08:18:42.600000,2025-10-01 08:18:50.600000,2025-10-01 08:18:50.600000,14025.0,20268.0,85.195,68;69;62;58;50,50;49;57;61;68;69;70,0,0
3,HOSTTRANSFER-20251001081728337,FE-H0395,50,2025-10-01 08:17:28.337000,P32,P35,OHT19,2025-10-01 08:17:33.200000,4863,2025-10-01 08:38:58.600000,2025-10-01 08:38:58.600000,2025-10-01 08:39:06.600000,2025-10-01 08:39:06.600000,2025-10-01 08:39:50.200000,2025-10-01 08:39:50.200000,2025-10-01 08:39:58.200000,2025-10-01 08:39:58.200000,0.0,30848.8,1349.863,116,116;115;120;124;130,0,0
3,HOSTTRANSFER-20251001081729534,AL-H0003,50,2025-10-01 08:17:29.534000,P07,P04,OHT05,2025-10-01 08:22:15.600000,286066,2025-10-01 08:26:09.600000,2025-10-01 08:26:09.600000,2025-10-01 08:26:17.600000,2025-10-01 08:26:17.600000,2025-10-01 08:26:44,2025-10-01 08:26:44,2025-10-01 08:26:52,2025-10-01 08:26:52,15135.5,18567.0,562.466,28;29;22;18;12,12;11;10,0,0
3,HOSTTRANSFER-20251001081731624,FE-H0357,99,2025-10-01 08:17:31.624000,P32,P33,OHT17,2025-10-01 08:17:31.800000,176,2025-10-01 08:25:29.400000,2025-10-01 08:25:29.400000,2025-10-01 08:25:37.400000,2025-10-01 08:25:37.400000,2025-10-01 08:26:36.200000,2025-10-01 08:26:36.200000,2025-10-01 08:26:44.200000,2025-10-01 08:26:44.200000,0.0,41584.2,552.576,116,116;115;114;113;112;118;122;127,0,0
3,HOSTTRANSFER-20251001081733177,FE-H0397,90,2025-10-01 08:17:33.177000,P34,P32,OHT12,2025-10-01 08:17:33.200000,23,2025-10-01 08:36:14.800000,2025-10-01 08:36:14.800000,2025-10-01 08:36:22.800000,2025-10-01 08:36:22.800000,2025-10-01 08:37:20,2025-10-01 08:37:20,2025-10-01 08:37:28,2025-10-01 08:37:28,6953.8,40303.0,1194.823,127;128;129,129;130;131;125;121;116,1,200
3,HOSTTRANSFER-20251001081734804,AL-H0143,50,2025-10-01 08:17:34.804000,P21,P12,OHT01,2025-10-01 08:55:51.400000,2296596,2025-10-01 08:56:35.400000,2025-10-01 08:56:35.400000,2025-10-01 08:56:43.400000,2025-10-01 08:56:43.400000,2025-10-01 08:57:56.800000,2025-10-01 08:57:56.800000,2025-10-01 08:58:04.800000,2025-10-01 08:58:04.800000,0.0,51948.6,2429.996,45,45;104;106;107;105;44;41;38;33;4;2;1;3;5;14;23;32;34;39;40;43,0,0
3,HOSTTRANSFER-20251001081737026,FE-H0366,53,2025-10-01 08:17:37.026000,P23,P28,OHT19,2025-10-01 08:17:38.200000,1174,2025-10-01 08:19:07.400000,2025-10-01 08:19:07.400000,2025-10-01 08:19:15.400000,2025-10-01 08:19:15.400000,2025-10-01 08:20:16.600000,2025-10-01 08:20:16.600000,2025-10-01 08:20:24.600000,2025-10-01 08:20:24.600000,43785.2,39436.3,167.574,97;98;90;83,83;82;89;97;98,2,7200
3,HOSTTRANSFER-20251001081739433,AL-H0024,50,2025-10-01 08:17:39.433000,P06,P14,OHT08,2025-10-01 08:17:43.200000,3767,2025-10-01 08:35:59,2025-10-01 08:35:59,2025-10-01 08:36:07,2025-10-01 08:36:07,2025-10-01 08:38:11.400000,2025-10-01 08:38:11.400000,2025-10-01 08:38:19.400000,2025-10-01 08:38:19.400000,49020.2,81970.4,1239.967,25;26;27;28;29;22;18;12;11,11;10;9;17;21;28;29;30;32;34;39;40;43;47;54;53,1,8400
3,HOSTTRANSFER-20251001081742219,FE-H0226,53,2025-10-01 08:17:42.219000,P33,P35,OHT10,2025-10-01 08:17:43.200000,981,2025-10-01 08:26:19,2025-10-01 08:26:19,2025-10-01 08:26:27,2025-10-01 08:26:27,2025-10-01 08:26:48.400000,2025-10-01 08:26:48.400000,2025-10-01 08:26:56.400000,2025-10-01 08:26:56.400000,13294.0,14980.8,554.181,113;112;118;122;127,127;128;129;130,0,0
3,HOSTTRANSFER-20251001081745211,FE-H0227,53,2025-10-01 08:17:45.211000,P33,P36,OHT16,2025-10-01 08:17:48.200000,2989,2025-10-01 08:22:14.400000,2025-10-01 08:22:14.400000,2025-10-01 08:22:22.400000,2025-10-01 08:22:22.400000,2025-10-01 08:23:02.400000,2025-10-01 08:23:02.400000,2025-10-01 08:23:10.400000,2025-10-01 08:23:10.400000,0.0,28283.8,325.189,127,127;128;129;130,0,0
3,HOSTTRANSFER-20251001081749314,FE-H0404,90,2025-10-01 08:17:49.314000,P34,P32,OHT13,2025-10-01 08:17:49.400000,86,2025-10-01 08:24:41.800000,2025-10-01 08:24:41.800000,2025-10-01 08:24:49.800000,2025-10-01 08:24:49.800000,2025-10-01 08:25:52,2025-10-01 08:25:52,2025-10-01 08:26:00,2025-10-01 08:26:00,0.0,40303.0,490.686,129,129;130;131;125;121;116,2,5000
3,HOSTTRANSFER-20251001081755291,FE-H0060,53,2025-10-01 08:17:55.291000,P33,P36,OHT17,2025-10-01 08:17:58.200000,2909,2025-10-01 08:29:28.200000,2025-10-01 08:29:28.200000,2025-10-01 08:29:36.200000,2025-10-01 08:29:36.200000,2025-10-01 08:30:16.200000,2025-10-01 08:30:16.200000,2025-10-01 08:30:24.200000,2025-10-01 08:30:24.200000,0.0,28283.8,748.909,127,127;128;129;130,0,0
3,HOSTTRANSFER-20251001081759244,AL-H0039,50,2025-10-01 08:17:59.244000,P15,P13,OHT02,2025-10-01 08:35:26.800000,1047556,2025-10-01 08:38:00.600000,2025-10-01 08:38:00.600000,2025-10-01 08:38:08.600000,2025-10-01 08:38:08.600000,2025-10-01 08:38:53.600000,2025-10-01 08:38:53.600000,2025-10-01 08:39:01.600000,2025-10-01 08:39:01.600000,27324.4,28337.3,1262.356,28;29;30;32;34;39;40;43;47;54;53,53;52;51;50,2,4400
3,HOSTTRANSFER-20251001081802607,FE-H0376,99,2025-10-01 08:18:02.607000,P32,P33,OHT16,2025-10-01 08:18:02.800000,193,2025-10-01 08:23:37.400000,2025-10-01 08:23:37.400000,2025-10-01 08:23:45.400000,2025-10-01 08:23:45.400000,2025-10-01 08:24:48.400000,2025-10-01 08:24:48.400000,2025-10-01 08:24:56.400000,2025-10-01 08:24:56.400000,18973.0,41584.2,413.793,130;131;125;121;116,116;115;114;113;112;118;122;127,1,4000
3,HOSTTRANSFER-20251001081804727,FE-H0406,50,2025-10-01 08:18:04.727000,P31,P32,OHT18,2025-10-01 08:18:08.200000,3473,2025-10-01 08:24:21.600000,2025-10-01 08:24:21.600000,2025-10-01 08:24:29.600000,2025-10-01 08:24:29.600000,2025-10-01 08:25:41.800000,2025-10-01 08:25:41.800000,2025-10-01 08:25:49.800000,2025-10-01 08:25:49.800000,0.0,50454.8,465.073,116,116;115;120;124;130;131;125;121;116,1,400
3,HOSTTRANSFER-20251001081806460,FE-H0407,53,2025-10-01 08:18:06.460000,P23,P25,OHT14,2025-10-01 08:18:08.200000,1740,2025-10-01 08:31:47.400000,2025-10-01 08:31:47.400000,2025-10-01 08:31:55.400000,2025-10-01 08:31:55.400000,2025-10-01 08:32:36.400000,2025-10-01 08:32:36.400000,2025-10-01 08:32:44.400000,2025-10-01 08:32:44.400000,0.0,28891.0,877.94,83,83;82;81;80;79;87;94,0,0
3,HOSTTRANSFER-20251001081808262,FE-H0403,50,2025-10-01 08:18:08.262000,P21,P14,OHT06,2025-10-01 08:18:13.200000,4938,2025-10-01 08:27:27.600000,2025-10-01 08:27:27.600000,2025-10-01 08:27:35.600000,2025-10-01 08:27:35.600000,2025-10-01 08:29:22.800000,2025-10-01 08:29:22.800000,2025-10-01 08:29:30.800000,2025-10-01 08:29:30.800000,0.0,75446.6,682.538,45,45;104;106;107;105;44;41;38;33;4;2;1;3;5;14;23;32;34;39;40;43;47;54;53,1,400
3,HOSTTRANSFER-20251001081810693,FE-H0239,50,2025-10-01 08:18:10.693000,P29,P23,OHT12,2025-10-01 08:32:23.800000,853107,2025-10-01 08:43:54,2025-10-01 08:43:54,2025-10-01 08:44:02,2025-10-01 08:44:02,2025-10-01 08:45:56.200000,2025-10-01 08:45:56.200000,2025-10-01 08:46:04.200000,2025-10-01 08:46:04.200000,0.0,80861.0,1673.507,113,113;112;111;109;108;103;102;100;93;94;95;96;97;98;90;83,0,0
3,HOSTTRANSFER-20251001081815229,FE-H0410,90,2025-10-01 08:18:15.229000,P34,P32,OHT12,2025-10-01 08:18:15.400000,171,2025-10-01 08:33:16.400000,2025-10-01 08:33:16.400000,2025-10-01 08:33:24.400000,2025-10-01 08:33:24.400000,2025-10-01 08:34:21.600000,2025-10-01 08:34:21.600000,2025-10-01 08:34:29.600000,2025-10-01 08:34:29.600000,0.0,40303.0,974.371,129,129;130;131;125;121;116,1,200
3,HOSTTRANSFER-20251001081816853,AL-H0148,53,2025-10-01 08:18:16.853000,P21,P06,OHT02,2025-10-01 08:18:18.200000,1347,2025-10-01 08:22:15.600000,2025-10-01 08:22:15.600000,2025-10-01 08:22:23.600000,2025-10-01 08:22:23.600000,2025-10-01 08:23:39.600000,2025-10-01 08:23:39.600000,2025-10-01 08:23:47.600000,2025-10-01 08:23:47.600000,0.0,53837.6,330.747,45,45;104;106;107;105;44;41;38;33;4;2;1;3;5;13;12;11,0,0
3,HOSTTRANSFER-20251001081818507,AL-H0149,50,2025-10-01 08:18:18.507000,P21,P14,OHT03,2025-10-01 08:18:23.200000,4693,2025-10-01 08:37:19,2025-10-01 08:37:19,2025-10-01 08:37:27,2025-10-01 08:37:27,2025-10-01 08:39:20.400000,2025-10-01 08:39:20.400000,2025-10-01 08:39:28.400000,2025-10-01 08:39:28.400000,0.0,75446.6,1269.893,45,45;104;106;107;105;44;41;38;33;4;2;1;3;5;14;23;32;34;39;40;43;47;54;53,1,6600
3,HOSTTRANSFER-20251001081819236,AL-H0119,50,2025-10-01 08:18:19.236000,P19,P12,OHT08,2025-10-01 08:21:43.400000,204164,2025-10-01 08:22:20.800000,2025-10-01 08:22:20.800000,2025-10-01 08:22:28.800000,2025-10-01 08:22:28.800000,2025-10-01 08:25:29,2025-10-01 08:25:29,2025-10-01 08:25:37,2025-10-01 08:25:37,0.0,127763.3,437.764,71,71;72;64;60;53;52;51;50;49;48;46;31;24;25;26;27;28;29;30;32;34;39;40;43,0,0
3,HOSTTRANSFER-20251001081820459,AL-H0137,50,2025-10-01 08:18:20.459000,P01,P04,OHT07,2025-10-01 08:30:07.600000,707141,2025-10-01 08:32:36.800000,2025-10-01 08:32:36.800000,2025-10-01 08:32:44.800000,2025-10-01 08:32:44.800000,2025-10-01 08:34:47.600000,2025-10-01 08:34:47.600000,2025-10-01 08:34:55.600000,2025-10-01 08:34:55.600000,0.0,75414.2,995.141,7,7;6;15;19;25;26;27;28;29;22;18;12;11;10,2,15600
3,HOSTTRANSFER-20251001081822718,FE-H0415,50,2025-10-01 08:18:22.718000,P29,P32,OHT20,2025-10-01 08:18:23.200000,482,2025-10-01 08:27:12,2025-10-01 08:27:12,2025-10-01 08:27:20,2025-10-01 08:27:20,2025-10-01 08:28:59,2025-10-01 08:28:59,2025-10-01 08:29:07,2025-10-01 08:29:07,0.0,60550.8,644.282,113,113;112;118;122;127;128;129;130;131;125;121;116,4,12400
3,HOSTTRANSFER-20251001081824149,AL-H0150,50,2025-10-01 08:18:24.149000,P21,P19,OHT08,2025-10-01 08:18:28.200000,4051,2025-10-01 08:40:42.600000,2025-10-01 08:40:42.600000,2025-10-01 08:40:50.600000,2025-10-01 08:40:50.600000,2025-10-01 08:43:03.400000,2025-10-01 08:43:03.400000,2025-10-01 08:43:11.400000,2025-10-01 08:43:11.400000,0.0,94069.3,1487.251,45,45;104;106;107;105;44;41;38;33;4;2;1;3;5;14;23;32;34;39;40;43;47;54;53;52;59;63;71,0,0
3,HOSTTRANSFER-20251001081826250,FE-H0185,50,2025-10-01 08:18:26.250000,P21,P18,OHT07,2025-10-01 08:18:28.200000,1950,2025-10-01 08:57:34.800000,2025-10-01 08:57:34.800000,2025-10-01 08:57:42.800000,2025-10-01 08:57:42.800000,2025-10-01 09:00:20.400000,2025-10-01 09:00:20.400000,2025-10-01 09:00:28.400000,2025-10-01 09:00:28.400000,71666.2,111703.8,2522.15,9;8;7;6;15;19;25;26;27;28;29;30;32;34;39;40;45,45;104;106;107;105;44;41;38;33;4;2;1;3;5;14;23;32;34;39;40;43;47;54;53;52;51;50;49;57;61;68;69;70,1,200
3,HOSTTRANSFER-20251001081828983,AL-H0138,50,2025-10-01 08:18:28.983000,P04,P08,OHT03,2025-10-01 08:18:33.200000,4217,2025-10-01 08:25:01.400000,2025-10-01 08:25:01.400000,2025-10-01 08:25:09.400000,2025-10-01 08:25:09.400000,2025-10-01 08:25:46.600000,2025-10-01 08:25:46.600000,2025-10-01 08:25:54.600000,2025-10-01 08:25:54.600000,7790.0,26202.2,445.617,10,10;9;8;7;6;15;19;25,1,4000
3,HOSTTRANSFER-20251001081831004,FE-H0418,90,2025-10-01 08:18:31.004000,P34,P33,OHT14,2025-10-01 08:18:31.200000,196,2025-10-01 08:48:57.400000,2025-10-01 08:48:57.400000,2025-10-01 08:49:05.400000,2025-10-01 08:49:05.400000,2025-10-01 08:51:01.200000,2025-10-01 08:51:01.200000,2025-10-01 08:51:09.200000,2025-10-01 08:51:09.200000,0.0,81887.2,1958.196,129,129;130;131;125;121;116;115;114;113;112;118;122;127,1,200
3,HOSTTRANSFER-20251001081833000,AL-H0130,50,2025-10-01 08:18:33,P15,P12,OHT09,2025-10-01 08:18:33.200000,200,2025-10-01 08:22:19,2025-10-01 08:22:19,2025-10-01 08:22:27,2025-10-01 08:22:27,2025-10-01 08:24:53,2025-10-01 08:24:53,2025-10-01 08:25:01,2025-10-01 08:25:01,18875.7,96019.7,388.0,71;72;64;60;53,53;52;51;50;49;48;46;31;24;25;26;27;28;29;30;32;34;39;40;43,4,21200
3,HOSTTRANSFER-20251001081835271,FE-H0413,50,2025-10-01 08:18:35.271000,P21,P15,OHT04,2025-10-01 08:18:38.200000,2929,2025-10-01 08:46:36.600000,2025-10-01 08:46:36.600000,2025-10-01 08:46:44.600000,2025-10-01 08:46:44.600000,2025-10-01 08:48:13.200000,2025-10-01 08:48:13.200000,2025-10-01 08:48:21.200000,2025-10-01 08:48:21.200000,0.0,62818.5,1785.929,45,45;104;106;107;105;44;41;38;33;4;2;1;3;5;14;23;32;34;39;40;43;47;54;53,0,0
3,HOSTTRANSFER-20251001081837573,FE-H0349,50,2025-10-01 08:18:37.573000,P34,P31,OHT20,2025-10-01 08:24:46.600000,369027,2025-10-01 08:39:44.400000,2025-10-01 08:39:44.400000,2025-10-01 08:39:52.400000,2025-10-01 08:39:52.400000,2025-10-01 08:41:17.600000,2025-10-01 08:41:17.600000,2025-10-01 08:41:25.600000,2025-10-01 08:41:25.600000,0.0,52973.0,1368.027,129,129;130;131;125;121;116,4,9800
3,HOSTTRANSFER-20251001081839599,FE-H0399,50,2025-10-01 08:18:39.599000,P35,P29,OHT10,2025-10-01 08:18:43.200000,3601,2025-10-01 08:26:56.400000,2025-10-01 08:26:56.400000,2025-10-01 08:27:04.400000,2025-10-01 08:27:04.400000,2025-10-01 08:28:39.200000,2025-10-01 08:28:39.200000,2025-10-01 08:28:47.200000,2025-10-01 08:28:47.200000,0.0,60566.2,607.601,130,130;131;125;121;116;115;114;113,1,9000
3,HOSTTRANSFER-20251001081841168,FE-H0390,99,2025-10-01 08:18:41.168000,P32,P33,OHT13,2025-10-01 08:18:41.200000,32,2025-10-01 08:26:00,2025-10-01 08:26:00,2025-10-01 08:26:08,2025-10-01 08:26:08,2025-10-01 08:27:08.600000,2025-10-01 08:27:08.600000,2025-10-01 08:27:16.600000,2025-10-01 08:27:16.600000,0.0,41584.2,515.432,116,116;115;114;113;112;118;122;127,1,1400
3,HOSTTRANSFER-20251001081843451,AL-H0002,50,2025-10-01 08:18:43.451000,P10,P04,OHT04,2025-10-01 08:18:48.200000,4749,2025-10-01 08:21:39,2025-10-01 08:21:39,2025-10-01 08:21:47,2025-10-01 08:21:47,2025-10-01 08:22:52.800000,2025-10-01 08:22:52.800000,2025-10-01 08:23:00.800000,2025-10-01 08:23:00.800000,15727.8,46561.4,257.349,25;26;27;28,28;29;22;18;12;11;10,0,0
3,HOSTTRANSFER-20251001081844761,AL-H0069,50,2025-10-01 08:18:44.761000,P09,P04,OHT05,2025-10-01 08:18:48.200000,3439,2025-10-01 08:23:15.200000,2025-10-01 08:23:15.200000,2025-10-01 08:23:23.200000,2025-10-01 08:23:23.200000,2025-10-01 08:24:43.200000,2025-10-01 08:24:43.200000,2025-10-01 08:24:51.200000,2025-10-01 08:24:51.200000,18781.1,56633.1,366.439,7;6;15;19;25;26,26;27;28;29;22;18;12;11;10,0,0
3,HOSTTRANSFER-20251001081846579,AL-H0151,50,2025-10-01 08:18:46.579000,P08,P04,OHT03,2025-10-01 08:18:48.200000,1621,2025-10-01 08:25:54.600000,2025-10-01 08:25:54.600000,2025-10-01 08:26:02.600000,2025-10-01 08:26:02.600000,2025-10-01 08:27:44.200000,2025-10-01 08:27:44.200000,2025-10-01 08:27:52.200000,2025-10-01 08:27:52.200000,0.0,62289.2,545.621,25,25;26;27;28;29;22;18;12;11;10,2,13200
3,HOSTTRANSFER-20251001081848227,AL-H0127,50,2025-10-01 08:18:48.227000,P21,P14,OHT02,2025-10-01 08:18:53.200000,4973,2025-10-01 08:44:06.400000,2025-10-01 08:44:06.400000,2025-10-01 08:44:14.400000,2025-10-01 08:44:14.400000,2025-10-01 08:46:00.800000,2025-10-01 08:46:00.800000,2025-10-01 08:46:08.800000,2025-10-01 08:46:08.800000,0.0,75446.6,1640.573,45,45;104;106;107;105;44;41;38;33;4;2;1;3;5;14;23;32;34;39;40;43;47;54;53,0,0
3,HOSTTRANSFER-20251001081850043,AL-H0153,50,2025-10-01 08:18:50.043000,P08,P04,OHT07,2025-10-01 08:18:53.200000,3157,2025-10-01 08:25:08.600000,2025-10-01 08:25:08.600000,2025-10-01 08:25:16.600000,2025-10-01 08:25:16.600000,2025-10-01 08:26:54.200000,2025-10-01 08:26:54.200000,2025-10-01 08:27:02.200000,2025-10-01 08:27:02.200000,19533.0,62289.2,492.157,8;7;6;15;19;25,25;26;27;28;29;22;18;12;11;10,3,9200
3,HOSTTRANSFER-20251001081856155,FE-H0427,90,2025-10-01 08:18:56.155000,P34,P33,OHT11,2025-10-01 08:18:56.200000,45,2025-10-01 08:53:45.800000,2025-10-01 08:53:45.800000,2025-10-01 08:53:53.800000,2025-10-01 08:53:53.800000,2025-10-01 08:55:49.600000,2025-10-01 08:55:49.600000,2025-10-01 08:55:57.600000,2025-10-01 08:55:57.600000,0.0,81887.2,2221.445,129,129;130;131;125;121;116;115;114;113;112;118;122;127,1,200
3,HOSTTRANSFER-20251001081900860,FE-H0360,50,2025-10-01 08:19:00.860000,P23,P30,OHT15,2025-10-01 08:19:01,140,2025-10-01 08:46:14.400000,2025-10-01 08:46:14.400000,2025-10-01 08:46:22.400000,2025-10-01 08:46:22.400000,2025-10-01 08:48:23,2025-10-01 08:48:23,2025-10-01 08:48:31,2025-10-01 08:48:31,0.0,81210.6,1770.14,83,83;82;89;97;98;99;101;110;117;116;115;114,1,5600
3,HOSTTRANSFER-20251001081903415,AL-H0092,50,2025-10-01 08:19:03.415000,P17,P03,OHT06,2025-10-01 08:19:06,2585,2025-10-01 08:52:09,2025-10-01 08:52:09,2025-10-01 08:52:17,2025-10-01 08:52:17,2025-10-01 08:56:11.400000,2025-10-01 08:56:11.400000,2025-10-01 08:56:19.400000,2025-10-01 08:56:19.400000,7003.0,159996.0,2235.985,68;69;70,70;71;72;64;60;53;52;51;50;49;48;46;31;24;25;26;27;28;29;22;18;12;11;10;9,4,8200
3,HOSTTRANSFER-20251001081907141,AL-H0156,50,2025-10-01 08:19:07.141000,P21,P20,OHT01,2025-10-01 08:19:11,3859,2025-10-01 08:37:00.800000,2025-10-01 08:37:00.800000,2025-10-01 08:37:08.800000,2025-10-01 08:37:08.800000,2025-10-01 08:39:39.600000,2025-10-01 08:39:39.600000,2025-10-01 08:39:47.600000,2025-10-01 08:39:47.600000,0.0,106937.2,1240.459,45,45;104;106;107;105;44;41;38;33;4;2;1;3;5;14;23;32;34;39;40;43;47;54;53;52;59;63;71,0,0
3,HOSTTRANSFER-20251001081908460,FE-H0433,50,2025-10-01 08:19:08.460000,P29,P32,OHT10,2025-10-01 08:19:11,2540,2025-10-01 08:40:56.600000,2025-10-01 08:40:56.600000,2025-10-01 08:41:04.600000,2025-10-01 08:41:04.600000,2025-10-01 08:42:35.600000,2025-10-01 08:42:35.600000,2025-10-01 08:42:43.600000,2025-10-01 08:42:43.600000,15620.2,60550.8,1415.14,116;115;114;113,113;112;118;122;127;128;129;130;131;125;121;116,3,4800
3,HOSTTRANSFER-20251001081910452,AL-H0019,50,2025-10-01 08:19:10.452000,P05,P04,OHT09,2025-10-01 08:31:51.200000,760748,2025-10-01 08:34:18.200000,2025-10-01 08:34:18.200000,2025-10-01 08:34:26.200000,2025-10-01 08:34:26.200000,2025-10-01 08:34:37.400000,2025-10-01 08:34:37.400000,2025-10-01 08:34:45.400000,2025-10-01 08:34:45.400000,0.0,7790.0,934.948,10,10,0,0
3,HOSTTRANSFER-20251001081912093,FE-H0436,90,2025-10-01 08:19:12.093000,P34,P33,OHT17,2025-10-01 08:19:12.200000,107,2025-10-01 08:26:54.200000,2025-10-01 08:26:54.200000,2025-10-01 08:27:02.200000,2025-10-01 08:27:02.200000,2025-10-01 08:29:20.200000,2025-10-01 08:29:20.200000,2025-10-01 08:29:28.200000,2025-10-01 08:29:28.200000,6953.8,81887.2,616.107,127;128;129,129;130;131;125;121;116;115;114;113;112;118;122;127,5,21200
3,HOSTTRANSFER-20251001081914547,FE-H0367,53,2025-10-01 08:19:14.547000,P33,P30,OHT12,2025-10-01 08:19:16,1453,2025-10-01 08:27:26.800000,2025-10-01 08:27:26.800000,2025-10-01 08:27:34.800000,2025-10-01 08:27:34.800000,2025-10-01 08:29:25.400000,2025-10-01 08:29:25.400000,2025-10-01 08:29:33.400000,2025-10-01 08:29:33.400000,18817.0,70024.0,618.853,114;113;112;118;122;127,127;128;129;130;131;125;121;116;115;114,5,19000
3,HOSTTRANSFER-20251001081917233,AL-H0048,50,2025-10-01 08:19:17.233000,P18,P11,OHT02,2025-10-01 08:19:21,3767,2025-10-01 08:26:51.600000,2025-10-01 08:26:51.600000,2025-10-01 08:26:59.600000,2025-10-01 08:26:59.600000,2025-10-01 08:29:48.600000,2025-10-01 08:29:48.600000,2025-10-01 08:29:56.600000,2025-10-01 08:29:56.600000,0.0,119714.3,639.367,70,70;71;72;64;60;53;52;51;50;49;48;46;31;24;25;26;27;28,1,200
3,HOSTTRANSFER-20251001081918811,FE-H0401,99,2025-10-01 08:19:18.811000,P33,P34,OHT15,2025-10-01 08:19:19,189,2025-10-01 08:23:19.200000,2025-10-01 08:23:19.200000,2025-10-01 08:23:27.200000,2025-10-01 08:23:27.200000,2025-10-01 08:23:37.200000,2025-10-01 08:23:37.200000,2025-10-01 08:23:45.200000,2025-10-01 08:23:45.200000,0.0,6953.8,266.389,127,127;128;129,0,0
3,HOSTTRANSFER-20251001081921863,FE-H0438,50,2025-10-01 08:19:21.863000,P31,P35,OHT18,2025-10-01 08:19:26,4137,2025-10-01 08:22:20.200000,2025-10-01 08:22:20.200000,2025-10-01 08:22:28.200000,2025-10-01 08:22:28.200000,2025-10-01 08:22:54,2025-10-01 08:22:54,2025-10-01 08:23:02,2025-10-01 08:23:02,12670.0,18178.8,220.137,116,116;115;120;124;130,0,0
3,HOSTTRANSFER-20251001081923604,AL-H0088,50,2025-10-01 08:19:23.604000,P03,P04,OHT05,2025-10-01 08:19:26,2396,2025-10-01 08:27:01,2025-10-01 08:27:01,2025-10-01 08:27:09,2025-10-01 08:27:09,2025-10-01 08:29:14.800000,2025-10-01 08:29:14.800000,2025-10-01 08:29:22.800000,2025-10-01 08:29:22.800000,6299.2,82192.2,599.196,10;9,9;8;7;6;15;19;25;26;27;28;29;22;18;12;11;10,2,9600
3,HOSTTRANSFER-20251001081929244,AL-H0136,50,2025-10-01 08:19:29.244000,P17,P12,OHT16,2025-10-01 08:19:31,1756,2025-10-01 08:55:51.800000,2025-10-01 08:55:51.800000,2025-10-01 08:55:59.800000,2025-10-01 08:55:59.800000,2025-10-01 08:59:12.400000,2025-10-01 08:59:12.400000,2025-10-01 08:59:20.400000,2025-10-01 08:59:20.400000,42012.4,136448.8,2391.156,83;82;81;80;79;78;76;74;67;68;69;70,70;71;72;64;60;53;52;51;50;49;48;46;31;24;25;26;27;28;29;30;32;34;39;40;43,1,200
3,HOSTTRANSFER-20251001081935963,FE-H0442,50,2025-10-01 08:19:35.963000,P12,P21,OHT15,2025-10-01 08:19:36,37,2025-10-01 08:53:52.200000,2025-10-01 08:53:52.200000,2025-10-01 08:54:00.200000,2025-10-01 08:54:00.200000,2025-10-01 08:56:45.600000,2025-10-01 08:56:45.600000,2025-10-01 08:56:53.600000,2025-10-01 08:56:53.600000,45041.2,113611.6,2237.637,25;26;27;28;29;30;32;34;39;40;43,43;47;54;53;52;51;50;49;48;46;31;24;25;26;27;28;29;30;32;34;39;40;45,1,5000
3,HOSTTRANSFER-20251001081938738,FE-H0404,99,2025-10-01 08:19:38.738000,P33,P31,OHT18,2025-10-01 08:26:00,381262,2025-10-01 08:44:33.200000,2025-10-01 08:44:33.200000,2025-10-01 08:44:41.200000,2025-10-01 08:44:41.200000,2025-10-01 08:46:05.800000,2025-10-01 08:46:05.800000,2025-10-01 08:46:13.800000,2025-10-01 08:46:13.800000,0.0,59926.8,1595.062,127,127;128;129;130;131;125;121;116,0,0
3,HOSTTRANSFER-20251001081940539,AL-H0077,53,2025-10-01 08:19:40.539000,P04,P05,OHT09,2025-10-01 09:05:05.800000,2725261,2025-10-01 09:05:47,2025-10-01 09:05:47,2025-10-01 09:05:55,2025-10-01 09:05:55,2025-10-01 09:07:12.200000,2025-10-01 09:07:12.200000,2025-10-01 09:07:20.200000,2025-10-01 09:07:20.200000,29076.1,54661.4,2859.661,28;29;22;18;12;11;10,10;9;17;21;28;29;22;18;12;11;10,0,0
3,HOSTTRANSFER-20251001081942077,AL-H0158,53,2025-10-01 08:19:42.077000,P04,P08,OHT04,2025-10-01 08:19:42.200000,123,2025-10-01 08:20:23.400000,2025-10-01 08:20:23.400000,2025-10-01 08:20:31.400000,2025-10-01 08:20:31.400000,2025-10-01 08:21:08.600000,2025-10-01 08:21:08.600000,2025-10-01 08:21:16.600000,2025-10-01 08:21:16.600000,0.0,26202.2,94.523,10,10;9;8;7;6;15;19;25,0,0
3,HOSTTRANSFER-20251001081944192,AL-H0155,50,2025-10-01 08:19:44.192000,P13,P04,OHT19,2025-10-01 08:19:47.200000,3008,2025-10-01 08:48:47.800000,2025-10-01 08:48:47.800000,2025-10-01 08:48:55.800000,2025-10-01 08:48:55.800000,2025-10-01 08:50:55.600000,2025-10-01 08:50:55.600000,2025-10-01 08:51:03.600000,2025-10-01 08:51:03.600000,0.0,84930.4,1879.408,50,50;49;48;46;31;24;25;26;27;28;29;22;18;12;11;10,0,0
3,HOSTTRANSFER-20251001081948732,FE-H0411,50,2025-10-01 08:19:48.732000,P36,P30,OHT17,2025-10-01 08:19:52.200000,3468,2025-10-01 08:30:24.200000,2025-10-01 08:30:24.200000,2025-10-01 08:30:32.200000,2025-10-01 08:30:32.200000,2025-10-01 08:31:31.200000,2025-10-01 08:31:31.200000,2025-10-01 08:31:39.200000,2025-10-01 08:31:39.200000,0.0,41740.2,710.468,130,130;131;125;121;116;115;114,0,0
3,HOSTTRANSFER-20251001081952211,FE-H0447,50,2025-10-01 08:19:52.211000,P32,P29,OHT20,2025-10-01 08:19:57.200000,4989,2025-10-01 08:29:07,2025-10-01 08:29:07,2025-10-01 08:29:15,2025-10-01 08:29:15,2025-10-01 08:29:55,2025-10-01 08:29:55,2025-10-01 08:30:03,2025-10-01 08:30:03,0.0,28290.2,610.789,116,116;115;114;113,0,0
3,HOSTTRANSFER-20251001081952695,AL-H0147,50,2025-10-01 08:19:52.695000,P18,P06,OHT14,2025-10-01 08:19:57.200000,4505,2025-10-01 08:54:11.800000,2025-10-01 08:54:11.800000,2025-10-01 08:54:19.800000,2025-10-01 08:54:19.800000,2025-10-01 08:58:03.800000,2025-10-01 08:58:03.800000,2025-10-01 08:58:11.800000,2025-10-01 08:58:11.800000,104192.6,140147.8,2299.105,129;130;131;125;121;116;115;114;113;112;111;109;108;103;102;100;91;85;76;74;67;68;69;70,70;71;72;64;60;53;52;51;50;49;48;46;31;24;25;26;27;28;29;22;18;12;11,10,34000
3,HOSTTRANSFER-20251001081953995,FE-H0158,50,2025-10-01 08:19:53.995000,P27,P22,OHT11,2025-10-01 08:19:57.200000,3205,2025-10-01 08:28:34.800000,2025-10-01 08:28:34.800000,2025-10-01 08:28:42.800000,2025-10-01 08:28:42.800000,2025-10-01 08:29:49.200000,2025-10-01 08:29:49.200000,2025-10-01 08:29:57.200000,2025-10-01 08:29:57.200000,12880.0,46919.2,603.205,97,97;98;90;83;82;81;80,0,0
3,HOSTTRANSFER-20251001081955377,FE-H0168,53,2025-10-01 08:19:55.377000,P23,P27,OHT20,2025-10-01 08:19:57.200000,1823,2025-10-01 08:22:41.200000,2025-10-01 08:22:41.200000,2025-10-01 08:22:49.200000,2025-10-01 08:22:49.200000,2025-10-01 08:23:33.400000,2025-10-01 08:23:33.400000,2025-10-01 08:23:41.400000,2025-10-01 08:23:41.400000,0.0,31171.2,226.023,83,83;82;89;97,0,0
3,HOSTTRANSFER-20251001081957065,FE-H0410,99,2025-10-01 08:19:57.065000,P32,P33,OHT13,2025-10-01 08:34:29.600000,872535,2025-10-01 08:39:47.400000,2025-10-01 08:39:47.400000,2025-10-01 08:39:55.400000,2025-10-01 08:39:55.400000,2025-10-01 08:41:06.800000,2025-10-01 08:41:06.800000,2025-10-01 08:41:14.800000,2025-10-01 08:41:14.800000,19007.1,41584.2,1277.735,98;99;101;110;117;116,116;115;114;113;112;118;122;127,3,14600
3,HOSTTRANSFER-20251001081959087,FE-H0452,53,2025-10-01 08:19:59.087000,P23,P24,OHT18,2025-10-01 08:20:02.200000,3113,2025-10-01 08:28:48,2025-10-01 08:28:48,2025-10-01 08:28:56,2025-10-01 08:28:56,2025-10-01 08:30:06.200000,2025-10-01 08:30:06.200000,2025-10-01 08:30:14.200000,2025-10-01 08:30:14.200000,0.0,49713.4,615.113,83,83;82;89;97;98;90;83,0,0
3,HOSTTRANSFER-20251001082001515,FE-H0424,50,2025-10-01 08:20:01.515000,P29,P32,OHT13,2025-10-01 08:20:02.200000,685,2025-10-01 08:35:05.600000,2025-10-01 08:35:05.600000,2025-10-01 08:35:13.600000,2025-10-01 08:35:13.600000,2025-10-01 08:36:41.400000,2025-10-01 08:36:41.400000,2025-10-01 08:36:49.400000,2025-10-01 08:36:49.400000,5523.0,60550.8,1007.885,114;113,113;112;118;122;127;128;129;130;131;125;121;116,3,15800
3,HOSTTRANSFER-20251001082003640,AL-H0150,50,2025-10-01 08:20:03.640000,P15,P05,OHT13,2025-10-01 08:43:11.400000,1387760,2025-10-01 08:56:23.800000,2025-10-01 08:56:23.800000,2025-10-01 08:56:31.800000,2025-10-01 08:56:31.800000,2025-10-01 08:59:00.600000,2025-10-01 08:59:00.600000,2025-10-01 08:59:08.600000,2025-10-01 08:59:08.600000,62818.5,105477.7,2344.96,45;104;106;107;105;44;41;38;33;4;2;1;3;5;14;23;32;34;39;40;43;47;54;53,53;52;51;50;49;48;46;31;24;25;26;27;28;29;22;18;12;11;10,0,0
3,HOSTTRANSFER-20251001082004200,AL-H0089,50,2025-10-01 08:20:04.200000,P09,P06,OHT01,2025-10-01 08:22:20.800000,136600,2025-10-01 08:25:58,2025-10-01 08:25:58,2025-10-01 08:26:06,2025-10-01 08:26:06,2025-10-01 08:27:07.200000,2025-10-01 08:27:07.200000,2025-10-01 08:27:15.200000,2025-10-01 08:27:15.200000,0.0,43364.1,431.0,26,26;27;28;29;22;18;12;11,0,0
3,HOSTTRANSFER-20251001082004767,AL-H0147,50,2025-10-01 08:20:04.767000,P12,P05,OHT15,2025-10-01 08:58:11.800000,2287033,2025-10-01 09:00:53.600000,2025-10-01 09:00:53.600000,2025-10-01 09:01:01.600000,2025-10-01 09:01:01.600000,2025-10-01 09:03:45.600000,2025-10-01 09:03:45.600000,2025-10-01 09:03:53.600000,2025-10-01 09:03:53.600000,45041.2,116347.6,2628.833,25;26;27;28;29;30;32;34;39;40;43,43;47;54;53;52;51;50;49;48;46;31;24;25;26;27;28;29;22;18;12;11;10,0,0
3,HOSTTRANSFER-20251001082005673,AL-H0162,50,2025-10-01 08:20:05.673000,P03,P21,OHT03,2025-10-01 08:20:07.200000,1527,2025-10-01 08:35:14.800000,2025-10-01 08:35:14.800000,2025-10-01 08:35:22.800000,2025-10-01 08:35:22.800000,2025-10-01 08:37:11,2025-10-01 08:37:11,2025-10-01 08:37:19,2025-10-01 08:37:19,0.0,71666.2,1033.327,9,9;8;7;6;15;19;25;26;27;28;29;30;32;34;39;40;45,2,6800
3,HOSTTRANSFER-20251001082008563,AL-H0115,50,2025-10-01 08:20:08.563000,P01,P02,OHT07,2025-10-01 08:20:30.400000,21837,2025-10-01 08:22:28.800000,2025-10-01 08:22:28.800000,2025-10-01 08:22:36.800000,2025-10-01 08:22:36.800000,2025-10-01 08:24:32.600000,2025-10-01 08:24:32.600000,2025-10-01 08:24:40.600000,2025-10-01 08:24:40.600000,0.0,82083.4,272.037,7,7;6;15;19;25;26;27;28;29;22;18;12;11;10;9;8,0,0
3,HOSTTRANSFER-20251001082009337,AL-H0153,50,2025-10-01 08:20:09.337000,P08,P21,OHT04,2025-10-01 08:27:04.600000,415263,2025-10-01 08:45:07.400000,2025-10-01 08:45:07.400000,2025-10-01 08:45:15.400000,2025-10-01 08:45:15.400000,2025-10-01 08:46:28.600000,2025-10-01 08:46:28.600000,2025-10-01 08:46:36.600000,2025-10-01 08:46:36.600000,26202.2,51763.2,1587.263,10;9;8;7;6;15;19;25,25;26;27;28;29;30;32;34;39;40;45,0,0
3,HOSTTRANSFER-20251001082010827,AL-H0147,50,2025-10-01 08:20:10.827000,P05,P01,OHT20,2025-10-01 09:03:53.600000,2622773,2025-10-01 09:04:19.600000,2025-10-01 09:04:19.600000,2025-10-01 09:04:27.600000,2025-10-01 09:04:27.600000,2025-10-01 09:04:57.200000,2025-10-01 09:04:57.200000,2025-10-01 09:05:05.200000,2025-10-01 09:05:05.200000,18354.4,20867.2,2694.373,28;29;22;18;12;11;10,10;9;8;7,0,0
3,HOSTTRANSFER-20251001082012337,AL-H0148,50,2025-10-01 08:20:12.337000,P13,P05,OHT17,2025-10-01 08:23:50,217663,2025-10-01 08:47:50.800000,2025-10-01 08:47:50.800000,2025-10-01 08:47:58.800000,2025-10-01 08:47:58.800000,2025-10-01 08:49:47.600000,2025-10-01 08:49:47.600000,2025-10-01 08:49:55.600000,2025-10-01 08:49:55.600000,49034.4,77140.4,1783.263,83;82;81;80;79;78;76;74;67;68;69;62;58;50,50;49;48;46;31;24;25;26;27;28;29;22;18;12;11;10,0,0
3,HOSTTRANSFER-20251001082013852,AL-H0132,50,2025-10-01 08:20:13.852000,P08,P01,OHT05,2025-10-01 08:21:23.400000,69548,2025-10-01 08:22:12.800000,2025-10-01 08:22:12.800000,2025-10-01 08:22:20.800000,2025-10-01 08:22:20.800000,2025-10-01 08:22:40.600000,2025-10-01 08:22:40.600000,2025-10-01 08:22:48.600000,2025-10-01 08:22:48.600000,0.0,13885.0,154.748,25,25;26;20;16;7,0,0
3,HOSTTRANSFER-20251001082015221,AL-H0082,50,2025-10-01 08:20:15.221000,P03,P11,OHT14,2025-10-01 08:20:15.400000,179,2025-10-01 08:25:29.800000,2025-10-01 08:25:29.800000,2025-10-01 08:25:37.800000,2025-10-01 08:25:37.800000,2025-10-01 08:26:50.800000,2025-10-01 08:26:50.800000,2025-10-01 08:26:58.800000,2025-10-01 08:26:58.800000,6299.2,48489.7,403.579,10;9,9;8;7;6;15;19;25;26;27;28,4,3400
3,HOSTTRANSFER-20251001082017517,FE-H0430,50,2025-10-01 08:20:17.517000,P29,P32,OHT10,2025-10-01 08:20:20.400000,2883,2025-10-01 08:28:47.200000,2025-10-01 08:28:47.200000,2025-10-01 08:28:55.200000,2025-10-01 08:28:55.200000,2025-10-01 08:30:20.800000,2025-10-01 08:30:20.800000,2025-10-01 08:30:28.800000,2025-10-01 08:30:28.800000,0.0,60550.8,611.283,113,113;112;118;122;127;128;129;130;131;125;121;116,0,0
3,HOSTTRANSFER-20251001082020587,AL-H0158,53,2025-10-01 08:20:20.587000,P04,P08,OHT07,2025-10-01 08:21:18.400000,57813,2025-10-01 08:27:02.200000,2025-10-01 08:27:02.200000,2025-10-01 08:27:10.200000,2025-10-01 08:27:10.200000,2025-10-01 08:27:47.400000,2025-10-01 08:27:47.400000,2025-10-01 08:27:55.400000,2025-10-01 08:27:55.400000,0.0,26202.2,454.813,10,10;9;8;7;6;15;19;25,0,0
3,HOSTTRANSFER-20251001082022547,FE-H0238,50,2025-10-01 08:20:22.547000,P35,P31,OHT18,2025-10-01 08:20:25.400000,2853,2025-10-01 08:23:02,2025-10-01 08:23:02,2025-10-01 08:23:10,2025-10-01 08:23:10,2025-10-01 08:24:13.600000,2025-10-01 08:24:13.600000,2025-10-01 08:24:21.600000,2025-10-01 08:24:21.600000,0.0,44946.0,239.053,130,130;131;125;121;116,0,0
3,HOSTTRANSFER-20251001082025232,AL-H0017,53,2025-10-01 08:20:25.232000,P14,P03,OHT06,2025-10-01 08:20:25.400000,168,2025-10-01 08:29:30.800000,2025-10-01 08:29:30.800000,2025-10-01 08:29:38.800000,2025-10-01 08:29:38.800000,2025-10-01 08:32:21.400000,2025-10-01 08:32:21.400000,2025-10-01 08:32:29.400000,2025-10-01 08:32:29.400000,0.0,106938.8,724.168,53,53;52;51;50;49;48;46;31;24;25;26;27;28;29;22;18;12;11;10;9,1,11400
3,HOSTTRANSFER-20251001082030825,FE-H0458,50,2025-10-01 08:20:30.825000,P25,P32,OHT11,2025-10-01 08:20:35.400000,4575,2025-10-01 08:30:15.600000,2025-10-01 08:30:15.600000,2025-10-01 08:30:23.600000,2025-10-01 08:30:23.600000,2025-10-01 08:32:02,2025-10-01 08:32:02,2025-10-01 08:32:10,2025-10-01 08:32:10,12877.0,55712.0,699.175,80;79;87;94,94;95;96;97;98;99;101;110;117;116,2,19000
3,HOSTTRANSFER-20251001082033105,AL-H0045,53,2025-10-01 08:20:33.105000,P21,P08,OHT03,2025-10-01 08:20:35.400000,2295,2025-10-01 08:41:56.200000,2025-10-01 08:41:56.200000,2025-10-01 08:42:04.200000,2025-10-01 08:42:04.200000,2025-10-01 08:44:44.600000,2025-10-01 08:44:44.600000,2025-10-01 08:44:52.600000,2025-10-01 08:44:52.600000,0.0,113797.0,1459.495,45,45;104;106;107;105;44;41;38;33;4;2;1;3;5;14;23;32;34;39;40;43;47;54;53;52;51;50;49;48;46;31;24;25,0,0
3,HOSTTRANSFER-20251001082034605,AL-H0008,50,2025-10-01 08:20:34.605000,P18,P13,OHT04,2025-10-01 08:20:35.400000,795,2025-10-01 08:28:32,2025-10-01 08:28:32,2025-10-01 08:28:40,2025-10-01 08:28:40,2025-10-01 08:30:26.600000,2025-10-01 08:30:26.600000,2025-10-01 08:30:34.600000,2025-10-01 08:30:34.600000,280.0,68486.4,599.995,70,70;71;72;64;60;53;52;51;50,3,9600
3,HOSTTRANSFER-20251001082036195,FE-H0457,50,2025-10-01 08:20:36.195000,P21,P16,OHT06,2025-10-01 08:20:40.400000,4205,2025-10-01 08:49:08.400000,2025-10-01 08:49:08.400000,2025-10-01 08:49:16.400000,2025-10-01 08:49:16.400000,2025-10-01 08:51:51,2025-10-01 08:51:51,2025-10-01 08:51:59,2025-10-01 08:51:59,0.0,104420.8,1882.805,45,45;104;106;107;105;44;41;38;33;4;2;1;3;5;14;23;32;34;39;40;43;47;54;53;52;51;50;49;57;61;68,2,7000
3,HOSTTRANSFER-20251001082038217,AL-H0162,50,2025-10-01 08:20:38.217000,P21,P14,OHT20,2025-10-01 08:37:21.200000,1002983,2025-10-01 08:53:43.400000,2025-10-01 08:53:43.400000,2025-10-01 08:53:51.400000,2025-10-01 08:53:51.400000,2025-10-01 08:55:54.600000,2025-10-01 08:55:54.600000,2025-10-01 08:56:02.600000,2025-10-01 08:56:02.600000,0.0,75446.6,2124.383,45,45;104;106;107;105;44;41;38;33;4;2;1;3;5;14;23;32;34;39;40;43;47;54;53,2,16000
3,HOSTTRANSFER-20251001082040416,AL-H0128,50,2025-10-01 08:20:40.416000,P21,P16,OHT09,2025-10-01 08:20:45.400000,4984,2025-10-01 08:54:37,2025-10-01 08:54:37,2025-10-01 08:54:45,2025-10-01 08:54:45,2025-10-01 08:57:22,2025-10-01 08:57:22,2025-10-01 08:57:30,2025-10-01 08:57:30,71666.2,104420.8,2209.584,9;8;7;6;15;19;25;26;27;28;29;30;32;34;39;40;45,45;104;106;107;105;44;41;38;33;4;2;1;3;5;14;23;32;34;39;40;43;47;54;53;52;51;50;49;57;61;68,7,17800
3,HOSTTRANSFER-20251001082041699,FE-H0461,50,2025-10-01 08:20:41.699000,P13,P21,OHT01,2025-10-01 08:20:45.400000,3701,2025-10-01 08:34:59.800000,2025-10-01 08:34:59.800000,2025-10-01 08:35:07.800000,2025-10-01 08:35:07.800000,2025-10-01 08:36:52.800000,2025-10-01 08:36:52.800000,2025-10-01 08:37:00.800000,2025-10-01 08:37:00.800000,0.0,74404.4,979.101,50,50;49;48;46;31;24;25;26;27;28;29;30;32;34;39;40;45,0,0
3,HOSTTRANSFER-20251001082044646,FE-H0427,99,2025-10-01 08:20:44.646000,P33,P31,OHT19,2025-10-01 08:55:57.600000,2112954,2025-10-01 08:56:20.800000,2025-10-01 08:56:20.800000,2025-10-01 08:56:28.800000,2025-10-01 08:56:28.800000,2025-10-01 08:57:53.400000,2025-10-01 08:57:53.400000,2025-10-01 08:58:01.400000,2025-10-01 08:58:01.400000,0.0,59926.8,2236.754,127,127;128;129;130;131;125;121;116,0,0
3,HOSTTRANSFER-20251001082046652,AL-H0162,50,2025-10-01 08:20:46.652000,P21,P14,OHT02,2025-10-01 08:56:02.600000,2115948,2025-10-01 08:58:52.400000,2025-10-01 08:58:52.400000,2025-10-01 08:59:00.400000,2025-10-01 08:59:00.400000,2025-10-01 09:00:46.800000,2025-10-01 09:00:46.800000,2025-10-01 09:00:54.800000,2025-10-01 09:00:54.800000,0.0,75446.6,2408.148,45,45;104;106;107;105;44;41;38;33;4;2;1;3;5;14;23;32;34;39;40;43;47;54;53,0,0
3,HOSTTRANSFER-20251001082049514,AL-H0149,53,2025-10-01 08:20:49.514000,P14,P21,OHT07,2025-10-01 08:39:28.400000,1118886,2025-10-01 08:41:57.200000,2025-10-01 08:41:57.200000,2025-10-01 08:42:05.200000,2025-10-01 08:42:05.200000,2025-10-01 08:44:16.600000,2025-10-01 08:44:16.600000,2025-10-01 08:44:24.600000,2025-10-01 08:44:24.600000,52811.4,90113.6,1415.086,28;29;30;32;34;39;40;43;47;54;53,53;52;51;50;49;48;46;31;24;25;26;27;28;29;30;32;34;39;40;45,1,4000
3,HOSTTRANSFER-20251001082051716,AL-H0158,50,2025-10-01 08:20:51.716000,P04,P05,OHT05,2025-10-01 08:27:55.400000,423684,2025-10-01 08:29:22.800000,2025-10-01 08:29:22.800000,2025-10-01 08:29:30.800000,2025-10-01 08:29:30.800000,2025-10-01 08:31:01.800000,2025-10-01 08:31:01.800000,2025-10-01 08:31:09.800000,2025-10-01 08:31:09.800000,0.0,54661.4,618.084,10,10;9;17;21;28;29;22;18;12;11;10,1,13600
3,HOSTTRANSFER-20251001082053252,FE-H0243,50,2025-10-01 08:20:53.252000,P29,P32,OHT12,2025-10-01 08:20:53.400000,148,2025-10-01 08:29:41.600000,2025-10-01 08:29:41.600000,2025-10-01 08:29:49.600000,2025-10-01 08:29:49.600000,2025-10-01 08:31:43.800000,2025-10-01 08:31:43.800000,2025-10-01 08:31:51.800000,2025-10-01 08:31:51.800000,5523.0,60550.8,658.548,114;113,113;112;118;122;127;128;129;130;131;125;121;116,5,28000
3,HOSTTRANSFER-20251001082055419,AL-H0158,53,2025-10-01 08:20:55.419000,P04,P08,OHT08,2025-10-01 08:31:09.800000,614381,2025-10-01 08:33:56.600000,2025-10-01 08:33:56.600000,2025-10-01 08:34:04.600000,2025-10-01 08:34:04.600000,2025-10-01 08:34:41.800000,2025-10-01 08:34:41.800000,2025-10-01 08:34:49.800000,2025-10-01 08:34:49.800000,0.0,26202.2,834.381,10,10;9;8;7;6;15;19;25,0,0
3,HOSTTRANSFER-20251001082057816,FE-H0466,50,2025-10-01 08:20:57.816000,P27,P22,OHT20,2025-10-01 08:20:58.400000,584,2025-10-01 08:35:16.200000,2025-10-01 08:35:16.200000,2025-10-01 08:35:24.200000,2025-10-01 08:35:24.200000,2025-10-01 08:36:30.600000,2025-10-01 08:36:30.600000,2025-10-01 08:36:38.600000,2025-10-01 08:36:38.600000,0.0,46919.2,940.784,97,97;98;90;83;82;81;80,0,0
3,HOSTTRANSFER-20251001082100146,FE-H0468,50,2025-10-01 08:21:00.146000,P31,P33,OHT10,2025-10-01 08:21:03.400000,3254,2025-10-01 08:22:44,2025-10-01 08:22:44,2025-10-01 08:22:52,2025-10-01 08:22:52,2025-10-01 08:23:33,2025-10-01 08:23:33,2025-10-01 08:23:41,2025-10-01 08:23:41,0.0,28914.2,160.854,116,116;115;114;113;112;118;122;127,0,0
3,HOSTTRANSFER-20251001082100747,FE-H0436,99,2025-10-01 08:21:00.747000,P33,P31,OHT14,2025-10-01 08:29:28.200000,507453,2025-10-01 08:38:22.400000,2025-10-01 08:38:22.400000,2025-10-01 08:38:30.400000,2025-10-01 08:38:30.400000,2025-10-01 08:39:55.800000,2025-10-01 08:39:55.800000,2025-10-01 08:40:03.800000,2025-10-01 08:40:03.800000,0.0,59926.8,1143.053,127,127;128;129;130;131;125;121;116,1,600
3,HOSTTRANSFER-20251001082102216,AL-H0063,50,2025-10-01 08:21:02.216000,P03,P04,OHT06,2025-10-01 08:22:30.800000,88584,2025-10-01 08:38:02.200000,2025-10-01 08:38:02.200000,2025-10-01 08:38:10.200000,2025-10-01 08:38:10.200000,2025-10-01 08:40:06.400000,2025-10-01 08:40:06.400000,2025-10-01 08:40:14.400000,2025-10-01 08:40:14.400000,6299.2,82192.2,1152.184,10;9,9;8;7;6;15;19;25;26;27;28;29;22;18;12;11;10,1,200
3,HOSTTRANSFER-20251001082105892,AL-H0001,53,2025-10-01 08:21:05.892000,P21,P09,OHT09,2025-10-01 09:00:54,2388108,2025-10-01 09:01:22.600000,2025-10-01 09:01:22.600000,2025-10-01 09:01:30.600000,2025-10-01 09:01:30.600000,2025-10-01 09:04:19,2025-10-01 09:04:19,2025-10-01 09:04:27,2025-10-01 09:04:27,0.0,119453.1,2601.108,45,45;104;106;107;105;44;41;38;33;4;2;1;3;5;14;23;32;34;39;40;43;47;54;53;52;51;50;49;48;46;31;24;25;26,0,0
3,HOSTTRANSFER-20251001082108805,AL-H0093,50,2025-10-01 08:21:08.805000,P14,P15,OHT02,2025-10-01 08:45:10,1441195,2025-10-01 08:46:08.800000,2025-10-01 08:46:08.800000,2025-10-01 08:46:16.800000,2025-10-01 08:46:16.800000,2025-10-01 08:47:28,2025-10-01 08:47:28,2025-10-01 08:47:36,2025-10-01 08:47:36,0.0,50366.3,1587.195,53,53;52;59;63;71;72;64;60;53,0,0
3,HOSTTRANSFER-20251001082110400,AL-H0077,50,2025-10-01 08:21:10.400000,P06,P19,OHT16,2025-10-01 09:07:20.200000,2769800,2025-10-01 09:07:54,2025-10-01 09:07:54,2025-10-01 09:08:02,2025-10-01 09:08:02,2025-10-01 09:10:23.800000,2025-10-01 09:10:23.800000,2025-10-01 09:10:31.800000,2025-10-01 09:10:31.800000,22511.2,100593.1,2961.4,28;29;22;18;12;11,11;10;9;17;21;28;29;30;32;34;39;40;43;47;54;53;52;59;63;71,1,1600
3,HOSTTRANSFER-20251001082112917,FE-H0414,50,2025-10-01 08:21:12.917000,P27,P23,OHT20,2025-10-01 08:21:13.400000,483,2025-10-01 08:21:41.400000,2025-10-01 08:21:41.400000,2025-10-01 08:21:49.400000,2025-10-01 08:21:49.400000,2025-10-01 08:22:33.200000,2025-10-01 08:22:33.200000,2025-10-01 08:22:41.200000,2025-10-01 08:22:41.200000,0.0,30905.2,88.283,97,97;98;90;83,0,0
3,HOSTTRANSFER-20251001082116841,FE-H0228,50,2025-10-01 08:21:16.841000,P29,P32,OHT17,2025-10-01 08:21:18.400000,1559,2025-10-01 08:31:47.400000,2025-10-01 08:31:47.400000,2025-10-01 08:31:55.400000,2025-10-01 08:31:55.400000,2025-10-01 08:33:26.400000,2025-10-01 08:33:26.400000,2025-10-01 08:33:34.400000,2025-10-01 08:33:34.400000,5523.0,60550.8,737.559,114;113,113;112;118;122;127;128;129;130;131;125;121;116,2,5400
3,HOSTTRANSFER-20251001082119129,FE-H0472,70,2025-10-01 08:21:19.129000,P29,P27,OHT11,2025-10-01 08:21:23.400000,4271,2025-10-01 08:33:59.600000,2025-10-01 08:33:59.600000,2025-10-01 08:34:07.600000,2025-10-01 08:34:07.600000,2025-10-01 08:35:26.400000,2025-10-01 08:35:26.400000,2025-10-01 08:35:34.400000,2025-10-01 08:35:34.400000,0.0,49955.8,855.271,113,113;112;111;109;108;103;102;100;93;94;95;96;97,1,8000
3,HOSTTRANSFER-20251001082122479,FE-H0473,90,2025-10-01 08:21:22.479000,P34,P32,OHT13,2025-10-01 08:21:22.600000,121,2025-10-01 08:30:20.400000,2025-10-01 08:30:20.400000,2025-10-01 08:30:28.400000,2025-10-01 08:30:28.400000,2025-10-01 08:31:25.600000,2025-10-01 08:31:25.600000,2025-10-01 08:31:33.600000,2025-10-01 08:31:33.600000,0.0,40303.0,611.121,129,129;130;131;125;121;116,1,200
3,HOSTTRANSFER-20251001082126604,FE-H0427,53,2025-10-01 08:21:26.604000,P23,P27,OHT16,2025-10-01 08:58:01.400000,2194796,2025-10-01 09:00:04,2025-10-01 09:00:04,2025-10-01 09:00:12,2025-10-01 09:00:12,2025-10-01 09:00:56.200000,2025-10-01 09:00:56.200000,2025-10-01 09:01:04.200000,2025-10-01 09:01:04.200000,30734.0,31171.2,2377.596,43;47;56;66;75;77;84;83,83;82;89;97,0,0
3,HOSTTRANSFER-20251001082130051,FE-H0427,50,2025-10-01 08:21:30.051000,P27,P23,OHT01,2025-10-01 09:01:04.200000,2374149,2025-10-01 09:02:17.400000,2025-10-01 09:02:17.400000,2025-10-01 09:02:25.400000,2025-10-01 09:02:25.400000,2025-10-01 09:03:09.200000,2025-10-01 09:03:09.200000,2025-10-01 09:03:17.200000,2025-10-01 09:03:17.200000,51793.0,30905.2,2507.149,113;112;111;109;108;103;102;100;93;94;95;96;97,97;98;90;83,0,0
3,HOSTTRANSFER-20251001082133364,AL-H0059,50,2025-10-01 08:21:33.364000,P04,P03,OHT04,2025-10-01 08:21:33.400000,36,2025-10-01 08:23:00.800000,2025-10-01 08:23:00.800000,2025-10-01 08:23:08.800000,2025-10-01 08:23:08.800000,2025-10-01 08:23:17.800000,2025-10-01 08:23:17.800000,2025-10-01 08:23:25.800000,2025-10-01 08:23:25.800000,0.0,6299.2,112.436,10,10;9,0,0
3,HOSTTRANSFER-20251001082136302,AL-H0123,50,2025-10-01 08:21:36.302000,P12,P11,OHT02,2025-10-01 08:21:38.400000,2098,2025-10-01 08:34:58.200000,2025-10-01 08:34:58.200000,2025-10-01 08:35:06.200000,2025-10-01 08:35:06.200000,2025-10-01 08:37:13.800000,2025-10-01 08:37:13.800000,2025-10-01 08:37:21.800000,2025-10-01 08:37:21.800000,0.0,90435.1,945.498,43,43;47;54;53;52;51;50;49;48;46;31;24;25;26;27;28,0,0
3,HOSTTRANSFER-20251001082138212,FE-H0478,50,2025-10-01 08:21:38.212000,P28,P29,OHT18,2025-10-01 08:21:38.400000,188,2025-10-01 08:40:18.200000,2025-10-01 08:40:18.200000,2025-10-01 08:40:26.200000,2025-10-01 08:40:26.200000,2025-10-01 08:41:35.800000,2025-10-01 08:41:35.800000,2025-10-01 08:41:43.800000,2025-10-01 08:41:43.800000,0.0,47297.3,1205.588,98,98;99;101;110;117;116;115;114;113,1,2600
3,HOSTTRANSFER-20251001082141077,AL-H0136,50,2025-10-01 08:21:41.077000,P12,P13,OHT17,2025-10-01 08:59:20.400000,2259323,2025-10-01 09:01:11.800000,2025-10-01 09:01:11.800000,2025-10-01 09:01:19.800000,2025-10-01 09:01:19.800000,2025-10-01 09:02:15.200000,2025-10-01 09:02:15.200000,2025-10-01 09:02:23.200000,2025-10-01 09:02:23.200000,0.0,39207.2,2442.123,43,43;47;54;53;52;51;50,0,0
3,HOSTTRANSFER-20251001082142855,FE-H0474,50,2025-10-01 08:21:42.855000,P36,P23,OHT16,2025-10-01 08:21:43.400000,545,2025-10-01 08:51:35.800000,2025-10-01 08:51:35.800000,2025-10-01 08:51:43.800000,2025-10-01 08:51:43.800000,2025-10-01 08:54:44.400000,2025-10-01 08:54:44.400000,2025-10-01 08:54:52.400000,2025-10-01 08:54:52.400000,0.0,128124.2,1989.545,130,130;131;125;121;116;115;114;113;112;111;109;108;103;102;100;93;94;95;96;97;98;90;83,0,0
3,HOSTTRANSFER-20251001082144980,FE-H0302,50,2025-10-01 08:21:44.980000,P24,P27,OHT14,2025-10-01 08:21:48.400000,3420,2025-10-01 08:29:30,2025-10-01 08:29:30,2025-10-01 08:29:38,2025-10-01 08:29:38,2025-10-01 08:30:39.600000,2025-10-01 08:30:39.600000,2025-10-01 08:30:47.600000,2025-10-01 08:30:47.600000,36874.7,43534.2,542.62,71;72;73;75;77;84;83,83;82;89;97,0,0
3,HOSTTRANSFER-20251001082147380,AL-H0018,50,2025-10-01 08:21:47.380000,P03,P07,OHT06,2025-10-01 08:52:48.600000,1861220,2025-10-01 08:56:19.400000,2025-10-01 08:56:19.400000,2025-10-01 08:56:27.400000,2025-10-01 08:56:27.400000,2025-10-01 08:57:58.400000,2025-10-01 08:57:58.400000,2025-10-01 08:58:06.400000,2025-10-01 08:58:06.400000,0.0,63625.2,2179.02,9,9;8;7;6;15;19;25;26;27;28;29;22;18;12,2,600
3,HOSTTRANSFER-20251001082152075,AL-H0094,50,2025-10-01 08:21:52.075000,P01,P03,OHT03,2025-10-01 08:25:24.600000,212525,2025-10-01 08:28:10.800000,2025-10-01 08:28:10.800000,2025-10-01 08:28:18.800000,2025-10-01 08:28:18.800000,2025-10-01 08:30:14.200000,2025-10-01 08:30:14.200000,2025-10-01 08:30:22.200000,2025-10-01 08:30:22.200000,13077.2,81713.4,510.125,10;9;8;7,7;6;15;19;25;26;27;28;29;22;18;12;11;10;9,0,0
3,HOSTTRANSFER-20251001082153256,AL-H0001,53,2025-10-01 08:21:53.256000,P04,P09,OHT19,2025-10-01 09:04:27,2553744,2025-10-01 09:05:35.600000,2025-10-01 09:05:35.600000,2025-10-01 09:05:43.600000,2025-10-01 09:05:43.600000,2025-10-01 09:06:28.600000,2025-10-01 09:06:28.600000,2025-10-01 09:06:36.600000,2025-10-01 09:06:36.600000,18567.0,31858.3,2683.344,12;11;10,10;9;8;7;6;15;19;25;26,0,0
3,HOSTTRANSFER-20251001082155592,FE-H0309,53,2025-10-01 08:21:55.592000,P23,P27,OHT20,2025-10-01 08:21:55.600000,8,2025-10-01 08:32:23.800000,2025-10-01 08:32:23.800000,2025-10-01 08:32:31.800000,2025-10-01 08:32:31.800000,2025-10-01 08:33:16.200000,2025-10-01 08:33:16.200000,2025-10-01 08:33:24.200000,2025-10-01 08:33:24.200000,0.0,31171.2,688.608,83,83;82;89;97,0,0
3,HOSTTRANSFER-20251001082156670,AL-H0090,50,2025-10-01 08:21:56.670000,P02,P06,OHT07,2025-10-01 08:22:00.600000,3930,2025-10-01 08:49:17.800000,2025-10-01 08:49:17.800000,2025-10-01 08:49:25.800000,2025-10-01 08:49:25.800000,2025-10-01 08:51:02.800000,2025-10-01 08:51:02.800000,2025-10-01 08:51:10.800000,2025-10-01 08:51:10.800000,370.0,68553.2,1754.13,9;8,8;7;6;15;19;25;26;27;28;29;22;18;12;11,1,200
3,HOSTTRANSFER-20251001082158778,FE-H0309,50,2025-10-01 08:21:58.778000,P27,P22,OHT18,2025-10-01 08:33:24.200000,685422,2025-10-01 08:34:09,2025-10-01 08:34:09,2025-10-01 08:34:17,2025-10-01 08:34:17,2025-10-01 08:35:23.400000,2025-10-01 08:35:23.400000,2025-10-01 08:35:31.400000,2025-10-01 08:35:31.400000,12880.0,46919.2,812.622,97,97;98;90;83;82;81;80,0,0
3,HOSTTRANSFER-20251001082200852,AL-H0090,50,2025-10-01 08:22:00.852000,P06,P19,OHT14,2025-10-01 08:51:10.800000,1749948,2025-10-01 08:58:11.800000,2025-10-01 08:58:11.800000,2025-10-01 08:58:19.800000,2025-10-01 08:58:19.800000,2025-10-01 09:00:41.600000,2025-10-01 09:00:41.600000,2025-10-01 09:00:49.600000,2025-10-01 09:00:49.600000,0.0,100593.1,2328.748,11,11;10;9;17;21;28;29;30;32;34;39;40;43;47;54;53;52;59;63;71,0,0
3,HOSTTRANSFER-20251001082204358,FE-H0488,50,2025-10-01 08:22:04.358000,P36,P31,OHT19,2025-10-01 08:22:05.600000,1242,2025-10-01 08:22:20,2025-10-01 08:22:20,2025-10-01 08:22:28,2025-10-01 08:22:28,2025-10-01 08:23:12.800000,2025-10-01 08:23:12.800000,2025-10-01 08:23:20.800000,2025-10-01 08:23:20.800000,0.0,31643.0,76.442,130,130;131;125;121;116,0,0
3,HOSTTRANSFER-20251001082208297,FE-H0489,53,2025-10-01 08:22:08.297000,P23,P27,OHT15,2025-10-01 08:22:10.600000,2303,2025-10-01 08:34:05.800000,2025-10-01 08:34:05.800000,2025-10-01 08:34:13.800000,2025-10-01 08:34:13.800000,2025-10-01 08:34:58,2025-10-01 08:34:58,2025-10-01 08:35:06,2025-10-01 08:35:06,0.0,31171.2,777.703,83,83;82;89;97,0,0
3,HOSTTRANSFER-20251001082211865,FE-H0283,50,2025-10-01 08:22:11.865000,P35,P31,OHT19,2025-10-01 08:22:15.600000,3735,2025-10-01 08:24:39,2025-10-01 08:24:39,2025-10-01 08:24:47,2025-10-01 08:24:47,2025-10-01 08:25:57.600000,2025-10-01 08:25:57.600000,2025-10-01 08:26:05.600000,2025-10-01 08:26:05.600000,28274.8,44946.0,233.735,113;112;118;122;127;128;129;130,130;131;125;121;116,1,6600
3,HOSTTRANSFER-20251001082216646,FE-H0455,99,2025-10-01 08:22:16.646000,P33,P31,OHT16,2025-10-01 08:22:16.800000,154,2025-10-01 08:44:01,2025-10-01 08:44:01,2025-10-01 08:44:09,2025-10-01 08:44:09,2025-10-01 08:45:33.600000,2025-10-01 08:45:33.600000,2025-10-01 08:45:41.600000,2025-10-01 08:45:41.600000,18817.0,59926.8,1404.954,114;113;112;118;122;127,127;128;129;130;131;125;121;116,1,200
3,HOSTTRANSFER-20251001082219904,FE-H0458,53,2025-10-01 08:22:19.904000,P33,P31,OHT10,2025-10-01 08:32:10,590096,2025-10-01 08:38:53,2025-10-01 08:38:53,2025-10-01 08:39:01,2025-10-01 08:39:01,2025-10-01 08:40:26.400000,2025-10-01 08:40:26.400000,2025-10-01 08:40:34.400000,2025-10-01 08:40:34.400000,0.0,59926.8,1094.496,127,127;128;129;130;131;125;121;116,1,200
3,HOSTTRANSFER-20251001082224452,FE-H0493,50,2025-10-01 08:22:24.452000,P27,P23,OHT14,2025-10-01 08:22:25.800000,1348,2025-10-01 08:30:47.600000,2025-10-01 08:30:47.600000,2025-10-01 08:30:55.600000,2025-10-01 08:30:55.600000,2025-10-01 08:31:39.400000,2025-10-01 08:31:39.400000,2025-10-01 08:31:47.400000,2025-10-01 08:31:47.400000,0.0,30905.2,562.948,97,97;98;90;83,0,0
3,HOSTTRANSFER-20251001082228372,AL-H0033,50,2025-10-01 08:22:28.372000,P11,P01,OHT07,2025-10-01 08:22:30.800000,2428,2025-10-01 08:35:36.400000,2025-10-01 08:35:36.400000,2025-10-01 08:35:44.400000,2025-10-01 08:35:44.400000,2025-10-01 08:36:50.600000,2025-10-01 08:36:50.600000,2025-10-01 08:36:58.600000,2025-10-01 08:36:58.600000,28748.9,46779.7,870.228,10;9;17;21;28,28;29;22;18;12;11;10;9;8;7,0,0
3,HOSTTRANSFER-20251001082233427,FE-H0434,53,2025-10-01 08:22:33.427000,P33,P30,OHT12,2025-10-01 08:22:35.800000,2373,2025-10-01 08:24:38.200000,2025-10-01 08:24:38.200000,2025-10-01 08:24:46.200000,2025-10-01 08:24:46.200000,2025-10-01 08:26:44,2025-10-01 08:26:44,2025-10-01 08:26:52,2025-10-01 08:26:52,0.0,70024.0,258.573,127,127;128;129;130;131;125;121;116;115;114,3,18000
3,HOSTTRANSFER-20251001082237653,FE-H0495,90,2025-10-01 08:22:37.653000,P23,P34,OHT11,2025-10-01 08:22:37.800000,147,2025-10-01 08:50:59,2025-10-01 08:50:59,2025-10-01 08:51:07,2025-10-01 08:51:07,2025-10-01 08:53:37.800000,2025-10-01 08:53:37.800000,2025-10-01 08:53:45.800000,2025-10-01 08:53:45.800000,30734.0,106981.4,1868.147,43;47;56;66;75;77;84;83,83;82;89;97;98;99;101;110;117;116;115;114;113;112;118;122;127;128;129,0,0
3,HOSTTRANSFER-20251001082240684,FE-H0043,50,2025-10-01 08:22:40.684000,P31,P32,OHT19,2025-10-01 08:22:40.800000,116,2025-10-01 08:29:53.400000,2025-10-01 08:29:53.400000,2025-10-01 08:30:01.400000,2025-10-01 08:30:01.400000,2025-10-01 08:31:15,2025-10-01 08:31:15,2025-10-01 08:31:23,2025-10-01 08:31:23,31643.0,50454.8,522.316,130;131;125;121;116,116;115;120;124;130;131;125;121;116,2,2800
3,HOSTTRANSFER-20251001082243313,AL-H0140,50,2025-10-01 08:22:43.313000,P06,P14,OHT03,2025-10-01 08:22:45.800000,2487,2025-10-01 08:50:09.200000,2025-10-01 08:50:09.200000,2025-10-01 08:50:17.200000,2025-10-01 08:50:17.200000,2025-10-01 08:52:16.200000,2025-10-01 08:52:16.200000,2025-10-01 08:52:24.200000,2025-10-01 08:52:24.200000,49182.4,81970.4,1780.887,10;9;17;21;28;29;22;18;12;11,11;10;9;17;21;28;29;30;32;34;39;40;43;47;54;53,2,4800
3,HOSTTRANSFER-20251001082245753,AL-H0092,50,2025-10-01 08:22:45.753000,P03,P21,OHT06,2025-10-01 08:56:19.400000,2013647,2025-10-01 08:58:49.600000,2025-10-01 08:58:49.600000,2025-10-01 08:58:57.600000,2025-10-01 08:58:57.600000,2025-10-01 09:00:45.200000,2025-10-01 09:00:45.200000,2025-10-01 09:00:53.200000,2025-10-01 09:00:53.200000,24866.2,71666.2,2287.447,12;11;10;9,9;8;7;6;15;19;25;26;27;28;29;30;32;34;39;40;45,3,13800
3,HOSTTRANSFER-20251001082248087,AL-H0007,53,2025-10-01 08:22:48.087000,P21,P06,OHT05,2025-10-01 08:22:50.800000,2713,2025-10-01 08:35:44.200000,2025-10-01 08:35:44.200000,2025-10-01 08:35:52.200000,2025-10-01 08:35:52.200000,2025-10-01 08:37:08.200000,2025-10-01 08:37:08.200000,2025-10-01 08:37:16.200000,2025-10-01 08:37:16.200000,0.0,53837.6,868.113,45,45;104;106;107;105;44;41;38;33;4;2;1;3;5;13;12;11,0,0
3,HOSTTRANSFER-20251001082249744,FE-H0497,50,2025-10-01 08:22:49.744000,P32,P34,OHT12,2025-10-01 08:22:50.800000,1056,2025-10-01 08:31:51.800000,2025-10-01 08:31:51.800000,2025-10-01 08:31:59.800000,2025-10-01 08:31:59.800000,2025-10-01 08:33:08.400000,2025-10-01 08:33:08.400000,2025-10-01 08:33:16.400000,2025-10-01 08:33:16.400000,0.0,48538.0,626.656,116,116;115;114;113;112;118;122;127;128;129,0,0
3,HOSTTRANSFER-20251001082252250,AL-H0170,50,2025-10-01 08:22:52.250000,P06,P12,OHT02,2025-10-01 08:22:55.800000,3550,2025-10-01 08:33:19.600000,2025-10-01 08:33:19.600000,2025-10-01 08:33:27.600000,2025-10-01 08:33:27.600000,2025-10-01 08:34:50.200000,2025-10-01 08:34:50.200000,2025-10-01 08:34:58.200000,2025-10-01 08:34:58.200000,0.0,58472.4,725.95,11,11;10;9;17;21;28;29;30;32;34;39;40;43,0,0
3,HOSTTRANSFER-20251001082255674,FE-H0443,50,2025-10-01 08:22:55.674000,P35,P30,OHT10,2025-10-01 08:22:55.800000,126,2025-10-01 08:31:28.600000,2025-10-01 08:31:28.600000,2025-10-01 08:31:36.600000,2025-10-01 08:31:36.600000,2025-10-01 08:32:54.400000,2025-10-01 08:32:54.400000,2025-10-01 08:33:02.400000,2025-10-01 08:33:02.400000,0.0,55043.2,606.726,130,130;131;125;121;116;115;114,0,0
3,HOSTTRANSFER-20251001082301531,FE-H0209,50,2025-10-01 08:23:01.531000,P28,P35,OHT13,2025-10-01 08:23:01.600000,69,2025-10-01 08:44:56.600000,2025-10-01 08:44:56.600000,2025-10-01 08:45:04.600000,2025-10-01 08:45:04.600000,2025-10-01 08:46:15,2025-10-01 08:46:15,2025-10-01 08:46:23,2025-10-01 08:46:23,21145.1,49855.9,1401.469,97;98,98;99;101;110;117;116;115;120;124;130,0,0
3,HOSTTRANSFER-20251001082303527,AL-H0143,50,2025-10-01 08:23:03.527000,P13,P12,OHT17,2025-10-01 08:58:06.400000,2102873,2025-10-01 08:59:14,2025-10-01 08:59:14,2025-10-01 08:59:22,2025-10-01 08:59:22,2025-10-01 09:01:03.800000,2025-10-01 09:01:03.800000,2025-10-01 09:01:11.800000,2025-10-01 09:01:11.800000,14025.0,67682.4,2288.273,68;69;62;58;50,50;49;48;46;31;24;25;26;27;28;29;30;32;34;39;40;43,4,8000
3,HOSTTRANSFER-20251001082306381,FE-H0090,50,2025-10-01 08:23:06.381000,P31,P29,OHT19,2025-10-01 08:23:06.600000,219,2025-10-01 08:23:20.800000,2025-10-01 08:23:20.800000,2025-10-01 08:23:28.800000,2025-10-01 08:23:28.800000,2025-10-01 08:23:51,2025-10-01 08:23:51,2025-10-01 08:23:59,2025-10-01 08:23:59,0.0,15620.2,52.619,116,116;115;114;113,0,0
3,HOSTTRANSFER-20251001082307708,AL-H0025,50,2025-10-01 08:23:07.708000,P14,P15,OHT09,2025-10-01 08:23:11.600000,3892,2025-10-01 08:25:34.400000,2025-10-01 08:25:34.400000,2025-10-01 08:25:42.400000,2025-10-01 08:25:42.400000,2025-10-01 08:26:53.600000,2025-10-01 08:26:53.600000,2025-10-01 08:27:01.600000,2025-10-01 08:27:01.600000,23498.0,50366.3,233.892,43;47;54;53,53;52;59;63;71;72;64;60;53,0,0
3,HOSTTRANSFER-20251001082311768,FE-H0502,50,2025-10-01 08:23:11.768000,P31,P32,OHT16,2025-10-01 08:23:16.600000,4832,2025-10-01 08:31:30.800000,2025-10-01 08:31:30.800000,2025-10-01 08:31:38.800000,2025-10-01 08:31:38.800000,2025-10-01 08:32:50,2025-10-01 08:32:50,2025-10-01 08:32:58,2025-10-01 08:32:58,12670.0,50454.8,586.232,116,116;115;120;124;130;131;125;121;116,0,0
3,HOSTTRANSFER-20251001082314268,AL-H0102,53,2025-10-01 08:23:14.268000,P21,P08,OHT15,2025-10-01 08:23:16.600000,2332,2025-10-01 08:56:53.600000,2025-10-01 08:56:53.600000,2025-10-01 08:57:01.600000,2025-10-01 08:57:01.600000,2025-10-01 08:59:42,2025-10-01 08:59:42,2025-10-01 08:59:50,2025-10-01 08:59:50,0.0,113797.0,2195.732,45,45;104;106;107;105;44;41;38;33;4;2;1;3;5;14;23;32;34;39;40;43;47;54;53;52;51;50;49;48;46;31;24;25,0,0
3,HOSTTRANSFER-20251001082315727,FE-H0144,53,2025-10-01 08:23:15.727000,P23,P28,OHT18,2025-10-01 08:23:16.600000,873,2025-10-01 08:38:53.200000,2025-10-01 08:38:53.200000,2025-10-01 08:39:01.200000,2025-10-01 08:39:01.200000,2025-10-01 08:40:10.200000,2025-10-01 08:40:10.200000,2025-10-01 08:40:18.200000,2025-10-01 08:40:18.200000,70119.1,39436.3,1022.473,26;27;28;29;30;32;34;39;40;43;47;56;66;75;77;84;83,83;82;89;97;98,1,13000
3,HOSTTRANSFER-20251001082318861,FE-H0507,90,2025-10-01 08:23:18.861000,P25,P34,OHT14,2025-10-01 08:23:19,139,2025-10-01 08:45:58,2025-10-01 08:45:58,2025-10-01 08:46:06,2025-10-01 08:46:06,2025-10-01 08:48:49.400000,2025-10-01 08:48:49.400000,2025-10-01 08:48:57.400000,2025-10-01 08:48:57.400000,27039.0,104250.0,1538.539,114;113;112;111;109;108;103;102;100;93;94,94;95;96;97;98;99;101;110;117;116;115;114;113;112;118;122;127;128;129,6,15400
3,HOSTTRANSFER-20251001082321476,AL-H0171,50,2025-10-01 08:23:21.476000,P13,P15,OHT04,2025-10-01 08:23:21.600000,124,2025-10-01 08:30:34.600000,2025-10-01 08:30:34.600000,2025-10-01 08:30:42.600000,2025-10-01 08:30:42.600000,2025-10-01 08:32:08.400000,2025-10-01 08:32:08.400000,2025-10-01 08:32:16.400000,2025-10-01 08:32:16.400000,0.0,60697.1,534.924,50,50;49;57;61;68;69;70;71;72;64;60;53,0,0
3,HOSTTRANSFER-20251001082325008,FE-H0054,50,2025-10-01 08:23:25.008000,P25,P23,OHT18,2025-10-01 08:23:26.600000,1592,2025-10-01 08:31:28.800000,2025-10-01 08:31:28.800000,2025-10-01 08:31:36.800000,2025-10-01 08:31:36.800000,2025-10-01 08:33:00.600000,2025-10-01 08:33:00.600000,2025-10-01 08:33:08.600000,2025-10-01 08:33:08.600000,0.0,59345.0,583.592,94,94;95;96;97;98;90;83,0,0
3,HOSTTRANSFER-20251001082326108,FE-H0449,50,2025-10-01 08:23:26.108000,P30,P32,OHT10,2025-10-01 08:23:26.600000,492,2025-10-01 08:35:30,2025-10-01 08:35:30,2025-10-01 08:35:38,2025-10-01 08:35:38,2025-10-01 08:37:30.200000,2025-10-01 08:37:30.200000,2025-10-01 08:37:38.200000,2025-10-01 08:37:38.200000,10097.2,66073.8,852.092,116;115;114,114;113;112;118;122;127;128;129;130;131;125;121;116,6,17600
3,HOSTTRANSFER-20251001082331139,AL-H0011,50,2025-10-01 08:23:31.139000,P03,P02,OHT08,2025-10-01 09:00:13.200000,2202061,2025-10-01 09:00:27.200000,2025-10-01 09:00:27.200000,2025-10-01 09:00:35.200000,2025-10-01 09:00:35.200000,2025-10-01 09:00:36,2025-10-01 09:00:36,2025-10-01 09:00:44,2025-10-01 09:00:44,0.0,370.0,2232.861,9,9;8,0,0
3,HOSTTRANSFER-20251001082333301,AL-H0032,50,2025-10-01 08:23:33.301000,P17,P13,OHT01,2025-10-01 08:23:33.400000,99,2025-10-01 08:32:55.600000,2025-10-01 08:32:55.600000,2025-10-01 08:33:03.600000,2025-10-01 08:33:03.600000,2025-10-01 08:34:51.800000,2025-10-01 08:34:51.800000,2025-10-01 08:34:59.800000,2025-10-01 08:34:59.800000,0.0,68766.4,686.499,70,70;71;72;64;60;53;52;51;50,2,10800
3,HOSTTRANSFER-20251001082336860,AL-H0001,50,2025-10-01 08:23:36.860000,P09,P04,OHT04,2025-10-01 09:06:36.600000,2579740,2025-10-01 09:06:39,2025-10-01 09:06:39,2025-10-01 09:06:47,2025-10-01 09:06:47,2025-10-01 09:08:07,2025-10-01 09:08:07,2025-10-01 09:08:15,2025-10-01 09:08:15,1560.1,56633.1,2678.14,25;26,26;27;28;29;22;18;12;11;10,0,0
3,HOSTTRANSFER-20251001082338803,FE-H0027,90,2025-10-01 08:23:38.803000,P25,P34,OHT20,2025-10-01 08:23:39,197,2025-10-01 08:36:57,2025-10-01 08:36:57,2025-10-01 08:37:05,2025-10-01 08:37:05,2025-10-01 08:39:36.400000,2025-10-01 08:39:36.400000,2025-10-01 08:39:44.400000,2025-10-01 08:39:44.400000,12877.0,104250.0,965.597,80;79;87;94,94;95;96;97;98;99;101;110;117;116;115;114;113;112;118;122;127;128;129,2,3600
3,HOSTTRANSFER-20251001082341935,AL-H0088,50,2025-10-01 08:23:41.935000,P03,P04,OHT03,2025-10-01 08:29:27.400000,345465,2025-10-01 08:30:22.200000,2025-10-01 08:30:22.200000,2025-10-01 08:30:30.200000,2025-10-01 08:30:30.200000,2025-10-01 08:32:55.200000,2025-10-01 08:32:55.200000,2025-10-01 08:33:03.200000,2025-10-01 08:33:03.200000,0.0,82192.2,561.265,9,9;8;7;6;15;19;25;26;27;28;29;22;18;12;11;10,5,28000
3,HOSTTRANSFER-20251001082344930,AL-H0175,53,2025-10-01 08:23:44.930000,P04,P11,OHT06,2025-10-01 08:23:45,70,2025-10-01 08:40:14.400000,2025-10-01 08:40:14.400000,2025-10-01 08:40:22.400000,2025-10-01 08:40:22.400000,2025-10-01 08:41:03.200000,2025-10-01 08:41:03.200000,2025-10-01 08:41:11.200000,2025-10-01 08:41:11.200000,0.0,28748.9,1046.27,10,10;9;17;21;28,0,0
3,HOSTTRANSFER-20251001082348425,FE-H0511,50,2025-10-01 08:23:48.425000,P27,P28,OHT11,2025-10-01 08:23:50,1575,2025-10-01 08:35:34.400000,2025-10-01 08:35:34.400000,2025-10-01 08:35:42.400000,2025-10-01 08:35:42.400000,2025-10-01 08:35:54.200000,2025-10-01 08:35:54.200000,2025-10-01 08:36:02.200000,2025-10-01 08:36:02.200000,0.0,8265.1,733.775,97,97;98,0,0
3,HOSTTRANSFER-20251001082349734,FE-H0512,53,2025-10-01 08:23:49.734000,P23,P27,OHT15,2025-10-01 08:23:50,266,2025-10-01 08:28:04.800000,2025-10-01 08:28:04.800000,2025-10-01 08:28:12.800000,2025-10-01 08:28:12.800000,2025-10-01 08:28:57,2025-10-01 08:28:57,2025-10-01 08:29:05,2025-10-01 08:29:05,0.0,31171.2,315.266,83,83;82;89;97,0,0
3,HOSTTRANSFER-20251001082352695,AL-H0043,53,2025-10-01 08:23:52.695000,P14,P21,OHT08,2025-10-01 08:23:55,2305,2025-10-01 08:44:15.200000,2025-10-01 08:44:15.200000,2025-10-01 08:44:23.200000,2025-10-01 08:44:23.200000,2025-10-01 08:46:46.800000,2025-10-01 08:46:46.800000,2025-10-01 08:46:54.800000,2025-10-01 08:46:54.800000,44371.7,90113.6,1382.105,71;72;64;60;53,53;52;51;50;49;48;46;31;24;25;26;27;28;29;30;32;34;39;40;45,4,16400
3,HOSTTRANSFER-20251001082353999,FE-H0318,50,2025-10-01 08:23:53.999000,P27,P26,OHT15,2025-10-01 08:23:55,1001,2025-10-01 08:29:05,2025-10-01 08:29:05,2025-10-01 08:29:13,2025-10-01 08:29:13,2025-10-01 08:30:26,2025-10-01 08:30:26,2025-10-01 08:30:34,2025-10-01 08:30:34,0.0,49196.4,400.001,97,97;98;90;83;82;89;97,2,3000
3,HOSTTRANSFER-20251001082355478,AL-H0149,50,2025-10-01 08:23:55.478000,P17,P12,OHT10,2025-10-01 08:44:24.600000,1229122,2025-10-01 08:51:20.400000,2025-10-01 08:51:20.400000,2025-10-01 08:51:28.400000,2025-10-01 08:51:28.400000,2025-10-01 08:54:41,2025-10-01 08:54:41,2025-10-01 08:54:49,2025-10-01 08:54:49,7003.0,136448.8,1853.522,68;69;70,70;71;72;64;60;53;52;51;50;49;48;46;31;24;25;26;27;28;29;30;32;34;39;40;43,1,200
3,HOSTTRANSFER-20251001082357958,FE-H0318,50,2025-10-01 08:23:57.958000,P26,P25,OHT15,2025-10-01 08:30:38.600000,400642,2025-10-01 08:39:30.200000,2025-10-01 08:39:30.200000,2025-10-01 08:39:38.200000,2025-10-01 08:39:38.200000,2025-10-01 08:41:30,2025-10-01 08:41:30,2025-10-01 08:41:38,2025-10-01 08:41:38,0.0,72676.2,1060.042,97,97;98;90;83;82;81;80;79;87;94,2,8600
3,HOSTTRANSFER-20251001082359491,AL-H0043,50,2025-10-01 08:23:59.491000,P21,P14,OHT04,2025-10-01 08:46:54.800000,1375309,2025-10-01 08:53:25.200000,2025-10-01 08:53:25.200000,2025-10-01 08:53:33.200000,2025-10-01 08:53:33.200000,2025-10-01 08:55:34.200000,2025-10-01 08:55:34.200000,2025-10-01 08:55:42.200000,2025-10-01 08:55:42.200000,51925.4,75446.6,1902.709,10;9;17;21;28;29;30;32;34;39;40;45,45;104;106;107;105;44;41;38;33;4;2;1;3;5;14;23;32;34;39;40;43;47;54;53,3,13600
3,HOSTTRANSFER-20251001082359927,FE-H0515,50,2025-10-01 08:23:59.927000,P32,P33,OHT13,2025-10-01 08:24:00,73,2025-10-01 08:31:33.600000,2025-10-01 08:31:33.600000,2025-10-01 08:31:41.600000,2025-10-01 08:31:41.600000,2025-10-01 08:32:40.400000,2025-10-01 08:32:40.400000,2025-10-01 08:32:48.400000,2025-10-01 08:32:48.400000,0.0,41584.2,528.473,116,116;115;114;113;112;118;122;127,0,0
3,HOSTTRANSFER-20251001082401354,FE-H0516,50,2025-10-01 08:24:01.354000,P31,P35,OHT10,2025-10-01 08:24:05,3646,2025-10-01 08:30:46.800000,2025-10-01 08:30:46.800000,2025-10-01 08:30:54.800000,2025-10-01 08:30:54.800000,2025-10-01 08:31:20.600000,2025-10-01 08:31:20.600000,2025-10-01 08:31:28.600000,2025-10-01 08:31:28.600000,12670.0,18178.8,447.246,116,116;115;120;124;130,0,0
3,HOSTTRANSFER-20251001082404576,FE-H0473,99,2025-10-01 08:24:04.576000,P32,P33,OHT19,2025-10-01 08:31:33.600000,449024,2025-10-01 08:33:16.200000,2025-10-01 08:33:16.200000,2025-10-01 08:33:24.200000,2025-10-01 08:33:24.200000,2025-10-01 08:34:28.600000,2025-10-01 08:34:28.600000,2025-10-01 08:34:36.600000,2025-10-01 08:34:36.600000,0.0,41584.2,632.024,116,116;115;114;113;112;118;122;127,1,5200
3,HOSTTRANSFER-20251001082409289,FE-H0331,53,2025-10-01 08:24:09.289000,P23,P26,OHT18,2025-10-01 08:24:10,711,2025-10-01 08:33:08.600000,2025-10-01 08:33:08.600000,2025-10-01 08:33:16.600000,2025-10-01 08:33:16.600000,2025-10-01 08:33:42.600000,2025-10-01 08:33:42.600000,2025-10-01 08:33:50.600000,2025-10-01 08:33:50.600000,0.0,18291.2,581.311,83,83;82;89;97,0,0
3,HOSTTRANSFER-20251001082413743,FE-H0521,50,2025-10-01 08:24:13.743000,P28,P29,OHT01,2025-10-01 08:24:15,1257,2025-10-01 08:41:51,2025-10-01 08:41:51,2025-10-01 08:41:59,2025-10-01 08:41:59,2025-10-01 08:43:16,2025-10-01 08:43:16,2025-10-01 08:43:24,2025-10-01 08:43:24,8265.1,47297.3,1150.257,97;98,98;99;101;110;117;116;115;114;113,2,9800
3,HOSTTRANSFER-20251001082415584,FE-H0245,50,2025-10-01 08:24:15.584000,P31,P32,OHT16,2025-10-01 08:24:20,4416,2025-10-01 08:29:43.200000,2025-10-01 08:29:43.200000,2025-10-01 08:29:51.200000,2025-10-01 08:29:51.200000,2025-10-01 08:31:04.800000,2025-10-01 08:31:04.800000,2025-10-01 08:31:12.800000,2025-10-01 08:31:12.800000,0.0,50454.8,417.216,116,116;115;120;124;130;131;125;121;116,1,2200
3,HOSTTRANSFER-20251001082418075,FE-H0523,53,2025-10-01 08:24:18.075000,P31,P36,OHT19,2025-10-01 08:24:20,1925,2025-10-01 08:26:05.600000,2025-10-01 08:26:05.600000,2025-10-01 08:26:13.600000,2025-10-01 08:26:13.600000,2025-10-01 08:26:58.200000,2025-10-01 08:26:58.200000,2025-10-01 08:27:06.200000,2025-10-01 08:27:06.200000,0.0,31481.8,168.125,116,116;115;120;124;130,0,0
3,HOSTTRANSFER-20251001082419375,FE-H0335,50,2025-10-01 08:24:19.375000,P27,P26,OHT11,2025-10-01 08:24:20,625,2025-10-01 08:26:50.800000,2025-10-01 08:26:50.800000,2025-10-01 08:26:58.800000,2025-10-01 08:26:58.800000,2025-10-01 08:28:08.400000,2025-10-01 08:28:08.400000,2025-10-01 08:28:16.400000,2025-10-01 08:28:16.400000,0.0,49196.4,237.025,97,97;98;90;83;82;89;97,0,0
3,HOSTTRANSFER-20251001082422320,AL-H0171,50,2025-10-01 08:24:22.320000,P15,P01,OHT04,2025-10-01 08:32:16.400000,474080,2025-10-01 08:48:21.200000,2025-10-01 08:48:21.200000,2025-10-01 08:48:29.200000,2025-10-01 08:48:29.200000,2025-10-01 08:50:00.800000,2025-10-01 08:50:00.800000,2025-10-01 08:50:08.800000,2025-10-01 08:50:08.800000,0.0,64863.5,1546.48,53,53;52;51;50;49;48;46;31;24;25;26;20;16;7,0,0
3,HOSTTRANSFER-20251001082426423,FE-H0462,53,2025-10-01 08:24:26.423000,P33,P30,OHT13,2025-10-01 08:24:26.600000,177,2025-10-01 08:32:48.400000,2025-10-01 08:32:48.400000,2025-10-01 08:32:56.400000,2025-10-01 08:32:56.400000,2025-10-01 08:34:35.200000,2025-10-01 08:34:35.200000,2025-10-01 08:34:43.200000,2025-10-01 08:34:43.200000,0.0,70024.0,616.777,127,127;128;129;130;131;125;121;116;115;114,0,0
3,HOSTTRANSFER-20251001082427987,AL-H0103,50,2025-10-01 08:24:27.987000,P05,P04,OHT03,2025-10-01 09:00:35,2167013,2025-10-01 09:00:45.800000,2025-10-01 09:00:45.800000,2025-10-01 09:00:53.800000,2025-10-01 09:00:53.800000,2025-10-01 09:01:05,2025-10-01 09:01:05,2025-10-01 09:01:13,2025-10-01 09:01:13,0.0,7790.0,2205.013,10,10,0,0
3,HOSTTRANSFER-20251001082428869,FE-H0527,50,2025-10-01 08:24:28.869000,P25,P36,OHT12,2025-10-01 08:24:31.600000,2731,2025-10-01 08:49:32.400000,2025-10-01 08:49:32.400000,2025-10-01 08:49:40.400000,2025-10-01 08:49:40.400000,2025-10-01 08:52:01.200000,2025-10-01 08:52:01.200000,2025-10-01 08:52:09.200000,2025-10-01 08:52:09.200000,12877.0,99863.8,1660.331,80;79;87;94,94;95;96;97;98;99;101;110;117;116;115;120;124;130,0,0
3,HOSTTRANSFER-20251001082430544,FE-H0039,50,2025-10-01 08:24:30.544000,P27,P23,OHT15,2025-10-01 08:24:31.600000,1056,2025-10-01 08:30:57.800000,2025-10-01 08:30:57.800000,2025-10-01 08:31:05.800000,2025-10-01 08:31:05.800000,2025-10-01 08:31:57.600000,2025-10-01 08:31:57.600000,2025-10-01 08:32:05.600000,2025-10-01 08:32:05.600000,12880.0,30905.2,455.056,97,97;98;90;83,2,13000
3,HOSTTRANSFER-20251001082432072,AL-H0178,50,2025-10-01 08:24:32.072000,P16,P19,OHT09,2025-10-01 08:24:36.600000,4528,2025-10-01 08:28:00.400000,2025-10-01 08:28:00.400000,2025-10-01 08:28:08.400000,2025-10-01 08:28:08.400000,2025-10-01 08:28:40,2025-10-01 08:28:40,2025-10-01 08:28:48,2025-10-01 08:28:48,41602.3,15688.5,255.928,53;52;51;50;49;57;61;68,68;69;70;71,2,8800
3,HOSTTRANSFER-20251001082434183,AL-H0166,50,2025-10-01 08:24:34.183000,P21,P14,OHT08,2025-10-01 08:24:36.600000,2417,2025-10-01 08:46:54.800000,2025-10-01 08:46:54.800000,2025-10-01 08:47:02.800000,2025-10-01 08:47:02.800000,2025-10-01 08:48:49.200000,2025-10-01 08:48:49.200000,2025-10-01 08:48:57.200000,2025-10-01 08:48:57.200000,0.0,75446.6,1463.017,45,45;104;106;107;105;44;41;38;33;4;2;1;3;5;14;23;32;34;39;40;43;47;54;53,0,0
3,HOSTTRANSFER-20251001082436385,FE-H0529,50,2025-10-01 08:24:36.385000,P32,P33,OHT17,2025-10-01 08:24:36.600000,215,2025-10-01 08:33:34.400000,2025-10-01 08:33:34.400000,2025-10-01 08:33:42.400000,2025-10-01 08:33:42.400000,2025-10-01 08:34:41.200000,2025-10-01 08:34:41.200000,2025-10-01 08:34:49.200000,2025-10-01 08:34:49.200000,0.0,41584.2,612.815,116,116;115;114;113;112;118;122;127,0,0
3,HOSTTRANSFER-20251001082437687,AL-H0035,50,2025-10-01 08:24:37.687000,P09,P04,OHT07,2025-10-01 08:24:41.600000,3913,2025-10-01 08:28:03.600000,2025-10-01 08:28:03.600000,2025-10-01 08:28:11.600000,2025-10-01 08:28:11.600000,2025-10-01 08:29:33,2025-10-01 08:29:33,2025-10-01 08:29:41,2025-10-01 08:29:41,5656.1,56633.1,303.313,25;26,26;27;28;29;22;18;12;11;10,1,1200
3,HOSTTRANSFER-20251001082438883,FE-H0485,99,2025-10-01 08:24:38.883000,P32,P33,OHT12,2025-10-01 08:24:39,117,2025-10-01 08:34:29.600000,2025-10-01 08:34:29.600000,2025-10-01 08:34:37.600000,2025-10-01 08:34:37.600000,2025-10-01 08:35:56.800000,2025-10-01 08:35:56.800000,2025-10-01 08:36:04.800000,2025-10-01 08:36:04.800000,0.0,41584.2,685.917,116,116;115;114;113;112;118;122;127,2,19600
3,HOSTTRANSFER-20251001082440521,FE-H0018,50,2025-10-01 08:24:40.521000,P31,P23,OHT17,2025-10-01 08:28:50.400000,249879,2025-10-01 08:44:09.400000,2025-10-01 08:44:09.400000,2025-10-01 08:44:17.400000,2025-10-01 08:44:17.400000,2025-10-01 08:46:33.600000,2025-10-01 08:46:33.600000,2025-10-01 08:46:41.600000,2025-10-01 08:46:41.600000,0.0,96481.2,1321.079,116,116;115;114;113;112;111;109;108;103;102;100;93;94;95;96;97;98;90;83,0,0
3,HOSTTRANSFER-20251001082443625,AL-H0174,50,2025-10-01 08:24:43.625000,P20,P07,OHT05,2025-10-01 08:24:46.600000,2975,2025-10-01 08:48:08.200000,2025-10-01 08:48:08.200000,2025-10-01 08:48:16.200000,2025-10-01 08:48:16.200000,2025-10-01 08:51:19.200000,2025-10-01 08:51:19.200000,2025-10-01 08:51:27.200000,2025-10-01 08:51:27.200000,28556.4,113576.4,1603.575,68;69;70;71,71;72;64;60;53;52;51;50;49;48;46;31;24;25;26;27;28;29;22;18;12,5,21600
3,HOSTTRANSFER-20251001082444727,AL-H0007,50,2025-10-01 08:24:44.727000,P18,P05,OHT11,2025-10-01 08:37:16.200000,751473,2025-10-01 08:57:14.600000,2025-10-01 08:57:14.600000,2025-10-01 08:57:22.600000,2025-10-01 08:57:22.600000,2025-10-01 09:00:56,2025-10-01 09:00:56,2025-10-01 09:01:04,2025-10-01 09:01:04,48791.2,145626.8,2179.273,127;128;123;119;113;112;111;109;108;103;102;100;91;85;76;74;67;68;69;70,70;71;72;64;60;53;52;51;50;49;48;46;31;24;25;26;27;28;29;22;18;12;11;10,3,15600
3,HOSTTRANSFER-20251001082448779,AL-H0172,50,2025-10-01 08:24:48.779000,P07,P04,OHT02,2025-10-01 08:24:51.600000,2821,2025-10-01 08:30:18.200000,2025-10-01 08:30:18.200000,2025-10-01 08:30:26.200000,2025-10-01 08:30:26.200000,2025-10-01 08:30:52.600000,2025-10-01 08:30:52.600000,2025-10-01 08:31:00.600000,2025-10-01 08:31:00.600000,15135.5,18567.0,371.821,28;29;22;18;12,12;11;10,0,0
3,HOSTTRANSFER-20251001082451339,AL-H0007,50,2025-10-01 08:24:51.339000,P05,P01,OHT12,2025-10-01 09:01:04,2172661,2025-10-01 09:01:06.200000,2025-10-01 09:01:06.200000,2025-10-01 09:01:14.200000,2025-10-01 09:01:14.200000,2025-10-01 09:01:43.800000,2025-10-01 09:01:43.800000,2025-10-01 09:01:51.800000,2025-10-01 09:01:51.800000,1250.0,20867.2,2220.461,10,10;9;8;7,0,0
3,HOSTTRANSFER-20251001082455135,FE-H0406,50,2025-10-01 08:24:55.135000,P30,P32,OHT19,2025-10-01 08:25:54.600000,59465,2025-10-01 08:37:09.200000,2025-10-01 08:37:09.200000,2025-10-01 08:37:17.200000,2025-10-01 08:37:17.200000,2025-10-01 08:38:50.600000,2025-10-01 08:38:50.600000,2025-10-01 08:38:58.600000,2025-10-01 08:38:58.600000,22767.2,66073.8,843.465,116;115;114,114;113;112;118;122;127;128;129;130;131;125;121;116,1,200
3,HOSTTRANSFER-20251001082458712,AL-H0175,50,2025-10-01 08:24:58.712000,P11,P01,OHT09,2025-10-01 08:41:11.200000,972488,2025-10-01 08:48:48.600000,2025-10-01 08:48:48.600000,2025-10-01 08:48:56.600000,2025-10-01 08:48:56.600000,2025-10-01 08:50:11,2025-10-01 08:50:11,2025-10-01 08:50:19,2025-10-01 08:50:19,28748.9,46779.7,1520.288,10;9;17;21;28,28;29;22;18;12;11;10;9;8;7,2,7800
3,HOSTTRANSFER-20251001082459246,AL-H0152,50,2025-10-01 08:24:59.246000,P12,P21,OHT06,2025-10-01 08:25:03.400000,4154,2025-10-01 08:46:12.200000,2025-10-01 08:46:12.200000,2025-10-01 08:46:20.200000,2025-10-01 08:46:20.200000,2025-10-01 08:49:00.400000,2025-10-01 08:49:00.400000,2025-10-01 08:49:08.400000,2025-10-01 08:49:08.400000,0.0,113611.6,1449.154,43,43;47;54;53;52;51;50;49;48;46;31;24;25;26;27;28;29;30;32;34;39;40;45,0,0
3,HOSTTRANSFER-20251001082501785,FE-H0534,90,2025-10-01 08:25:01.785000,P34,P33,OHT18,2025-10-01 08:25:01.800000,15,2025-10-01 08:42:12.600000,2025-10-01 08:42:12.600000,2025-10-01 08:42:20.600000,2025-10-01 08:42:20.600000,2025-10-01 08:44:25.200000,2025-10-01 08:44:25.200000,2025-10-01 08:44:33.200000,2025-10-01 08:44:33.200000,20247.8,81887.2,1171.415,113;112;118;122;127;128;129,129;130;131;125;121;116;115;114;113;112;118;122;127,2,8400
3,HOSTTRANSFER-20251001082503998,FE-H0107,50,2025-10-01 08:25:03.998000,P29,P30,OHT14,2025-10-01 08:25:08.400000,4402,2025-10-01 08:43:05.800000,2025-10-01 08:43:05.800000,2025-10-01 08:43:13.800000,2025-10-01 08:43:13.800000,2025-10-01 08:45:11.400000,2025-10-01 08:45:11.400000,2025-10-01 08:45:19.400000,2025-10-01 08:45:19.400000,13191.8,83318.0,1215.402,127;128;123;119;113,113;112;118;122;127;128;129;130;131;125;121;116;115;114,0,0
3,HOSTTRANSFER-20251001082506749,FE-H0530,50,2025-10-01 08:25:06.749000,P36,P31,OHT19,2025-10-01 08:25:08.400000,1651,2025-10-01 08:27:06.200000,2025-10-01 08:27:06.200000,2025-10-01 08:27:14.200000,2025-10-01 08:27:14.200000,2025-10-01 08:27:59,2025-10-01 08:27:59,2025-10-01 08:28:07,2025-10-01 08:28:07,0.0,31643.0,180.251,130,130;131;125;121;116,0,0
3,HOSTTRANSFER-20251001082507906,FE-H0107,50,2025-10-01 08:25:07.906000,P30,P32,OHT16,2025-10-01 08:45:19.400000,1211494,2025-10-01 08:45:56,2025-10-01 08:45:56,2025-10-01 08:46:04,2025-10-01 08:46:04,2025-10-01 08:47:40.600000,2025-10-01 08:47:40.600000,2025-10-01 08:47:48.600000,2025-10-01 08:47:48.600000,10097.2,66073.8,1360.694,116;115;114,114;113;112;118;122;127;128;129;130;131;125;121;116,2,3000
3,HOSTTRANSFER-20251001082510893,AL-H0055,53,2025-10-01 08:25:10.893000,P21,P04,OHT20,2025-10-01 08:58:51,2020107,2025-10-01 09:00:35,2025-10-01 09:00:35,2025-10-01 09:00:43,2025-10-01 09:00:43,2025-10-01 09:02:17.800000,2025-10-01 09:02:17.800000,2025-10-01 09:02:25.800000,2025-10-01 09:02:25.800000,0.0,67106.6,2234.907,45,45;104;106;107;105;44;41;38;33;4;2;1;3;5;13;12;11;10,0,0
3,HOSTTRANSFER-20251001082513507,AL-H0068,50,2025-10-01 08:25:13.507000,P03,P04,OHT04,2025-10-01 08:25:13.600000,93,2025-10-01 08:42:18,2025-10-01 08:42:18,2025-10-01 08:42:26,2025-10-01 08:42:26,2025-10-01 08:44:22.200000,2025-10-01 08:44:22.200000,2025-10-01 08:44:30.200000,2025-10-01 08:44:30.200000,6299.2,82192.2,1156.693,10;9,9;8;7;6;15;19;25;26;27;28;29;22;18;12;11;10,1,200
3,HOSTTRANSFER-20251001082517395,AL-H0105,50,2025-10-01 08:25:17.395000,P08,P09,OHT02,2025-10-01 08:35:44.200000,626805,2025-10-01 08:39:33.800000,2025-10-01 08:39:33.800000,2025-10-01 08:39:41.800000,2025-10-01 08:39:41.800000,2025-10-01 08:39:50,2025-10-01 08:39:50,2025-10-01 08:39:58,2025-10-01 08:39:58,22641.2,5656.1,880.605,50;49;48;46;31;24;25,25;26,0,0
3,HOSTTRANSFER-20251001082520026,FE-H0504,99,2025-10-01 08:25:20.026000,P33,P34,OHT13,2025-10-01 08:25:20.200000,174,2025-10-01 08:27:16.600000,2025-10-01 08:27:16.600000,2025-10-01 08:27:24.600000,2025-10-01 08:27:24.600000,2025-10-01 08:27:34.600000,2025-10-01 08:27:34.600000,2025-10-01 08:27:42.600000,2025-10-01 08:27:42.600000,0.0,6953.8,142.574,127,127;128;129,0,0
3,HOSTTRANSFER-20251001082523205,AL-H0017,50,2025-10-01 08:25:23.205000,P06,P03,OHT03,2025-10-01 08:32:29.400000,426195,2025-10-01 08:34:18.200000,2025-10-01 08:34:18.200000,2025-10-01 08:34:26.200000,2025-10-01 08:34:26.200000,2025-10-01 08:35:06.800000,2025-10-01 08:35:06.800000,2025-10-01 08:35:14.800000,2025-10-01 08:35:14.800000,49182.4,19568.2,591.595,10;9;17;21;28;29;22;18;12;11,11;10;9,4,17000
3,HOSTTRANSFER-20251001082525269,FE-H0001,52,2025-10-01 08:25:25.269000,P30,P31,OHT12,2025-10-01 08:25:29.600000,4331,2025-10-01 08:38:00.200000,2025-10-01 08:38:00.200000,2025-10-01 08:38:08.200000,2025-10-01 08:38:08.200000,2025-10-01 08:40:06,2025-10-01 08:40:06,2025-10-01 08:40:14,2025-10-01 08:40:14,22767.2,78743.8,888.731,116;115;114,114;113;112;118;122;127;128;129;130;131;125;121;116,3,6400
3,HOSTTRANSFER-20251001082527958,AL-H0045,50,2025-10-01 08:25:27.958000,P06,P14,OHT01,2025-10-01 08:44:52.600000,1164642,2025-10-01 08:52:00.600000,2025-10-01 08:52:00.600000,2025-10-01 08:52:08.600000,2025-10-01 08:52:08.600000,2025-10-01 08:54:04.200000,2025-10-01 08:54:04.200000,2025-10-01 08:54:12.200000,2025-10-01 08:54:12.200000,0.0,81970.4,1724.242,11,11;10;9;17;21;28;29;30;32;34;39;40;43;47;54;53,0,0
3,HOSTTRANSFER-20251001082529927,FE-H0544,90,2025-10-01 08:25:29.927000,P34,P33,OHT17,2025-10-01 08:25:30,73,2025-10-01 08:37:36.800000,2025-10-01 08:37:36.800000,2025-10-01 08:37:44.800000,2025-10-01 08:37:44.800000,2025-10-01 08:39:40.600000,2025-10-01 08:39:40.600000,2025-10-01 08:39:48.600000,2025-10-01 08:39:48.600000,0.0,81887.2,858.673,129,129;130;131;125;121;116;115;114;113;112;118;122;127,1,200
3,HOSTTRANSFER-20251001082532103,AL-H0115,50,2025-10-01 08:25:32.103000,P03,P04,OHT04,2025-10-01 08:25:34.600000,2497,2025-10-01 08:39:47.800000,2025-10-01 08:39:47.800000,2025-10-01 08:39:55.800000,2025-10-01 08:39:55.800000,2025-10-01 08:42:01,2025-10-01 08:42:01,2025-10-01 08:42:09,2025-10-01 08:42:09,0.0,82192.2,996.897,9,9;8;7;6;15;19;25;26;27;28;29;22;18;12;11;10,3,8600
3,HOSTTRANSFER-20251001082533666,FE-H0353,50,2025-10-01 08:25:33.666000,P26,P30,OHT11,2025-10-01 08:25:34.600000,934,2025-10-01 08:38:29.400000,2025-10-01 08:38:29.400000,2025-10-01 08:38:37.400000,2025-10-01 08:38:37.400000,2025-10-01 08:40:06.200000,2025-10-01 08:40:06.200000,2025-10-01 08:40:14.200000,2025-10-01 08:40:14.200000,0.0,62919.4,880.534,97,97;98;99;101;110;117;116;115;114,0,0
3,HOSTTRANSFER-20251001082535699,AL-H0127,53,2025-10-01 08:25:35.699000,P14,P21,OHT01,2025-10-01 08:46:09.600000,1233901,2025-10-01 08:54:12.200000,2025-10-01 08:54:12.200000,2025-10-01 08:54:20.200000,2025-10-01 08:54:20.200000,2025-10-01 08:56:27.400000,2025-10-01 08:56:27.400000,2025-10-01 08:56:35.400000,2025-10-01 08:56:35.400000,0.0,90113.6,1859.701,53,53;52;51;50;49;48;46;31;24;25;26;27;28;29;30;32;34;39;40;45,0,0
3,HOSTTRANSFER-20251001082537769,AL-H0076,50,2025-10-01 08:25:37.769000,P07,P06,OHT02,2025-10-01 08:25:39.600000,1831,2025-10-01 08:32:56,2025-10-01 08:32:56,2025-10-01 08:33:04,2025-10-01 08:33:04,2025-10-01 08:33:11.600000,2025-10-01 08:33:11.600000,2025-10-01 08:33:19.600000,2025-10-01 08:33:19.600000,15135.5,5298.0,461.831,28;29;22;18;12,12;11,0,0
3,HOSTTRANSFER-20251001082540495,FE-H0547,50,2025-10-01 08:25:40.495000,P32,P24,OHT10,2025-10-01 08:25:44.600000,4105,2025-10-01 08:42:43.600000,2025-10-01 08:42:43.600000,2025-10-01 08:42:51.600000,2025-10-01 08:42:51.600000,2025-10-01 08:45:13.200000,2025-10-01 08:45:13.200000,2025-10-01 08:45:21.200000,2025-10-01 08:45:21.200000,0.0,96788.2,1180.705,116,116;115;114;113;112;111;109;108;103;102;100;93;94;95;96;97;98;90;83,1,4600
3,HOSTTRANSFER-20251001082542696,AL-H0028,50,2025-10-01 08:25:42.696000,P06,P17,OHT05,2025-10-01 08:25:44.600000,1904,2025-10-01 08:51:34.800000,2025-10-01 08:51:34.800000,2025-10-01 08:51:42.800000,2025-10-01 08:51:42.800000,2025-10-01 08:54:34.800000,2025-10-01 08:54:34.800000,2025-10-01 08:54:42.800000,2025-10-01 08:54:42.800000,5298.0,117947.6,1740.104,12;11,11;10;9;17;21;28;29;30;32;34;39;40;43;47;54;53;52;51;50;49;57;61;68;69;70,3,4600
3,HOSTTRANSFER-20251001082545189,FE-H0149,50,2025-10-01 08:25:45.189000,P24,P27,OHT20,2025-10-01 08:25:49.600000,4411,2025-10-01 08:33:50.600000,2025-10-01 08:33:50.600000,2025-10-01 08:33:58.600000,2025-10-01 08:33:58.600000,2025-10-01 08:35:08.200000,2025-10-01 08:35:08.200000,2025-10-01 08:35:16.200000,2025-10-01 08:35:16.200000,18542.2,43534.2,571.011,97;98;90;83,83;82;89;97,2,7600
3,HOSTTRANSFER-20251001082546494,FE-H0550,90,2025-10-01 08:25:46.494000,P34,P32,OHT16,2025-10-01 08:25:46.600000,106,2025-10-01 08:34:22.800000,2025-10-01 08:34:22.800000,2025-10-01 08:34:30.800000,2025-10-01 08:34:30.800000,2025-10-01 08:35:28,2025-10-01 08:35:28,2025-10-01 08:35:36,2025-10-01 08:35:36,6953.8,40303.0,589.506,127;128;129,129;130;131;125;121;116,1,200
3,HOSTTRANSFER-20251001082549809,FE-H0551,50,2025-10-01 08:25:49.809000,P32,P24,OHT13,2025-10-01 08:25:54.600000,4791,2025-10-01 08:47:08.600000,2025-10-01 08:47:08.600000,2025-10-01 08:47:16.600000,2025-10-01 08:47:16.600000,2025-10-01 08:49:33.200000,2025-10-01 08:49:33.200000,2025-10-01 08:49:41.200000,2025-10-01 08:49:41.200000,32276.0,96788.2,1431.391,130;131;125;121;116,116;115;114;113;112;111;109;108;103;102;100;93;94;95;96;97;98;90;83,0,0
3,HOSTTRANSFER-20251001082554256,AL-H0013,50,2025-10-01 08:25:54.256000,P14,P07,OHT08,2025-10-01 08:25:54.600000,344,2025-10-01 08:48:57.200000,2025-10-01 08:48:57.200000,2025-10-01 08:49:05.200000,2025-10-01 08:49:05.200000,2025-10-01 08:51:01,2025-10-01 08:51:01,2025-10-01 08:51:09,2025-10-01 08:51:09,0.0,82072.6,1514.744,53,53;52;51;50;49;48;46;31;24;25;26;27;28;29;22;18;12,0,0
3,HOSTTRANSFER-20251001082556945,AL-H0045,50,2025-10-01 08:25:56.945000,P14,P03,OHT04,2025-10-01 08:54:12.200000,1695255,2025-10-01 08:59:57.200000,2025-10-01 08:59:57.200000,2025-10-01 09:00:05.200000,2025-10-01 09:00:05.200000,2025-10-01 09:02:37,2025-10-01 09:02:37,2025-10-01 09:02:45,2025-10-01 09:02:45,87268.4,106938.8,2208.055,12;11;10;9;17;21;28;29;30;32;34;39;40;43;47;54;53,53;52;51;50;49;48;46;31;24;25;26;27;28;29;22;18;12;11;10;9,1,600
3,HOSTTRANSFER-20251001082600819,FE-H0513,99,2025-10-01 08:26:00.819000,P32,P33,OHT11,2025-10-01 08:26:01,181,2025-10-01 08:32:10,2025-10-01 08:32:10,2025-10-01 08:32:18,2025-10-01 08:32:18,2025-10-01 08:33:16.800000,2025-10-01 08:33:16.800000,2025-10-01 08:33:24.800000,2025-10-01 08:33:24.800000,0.0,41584.2,443.981,116,116;115;114;113;112;118;122;127,0,0
3,HOSTTRANSFER-20251001082602865,FE-H0275,50,2025-10-01 08:26:02.865000,P17,P21,OHT09,2025-10-01 08:26:05,2135,2025-10-01 08:57:40,2025-10-01 08:57:40,2025-10-01 08:57:48,2025-10-01 08:57:48,2025-10-01 09:01:14.600000,2025-10-01 09:01:14.600000,2025-10-01 09:01:22.600000,2025-10-01 09:01:22.600000,7003.0,143170.8,2119.735,68;69;70,70;71;72;64;60;53;52;51;50;49;48;46;31;24;25;26;27;28;29;30;32;34;39;40;45,4,4000
3,HOSTTRANSFER-20251001082606701,AL-H0165,50,2025-10-01 08:26:06.701000,P03,P11,OHT02,2025-10-01 08:26:10,3299,2025-10-01 08:31:09.600000,2025-10-01 08:31:09.600000,2025-10-01 08:31:17.600000,2025-10-01 08:31:17.600000,2025-10-01 08:32:26.400000,2025-10-01 08:32:26.400000,2025-10-01 08:32:34.400000,2025-10-01 08:32:34.400000,6299.2,48489.7,387.699,10;9,9;8;7;6;15;19;25;26;27;28,1,200
3,HOSTTRANSFER-20251001082610608,FE-H0554,90,2025-10-01 08:26:10.608000,P34,P33,OHT01,2025-10-01 08:26:10.800000,192,2025-10-01 08:43:52.800000,2025-10-01 08:43:52.800000,2025-10-01 08:44:00.800000,2025-10-01 08:44:00.800000,2025-10-01 08:45:56.600000,2025-10-01 08:45:56.600000,2025-10-01 08:46:04.600000,2025-10-01 08:46:04.600000,20247.8,81887.2,1193.992,113;112;118;122;127;128;129,129;130;131;125;121;116;115;114;113;112;118;122;127,1,200
3,HOSTTRANSFER-20251001082613171,FE-H0386,50,2025-10-01 08:26:13.171000,P29,P32,OHT14,2025-10-01 08:26:15,1829,2025-10-01 08:35:23.800000,2025-10-01 08:35:23.800000,2025-10-01 08:35:31.800000,2025-10-01 08:35:31.800000,2025-10-01 08:36:59.600000,2025-10-01 08:36:59.600000,2025-10-01 08:37:07.600000,2025-10-01 08:37:07.600000,0.0,60550.8,654.429,113,113;112;118;122;127;128;129;130;131;125;121;116,1,2000
3,HOSTTRANSFER-20251001082615808,AL-H0066,50,2025-10-01 08:26:15.808000,P07,P14,OHT08,2025-10-01 08:26:20,4192,2025-10-01 08:51:09,2025-10-01 08:51:09,2025-10-01 08:51:17,2025-10-01 08:51:17,2025-10-01 08:53:20.200000,2025-10-01 08:53:20.200000,2025-10-01 08:53:28.200000,2025-10-01 08:53:28.200000,0.0,87268.4,1632.392,12,12;11;10;9;17;21;28;29;30;32;34;39;40;43;47;54;53,0,0
3,HOSTTRANSFER-20251001082616553,FE-H0519,99,2025-10-01 08:26:16.553000,P33,P28,OHT18,2025-10-01 08:26:16.600000,47,2025-10-01 08:46:54.800000,2025-10-01 08:46:54.800000,2025-10-01 08:47:02.800000,2025-10-01 08:47:02.800000,2025-10-01 08:48:43.600000,2025-10-01 08:48:43.600000,2025-10-01 08:48:51.600000,2025-10-01 08:48:51.600000,28914.2,71412.7,1355.047,116;115;114;113;112;118;122;127,127;128;123;119;113;112;111;109;108;103;102;100;93;94;95;96;97;98,0,0
3,HOSTTRANSFER-20251001082618622,FE-H0555,50,2025-10-01 08:26:18.622000,P32,P28,OHT13,2025-10-01 08:26:20,1378,2025-10-01 08:36:49.400000,2025-10-01 08:36:49.400000,2025-10-01 08:36:57.400000,2025-10-01 08:36:57.400000,2025-10-01 08:39:09.400000,2025-10-01 08:39:09.400000,2025-10-01 08:39:17.400000,2025-10-01 08:39:17.400000,0.0,86511.1,778.778,116,116;115;114;113;112;111;109;108;103;102;100;93;94;95;96;97;98,1,9600
3,HOSTTRANSFER-20251001082621336,FE-H0519,50,2025-10-01 08:26:21.336000,P28,P35,OHT18,2025-10-01 08:48:51.600000,1350264,2025-10-01 08:53:04.200000,2025-10-01 08:53:04.200000,2025-10-01 08:53:12.200000,2025-10-01 08:53:12.200000,2025-10-01 08:54:22.600000,2025-10-01 08:54:22.600000,2025-10-01 08:54:30.600000,2025-10-01 08:54:30.600000,39436.3,49855.9,1689.264,83;82;89;97;98,98;99;101;110;117;116;115;120;124;130,0,0
3,HOSTTRANSFER-20251001082624660,AL-H0100,50,2025-10-01 08:26:24.660000,P12,P14,OHT09,2025-10-01 08:39:15,770340,2025-10-01 08:40:14.800000,2025-10-01 08:40:14.800000,2025-10-01 08:40:22.800000,2025-10-01 08:40:22.800000,2025-10-01 08:40:56.200000,2025-10-01 08:40:56.200000,2025-10-01 08:41:04.200000,2025-10-01 08:41:04.200000,0.0,23498.0,879.54,43,43;47;54;53,0,0
3,HOSTTRANSFER-20251001082628028,AL-H0018,50,2025-10-01 08:26:28.028000,P07,P03,OHT05,2025-10-01 08:58:06.400000,1898372,2025-10-01 08:58:16.600000,2025-10-01 08:58:16.600000,2025-10-01 08:58:24.600000,2025-10-01 08:58:24.600000,2025-10-01 08:59:00,2025-10-01 08:59:00,2025-10-01 08:59:08,2025-10-01 08:59:08,0.0,24866.2,1959.972,12,12;11;10;9,0,0
3,HOSTTRANSFER-20251001082629246,FE-H0559,53,2025-10-01 08:26:29.246000,P31,P36,OHT19,2025-10-01 08:26:29.400000,154,2025-10-01 08:28:07,2025-10-01 08:28:07,2025-10-01 08:28:15,2025-10-01 08:28:15,2025-10-01 08:28:59.600000,2025-10-01 08:28:59.600000,2025-10-01 08:29:07.600000,2025-10-01 08:29:07.600000,0.0,31481.8,158.354,116,116;115;120;124;130,0,0
3,HOSTTRANSFER-20251001082630660,FE-H0561,50,2025-10-01 08:26:30.660000,P28,P26,OHT15,2025-10-01 08:26:34.400000,3740,2025-10-01 08:37:01.600000,2025-10-01 08:37:01.600000,2025-10-01 08:37:09.600000,2025-10-01 08:37:09.600000,2025-10-01 08:39:22.200000,2025-10-01 08:39:22.200000,2025-10-01 08:39:30.200000,2025-10-01 08:39:30.200000,0.0,84373.1,779.54,98,98;99;101;110;117;116;115;114;113;112;111;109;108;103;102;100;93;94;95;96;97,2,13000
3,HOSTTRANSFER-20251001082632344,FE-H0557,50,2025-10-01 08:26:32.344000,P31,P25,OHT12,2025-10-01 08:26:34.400000,2056,2025-10-01 08:40:14,2025-10-01 08:40:14,2025-10-01 08:40:22,2025-10-01 08:40:22,2025-10-01 08:41:14.600000,2025-10-01 08:41:14.600000,2025-10-01 08:41:22.600000,2025-10-01 08:41:22.600000,0.0,37136.2,890.256,116,116;115;114;113;112;111;109;108;103;102;100;93;94,0,0
3,HOSTTRANSFER-20251001082635476,AL-H0102,50,2025-10-01 08:26:35.476000,P17,P07,OHT19,2025-10-01 08:59:50,1994524,2025-10-01 09:01:35.400000,2025-10-01 09:01:35.400000,2025-10-01 09:01:43.400000,2025-10-01 09:01:43.400000,2025-10-01 09:05:01.200000,2025-10-01 09:05:01.200000,2025-10-01 09:05:09.200000,2025-10-01 09:05:09.200000,40842.4,135129.8,2313.724,114;113;112;111;109;108;103;102;100;91;85;76;74;67;68;69;70,70;71;72;64;60;53;52;51;50;49;48;46;31;24;25;26;27;28;29;22;18;12,4,7000
3,HOSTTRANSFER-20251001082638049,AL-H0071,50,2025-10-01 08:26:38.049000,P19,P11,OHT09,2025-10-01 08:26:39.400000,1351,2025-10-01 08:28:48,2025-10-01 08:28:48,2025-10-01 08:28:56,2025-10-01 08:28:56,2025-10-01 08:31:33,2025-10-01 08:31:33,2025-10-01 08:31:41,2025-10-01 08:31:41,0.0,111308.8,302.951,71,71;72;64;60;53;52;51;50;49;48;46;31;24;25;26;27;28,0,0
3,HOSTTRANSFER-20251001082640030,AL-H0027,50,2025-10-01 08:26:40.030000,P08,P04,OHT03,2025-10-01 08:26:44.400000,4370,2025-10-01 08:44:52.600000,2025-10-01 08:44:52.600000,2025-10-01 08:45:00.600000,2025-10-01 08:45:00.600000,2025-10-01 08:46:28.600000,2025-10-01 08:46:28.600000,2025-10-01 08:46:36.600000,2025-10-01 08:46:36.600000,0.0,62289.2,1196.57,25,25;26;27;28;29;22;18;12;11;10,0,0
3,HOSTTRANSFER-20251001082642329,AL-H0016,50,2025-10-01 08:26:42.329000,P08,P04,OHT04,2025-10-01 08:39:15,752671,2025-10-01 08:50:27.600000,2025-10-01 08:50:27.600000,2025-10-01 08:50:35.600000,2025-10-01 08:50:35.600000,2025-10-01 08:52:03.800000,2025-10-01 08:52:03.800000,2025-10-01 08:52:11.800000,2025-10-01 08:52:11.800000,13125.0,62289.2,1529.471,7;6;15;19;25,25;26;27;28;29;22;18;12;11;10,0,0
3,HOSTTRANSFER-20251001082644249,AL-H0012,50,2025-10-01 08:26:44.249000,P12,P19,OHT14,2025-10-01 08:26:44.400000,151,2025-10-01 08:27:22.200000,2025-10-01 08:27:22.200000,2025-10-01 08:27:30.200000,2025-10-01 08:27:30.200000,2025-10-01 08:28:29.800000,2025-10-01 08:28:29.800000,2025-10-01 08:28:37.800000,2025-10-01 08:28:37.800000,16454.5,42120.7,113.551,28;29;30;32;34;39;40;43,43;47;54;53;52;59;63;71,0,0
3,HOSTTRANSFER-20251001082647030,FE-H0526,99,2025-10-01 08:26:47.030000,P33,P34,OHT13,2025-10-01 08:26:47.200000,170,2025-10-01 08:29:54.400000,2025-10-01 08:29:54.400000,2025-10-01 08:30:02.400000,2025-10-01 08:30:02.400000,2025-10-01 08:30:12.400000,2025-10-01 08:30:12.400000,2025-10-01 08:30:20.400000,2025-10-01 08:30:20.400000,0.0,6953.8,213.37,127,127;128;129,0,0
3,HOSTTRANSFER-20251001082649444,AL-H0046,50,2025-10-01 08:26:49.444000,P12,P03,OHT07,2025-10-01 08:26:49.600000,156,2025-10-01 08:52:33.400000,2025-10-01 08:52:33.400000,2025-10-01 08:52:41.400000,2025-10-01 08:52:41.400000,2025-10-01 08:55:45.400000,2025-10-01 08:55:45.400000,2025-10-01 08:55:53.400000,2025-10-01 08:55:53.400000,58472.4,130436.8,1743.956,11;10;9;17;21;28;29;30;32;34;39;40;43,43;47;54;53;52;51;50;49;48;46;31;24;25;26;27;28;29;22;18;12;11;10;9,0,0
3,HOSTTRANSFER-20251001082652998,FE-H0568,50,2025-10-01 08:26:52.998000,P32,P33,OHT16,2025-10-01 08:26:54.600000,1602,2025-10-01 08:35:36,2025-10-01 08:35:36,2025-10-01 08:35:44,2025-10-01 08:35:44,2025-10-01 08:36:42.800000,2025-10-01 08:36:42.800000,2025-10-01 08:36:50.800000,2025-10-01 08:36:50.800000,0.0,41584.2,597.802,116,116;115;114;113;112;118;122;127,0,0
3,HOSTTRANSFER-20251001082657081,FE-H0368,50,2025-10-01 08:26:57.081000,P29,P35,OHT20,2025-10-01 08:26:59.600000,2519,2025-10-01 08:41:47.800000,2025-10-01 08:41:47.800000,2025-10-01 08:41:55.800000,2025-10-01 08:41:55.800000,2025-10-01 08:42:36,2025-10-01 08:42:36,2025-10-01 08:42:44,2025-10-01 08:42:44,15620.2,28274.8,946.919,116;115;114;113,113;112;118;122;127;128;129;130,0,0
3,HOSTTRANSFER-20251001082700895,FE-H0029,50,2025-10-01 08:27:00.895000,P27,P23,OHT15,2025-10-01 08:27:04.600000,3705,2025-10-01 08:33:06,2025-10-01 08:33:06,2025-10-01 08:33:14,2025-10-01 08:33:14,2025-10-01 08:33:57.800000,2025-10-01 08:33:57.800000,2025-10-01 08:34:05.800000,2025-10-01 08:34:05.800000,12880.0,30905.2,424.905,97,97;98;90;83,0,0
3,HOSTTRANSFER-20251001082702839,FE-H0571,53,2025-10-01 08:27:02.839000,P23,P26,OHT15,2025-10-01 08:27:04.600000,1761,2025-10-01 08:32:05.600000,2025-10-01 08:32:05.600000,2025-10-01 08:32:13.600000,2025-10-01 08:32:13.600000,2025-10-01 08:32:39.600000,2025-10-01 08:32:39.600000,2025-10-01 08:32:47.600000,2025-10-01 08:32:47.600000,0.0,18291.2,344.761,83,83;82;89;97,0,0
3,HOSTTRANSFER-20251001082706053,FE-H0531,99,2025-10-01 08:27:06.053000,P32,P33,OHT10,2025-10-01 08:27:06.200000,147,2025-10-01 08:37:38.200000,2025-10-01 08:37:38.200000,2025-10-01 08:37:46.200000,2025-10-01 08:37:46.200000,2025-10-01 08:38:45,2025-10-01 08:38:45,2025-10-01 08:38:53,2025-10-01 08:38:53,0.0,41584.2,706.947,116,116;115;114;113;112;118;122;127,0,0
3,HOSTTRANSFER-20251001082711710,FE-H0541,53,2025-10-01 08:27:11.710000,P33,P31,OHT17,2025-10-01 08:27:11.800000,90,2025-10-01 08:42:28.800000,2025-10-01 08:42:28.800000,2025-10-01 08:42:36.800000,2025-10-01 08:42:36.800000,2025-10-01 08:44:01.400000,2025-10-01 08:44:01.400000,2025-10-01 08:44:09.400000,2025-10-01 08:44:09.400000,0.0,59926.8,1017.69,127,127;128;129;130;131;125;121;116,0,0
3,HOSTTRANSFER-20251001082713647,AL-H0029,50,2025-10-01 08:27:13.647000,P03,P04,OHT06,2025-10-01 08:27:16.800000,3153,2025-10-01 08:35:33.200000,2025-10-01 08:35:33.200000,2025-10-01 08:35:41.200000,2025-10-01 08:35:41.200000,2025-10-01 08:37:45.200000,2025-10-01 08:37:45.200000,2025-10-01 08:37:53.200000,2025-10-01 08:37:53.200000,0.0,82192.2,639.553,9,9;8;7;6;15;19;25;26;27;28;29;22;18;12;11;10,2,7600
3,HOSTTRANSFER-20251001082716924,AL-H0157,50,2025-10-01 08:27:16.924000,P03,P04,OHT05,2025-10-01 08:27:21.800000,4876,2025-10-01 08:31:46.200000,2025-10-01 08:31:46.200000,2025-10-01 08:31:54.200000,2025-10-01 08:31:54.200000,2025-10-01 08:34:06.800000,2025-10-01 08:34:06.800000,2025-10-01 08:34:14.800000,2025-10-01 08:34:14.800000,0.0,82192.2,417.876,9,9;8;7;6;15;19;25;26;27;28;29;22;18;12;11;10,2,16000
3,HOSTTRANSFER-20251001082717700,AL-H0169,50,2025-10-01 08:27:17.700000,P16,P17,OHT01,2025-10-01 08:27:21.800000,4100,2025-10-01 08:30:07.600000,2025-10-01 08:30:07.600000,2025-10-01 08:30:15.600000,2025-10-01 08:30:15.600000,2025-10-01 08:30:25.600000,2025-10-01 08:30:25.600000,2025-10-01 08:30:33.600000,2025-10-01 08:30:33.600000,0.0,7003.0,195.9,68,68;69;70,0,0
3,HOSTTRANSFER-20251001082719372,AL-H0094,50,2025-10-01 08:27:19.372000,P18,P17,OHT01,2025-10-01 08:30:22.200000,182828,2025-10-01 08:30:34.200000,2025-10-01 08:30:34.200000,2025-10-01 08:30:42.200000,2025-10-01 08:30:42.200000,2025-10-01 08:32:47.600000,2025-10-01 08:32:47.600000,2025-10-01 08:32:55.600000,2025-10-01 08:32:55.600000,280.0,88754.4,336.228,70,70;71;72;64;60;53;52;51;50;49;57;61;68;69;70,1,200
3,HOSTTRANSFER-20251001082721797,AL-H0164,50,2025-10-01 08:27:21.797000,P06,P04,OHT08,2025-10-01 08:27:21.800000,3,2025-10-01 08:28:29.600000,2025-10-01 08:28:29.600000,2025-10-01 08:28:37.600000,2025-10-01 08:28:37.600000,2025-10-01 08:28:56.600000,2025-10-01 08:28:56.600000,2025-10-01 08:29:04.600000,2025-10-01 08:29:04.600000,0.0,13269.0,102.803,11,11;10,0,0
3,HOSTTRANSFER-20251001082725671,FE-H0354,50,2025-10-01 08:27:25.671000,P24,P29,OHT10,2025-10-01 08:27:26.800000,1129,2025-10-01 08:45:21.200000,2025-10-01 08:45:21.200000,2025-10-01 08:45:29.200000,2025-10-01 08:45:29.200000,2025-10-01 08:48:00.400000,2025-10-01 08:48:00.400000,2025-10-01 08:48:08.400000,2025-10-01 08:48:08.400000,0.0,99096.6,1242.729,83,83;82;89;97;98;99;101;110;117;116;115;114;113,3,10600
3,HOSTTRANSFER-20251001082727891,AL-H0185,50,2025-10-01 08:27:27.891000,P16,P07,OHT11,2025-10-01 08:27:31.800000,3909,2025-10-01 08:41:02.200000,2025-10-01 08:41:02.200000,2025-10-01 08:41:10.200000,2025-10-01 08:41:10.200000,2025-10-01 08:43:03.600000,2025-10-01 08:43:03.600000,2025-10-01 08:43:11.600000,2025-10-01 08:43:11.600000,33839.4,80388.4,943.709,114;113;112;111;109;108;103;102;100;91;85;76;74;67;68,68;69;62;58;50;49;48;46;31;24;25;26;27;28;29;22;18;12,1,200
3,HOSTTRANSFER-20251001082730877,FE-H0354,50,2025-10-01 08:27:30.877000,P29,P32,OHT15,2025-10-01 08:48:08.400000,1237523,2025-10-01 08:48:39.200000,2025-10-01 08:48:39.200000,2025-10-01 08:48:47.200000,2025-10-01 08:48:47.200000,2025-10-01 08:50:12.800000,2025-10-01 08:50:12.800000,2025-10-01 08:50:20.800000,2025-10-01 08:50:20.800000,5523.0,60550.8,1369.923,114;113,113;112;118;122;127;128;129;130;131;125;121;116,1,200
3,HOSTTRANSFER-20251001082733894,AL-H0128,50,2025-10-01 08:27:33.894000,P11,P02,OHT13,2025-10-01 08:57:30,1796106,2025-10-01 09:00:20,2025-10-01 09:00:20,2025-10-01 09:00:28,2025-10-01 09:00:28,2025-10-01 09:01:36.800000,2025-10-01 09:01:36.800000,2025-10-01 09:01:44.800000,2025-10-01 09:01:44.800000,28748.9,40371.7,2050.906,10;9;17;21;28,28;29;22;18;12;11;10;9;8,3,14200
3,HOSTTRANSFER-20251001082736848,AL-H0025,50,2025-10-01 08:27:36.848000,P20,P13,OHT04,2025-10-01 08:27:37,152,2025-10-01 08:33:18.800000,2025-10-01 08:33:18.800000,2025-10-01 08:33:26.800000,2025-10-01 08:33:26.800000,2025-10-01 08:34:33.600000,2025-10-01 08:34:33.600000,2025-10-01 08:34:41.600000,2025-10-01 08:34:41.600000,44118.7,47213.0,424.752,53;52;59;63;71,71;72;64;60;53;52;51;50,0,0
3,HOSTTRANSFER-20251001082739779,AL-H0008,50,2025-10-01 08:27:39.779000,P12,P21,OHT06,2025-10-01 08:30:38.600000,178821,2025-10-01 08:41:34.600000,2025-10-01 08:41:34.600000,2025-10-01 08:41:42.600000,2025-10-01 08:41:42.600000,2025-10-01 08:44:34.800000,2025-10-01 08:44:34.800000,2025-10-01 08:44:42.800000,2025-10-01 08:44:42.800000,16454.5,113611.6,1023.021,28;29;30;32;34;39;40;43,43;47;54;53;52;51;50;49;48;46;31;24;25;26;27;28;29;30;32;34;39;40;45,1,11800
3,HOSTTRANSFER-20251001082741929,AL-H0113,50,2025-10-01 08:27:41.929000,P05,P03,OHT04,2025-10-01 08:27:42,71,2025-10-01 08:39:11.800000,2025-10-01 08:39:11.800000,2025-10-01 08:39:19.800000,2025-10-01 08:39:19.800000,2025-10-01 08:39:39.800000,2025-10-01 08:39:39.800000,2025-10-01 08:39:47.800000,2025-10-01 08:39:47.800000,0.0,14089.2,725.871,10,10;9,0,0
3,HOSTTRANSFER-20251001082746332,FE-H0375,53,2025-10-01 08:27:46.332000,P33,P29,OHT11,2025-10-01 08:27:47,668,2025-10-01 08:33:24.800000,2025-10-01 08:33:24.800000,2025-10-01 08:33:32.800000,2025-10-01 08:33:32.800000,2025-10-01 08:33:51.600000,2025-10-01 08:33:51.600000,2025-10-01 08:33:59.600000,2025-10-01 08:33:59.600000,0.0,13191.8,373.268,127,127;128;123;119;113,0,0
3,HOSTTRANSFER-20251001082750974,AL-H0066,50,2025-10-01 08:27:50.974000,P05,P06,OHT17,2025-10-01 08:53:28.200000,1537226,2025-10-01 08:54:17.800000,2025-10-01 08:54:17.800000,2025-10-01 08:54:25.800000,2025-10-01 08:54:25.800000,2025-10-01 08:55:49.600000,2025-10-01 08:55:49.600000,2025-10-01 08:55:57.600000,2025-10-01 08:55:57.600000,5479.0,56972.4,1686.626,11;10,10;9;17;21;28;29;22;18;12;11,2,2800
3,HOSTTRANSFER-20251001082755238,FE-H0242,50,2025-10-01 08:27:55.238000,P32,P33,OHT14,2025-10-01 08:27:55.400000,162,2025-10-01 08:37:07.600000,2025-10-01 08:37:07.600000,2025-10-01 08:37:15.600000,2025-10-01 08:37:15.600000,2025-10-01 08:38:14.400000,2025-10-01 08:38:14.400000,2025-10-01 08:38:22.400000,2025-10-01 08:38:22.400000,0.0,41584.2,627.162,116,116;115;114;113;112;118;122;127,0,0
3,HOSTTRANSFER-20251001082756327,FE-H0536,53,2025-10-01 08:27:56.327000,P33,P30,OHT16,2025-10-01 08:28:00.400000,4073,2025-10-01 08:36:50.800000,2025-10-01 08:36:50.800000,2025-10-01 08:36:58.800000,2025-10-01 08:36:58.800000,2025-10-01 08:38:37.600000,2025-10-01 08:38:37.600000,2025-10-01 08:38:45.600000,2025-10-01 08:38:45.600000,0.0,70024.0,649.273,127,127;128;129;130;131;125;121;116;115;114,0,0
3,HOSTTRANSFER-20251001082801608,AL-H0040,50,2025-10-01 08:28:01.608000,P05,P03,OHT05,2025-10-01 08:28:05.400000,3792,2025-10-01 08:31:09.800000,2025-10-01 08:31:09.800000,2025-10-01 08:31:17.800000,2025-10-01 08:31:17.800000,2025-10-01 08:31:38.200000,2025-10-01 08:31:38.200000,2025-10-01 08:31:46.200000,2025-10-01 08:31:46.200000,0.0,14089.2,224.592,10,10;9,0,0
3,HOSTTRANSFER-20251001082805854,FE-H0580,53,2025-10-01 08:28:05.854000,P14,P21,OHT02,2025-10-01 08:28:10.400000,4546,2025-10-01 08:47:54,2025-10-01 08:47:54,2025-10-01 08:48:02,2025-10-01 08:48:02,2025-10-01 08:50:09.200000,2025-10-01 08:50:09.200000,2025-10-01 08:50:17.200000,2025-10-01 08:50:17.200000,12628.1,90113.6,1331.346,53,53;52;51;50;49;48;46;31;24;25;26;27;28;29;30;32;34;39;40;45,0,0
3,HOSTTRANSFER-20251001082807572,FE-H0582,50,2025-10-01 08:28:07.572000,P29,P32,OHT19,2025-10-01 08:28:10.400000,2828,2025-10-01 08:34:55.400000,2025-10-01 08:34:55.400000,2025-10-01 08:35:03.400000,2025-10-01 08:35:03.400000,2025-10-01 08:36:29,2025-10-01 08:36:29,2025-10-01 08:36:37,2025-10-01 08:36:37,13191.8,60550.8,509.428,127;128;123;119;113,113;112;118;122;127;128;129;130;131;125;121;116,0,0
3,HOSTTRANSFER-20251001082810005,FE-H0228,50,2025-10-01 08:28:10.005000,P26,P36,OHT16,2025-10-01 08:33:34.400000,324395,2025-10-01 08:49:20.800000,2025-10-01 08:49:20.800000,2025-10-01 08:49:28.800000,2025-10-01 08:49:28.800000,2025-10-01 08:51:27.800000,2025-10-01 08:51:27.800000,2025-10-01 08:51:35.800000,2025-10-01 08:51:35.800000,65366.0,84304.0,1405.795,116;115;114;113;112;111;109;108;103;102;100;93;94;95;96;97,97;98;99;101;110;117;116;115;120;124;130,0,0
3,HOSTTRANSFER-20251001082812527,FE-H0586,53,2025-10-01 08:28:12.527000,P23,P31,OHT01,2025-10-01 08:28:15.400000,2873,2025-10-01 08:58:48.400000,2025-10-01 08:58:48.400000,2025-10-01 08:58:56.400000,2025-10-01 08:58:56.400000,2025-10-01 09:00:36.800000,2025-10-01 09:00:36.800000,2025-10-01 09:00:44.800000,2025-10-01 09:00:44.800000,30734.0,71113.4,1952.273,43;47;56;66;75;77;84;83,83;82;89;97;98;99;101;110;117;116,0,0
3,HOSTTRANSFER-20251001082814426,FE-H0563,53,2025-10-01 08:28:14.426000,P23,P28,OHT15,2025-10-01 08:28:15.400000,974,2025-10-01 08:35:49.800000,2025-10-01 08:35:49.800000,2025-10-01 08:35:57.800000,2025-10-01 08:35:57.800000,2025-10-01 08:36:53.600000,2025-10-01 08:36:53.600000,2025-10-01 08:37:01.600000,2025-10-01 08:37:01.600000,30905.2,39436.3,527.174,97;98;90;83,83;82;89;97;98,0,0
3,HOSTTRANSFER-20251001082820265,AL-H0088,50,2025-10-01 08:28:20.265000,P21,P14,OHT07,2025-10-01 08:33:03.200000,282935,2025-10-01 08:44:24.600000,2025-10-01 08:44:24.600000,2025-10-01 08:44:32.600000,2025-10-01 08:44:32.600000,2025-10-01 08:46:19,2025-10-01 08:46:19,2025-10-01 08:46:27,2025-10-01 08:46:27,0.0,75446.6,1086.735,45,45;104;106;107;105;44;41;38;33;4;2;1;3;5;14;23;32;34;39;40;43;47;54;53,0,0
3,HOSTTRANSFER-20251001082825244,AL-H0049,53,2025-10-01 08:28:25.244000,P04,P05,OHT08,2025-10-01 08:28:25.400000,156,2025-10-01 08:29:04.600000,2025-10-01 08:29:04.600000,2025-10-01 08:29:12.600000,2025-10-01 08:29:12.600000,2025-10-01 08:30:43.600000,2025-10-01 08:30:43.600000,2025-10-01 08:30:51.600000,2025-10-01 08:30:51.600000,0.0,54661.4,146.356,10,10;9;17;21;28;29;22;18;12;11;10,3,13000
3,HOSTTRANSFER-20251001082826199,FE-H0013,50,2025-10-01 08:28:26.199000,P29,P34,OHT17,2025-10-01 08:28:30.400000,4201,2025-10-01 08:36:52,2025-10-01 08:36:52,2025-10-01 08:37:00,2025-10-01 08:37:00,2025-10-01 08:37:28.800000,2025-10-01 08:37:28.800000,2025-10-01 08:37:36.800000,2025-10-01 08:37:36.800000,28290.2,20247.8,550.601,116;115;114;113,113;112;118;122;127;128;129,0,0
3,HOSTTRANSFER-20251001082827444,AL-H0152,50,2025-10-01 08:28:27.444000,P12,P17,OHT10,2025-10-01 08:49:08.400000,1240956,2025-10-01 08:54:49,2025-10-01 08:54:49,2025-10-01 08:54:57,2025-10-01 08:54:57,2025-10-01 08:56:21,2025-10-01 08:56:21,2025-10-01 08:56:29,2025-10-01 08:56:29,0.0,59475.2,1681.556,43,43;47;54;53;52;51;50;49;57;61;68;69;70,0,0
3,HOSTTRANSFER-20251001082828908,FE-H0540,50,2025-10-01 08:28:28.908000,P31,P26,OHT20,2025-10-01 08:28:30.400000,1492,2025-10-01 08:43:47.600000,2025-10-01 08:43:47.600000,2025-10-01 08:43:55.600000,2025-10-01 08:43:55.600000,2025-10-01 08:45:10,2025-10-01 08:45:10,2025-10-01 08:45:18,2025-10-01 08:45:18,44946.0,52696.0,1009.092,130;131;125;121;116,116;115;114;113;112;111;109;108;103;102;100;93;94;95;96;97,0,0
3,HOSTTRANSFER-20251001082832456,AL-H0189,50,2025-10-01 08:28:32.456000,P21,P14,OHT09,2025-10-01 08:28:35.400000,2944,2025-10-01 08:35:58.800000,2025-10-01 08:35:58.800000,2025-10-01 08:36:06.800000,2025-10-01 08:36:06.800000,2025-10-01 08:37:53.200000,2025-10-01 08:37:53.200000,2025-10-01 08:38:01.200000,2025-10-01 08:38:01.200000,51925.4,75446.6,568.744,10;9;17;21;28;29;30;32;34;39;40;45,45;104;106;107;105;44;41;38;33;4;2;1;3;5;14;23;32;34;39;40;43;47;54;53,0,0
3,HOSTTRANSFER-20251001082834397,FE-H0594,50,2025-10-01 08:28:34.397000,P24,P31,OHT20,2025-10-01 08:28:35.400000,1003,2025-10-01 08:46:02.400000,2025-10-01 08:46:02.400000,2025-10-01 08:46:10.400000,2025-10-01 08:46:10.400000,2025-10-01 08:48:10.800000,2025-10-01 08:48:10.800000,2025-10-01 08:48:18.800000,2025-10-01 08:48:18.800000,31422.2,83476.4,1184.403,97;98;90;83,83;82;89;97;98;99;101;110;117;116,1,2200
3,HOSTTRANSFER-20251001082837396,AL-H0112,53,2025-10-01 08:28:37.396000,P21,P08,OHT02,2025-10-01 08:28:40.400000,3004,2025-10-01 08:50:17.200000,2025-10-01 08:50:17.200000,2025-10-01 08:50:25.200000,2025-10-01 08:50:25.200000,2025-10-01 08:53:05.600000,2025-10-01 08:53:05.600000,2025-10-01 08:53:13.600000,2025-10-01 08:53:13.600000,0.0,113797.0,1476.204,45,45;104;106;107;105;44;41;38;33;4;2;1;3;5;14;23;32;34;39;40;43;47;54;53;52;51;50;49;48;46;31;24;25,0,0
3,HOSTTRANSFER-20251001082839686,FE-H0473,50,2025-10-01 08:28:39.686000,P28,P23,OHT15,2025-10-01 08:34:36.600000,356914,2025-10-01 08:42:30,2025-10-01 08:42:30,2025-10-01 08:42:38,2025-10-01 08:42:38,2025-10-01 08:46:06.400000,2025-10-01 08:46:06.400000,2025-10-01 08:46:14.400000,2025-10-01 08:46:14.400000,36704.9,128158.3,1054.714,94;95;96;97;98,98;99;101;110;117;116;115;114;113;112;111;109;108;103;102;100;93;94;95;96;97;98;90;83,8,25600
3,HOSTTRANSFER-20251001082841370,AL-H0190,50,2025-10-01 08:28:41.370000,P21,P12,OHT06,2025-10-01 08:28:45.400000,4030,2025-10-01 08:44:42.800000,2025-10-01 08:44:42.800000,2025-10-01 08:44:50.800000,2025-10-01 08:44:50.800000,2025-10-01 08:46:04.200000,2025-10-01 08:46:04.200000,2025-10-01 08:46:12.200000,2025-10-01 08:46:12.200000,0.0,51948.6,1050.83,45,45;104;106;107;105;44;41;38;33;4;2;1;3;5;14;23;32;34;39;40;43,0,0
3,HOSTTRANSFER-20251001082843428,FE-H0371,50,2025-10-01 08:28:43.428000,P27,P29,OHT12,2025-10-01 08:28:45.400000,1972,2025-10-01 08:42:02.800000,2025-10-01 08:42:02.800000,2025-10-01 08:42:10.800000,2025-10-01 08:42:10.800000,2025-10-01 08:43:46,2025-10-01 08:43:46,2025-10-01 08:43:54,2025-10-01 08:43:54,28439.8,55562.4,910.572,94;95;96;97,97;98;99;101;110;117;116;115;114;113,4,15600
3,HOSTTRANSFER-20251001082846048,AL-H0192,53,2025-10-01 08:28:46.048000,P14,P07,OHT04,2025-10-01 08:28:50.400000,4352,2025-10-01 08:55:42.200000,2025-10-01 08:55:42.200000,2025-10-01 08:55:50.200000,2025-10-01 08:55:50.200000,2025-10-01 08:57:46,2025-10-01 08:57:46,2025-10-01 08:57:54,2025-10-01 08:57:54,0.0,82072.6,1747.952,53,53;52;51;50;49;48;46;31;24;25;26;27;28;29;22;18;12,0,0
3,HOSTTRANSFER-20251001082848007,FE-H0599,90,2025-10-01 08:28:48.007000,P22,P34,OHT18,2025-10-01 08:28:48.200000,193,2025-10-01 08:56:45.200000,2025-10-01 08:56:45.200000,2025-10-01 08:56:53.200000,2025-10-01 08:56:53.200000,2025-10-01 08:59:38.400000,2025-10-01 08:59:38.400000,2025-10-01 08:59:46.400000,2025-10-01 08:59:46.400000,94244.0,117127.0,1858.393,130;131;125;121;116;115;114;113;112;111;109;108;103;102;100;93;94;95;88;80,80;79;87;94;95;96;97;98;99;101;110;117;116;115;114;113;112;118;122;127;128;129,1,1600
3,HOSTTRANSFER-20251001082849638,AL-H0171,53,2025-10-01 08:28:49.638000,P04,P09,OHT19,2025-10-01 08:50:08.800000,1279162,2025-10-01 08:51:03.600000,2025-10-01 08:51:03.600000,2025-10-01 08:51:11.600000,2025-10-01 08:51:11.600000,2025-10-01 08:51:56.600000,2025-10-01 08:51:56.600000,2025-10-01 08:52:04.600000,2025-10-01 08:52:04.600000,0.0,31858.3,1394.962,10,10;9;8;7;6;15;19;25;26,0,0
3,HOSTTRANSFER-20251001082853162,AL-H0160,50,2025-10-01 08:28:53.162000,P14,P10,OHT07,2025-10-01 08:28:55.400000,2238,2025-10-01 08:39:10.200000,2025-10-01 08:39:10.200000,2025-10-01 08:39:18.200000,2025-10-01 08:39:18.200000,2025-10-01 08:40:34.600000,2025-10-01 08:40:34.600000,2025-10-01 08:40:42.600000,2025-10-01 08:40:42.600000,0.0,54078.2,709.438,53,53;52;51;50;49;48;46;31;24;25;26;27;28,0,0
3,HOSTTRANSFER-20251001082854414,AL-H0075,50,2025-10-01 08:28:54.414000,P02,P03,OHT06,2025-10-01 08:28:55.400000,986,2025-10-01 08:32:30.200000,2025-10-01 08:32:30.200000,2025-10-01 08:32:38.200000,2025-10-01 08:32:38.200000,2025-10-01 08:35:25.200000,2025-10-01 08:35:25.200000,2025-10-01 08:35:33.200000,2025-10-01 08:35:33.200000,370.0,88121.4,398.786,9;8,8;7;6;15;19;25;26;27;28;29;22;18;12;11;10;9,8,40200
3,HOSTTRANSFER-20251001082859944,AL-H0048,50,2025-10-01 08:28:59.944000,P03,P04,OHT08,2025-10-01 08:29:57.400000,57456,2025-10-01 08:31:27.800000,2025-10-01 08:31:27.800000,2025-10-01 08:31:35.800000,2025-10-01 08:31:35.800000,2025-10-01 08:33:48.600000,2025-10-01 08:33:48.600000,2025-10-01 08:33:56.600000,2025-10-01 08:33:56.600000,6299.2,82192.2,296.656,10;9,9;8;7;6;15;19;25;26;27;28;29;22;18;12;11;10,3,16200
3,HOSTTRANSFER-20251001082903244,FE-H0604,50,2025-10-01 08:29:03.244000,P17,P21,OHT13,2025-10-01 08:29:03.400000,156,2025-10-01 08:50:58,2025-10-01 08:50:58,2025-10-01 08:51:06,2025-10-01 08:51:06,2025-10-01 08:54:47.200000,2025-10-01 08:54:47.200000,2025-10-01 08:54:55.200000,2025-10-01 08:54:55.200000,54375.4,143170.8,1551.956,83;82;81;80;79;78;76;74;67;68;69;70,70;71;72;64;60;53;52;51;50;49;48;46;31;24;25;26;27;28;29;30;32;34;39;40;45,5,18400
3,HOSTTRANSFER-20251001082905462,AL-H0146,50,2025-10-01 08:29:05.462000,P05,P04,OHT08,2025-10-01 08:29:08.400000,2938,2025-10-01 08:30:51.600000,2025-10-01 08:30:51.600000,2025-10-01 08:30:59.600000,2025-10-01 08:30:59.600000,2025-10-01 08:31:10.800000,2025-10-01 08:31:10.800000,2025-10-01 08:31:18.800000,2025-10-01 08:31:18.800000,0.0,7790.0,133.338,10,10,0,0
3,HOSTTRANSFER-20251001082907230,AL-H0139,50,2025-10-01 08:29:07.230000,P16,P06,OHT01,2025-10-01 08:29:08.400000,1170,2025-10-01 08:49:39.600000,2025-10-01 08:49:39.600000,2025-10-01 08:49:47.600000,2025-10-01 08:49:47.600000,2025-10-01 08:51:52.600000,2025-10-01 08:51:52.600000,2025-10-01 08:52:00.600000,2025-10-01 08:52:00.600000,41508.2,85686.4,1373.37,127;128;123;119;113;112;111;109;108;103;102;100;91;85;76;74;67;68,68;69;62;58;50;49;48;46;31;24;25;26;27;28;29;22;18;12;11,2,7000
3,HOSTTRANSFER-20251001082913699,FE-H0242,50,2025-10-01 08:29:13.699000,P32,P33,OHT14,2025-10-01 08:38:22.400000,548701,2025-10-01 08:41:15,2025-10-01 08:41:15,2025-10-01 08:41:23,2025-10-01 08:41:23,2025-10-01 08:42:39,2025-10-01 08:42:39,2025-10-01 08:42:47,2025-10-01 08:42:47,50454.8,41584.2,813.301,116;115;120;124;130;131;125;121;116,116;115;114;113;112;118;122;127,3,16600
3,HOSTTRANSFER-20251001082919185,FE-H0554,99,2025-10-01 08:29:19.185000,P33,P34,OHT14,2025-10-01 08:46:04.600000,1005415,2025-10-01 08:51:09.200000,2025-10-01 08:51:09.200000,2025-10-01 08:51:17.200000,2025-10-01 08:51:17.200000,2025-10-01 08:51:27.200000,2025-10-01 08:51:27.200000,2025-10-01 08:51:35.200000,2025-10-01 08:51:35.200000,0.0,6953.8,1336.015,127,127;128;129,0,0
3,HOSTTRANSFER-20251001082922324,AL-H0181,50,2025-10-01 08:29:22.324000,P04,P05,OHT09,2025-10-01 08:29:22.400000,76,2025-10-01 08:32:45,2025-10-01 08:32:45,2025-10-01 08:32:53,2025-10-01 08:32:53,2025-10-01 08:34:10.200000,2025-10-01 08:34:10.200000,2025-10-01 08:34:18.200000,2025-10-01 08:34:18.200000,0.0,54661.4,295.876,10,10;9;17;21;28;29;22;18;12;11;10,0,0
3,HOSTTRANSFER-20251001082925551,AL-H0186,50,2025-10-01 08:29:25.551000,P17,P07,OHT05,2025-10-01 08:29:27.400000,1849,2025-10-01 08:54:42.800000,2025-10-01 08:54:42.800000,2025-10-01 08:54:50.800000,2025-10-01 08:54:50.800000,2025-10-01 08:58:08.600000,2025-10-01 08:58:08.600000,2025-10-01 08:58:16.600000,2025-10-01 08:58:16.600000,0.0,135129.8,1731.049,70,70;71;72;64;60;53;52;51;50;49;48;46;31;24;25;26;27;28;29;22;18;12,5,6000
3,HOSTTRANSFER-20251001082928777,FE-H0609,53,2025-10-01 08:29:28.777000,P31,P32,OHT19,2025-10-01 08:29:32.400000,3623,2025-10-01 08:31:41,2025-10-01 08:31:41,2025-10-01 08:31:49,2025-10-01 08:31:49,2025-10-01 08:33:08.200000,2025-10-01 08:33:08.200000,2025-10-01 08:33:16.200000,2025-10-01 08:33:16.200000,12670.0,50454.8,227.423,116,116;115;120;124;130;131;125;121;116,1,7600
3,HOSTTRANSFER-20251001082930545,AL-H0187,50,2025-10-01 08:29:30.545000,P07,P13,OHT11,2025-10-01 08:29:32.400000,1855,2025-10-01 08:43:11.600000,2025-10-01 08:43:11.600000,2025-10-01 08:43:19.600000,2025-10-01 08:43:19.600000,2025-10-01 08:46:04,2025-10-01 08:46:04,2025-10-01 08:46:12,2025-10-01 08:46:12,0.0,102977.6,1001.455,12,12;11;10;9;17;21;28;29;30;32;34;39;40;43;47;54;53;52;51;50,4,18200
3,HOSTTRANSFER-20251001082935831,AL-H0025,50,2025-10-01 08:29:35.831000,P13,P09,OHT18,2025-10-01 08:34:41.600000,305769,2025-10-01 08:36:18.200000,2025-10-01 08:36:18.200000,2025-10-01 08:36:26.200000,2025-10-01 08:36:26.200000,2025-10-01 08:37:06.200000,2025-10-01 08:37:06.200000,2025-10-01 08:37:14.200000,2025-10-01 08:37:14.200000,33020.4,28297.3,458.369,80;79;78;76;74;67;68;69;62;58;50,50;49;48;46;31;24;25;26,0,0
3,HOSTTRANSFER-20251001082937570,AL-H0169,50,2025-10-01 08:29:37.570000,P19,P13,OHT19,2025-10-01 08:30:33.600000,56030,2025-10-01 08:47:07,2025-10-01 08:47:07,2025-10-01 08:47:15,2025-10-01 08:47:15,2025-10-01 08:48:39.800000,2025-10-01 08:48:39.800000,2025-10-01 08:48:47.800000,2025-10-01 08:48:47.800000,15688.5,60080.9,1150.23,68;69;70;71,71;72;64;60;53;52;51;50,0,0
3,HOSTTRANSFER-20251001082940128,AL-H0188,50,2025-10-01 08:29:40.128000,P17,P16,OHT10,2025-10-01 08:29:40.200000,72,2025-10-01 08:48:58.400000,2025-10-01 08:48:58.400000,2025-10-01 08:49:06.400000,2025-10-01 08:49:06.400000,2025-10-01 08:51:02.400000,2025-10-01 08:51:02.400000,2025-10-01 08:51:10.400000,2025-10-01 08:51:10.400000,35319.4,82031.4,1290.272,113;112;111;109;108;103;102;100;91;85;76;74;67;68;69;70,70;71;72;64;60;53;52;51;50;49;57;61;68,1,200
3,HOSTTRANSFER-20251001082944834,FE-H0612,53,2025-10-01 08:29:44.834000,P33,P32,OHT17,2025-10-01 08:29:45.200000,366,2025-10-01 08:34:49.200000,2025-10-01 08:34:49.200000,2025-10-01 08:34:57.200000,2025-10-01 08:34:57.200000,2025-10-01 08:36:04,2025-10-01 08:36:04,2025-10-01 08:36:12,2025-10-01 08:36:12,0.0,47256.8,387.166,127,127;128;129;130;131;125;121;116,0,0
3,HOSTTRANSFER-20251001082947214,AL-H0106,50,2025-10-01 08:29:47.214000,P01,P03,OHT09,2025-10-01 08:50:15.400000,1228186,2025-10-01 08:50:19,2025-10-01 08:50:19,2025-10-01 08:50:27,2025-10-01 08:50:27,2025-10-01 08:52:38.400000,2025-10-01 08:52:38.400000,2025-10-01 08:52:46.400000,2025-10-01 08:52:46.400000,0.0,81713.4,1379.186,7,7;6;15;19;25;26;27;28;29;22;18;12;11;10;9,3,15400
3,HOSTTRANSFER-20251001082949771,AL-H0186,50,2025-10-01 08:29:49.771000,P05,P04,OHT13,2025-10-01 08:58:16.800000,1707029,2025-10-01 08:59:08.600000,2025-10-01 08:59:08.600000,2025-10-01 08:59:16.600000,2025-10-01 08:59:16.600000,2025-10-01 08:59:27.800000,2025-10-01 08:59:27.800000,2025-10-01 08:59:35.800000,2025-10-01 08:59:35.800000,0.0,7790.0,1786.029,10,10,0,0
3,HOSTTRANSFER-20251001082952378,FE-H0454,50,2025-10-01 08:29:52.378000,P28,P22,OHT12,2025-10-01 08:29:52.400000,22,2025-10-01 08:47:01.800000,2025-10-01 08:47:01.800000,2025-10-01 08:47:09.800000,2025-10-01 08:47:09.800000,2025-10-01 08:49:06,2025-10-01 08:49:06,2025-10-01 08:49:14,2025-10-01 08:49:14,39436.3,80975.1,1161.622,83;82;89;97;98,98;99;101;110;117;116;115;114;113;112;111;109;108;103;102;100;93;94;95;88;80,2,3400
3,HOSTTRANSFER-20251001082957000,AL-H0068,50,2025-10-01 08:29:57,P03,P04,OHT03,2025-10-01 08:44:30.200000,873200,2025-10-01 08:46:45.600000,2025-10-01 08:46:45.600000,2025-10-01 08:46:53.600000,2025-10-01 08:46:53.600000,2025-10-01 08:48:49.800000,2025-10-01 08:48:49.800000,2025-10-01 08:48:57.800000,2025-10-01 08:48:57.800000,6299.2,82192.2,1140.8,10;9,9;8;7;6;15;19;25;26;27;28;29;22;18;12;11;10,1,200
