step,time_seconds,time_hours,chi,ice_inertia_weight,ice_coriolis_weight,mean_thickness_m,center_thickness_m,minimum_thickness_m,maximum_thickness_m,ice_volume_m3,ice_volume_relative_error,maximum_ice_speed_mps,maximum_ocean_speed_mps,mean_sea_surface_m,ice_residual,gmres_residual,coupling_residual,water_residual,water_residual_xi,water_residual_u,water_residual_v,helmholtz_residual,drag_closure_error,drag_face_l1_closure_error,drag_object_reused,maximum_inactive_drag,thickness_cfl_macro,thickness_substeps
0,0.0,0.0,0.0,0.0,0.0,0.5,0.5000000000000001,0.20115537602065264,0.7988446239793474,100000000.0,0.0,0.0,0.0,0.0,,,,,,,,,,,True,0.0,,0
1,300.0,0.08333333333333333,0.0,0.0,0.0,0.5,0.5006342161572199,0.2036735027579045,0.791006807407729,100000000.0,0.0,0.06503967061490906,0.0004354487476141303,7.025630077706069e-19,6.797705523207648e-05,1.939521022839053e-10,2.6366652589214614e-06,4.126569395181527e-09,2.938859634994798e-14,2.4149474591660747e-10,4.126569395181527e-09,1.1117678284064567e-14,0.0,0.0,True,0.0,0.055790580046509705,1
2,600.0,0.16666666666666666,0.0,0.0,0.0,0.5000000000000001,0.5012699164219694,0.20619584797338789,0.7905557780508948,100000000.00000001,1.4901161193847657e-16,0.06503182349483827,0.0005599119331834433,1.8735013540549518e-18,6.710683479612005e-05,1.289799735773969e-10,6.002234039434344e-06,9.147341472586706e-10,5.412111557914755e-14,1.0071184500889297e-10,9.147341472586706e-10,2.1180871779878767e-14,0.0,0.0,True,0.0,0.05585505452839466,1
3,900.0,0.25,0.0,0.0,0.0,0.5000000000000001,0.5019068788811134,0.20872262306761627,0.7901308493093089,100000000.00000001,1.4901161193847657e-16,0.06481194427872741,0.00042471828069977276,3.0704605524789486e-18,8.109326808985632e-05,3.444299676243733e-10,5.9048742977524255e-06,1.2819277887122678e-09,1.1111238173391079e-13,1.0352948529373875e-10,1.2819277887122678e-09,2.51299240254434e-14,0.0,0.0,True,0.0,0.05575941835829604,1
4,1200.0,0.3333333333333333,0.0,0.0,0.0,0.5,0.5025452796405919,0.20932604706574606,0.7897009445859903,100000000.0,0.0,0.06449314073605299,0.0002350206713260759,4.250072516143178e-18,8.05314626093952e-05,2.6599587828554194e-10,9.990954815447799e-06,2.25499776991394e-09,3.3898089027226305e-13,5.2070371117717807e-11,2.25499776991394e-09,2.764223378341708e-14,0.0,0.0,True,0.0,0.055613555119948234,1
5,1500.0,0.4166666666666667,0.0,0.0,0.0,0.5,0.5031851366792766,0.2095362469731122,0.7892198640539381,100000000.0,0.0,0.06426044252866145,0.00047067409843519443,5.1521287236511174e-18,7.3688909243564e-05,2.1243142900197272e-10,7.824602901014233e-06,1.9133415787706962e-09,7.356904815926012e-13,3.520504459577084e-11,1.9133415787706962e-09,2.7005763470557482e-14,0.0,0.0,True,0.0,0.05552162750948891,1
6,1800.0,0.5,0.0,0.0,0.0,0.5,0.5038252157692138,0.20974961953075802,0.7886346634315387,100000000.0,0.0,0.06417208431105004,0.0005941962624370828,6.245004513516506e-18,0.00012763900636276026,4.265930650542373e-10,8.275656337957387e-06,8.98532349431248e-10,2.355621853636899e-13,2.0386750732194288e-11,8.98532349431248e-10,2.4636423893391908e-14,0.0,0.0,True,0.0,0.055512473836309736,1
7,2100.0,0.5833333333333334,0.0,0.0,0.0,0.5000000000000001,0.504462144741741,0.20996614387837367,0.7879425765072565,100000000.00000001,1.4901161193847657e-16,0.06416981066390866,0.0006121256173977997,7.303185833862358e-18,0.00018915369806685466,7.41727638179669e-10,8.849399323109741e-06,1.1454270164636832e-09,2.240481525994597e-13,8.022861634739395e-10,1.1454270164636832e-09,2.5407418821605427e-14,0.0,0.0,True,0.0,0.05551192441269136,1
8,2400.0,0.6666666666666666,0.0,0.0,0.0,0.5,0.50508792167654,0.21018582694352497,0.7871479437823973,100000000.0,0.0,0.0641922564955162,0.0005684333507281708,8.36136715420821e-18,9.531231009367457e-05,5.233266274683866e-10,8.60160259312896e-06,6.220010157999174e-10,3.319758508487903e-13,1.4385193772554416e-11,6.220010157999174e-10,2.1995386212719182e-14,0.0,0.0,True,0.0,0.055534073147635976,1
9,2700.0,0.75,0.0,0.0,0.0,0.5,0.5057013834089477,0.21040869801612883,0.7862545012284204,100000000.0,0.0,0.06424018402879755,0.0005127884323804766,9.593020822151744e-18,7.42344686231267e-05,7.417915121039828e-09,9.030435173452537e-06,7.266084900736018e-10,1.9454040305868438e-12,1.65305350659133e-11,7.266084900736018e-10,2.1864498170504673e-14,0.0,0.0,True,0.0,0.05557703791009024,1
10,3000.0,0.8333333333333334,0.0,0.0,0.0,0.5,0.5063044105544249,0.21063476960962518,0.7852654467784034,100000000.0,0.0,0.06427526258450168,0.00047905611389739775,1.0581813203458523e-17,6.271531494382799e-05,6.471616476918268e-09,8.882262898374913e-06,9.401308097004407e-09,8.647742739604555e-13,6.663170220255137e-09,9.401308097004407e-09,2.2571551821306082e-14,0.0,0.0,True,0.0,0.05565045649181014,1
11,3300.0,0.9166666666666666,0.0,0.0,0.0,0.5,0.5068987027269749,0.21086402846804528,0.7841836965230817,100000000.0,0.0,0.0643020989124945,0.00047850320726081465,1.1639994523804376e-17,4.1404316638139596e-05,2.9180493612522384e-09,5.231270249885327e-06,3.187239667919627e-09,6.395557906735451e-13,2.25353425196586e-09,3.187239667919627e-09,2.481720195206419e-14,0.0,0.0,True,0.0,0.05571995898146226,1
12,3600.0,1.0,0.0,0.0,0.0,0.5,0.507486001468291,0.21109644829080526,0.783011998142789,100000000.0,0.0,0.06430931977005254,0.0005044046205188949,1.2732870313669764e-17,3.931378609948531e-05,9.992503149711946e-09,6.30004902851703e-06,1.88256891477651e-09,8.331217910811611e-13,1.276683555252306e-09,1.88256891477651e-09,2.5460597327509144e-14,0.0,0.0,True,0.0,0.05577920189975316,1
13,3900.0,1.0833333333333333,0.0,0.0,0.0,0.5,0.5080676646815304,0.21133200490326862,0.7817529133491897,100000000.0,0.0,0.06430577792923559,0.0005418796394100835,1.3652273755937472e-17,3.249815105673773e-05,7.806541659348574e-09,5.320253501712757e-06,4.124721604818941e-09,1.842943423942391e-12,2.8357499620544822e-09,4.124721604818941e-09,2.4082727320144735e-14,0.0,0.0,True,0.0,0.0558101407149557,1
14,4200.0,1.1666666666666667,0.0,0.0,0.0,0.5,0.5086447929869846,0.21157068647723207,0.7804088635469157,100000000.0,0.0,0.06429994223062822,0.0005770476646346797,1.484923295436147e-17,3.102120026052123e-05,6.687437046949123e-09,6.9736532480270894e-06,3.8403398282647515e-09,1.123215446470174e-11,2.6588858218789967e-09,3.8403398282647515e-09,2.6683532582904966e-14,0.0,0.0,True,0.0,0.05578389112024783,1
15,4500.0,1.25,0.0,0.0,0.0,0.5,0.5092185002966729,0.2118124926260969,0.7818534524078256,100000000.0,0.0,0.06429794445418695,0.0006021780772173061,1.5890067039947553e-17,6.603694501402213e-05,6.4134927644371985e-09,7.360044705934682e-06,2.1437785575951924e-09,2.390345026976372e-12,1.4951432504931104e-09,2.1437785575951924e-09,2.4363903569945808e-14,0.0,0.0,True,0.0,0.05564270164421958,1
16,4800.0,1.3333333333333333,0.0,0.0,0.0,0.5000000000000001,0.5097898209853173,0.2061053083525349,0.7849575866225845,100000000.00000001,1.4901161193847657e-16,0.06430133739365858,0.0006163624004751609,1.7121720707891085e-17,4.26964151215049e-05,3.1821857676246236e-09,4.761716616049825e-06,5.96698785210655e-10,2.0035387680320925e-12,1.6400808147995008e-10,5.96698785210655e-10,2.402349205188676e-14,0.0,0.0,True,0.0,0.05554560429079894,1
17,5100.0,1.4166666666666667,0.0,0.0,0.0,0.5,0.5103595095774371,0.194713553420877,0.7874622663240295,100000000.0,0.0,0.06430948868893041,0.000623219539081086,1.807581861967833e-17,1.6442948037363517e-05,2.2807175637411694e-09,3.8675542264506205e-06,1.3835602036415688e-09,3.011731742636044e-12,7.42990923922731e-10,1.3835602036415688e-09,2.2915400259572456e-14,0.0,0.0,True,0.0,0.05554921388572044,1
18,5400.0,1.5,0.0,0.0,0.0,0.5,0.5109279760229645,0.18395127298745317,0.7894695452317424,100000000.0,0.0,0.06431781404870114,0.0006277040981868837,1.923808334858279e-17,5.938532375430836e-06,2.235645128129577e-09,3.738150905647272e-06,1.9409440787869195e-09,8.386293429550312e-12,1.0176022749261801e-09,1.9409440787869195e-09,2.5875914667005984e-14,0.0,0.0,True,0.0,0.055554349177671214,1
19,5700.0,1.5833333333333333,0.0,0.0,0.0,0.5,0.51149543694497,0.17378372533870823,0.7909575494273248,100000000.0,0.0,0.06432380080611007,0.0006490078796221155,2.0383000842727483e-17,2.756525146368302e-05,1.3420852991771352e-09,9.704364436979723e-06,2.023240869082201e-09,1.0873534396486762e-11,8.000759847308643e-10,2.023240869082201e-09,2.2185454448414406e-14,0.0,0.0,True,0.0,0.055563539558134076,1
20,6000.0,1.6666666666666667,0.0,0.0,0.0,0.5,0.5120620169890795,0.1641780927717408,0.7918725043994982,100000000.0,0.0,0.06438397789087438,0.0007873249308971621,2.151057110211241e-17,4.503651530224294e-05,1.7303838767497194e-09,7.939741254551868e-06,2.0012893773733653e-09,6.1709347995780666e-12,3.718823483542894e-10,2.0012893773733653e-09,2.299265550109505e-14,0.0,0.0,True,0.0,0.055579318698366825,1
21,6300.0,1.75,0.0,0.0,0.0,0.5,0.5126277982535175,0.15510335914800474,0.7921441946676435,100000000.0,0.0,0.06447130740229785,0.0009296170842661285,2.256875242245826e-17,0.0002579022015207053,4.621674136756331e-09,5.783241105981422e-06,2.056975603760116e-09,7.32506631648374e-12,6.998008595327786e-11,2.056975603760116e-09,2.408943212230069e-14,0.0,0.0,True,0.0,0.05559419342084205,1
22,6600.0,1.8333333333333333,0.0,0.0,0.0,0.5,0.5131928409208046,0.14653020458448449,0.7922040103205796,100000000.0,0.0,0.06444395720874734,0.0010752950378600861,2.3574892038524808e-17,9.650449552990815e-06,1.8926524744582005e-09,1.5843402689582329e-06,2.1356089201283664e-09,1.2078055806157722e-11,2.497208144198543e-10,2.1356089201283664e-09,2.5207219498610188e-14,0.0,0.0,True,0.0,0.055608203232734715,1
23,6900.0,1.9166666666666667,0.0,0.0,0.0,0.5,0.513757191227544,0.13843091434539745,0.7925443710641313,100000000.0,0.0,0.06432036966982616,0.0012242261749234862,2.456368441983159e-17,0.0009416298775982702,5.615880823804607e-09,9.824057857931343e-06,2.1780564760635557e-09,3.8747020867540604e-11,2.7418221753408473e-10,2.1780564760635557e-09,2.418861557478099e-14,0.0,0.0,True,0.0,0.055619933322605196,1
24,7200.0,2.0,0.0,0.0,0.0,0.5,0.5143208697194228,0.13077929667786425,0.7940890089033469,100000000.0,0.0,0.0643552273425354,0.0013765275708373674,2.5777990853015352e-17,0.0002771390030353626,1.5568822993218958e-09,9.601742140140752e-06,2.208696752720414e-09,2.2303426977512026e-11,1.8035922300344123e-10,2.208696752720414e-09,2.3472155345955386e-14,0.0,0.0,True,0.0,0.05563038052455639,1
25,7500.0,2.0833333333333335,0.0,0.0,0.0,0.5,0.5148838764588144,0.12355060452626651,0.7954476798364342,100000000.0,0.0,0.06440008251189352,0.0015323832046619979,2.695760281667958e-17,1.423483198803629e-05,3.5624332885557307e-09,7.693980024513935e-06,2.2638114930633196e-09,1.8341439306419253e-11,7.919686495805694e-11,2.2638114930633196e-09,2.2739886988076384e-14,0.0,0.0,True,0.0,0.05564063466112883,1
26,7800.0,2.1666666666666665,0.0,0.0,0.0,0.5,0.5154462046628492,0.11672145991051529,0.7965733818381401,100000000.0,0.0,0.06444594521424037,0.0016929917366853165,2.80331313717852e-17,0.00014940202008712072,5.053329932774776e-09,9.615143189401095e-06,2.3353009969286448e-09,1.9345311121765252e-11,1.0313687245824914e-10,2.3353009969286448e-09,2.4444387282227292e-14,0.0,0.0,True,0.0,0.05565111562218311,1
27,8100.0,2.25,0.0,0.0,0.0,0.5,0.5160078402743611,0.11026977937306363,0.7975738590976866,100000000.0,0.0,0.06449357993027828,0.0018596239453507872,2.891784034453338e-17,0.00011980403494370245,1.9876698670470894e-09,8.353632682423551e-06,2.4001937851032234e-09,2.2459492364889246e-11,1.352311324388779e-10,2.4001937851032234e-09,2.307791857434139e-14,0.0,0.0,True,0.0,0.055661723465146126,1
28,8400.0,2.3333333333333335,0.0,0.0,0.0,0.5,0.5165687628672555,0.10417470185378398,0.8005137401173947,100000000.0,0.0,0.06454504407954151,0.002029110770219792,3.002806336915853e-17,3.9023324137794305e-05,2.705765377874804e-09,6.89345889888718e-06,2.452426384472536e-09,2.2992497171388104e-11,1.2564658053406494e-10,2.452426384472536e-09,2.3338714463121156e-14,0.0,0.0,True,0.0,0.055672196808401894,1
29,8700.0,2.4166666666666665,0.0,0.0,0.0,0.5,0.5171289474900306,0.0984165198241206,0.8034184521775207,100000000.0,0.0,0.06460333512937493,0.00219947789489397,3.1068897454744615e-17,0.00022016680585441352,1.6440815570528375e-09,8.758236160976447e-06,2.502189438065901e-09,2.0785343853044327e-11,9.949646752607612e-11,2.502189438065901e-09,2.3892303781501456e-14,0.0,0.0,True,0.0,0.05568213084227007,1
30,9000.0,2.5,0.0,0.0,0.0,0.5,0.5176883614942492,0.09297661444255513,0.806037354669312,100000000.0,0.0,0.06467272859278345,0.0023682287166915954,3.2057689836051396e-17,0.0003664192962260728,5.931596638292612e-09,9.05015331853289e-06,2.5595491875192757e-09,2.029890736643541e-11,8.58092313032423e-11,2.5595491875192757e-09,2.377861264586656e-14,0.0,0.0,True,0.0,0.055690816208801355,1
31,9300.0,2.5833333333333335,0.0,0.0,0.0,0.5,0.5182469779875432,0.08783739491310093,0.8082674796821053,100000000.0,0.0,0.06475529772467888,0.002539970256569905,3.3324037973514466e-17,0.00020921059424053315,1.7808386146770515e-09,7.142813832767672e-06,2.6271579801356576e-09,1.950647016991524e-11,8.699179503737736e-11,2.6271579801356576e-09,2.3964145892179742e-14,0.0,0.0,True,0.0,0.055701934502081975,1
32,9600.0,2.6666666666666665,0.0,0.0,0.0,0.5,0.5188047791505608,0.0829822417429243,0.8101304039235125,100000000.0,0.0,0.06484444629184119,0.00270950058168546,3.4312830354821246e-17,6.492188745979753e-05,1.1991585182489757e-09,6.2465333794114e-06,2.7015656070334634e-09,1.9058610090096592e-11,9.001545989018609e-11,2.7015656070334634e-09,2.4188486914593624e-14,0.0,0.0,True,0.0,0.05571387140397345,1
33,9900.0,2.75,0.0,0.0,0.0,0.5,0.5193617500686576,0.07839545345079124,0.8117026826373732,100000000.0,0.0,0.06491438056830325,0.002873225460978908,3.53710116751671e-17,5.8022163102820734e-05,1.0222905260861741e-09,8.235040459858645e-06,2.776964071919623e-09,1.793340894556569e-11,9.225710022192331e-11,2.776964071919623e-09,2.4028068195679747e-14,0.0,0.0,True,0.0,0.0557256360052758,1
34,10200.0,2.8333333333333335,0.0,0.0,0.0,0.5,0.5199178815007138,0.07406219622797067,0.8130664705803123,100000000.0,0.0,0.06492519328917389,0.003031453600836553,3.629041511743481e-17,0.0001689369845070596,1.8786987565504335e-09,9.443028420538674e-06,2.8491198291217295e-09,1.680439587548849e-11,9.588871004573448e-11,2.8491198291217295e-09,2.471735210702309e-14,0.0,0.0,True,0.0,0.055737139689021165,1
35,10500.0,2.9166666666666665,0.0,0.0,0.0,0.5,0.5204731693184816,0.06996845623042025,0.8142866634654906,100000000.0,0.0,0.0648573020901121,0.003187211914760983,3.7470027081099036e-17,0.0001245629028932109,4.132971555059579e-10,5.9118426802168435e-06,2.9171561880679874e-09,1.7296367367881008e-11,1.0048325509558114e-10,2.9171561880679874e-09,2.5577640346202342e-14,0.0,0.0,True,0.0,0.05574817045322708,1
36,10800.0,3.0,0.0,0.0,0.0,0.5,0.5210275972315137,0.06610099435365455,0.8154583136251689,100000000.0,0.0,0.06470645720090516,0.0033416518545381162,3.858025010572419e-17,0.0001325820788882606,1.0821586210158915e-09,5.809967172288409e-06,2.993858445887356e-09,1.8820043136783224e-11,1.0428913822148255e-10,2.993858445887356e-09,2.338767301669895e-14,0.0,0.0,True,0.0,0.055759112930249495,1
37,11100.0,3.0833333333333335,0.0,0.0,0.0,0.5,0.5215811466059626,0.06244730335649741,0.8165699002603379,100000000.0,0.0,0.06472398864159287,0.003494259103295858,3.956904248703097e-17,0.00011077390495344072,1.2108589415412095e-09,6.353515836687469e-06,3.0994778008915574e-09,2.4074930235289344e-11,1.0687714789043245e-10,3.0994778008915574e-09,2.3294851402127395e-14,0.0,0.0,True,0.0,0.055770628933861865,1
38,11400.0,3.1666666666666665,0.0,0.0,0.0,0.5,0.5221338095941043,0.058995567345945056,0.817664907641227,100000000.0,0.0,0.06482240093410631,0.003647282423282046,4.057518210309752e-17,0.0001696713561503299,2.1888135870901466e-09,8.080023151244011e-06,3.2282089270522264e-09,2.752247799971701e-11,1.09242253178955e-10,3.2282089270522264e-09,2.3937440998388048e-14,0.0,0.0,True,0.0,0.05578268763162833,1
39,11700.0,3.25,0.0,0.0,0.0,0.5,0.5226855872390863,0.055734623550099595,0.8187799691966371,100000000.0,0.0,0.06493554833324598,0.003802305827568389,4.137315490204685e-17,8.57754479709791e-05,1.2595264583792633e-09,7.778361641672767e-06,3.3497229530647956e-09,3.1041911589583155e-11,1.1197437681952839e-10,3.3497229530647956e-09,2.44509448644561e-14,0.0,0.0,True,0.0,0.055794866907349416,1
40,12000.0,3.3333333333333335,0.0,0.0,0.0,0.49999999999999994,0.5232364807390296,0.0526539262183402,0.8199437673089486,99999999.99999999,1.4901161193847657e-16,0.06505424093158298,0.003960528191706971,4.225786387479502e-17,0.00018371889251897678,1.4691837616616775e-09,7.496339532187557e-06,3.4458341043438798e-09,2.8262128371262597e-11,1.1559487328718169e-10,3.4458341043438798e-09,2.254477007108425e-14,0.0,0.0,True,0.0,0.05580666797026204,1
41,12300.0,3.4166666666666665,0.0,0.0,0.0,0.5,0.5237864886642293,0.04974351249202849,0.821167755473622,100000000.0,0.0,0.06517603952128867,0.004123079289986451,4.310787837802366e-17,0.00016414635670152324,1.157695423281794e-09,8.495194071195094e-06,3.522648107436711e-09,2.956086185166543e-11,1.200984634201718e-10,3.522648107436711e-09,2.288573776779857e-14,0.0,0.0,True,0.0,0.05581748082035537,1
42,12600.0,3.5,0.0,0.0,0.0,0.5,0.524335608690343,0.046993970149025364,0.8224442221123197,100000000.0,0.0,0.06529879740017844,0.0042923621011379766,4.397524011601206e-17,7.558719814300918e-05,1.3870031145250759e-09,3.4005817682392987e-06,3.592943996586524e-09,2.9004109799370623e-11,1.2474996963611627e-10,3.592943996586524e-09,2.489536495583441e-14,0.0,0.0,True,0.0,0.05583060159370502,1
43,12900.0,3.5833333333333335,0.0,0.0,0.0,0.5,0.5248838385431914,0.04439640715044204,0.823746246825645,100000000.0,0.0,0.06541695828431904,0.004465189314049387,4.49293380277993e-17,3.8116633923367554e-05,1.595818990125105e-09,9.638238274778553e-06,3.6621530575271913e-09,2.66349063195897e-11,1.2885637704961104e-10,3.6621530575271913e-09,2.463385388230932e-14,0.0,0.0,True,0.0,0.05584556714318197,1
44,13200.0,3.6666666666666665,0.0,0.0,0.0,0.5,0.5254311758568908,0.04194242290836616,0.825036591201432,100000000.0,0.0,0.06551519278145851,0.004640045998550308,4.593547764386585e-17,3.927310015584108e-05,9.72158794041869e-10,9.430490646415882e-06,3.729176338892753e-09,2.557049401088288e-11,1.3234426505910896e-10,3.729176338892753e-09,2.4314361802356428e-14,0.0,0.0,True,0.0,0.05609259843408572,1
45,13500.0,3.75,0.0,0.0,0.0,0.5,0.5259776152840759,0.039624081157257726,0.8262811733271097,100000000.0,0.0,0.06556689296046198,0.004816774587803915,4.69416172599324e-17,0.00010273970683253378,1.9315249046148777e-09,6.876129891167268e-06,3.790890701006413e-09,2.474388659232315e-11,1.3555335934434169e-10,3.790890701006413e-09,2.4138842821329434e-14,0.0,0.0,True,0.0,0.05593938919866107,1
46,13800.0,3.8333333333333335,0.0,0.0,0.0,0.5,0.526523153756534,0.0374338843136631,0.8274500258405642,100000000.0,0.0,0.06553467116355671,0.004996631783780138,4.78089789979208e-17,0.00016584567459410862,7.628033867716099e-10,7.811968506581215e-06,3.846851248153154e-09,2.2582005334153776e-11,1.3884163061765463e-10,3.846851248153154e-09,2.4045716601604023e-14,0.0,0.0,True,0.0,0.05613180527492369,1
47,14100.0,3.9166666666666665,0.0,0.0,0.0,0.5,0.5270677897644539,0.03536474923548758,0.8285359617410615,100000000.0,0.0,0.06536872434291022,0.005175761577327803,4.8693687970668976e-17,0.0003042686572970666,7.035892367127652e-10,9.5391378627221e-06,3.900706405277229e-09,2.3831843698357544e-11,1.4240287349636127e-10,3.900706405277229e-09,2.4317384144176288e-14,0.0,0.0,True,0.0,0.05589622173452097,1
48,14400.0,4.0,0.0,0.0,0.0,0.5,0.5276115221175761,0.03340998430740403,0.8295332394172016,100000000.0,0.0,0.0652620008438086,0.0053527150163965986,4.978656376053436e-17,0.0002033103517110257,1.1852638136562946e-09,8.066974357039547e-06,3.954894418951232e-09,2.3021303693821744e-11,1.4592116517755304e-10,3.954894418951232e-09,2.341287502522683e-14,0.0,0.0,True,0.0,0.05591981978085711,1
49,14700.0,4.083333333333333,0.0,0.0,0.0,0.5,0.5281543491122148,0.031563267794897,0.8304488513996868,100000000.0,0.0,0.06528672658518839,0.005526535861026847,5.067994635066242e-17,0.0001371259453008897,7.161034004011752e-10,8.8557682038339e-06,4.01336284000304e-09,2.3352617714168917e-11,1.4912877157381506e-10,4.01336284000304e-09,2.4422851977167354e-14,0.0,0.0,True,0.0,0.05591471328331081,1
50,15000.0,4.166666666666667,0.0,0.0,0.0,0.5,0.5286962694706421,0.02981862739786152,0.8312988390723656,100000000.0,0.0,0.06534990200583068,0.005696750610807883,5.171210681886862e-17,0.0002075073974385447,2.299607169836242e-09,8.881244992269356e-06,4.0741861604315064e-09,2.2067177178699734e-11,1.5174378564349527e-10,4.0741861604315064e-09,2.310617228312527e-14,0.0,0.0,True,0.0,0.0559228256557226,1
51,15300.0,4.25,0.0,0.0,0.0,0.5,0.5292372814686166,0.02817042093700168,0.8321610884496636,100000000.0,0.0,0.06541236453721203,0.0058632732409967196,5.271824643493517e-17,0.0002985829705998277,6.018093992699625e-10,6.295431532633397e-06,4.1316784366265544e-09,2.182757688570683e-11,1.53810166353841e-10,4.1316784366265544e-09,2.4046391705771318e-14,0.0,0.0,True,0.0,0.055930251432687095,1
52,15600.0,4.333333333333333,0.0,0.0,0.0,0.5,0.5297773808320038,0.026613318104114884,0.8329771056195056,100000000.0,0.0,0.06547305352399023,0.006026256580317466,5.362030264244311e-17,0.0003991659215789423,8.389575318311087e-10,9.913221141570523e-06,4.1798639067942064e-09,1.956712568795963e-11,1.5556355609208877e-10,4.1798639067942064e-09,2.224239392391216e-14,0.0,0.0,True,0.0,0.056303370154535515,1
53,15900.0,4.416666666666667,0.0,0.0,0.0,0.5,0.5303165615176393,0.02514228321671643,0.8337660243442488,100000000.0,0.0,0.06553181257594548,0.006186030947463396,5.453103246733093e-17,0.00021029381545955656,1.918603996138666e-10,9.764494073061516e-06,4.214286183897494e-09,1.7412219377069645e-11,1.5699288173632578e-10,4.214286183897494e-09,2.1958173649067034e-14,0.0,0.0,True,0.0,0.056632236274782144,1
54,16200.0,4.5,0.0,0.0,0.0,0.5,0.5308548189043146,0.02375255892660214,0.8345437017696361,100000000.0,0.0,0.06558774593536332,0.006343168760299704,5.525094270986131e-17,0.00034798229096634573,4.247887047026692e-10,7.369178631224283e-06,4.2386508249288954e-09,1.771770155722151e-11,1.5806078609680572e-10,4.2386508249288954e-09,2.3110700594962737e-14,0.0,0.0,True,0.0,0.05692478680204638,1
55,16500.0,4.583333333333333,0.0,0.0,0.0,0.5,0.5313921463981085,0.022439650832791563,0.8353222701935188,100000000.0,0.0,0.0656425498169754,0.006498331542061489,5.618769338688878e-17,0.0003499739444490819,6.002634625165206e-10,8.722562601365884e-06,4.262848078397796e-09,1.5931372721632616e-11,1.591266845926961e-10,4.262848078397796e-09,2.3568591874228866e-14,0.0,0.0,True,0.0,0.057393766129066395,1
56,16800.0,4.666666666666667,0.0,0.0,0.0,0.5,0.5319285373797783,0.021199312948150827,0.8361065537868366,100000000.0,0.0,0.06570391477552145,0.006652268216051857,5.70463815074973e-17,0.0004131849669251999,6.368542178731595e-10,9.77605724195155e-06,4.297405886859476e-09,1.5620778016674317e-11,1.6070403349430134e-10,4.297405886859476e-09,2.312850988961821e-14,0.0,0.0,True,0.0,0.057610178752590016,1
57,17100.0,4.75,0.0,0.0,0.0,0.5,0.5324639839586547,0.020027533971221527,0.836896311685898,100000000.0,0.0,0.06577830230530157,0.006805821164106505,5.799180580190466e-17,0.00025577705890945934,7.051626668715947e-10,5.728582097587587e-06,4.350189432490733e-09,1.8079524913580345e-11,1.6331298319189507e-10,4.350189432490733e-09,2.3609860435879233e-14,0.0,0.0,True,0.0,0.057644590419262974,1
58,17400.0,4.833333333333333,0.0,0.0,0.0,0.5,0.5329984782147257,0.018920524319805395,0.8376867700080819,100000000.0,0.0,0.06587903432109245,0.006959833970715942,5.875508413133445e-17,0.00012043479003608812,1.403467370094374e-09,8.48463628395318e-06,4.425798463090571e-09,1.9645557911295244e-11,1.6747646183100407e-10,4.425798463090571e-09,2.3284578645519908e-14,0.0,0.0,True,0.0,0.05805391514769646,1
59,17700.0,4.916666666666667,0.0,0.0,0.0,0.5,0.5335320131219354,0.01787470388677979,0.8384702547468423,100000000.0,0.0,0.06601663981593836,0.00711485462629634,5.972652927788147e-17,0.0005158189041473298,4.258006874815316e-09,9.062675061718504e-06,4.517087563579144e-09,2.417174007840423e-11,1.7286625199132546e-10,4.517087563579144e-09,2.295210241427925e-14,0.0,0.0,True,0.0,0.058172702466201355,1
60,18000.0,5.0,0.0,0.0,0.0,0.5,0.5340645810080603,0.016886690475318756,0.8392406456520313,100000000.0,0.0,0.06618025898549763,0.0072708689772446435,6.063725910276929e-17,0.000833019148414112,3.5750171700099997e-09,9.316307096473924e-06,4.602773215686892e-09,2.4523996362826403e-11,1.7849123617529e-10,4.602773215686892e-09,2.3447567546663602e-14,0.0,0.0,True,0.0,0.05813683947320131,1
61,18300.0,5.083333333333333,0.0,0.0,0.0,0.5,0.5345961727498342,0.015953288862072083,0.8399936926617915,100000000.0,0.0,0.06635556243123886,0.007427546914529643,6.161737786669619e-17,0.0008800642974833122,2.6741303242652157e-09,8.710036809772378e-06,4.670693298398177e-09,2.726399708727026e-11,1.8408656438127677e-10,4.670693298398177e-09,2.370048034351607e-14,0.0,0.0,True,0.0,0.05864599680601401,1
62,18600.0,5.166666666666667,0.0,0.0,0.0,0.5,0.5351267773734686,0.015071480449923229,0.8407258559130985,100000000.0,0.0,0.0665182723246421,0.007584459206182912,6.25888230132432e-17,0.0006393795946661997,1.1376718505583682e-09,8.529925224826284e-06,4.723736244156002e-09,2.6459150376414414e-11,1.8957262650027664e-10,4.723736244156002e-09,2.284121103956897e-14,0.0,0.0,True,0.0,0.05870000398691953,1
63,18900.0,5.25,0.0,0.0,0.0,0.5,0.5356563833250123,0.014238413484760147,0.8414356788264941,100000000.0,0.0,0.06664060960774985,0.007741203520414111,6.343016389909195e-17,0.0003230980445141496,9.122979916847006e-10,7.653248136015764e-06,4.767983119585442e-09,2.5099419069444623e-11,1.9470551174785797e-10,4.767983119585442e-09,2.2865550436356637e-14,0.0,0.0,True,0.0,0.05833403874573199,1
64,19200.0,5.333333333333333,0.0,0.0,0.0,0.5,0.5361849792691571,0.013451393822710721,0.8421228987457053,100000000.0,0.0,0.06670027697124238,0.007897454751189227,6.432354648922e-17,0.00037910186153207215,1.7671840833177632e-09,9.143662512253932e-06,4.808317043430049e-09,2.5362907065163817e-11,1.9933555934142429e-10,4.808317043430049e-09,2.3663658400633715e-14,0.0,0.0,True,0.0,0.05872689701739097,1
65,19500.0,5.416666666666667,0.0,0.0,0.0,0.5,0.536712547282932,0.012707876220696494,0.8427883059431046,100000000.0,0.0,0.06667156365792598,0.008052989113397318,6.508682481864981e-17,0.0003865752218895299,9.600520770368696e-10,8.884722812412768e-06,4.8494175110951704e-09,2.4324007587887914e-11,2.03617933211162e-10,4.8494175110951704e-09,2.3859011647114686e-14,0.0,0.0,True,0.0,0.05858709485200137,1
66,19800.0,5.5,0.0,0.0,0.0,0.5,0.5372390734828529,0.012005456114795188,0.8434325592336206,100000000.0,0.0,0.06653313444441192,0.008207682164117032,6.58501031480796e-17,0.00024149347975826988,6.116817284070935e-10,7.969469183315913e-06,4.895112163938635e-09,2.3618961347208322e-11,2.0780059829147768e-10,4.895112163938635e-09,2.2520490311025573e-14,0.0,0.0,True,0.0,0.05803555315680325,1
67,20100.0,5.583333333333333,0.0,0.0,0.0,0.5,0.5377645485837184,0.011341861852792207,0.844056836575054,100000000.0,0.0,0.06654751983395105,0.008361456312804829,6.682154829462661e-17,0.0002305638030986474,1.5284338903535294e-09,7.79807362365337e-06,4.946158004359938e-09,2.394353742225073e-11,2.1205830421982893e-10,4.946158004359938e-09,2.2279264305376346e-14,0.0,0.0,True,0.0,0.05844432397923396,1
68,20400.0,5.666666666666667,0.0,0.0,0.0,0.49999999999999994,0.5382889588021565,0.010714947352576587,0.8446626342350072,99999999.99999999,1.4901161193847657e-16,0.06664152240608075,0.008514231775147074,6.760217385881617e-17,0.0001714576639353808,1.879926766049533e-09,6.1547886270416286e-06,4.999375743596944e-09,2.417046855860798e-11,2.164693983630713e-10,4.999375743596944e-09,2.3679281183715828e-14,0.0,0.0,True,0.0,0.058894234760624185,1
69,20700.0,5.75,0.0,0.0,0.0,0.5,0.5388122941122286,0.010122685162962197,0.845252084482464,100000000.0,0.0,0.06672096510898447,0.008665900691858207,6.865168156178215e-17,0.0002663390704119785,2.034183354800375e-09,6.508069302120985e-06,5.051374967233131e-09,2.3539708483982985e-11,2.2100073387458066e-10,5.051374967233131e-09,2.337582618286957e-14,0.0,0.0,True,0.0,0.05913675249067049,1
70,21000.0,5.833333333333333,0.0,0.0,0.0,0.5,0.5393345485853696,0.009563159904067135,0.8458272546156006,100000000.0,0.0,0.0667745091353795,0.008816324788721686,6.944965436073147e-17,0.0003969712313688314,1.478567946399451e-09,7.4052738850014155e-06,5.0995761145524056e-09,2.2496464195326098e-11,2.2546943566946714e-10,5.0995761145524056e-09,2.22184061321853e-14,0.0,0.0,True,0.0,0.05914886873875355,1
71,21300.0,5.916666666666667,0.0,0.0,0.0,0.5,0.5398557120838875,0.00903456206868831,0.8463897888545637,100000000.0,0.0,0.06678199141532458,0.008965360291872027,7.034303695085952e-17,0.00045388859140194776,1.8432136210957846e-09,9.686429188030559e-06,5.141987734835726e-09,2.119581421884332e-11,2.2963830041993232e-10,5.141987734835726e-09,2.279389764410849e-14,0.0,0.0,True,0.0,0.05956570857306237,1
72,21600.0,6.0,0.0,0.0,0.0,0.5,0.5403757723045908,0.008535182167256183,0.8469623905519297,100000000.0,0.0,0.06670552618079242,0.009112841823839257,7.126244039312723e-17,0.00031506693504760247,1.2861257291949824e-09,8.645894767833591e-06,5.176790326699741e-09,2.114925511878878e-11,2.332320677391093e-10,5.176790326699741e-09,2.2781875606739174e-14,0.0,0.0,True,0.0,0.06000929871389005,1
73,21900.0,6.083333333333333,0.0,0.0,0.0,0.5,0.540894715055234,0.008063405198323825,0.8475273857772533,100000000.0,0.0,0.06653312235550415,0.009258604397706236,7.233796894823286e-17,0.00021161819076842984,9.006943261390737e-10,7.116656098977538e-06,5.2039348105860694e-09,1.982672408300187e-11,2.361002328782963e-10,5.2039348105860694e-09,2.2889289818334686e-14,0.0,0.0,True,0.0,0.0601650619853326,1
74,22200.0,6.166666666666667,0.0,0.0,0.0,0.5,0.5414125263028602,0.007617705426248353,0.8480797370320843,100000000.0,0.0,0.06662447142975213,0.00940250565852027,7.326604600788045e-17,0.00011531429796863496,1.0203391080087781e-09,4.580701587234283e-06,5.224587439590074e-09,1.920898121533964e-11,2.3822040957253084e-10,5.224587439590074e-09,2.4043382420574137e-14,0.0,0.0,True,0.0,0.06004323646345086,1
75,22500.0,6.25,0.0,0.0,0.0,0.5,0.5419291897211513,0.0071966414478685245,0.8486207234219795,100000000.0,0.0,0.06672101348559177,0.009544440339075992,7.41594285980085e-17,0.00021120870693551813,1.8710663087643904e-09,5.699523034151929e-06,5.241944129270392e-09,1.6988248641075212e-11,2.3968416403958327e-10,5.241944129270392e-09,2.3792724628629224e-14,0.0,0.0,True,0.0,0.06030163622835208,1
76,22800.0,6.333333333333333,0.0,0.0,0.0,0.5,0.5424446876660641,0.006798851531773974,0.8491512894445455,100000000.0,0.0,0.06682691515280129,0.009684327770914191,7.515689459669517e-17,0.0003406963656592793,3.474475578983942e-09,9.347765397556059e-06,5.25943526398169e-09,1.5717612775446927e-11,2.406940440507091e-10,5.25943526398169e-09,2.2852827002645256e-14,0.0,0.0,True,0.0,0.06078358860561166,1
77,23100.0,6.416666666666667,0.0,0.0,0.0,0.5,0.5429590030545707,0.006423049215098693,0.8496722872877808,100000000.0,0.0,0.06694697636506633,0.009822370081141448,7.609364527372265e-17,0.0002978959022418023,1.2387603660779105e-09,9.458804924851505e-06,5.279730683413457e-09,1.5785872908217943e-11,2.41481317918841e-10,5.279730683413457e-09,2.2022346740436695e-14,0.0,0.0,True,0.0,0.06093044434241411,1
78,23400.0,6.5,0.0,0.0,0.0,0.5,0.5434721189592335,0.006068019143368794,0.8501844443551998,100000000.0,0.0,0.06708005230873526,0.009959668235271332,7.722121553310757e-17,0.0002723543384776306,2.0692241070132356e-09,9.650858990256191e-06,5.304081783503794e-09,1.5525910446564615e-11,2.422826097447603e-10,5.304081783503794e-09,2.374125623732991e-14,0.0,0.0,True,0.0,0.06076586392548082,1
79,23700.0,6.583333333333333,0.0,0.0,0.0,0.5,0.543984017014811,0.0057326131398983135,0.8506859118693495,100000000.0,0.0,0.06721815779138518,0.010094816845923355,7.794112577563794e-17,0.00017257371376499438,1.6827324183850968e-09,8.978484247978794e-06,5.334014675447184e-09,1.5632869560983242e-11,2.4363577508633527e-10,5.334014675447184e-09,2.3004044121600265e-14,0.0,0.0,True,0.0,0.06058096688556616,1
80,24000.0,6.666666666666667,0.0,0.0,0.0,0.5,0.5444946801091837,0.005415746491668538,0.851174201090263,100000000.0,0.0,0.06735159034759929,0.010228538734059142,7.8834508365766e-17,0.0001958111556209499,3.274944636745914e-09,9.775476109841072e-06,5.380994690975271e-09,1.7427630741823257e-11,2.4664880410610497e-10,5.380994690975271e-09,2.275981547177359e-14,0.0,0.0,True,0.0,0.061221164007945444,1
81,24300.0,6.75,0.0,0.0,0.0,0.5,0.5450040900432593,0.00511639444099118,0.8516468598414311,100000000.0,0.0,0.06748207013096984,0.010361676864602818,7.951105052139695e-17,0.0002596277073861301,1.6271197839608056e-09,8.531826021101759e-06,5.45140177949531e-09,1.8569908840401513e-11,2.518917630544406e-10,5.45140177949531e-09,2.24631273987944e-14,0.0,0.0,True,0.0,0.06146967401001786,1
82,24600.0,6.833333333333333,0.0,0.0,0.0,0.5,0.5455122311194223,0.004833588874868504,0.8521057669560034,100000000.0,0.0,0.06758954633051213,0.010494582247642863,8.021361352916756e-17,0.0006151795578216252,4.717672816611004e-09,9.877104681141407e-06,5.525171790263871e-09,2.045039137573505e-11,2.580884016077109e-10,5.525171790263871e-09,2.2477397456594835e-14,0.0,0.0,True,0.0,0.061295856039599216,1
83,24900.0,6.916666666666667,0.0,0.0,0.0,0.5,0.5460190905789565,0.004566415198484279,0.8525570595203649,100000000.0,0.0,0.0676530629718187,0.010627318404499915,8.127179484951341e-17,0.0003097228024121529,5.1791080616164416e-09,8.947957982967163e-06,5.584332855556638e-09,2.2538784373511573e-11,2.643281052194508e-10,5.584332855556638e-09,2.277890001304485e-14,0.0,0.0,True,0.0,0.060899382122199586,1
84,25200.0,7.0,0.0,0.0,0.0,0.5,0.5465246591176726,0.004314009376320797,0.8530053459698991,100000000.0,0.0,0.06765450546252748,0.010759875977835929,8.2199871909161e-17,0.0003411627552929441,3.1240751082989115e-09,9.151299092300102e-06,5.631569478099891e-09,2.3467348205413566e-11,2.7018909309369117e-10,5.631569478099891e-09,2.2427469074055302e-14,0.0,0.0,True,0.0,0.061292432537158346,1
85,25500.0,7.083333333333333,0.0,0.0,0.0,0.5,0.5470289279369535,0.004075555132287761,0.853452891493945,100000000.0,0.0,0.06759668087125315,0.01089222404223504,8.303253917762988e-17,0.00040610348952566875,2.1251047327677184e-09,8.326207980885926e-06,5.6758207363061836e-09,2.3138775790149114e-11,2.7564952398797634e-10,5.6758207363061836e-09,2.217009735398144e-14,0.0,0.0,True,0.0,0.06163350162857122,1
86,25800.0,7.166666666666667,0.0,0.0,0.0,0.5,0.5475318857058438,0.0038502813052973,0.8539011347077289,100000000.0,0.0,0.06770673459410537,0.011024279205398117,8.383918559395908e-17,0.00040317325906586874,2.0904747665829654e-09,6.904026238717072e-06,5.722187043399609e-09,2.3366491358613827e-11,2.809459585789778e-10,5.722187043399609e-09,2.223383946203388e-14,0.0,0.0,True,0.0,0.06178261907318173,1
87,26100.0,7.25,0.0,0.0,0.0,0.5,0.548033520997072,0.0036374593555807723,0.8543486253323873,100000000.0,0.0,0.06784728033696634,0.011155944925777213,8.467185286242796e-17,0.00040810680002961676,1.2770360710637001e-09,8.14533904198674e-06,5.769031383218422e-09,2.2941536705160685e-11,2.864686424060401e-10,5.769031383218422e-09,2.361651728444809e-14,0.0,0.0,True,0.0,0.061906509547111646,1
88,26400.0,7.333333333333333,0.0,0.0,0.0,0.5,0.5485338250996298,0.003436401011524522,0.8547916652653117,100000000.0,0.0,0.06798774286139223,0.011287121344365717,8.550452013089682e-17,0.0006158339461312858,1.6757686054309158e-10,9.102493942065127e-06,5.812964319015989e-09,2.2883467652526358e-11,2.921011244003672e-10,5.812964319015989e-09,2.246266833555882e-14,0.0,0.0,True,0.0,0.06186755983114324,1
89,26700.0,7.416666666666667,0.0,0.0,0.0,0.5,0.5490327903334478,0.0032464560457973403,0.8552255492389821,100000000.0,0.0,0.06812848265977062,0.011417693853320572,8.631116654722604e-17,0.0006859125959995248,3.1261938537745764e-09,7.118161489571658e-06,5.852681350601098e-09,2.2628545420985292e-11,2.976061461090978e-10,5.852681350601098e-09,2.2649339899422054e-14,0.0,0.0,True,0.0,0.06212340408919036,1
90,27000.0,7.5,0.0,0.0,0.0,0.5,0.5495304032249606,0.003067010172748707,0.8556496688360968,100000000.0,0.0,0.06826884845824602,0.011547501434618695,8.728261169377305e-17,0.000566302069928572,1.7544040540362556e-09,9.149671853812864e-06,5.888304622059335e-09,2.291085838326608e-11,3.0291104987864466e-10,5.888304622059335e-09,2.2206021581406284e-14,0.0,0.0,True,0.0,0.06268970537485719,1
91,27300.0,7.583333333333333,0.0,0.0,0.0,0.5,0.5500266509785985,0.0028974830613395495,0.8560645354721771,100000000.0,0.0,0.06840695598648189,0.01167636859631051,8.80198691710632e-17,0.0005895025835525643,4.305240115596086e-09,9.760494565495998e-06,5.918584830466956e-09,2.136686389505664e-11,3.0809511942649684e-10,5.918584830466956e-09,2.153826392442845e-14,0.0,0.0,True,0.0,0.06303716321905081,1
92,27600.0,7.666666666666667,0.0,0.0,0.0,0.5,0.5505215180122469,0.002737326458168687,0.8564704219935712,100000000.0,0.0,0.06853762787157042,0.011804107891937855,8.885253643953206e-17,0.0007138062881137593,3.4290128406900065e-09,7.413992919000898e-06,5.942876339442392e-09,2.3183592113199735e-11,3.132135406961269e-10,5.942876339442392e-09,2.3762294814465214e-14,0.0,0.0,True,0.0,0.06311758596559228,1
93,27900.0,7.75,0.0,0.0,0.0,0.5,0.5510149903711883,0.0025860224145265666,0.8568669510771572,100000000.0,0.0,0.0686491574401771,0.01193054880044343,8.976326626441988e-17,0.0008112408122958978,4.363244527158637e-09,8.728888329722261e-06,5.961462851133757e-09,2.2335352038000835e-11,3.1818556999165145e-10,5.961462851133757e-09,2.3203827162248705e-14,0.0,0.0,True,0.0,0.06293412880762293,1
94,28200.0,7.833333333333333,0.0,0.0,0.0,0.5,0.5515070531837796,0.0024430816111168756,0.8572531252177511,100000000.0,0.0,0.06871584005688948,0.012055534705327229,9.06219543850284e-17,0.0006847367344548183,3.812850395510878e-09,6.954536278606882e-06,5.97368234188424e-09,1.9477887319249425e-11,3.228535660565128e-10,5.97368234188424e-09,2.157257676109022e-14,0.0,0.0,True,0.0,0.06252446755177661,1
95,28500.0,7.916666666666667,0.0,0.0,0.0,0.5,0.5519976922824353,0.0023080417756224285,0.8576281794830812,100000000.0,0.0,0.06869052947528498,0.01217888536504178,9.139390633183809e-17,0.0003194834891544762,2.6698901819438295e-09,8.3444039233943e-06,5.979001226700102e-09,1.9015225800224802e-11,3.270921852525218e-10,5.979001226700102e-09,2.2255545232896817e-14,0.0,0.0,True,0.0,0.06292217630338284,1
96,28800.0,8.0,0.0,0.0,0.0,0.5,0.5524868979411501,0.002180466187231656,0.8579929804233495,100000000.0,0.0,0.06849635220119824,0.01230038022639233,9.207912210484892e-17,0.00024116585505314472,3.2258104324526824e-09,5.850625243056164e-06,5.975968864649828e-09,1.880101336565557e-11,3.3067940718238755e-10,5.975968864649828e-09,2.2754987604656752e-14,0.0,0.0,True,0.0,0.06348667691509541,1
97,29100.0,8.083333333333334,0.0,0.0,0.0,0.5,0.552974670714973,0.0020599422641531056,0.8583499619018942,100000000.0,0.0,0.0680839475556956,0.012419803198947728,9.289444213855801e-17,0.00041487901436009183,5.322721105905376e-09,9.379810821236544e-06,5.9633537870483795e-09,1.711615767284343e-11,3.335154842017953e-10,5.9633537870483795e-09,2.2166448522181034e-14,0.0,0.0,True,0.0,0.06376475601246231,1
98,29400.0,8.166666666666666,0.0,0.0,0.0,0.5,0.5534610131708941,0.0019460802293366985,0.8587025445675738,100000000.0,0.0,0.06824588664281793,0.012536975660730023,9.362302599846828e-17,0.0002512606633184393,6.001761185873196e-09,7.878561635063963e-06,5.942778213806273e-09,1.5970036510340907e-11,3.357153037804104e-10,5.942778213806273e-09,2.2186912019889962e-14,0.0,0.0,True,0.0,0.06374481119350286,1
99,29700.0,8.25,0.0,0.0,0.0,0.5,0.5539459329009112,0.0018385118502277542,0.859062251653705,100000000.0,0.0,0.06839522816188962,0.01265178875632363,9.449038773645668e-17,0.0002293704118711303,4.357144367046771e-09,9.573068719777035e-06,5.918286344353486e-09,1.53518689243281e-11,3.3779249418287054e-10,5.918286344353486e-09,2.3323213071071452e-14,0.0,0.0,True,0.0,0.06346594826697369,1
100,30000.0,8.333333333333334,0.0,0.0,0.0,0.5,0.5544294460745659,0.0017368892481594922,0.8594302702202311,100000000.0,0.0,0.06851041027739971,0.012764103684693296,9.526233968326636e-17,0.00042308529797855797,5.159972326081586e-09,9.543348290074185e-06,5.8952853104117835e-09,1.535781899470467e-11,3.40052681606287e-10,5.8952853104117835e-09,2.3136360685650606e-14,0.0,0.0,True,0.0,0.0635120075208282,1
101,30300.0,8.416666666666666,0.0,0.0,0.0,0.5,0.5549115482325434,0.0016408837735994298,0.8597921686847482,100000000.0,0.0,0.06859495530308662,0.01287383630095686,9.599092354317662e-17,0.0003923068740671176,8.444355749457718e-09,9.622711054752706e-06,5.876176129219531e-09,1.4990394574748754e-11,3.4222984251562796e-10,5.876176129219531e-09,2.1775718961389547e-14,0.0,0.0,True,0.0,0.06356836831097691,1
102,30600.0,8.5,0.0,0.0,0.0,0.5,0.5553922169018857,0.0015501849427799847,0.8601437314760898,100000000.0,0.0,0.06865574670368856,0.012981183203937981,9.67628754899863e-17,0.00022616606611902356,1.0772550121138281e-10,7.165387611134822e-06,5.866640981404407e-09,1.4845977997277875e-11,3.442719111240364e-10,5.866640981404407e-09,2.3030402850001735e-14,0.0,0.0,True,0.0,0.06401305196395801,1
103,30900.0,8.583333333333334,0.0,0.0,0.0,0.5,0.5558714352123648,0.0014644994326294726,0.8604811220667684,100000000.0,0.0,0.06870038318085664,0.013086811385039296,9.737002870657819e-17,0.00025352444945030464,1.2435772127731444e-10,9.965791839108777e-06,5.8851878397590356e-09,1.7423183019517264e-11,3.47217015999746e-10,5.8851878397590356e-09,2.200665897026488e-14,0.0,0.0,True,0.0,0.06405884421403936,1
104,31200.0,8.666666666666666,0.0,0.0,0.0,0.5,0.556349187478902,0.0013835501324700895,0.8608026433250716,100000000.0,0.0,0.06873077457013863,0.013191423898087999,9.818534874028728e-17,0.00031692449652816185,6.228880268201947e-11,9.442085466723568e-06,5.937182613191129e-09,1.9068979230506877e-11,3.5262137916838003e-10,5.937182613191129e-09,2.2025705738985053e-14,0.0,0.0,True,0.0,0.06431345233698027,1
105,31500.0,8.75,0.0,0.0,0.0,0.5,0.5568254568339064,0.0013070752496120986,0.8611098139500724,100000000.0,0.0,0.06875873390343741,0.013295327698278344,9.883587004377859e-17,0.00021845954478516094,6.3313276225403135e-09,6.818484861704775e-06,5.994348853235018e-09,2.0439983737458402e-11,3.60053278076475e-10,5.994348853235018e-09,2.206920455765662e-14,0.0,0.0,True,0.0,0.06455448077355277,1
106,31800.0,8.833333333333334,0.0,0.0,0.0,0.5,0.5573002268050484,0.001234827464358493,0.8614106984662286,100000000.0,0.0,0.06891936325565423,0.013398611625741384,9.95384330515492e-17,0.00025623377658451634,9.815212139317574e-11,9.941993939399822e-06,6.042659681551042e-09,2.256145070318157e-11,3.672779571421806e-10,6.042659681551042e-09,2.3121845514788065e-14,0.0,0.0,True,0.0,0.06458948563539277,1
107,32100.0,8.916666666666666,0.0,0.0,0.0,0.5,0.5577734881683013,0.0011665731293334094,0.8617098726258393,100000000.0,0.0,0.0690792250624802,0.01350136086074849,1.0023232244193992e-16,0.0003120398318414505,9.714001310202603e-11,9.922447687867113e-06,6.081515771042991e-09,2.1322073855317883e-11,3.7344441486152674e-10,6.081515771042991e-09,2.234005135553323e-14,0.0,0.0,True,0.0,0.06451720023262192,1
108,32400.0,9.0,0.0,0.0,0.0,0.5,0.5582452372550734,0.0011020915117528401,0.8620088396814821,100000000.0,0.0,0.06923992836384638,0.013603622031497991,1.0091753821495075e-16,0.00034639097366731124,7.4745877900926e-11,9.2245402014648e-06,6.117911154984417e-09,2.1164140465049626e-11,3.787038700203509e-10,6.117911154984417e-09,2.2821342901285258e-14,0.0,0.0,True,0.0,0.06442190514808098,1
109,32700.0,9.083333333333334,0.0,0.0,0.0,0.5,0.5587154680145592,0.0010411740782135873,0.8623080836439668,100000000.0,0.0,0.06940121648561336,0.013705390041541832,1.0156805951844205e-16,0.0003405444034641724,7.651290819883144e-09,8.043633492616482e-06,6.157649522636894e-09,2.1503259493464282e-11,3.8321847153745574e-10,6.157649522636894e-09,2.3460370107530755e-14,0.0,0.0,True,0.0,0.06439647601797932,1
110,33000.0,9.166666666666666,0.0,0.0,0.0,0.5,0.5591841781298881,0.000983623820382482,0.8626070913730904,100000000.0,0.0,0.06956441267665858,0.01380661780215989,1.0243542125643045e-16,0.00023932021782258235,2.4927003784413997e-09,5.930084550660031e-06,6.199499766291882e-09,2.065750622583769e-11,3.873018776740372e-10,6.199499766291882e-09,2.2723555177749626e-14,0.0,0.0,True,0.0,0.06510767257929514,1
111,33300.0,9.25,0.0,0.0,0.0,0.5,0.559651363705427,0.000929254618780465,0.8629047073389035,100000000.0,0.0,0.06973100058444054,0.013907226996061487,1.0325941490751944e-16,0.00017165873009457235,5.7661948390073346e-11,7.3631012850096e-06,6.2396064284940165e-09,2.0426522643421302e-11,3.9150900820000423e-10,6.2396064284940165e-09,2.2320434316069807e-14,0.0,0.0,True,0.0,0.06563552789550267,1
112,33600.0,9.333333333333334,0.0,0.0,0.0,0.5,0.560117033836564,0.0008778906416579098,0.8631974848004286,100000000.0,0.0,0.06990130344354903,0.01400714295720011,1.0408340855860843e-16,0.0003246336550600282,7.628498588285365e-11,8.431186376686255e-06,6.274044431478777e-09,1.959341907621553e-11,3.96217921501819e-10,6.274044431478777e-09,2.0791121667984404e-14,0.0,0.0,True,0.0,0.06594489049115602,1
113,33900.0,9.416666666666666,0.0,0.0,0.0,0.49999999999999994,0.5605811828771863,0.0008293657767397061,0.8634841708898183,99999999.99999999,1.4901161193847657e-16,0.07007532312922217,0.014106304878778413,1.0477729794899915e-16,0.0003539726153694826,5.786093678872388e-09,9.558689214356496e-06,6.302882211734598e-09,2.0241960836879305e-11,4.0149190411502374e-10,6.302882211734598e-09,2.1889342937477056e-14,0.0,0.0,True,0.0,0.06603961524324199,1
114,34200.0,9.5,0.0,0.0,0.0,0.5,0.5610437991888773,0.0007835230939152587,0.8637656660816313,100000000.0,0.0,0.07025056452581264,0.01420462672408811,1.0547986095676975e-16,0.0004939314108949681,5.7407255604418765e-09,9.950536106657773e-06,6.324779241141491e-09,1.9446835946507536e-11,4.0658842250161284e-10,6.324779241141491e-09,2.2197025567288537e-14,0.0,0.0,True,0.0,0.06594366900972848,1
115,34500.0,9.583333333333334,0.0,0.0,0.0,0.5,0.5615048809333478,0.0007402143375033252,0.864043552637875,100000000.0,0.0,0.07041975429406307,0.014301963476299367,1.0619109758192025e-16,0.0004879894528691121,2.8336125423116643e-11,9.06444562171272e-06,6.3376832676798765e-09,1.82277866602589e-11,4.113962349061047e-10,6.3376832676798765e-09,2.1349809609349133e-14,0.0,0.0,True,0.0,0.06568686820188092,1
116,34800.0,9.666666666666666,0.0,0.0,0.0,0.5,0.5619644480289614,0.0006992994466017092,0.864320537967355,100000000.0,0.0,0.07056559383919024,0.014398089150913377,1.0696304952872992e-16,0.00048603499310774983,3.656295469665427e-11,7.443674897599672e-06,6.338403563681193e-09,1.796436691693259e-11,4.156405400136257e-10,6.338403563681193e-09,2.2361338097158783e-14,0.0,0.0,True,0.0,0.06529521785165679,1
117,35100.0,9.75,0.0,0.0,0.0,0.5,0.5624225237969583,0.0006606461020174154,0.8645984410179972,100000000.0,0.0,0.07065585058628672,0.014492757689140342,1.0766561253650053e-16,0.00048732105016737306,5.0610844800940475e-11,9.810666542053288e-06,6.323627277653909e-09,1.7715585490868875e-11,4.18884993510102e-10,6.323627277653909e-09,2.1769573706318125e-14,0.0,0.0,True,0.0,0.0658643987009771,1
118,35400.0,9.833333333333334,0.0,0.0,0.0,0.5,0.5628791095878622,0.0006241292982703946,0.8648767045105833,100000000.0,0.0,0.07064024038529698,0.014585782349242989,1.0834215469213148e-16,0.00041172966095863407,3.3602648297720852e-09,6.4858330089340005e-06,6.2937647767995354e-09,1.6534496189645816e-11,4.2123333010106767e-10,6.2937647767995354e-09,2.280505801480476e-14,0.0,0.0,True,0.0,0.06615704766089392,1
119,35700.0,9.916666666666666,0.0,0.0,0.0,0.5,0.5633342012591203,0.0005896309392191143,0.8651540680839684,100000000.0,0.0,0.07043277219852963,0.014677013588512951,1.090967594041814e-16,0.0004041198461954155,9.343945722816968e-09,6.673159684961242e-06,6.253289207879676e-09,1.6174359229354575e-11,4.2240113917501687e-10,6.253289207879676e-09,2.2258708401206762e-14,0.0,0.0,True,0.0,0.0665037142452943,1
120,36000.0,10.0,0.0,0.0,0.0,0.5,0.5637877892952506,0.0005570394561264149,0.8654305693025124,100000000.0,0.0,0.06987976029292224,0.014766362315782476,1.0984269049885143e-16,0.0006292080814907068,7.783002586850985e-09,8.811910486032801e-06,6.212040338902186e-09,1.5994910712310004e-11,4.235014779479937e-10,6.212040338902186e-09,2.1478018281359833e-14,0.0,0.0,True,0.0,0.06656527122018299,1
121,36300.0,10.083333333333334,0.0,0.0,0.0,0.5,0.5642398866732111,0.0005262494470327539,0.8657057305109268,100000000.0,0.0,0.06971472367304847,0.014853762282183158,1.1051923265448238e-16,0.0006667558560906358,5.6374364351008845e-09,8.925087077469853e-06,6.174493331106273e-09,1.64502889405982e-11,4.255323261473444e-10,6.174493331106273e-09,2.2028094037664313e-14,0.0,0.0,True,0.0,0.06634474548254345,1
122,36600.0,10.166666666666666,0.0,0.0,0.0,0.5,0.564690527957822,0.0004971613362437738,0.8659774165495988,100000000.0,0.0,0.06980195456349897,0.014939085675511736,1.1125649013177253e-16,0.0004057416417723141,6.916597771733312e-11,5.008486903996377e-06,6.139117408171663e-09,1.6002185032388568e-11,4.2908358591977084e-10,6.139117408171663e-09,2.2165361468975433e-14,0.0,0.0,True,0.0,0.06612701191346884,1
123,36900.0,10.25,0.0,0.0,0.0,0.5,0.5651397444069235,0.00046968105260927556,0.8662436659054873,100000000.0,0.0,0.06987424818561457,0.015022117109267931,1.1183762249622475e-16,0.00019157104052162295,2.9314477242493033e-09,4.192773068280013e-06,6.10268233871262e-09,1.504899528909445e-11,4.33358281346363e-10,6.10268233871262e-09,2.205365872435377e-14,0.0,0.0,True,0.0,0.06595136914584936,1
124,37200.0,10.333333333333334,0.0,0.0,0.0,0.5,0.5655875242080899,0.0004437197249918144,0.8665057394375214,100000000.0,0.0,0.06992605011972547,0.01510270918920827,1.1252283826923558e-16,0.0003448878954549672,7.619040956088604e-11,9.44382589216844e-06,6.063543644888468e-09,1.4087450468155832e-11,4.3647995150131866e-10,6.063543644888468e-09,2.1553820093524374e-14,0.0,0.0,True,0.0,0.06633878194128186,1
125,37500.0,10.416666666666666,0.0,0.0,0.0,0.5,0.5660338359876567,0.00041919339421197925,0.8667630995741739,100000000.0,0.0,0.06995409613407015,0.015181148123462808,1.1334683192032458e-16,0.00036156609469201477,1.5294918603510723e-10,7.480464027405687e-06,6.03265792105714e-09,1.464909177125629e-11,4.379071695352219e-10,6.03265792105714e-09,2.1601965245693096e-14,0.0,0.0,True,0.0,0.0668351534842691,1
126,37800.0,10.5,0.0,0.0,0.0,0.5,0.5664786361467544,0.0003960227410061121,0.8670053676187873,100000000.0,0.0,0.07009429976627168,0.01525819071415969,1.1412745748451415e-16,0.0003074995733204936,1.6961781357691921e-10,8.755588323393065e-06,6.038681253353256e-09,1.7615301511967912e-11,4.4085326933979734e-10,6.038681253353256e-09,2.172438385388541e-14,0.0,0.0,True,0.0,0.06715930379359836,1
127,38100.0,10.583333333333334,0.0,0.0,0.0,0.5000000000000001,0.566921899568667,0.0003741328299668847,0.867233858060182,100000000.00000001,1.4901161193847657e-16,0.07026666658728692,0.015334226153291337,1.1483869410966463e-16,0.00021050370870197204,7.618690072125288e-09,8.903826623295964e-06,6.07071207923595e-09,2.0563671292340825e-11,4.481933126566763e-10,6.07071207923595e-09,2.0674546096020778e-14,0.0,0.0,True,0.0,0.06730066451466521,1
128,38400.0,10.666666666666666,0.0,0.0,0.0,0.5,0.5673636050721913,0.000353452868263565,0.8674549014538038,100000000.0,0.0,0.07044156094202896,0.015409410699078295,1.15558604352195e-16,0.0004395025015678337,1.0004522972867284e-10,9.66558659895138e-06,6.095190387486048e-09,2.1793365529188093e-11,4.5769896758381576e-10,6.095190387486048e-09,2.1542451049429797e-14,0.0,0.0,True,0.0,0.06732054578587704,1
129,38700.0,10.75,0.0,0.0,0.0,0.5,0.5678037332086282,0.00033391597715436903,0.8676726674223091,100000000.0,0.0,0.0706171789717675,0.015483816897893351,1.162698409773455e-16,0.00033411928098856615,2.3401465857458963e-10,9.290283633493509e-06,6.104099728665611e-09,2.1979264833793566e-11,4.673712637540418e-10,6.104099728665611e-09,2.2100116540407964e-14,0.0,0.0,True,0.0,0.06730182761588661,1
130,39000.0,10.833333333333334,0.0,0.0,0.0,0.5,0.568242266023318,0.0003154589752151685,0.8678887428608006,100000000.0,0.0,0.07079346239133467,0.015557462346280856,1.1685097334179772e-16,0.00031168125060220437,9.271263817391068e-11,8.993806412152544e-06,6.105008966437811e-09,2.2354952525244976e-11,4.766767602043844e-10,6.105008966437811e-09,2.1083837074766804e-14,0.0,0.0,True,0.0,0.06715495917933423,1
131,39300.0,10.916666666666666,0.0,0.0,0.0,0.5,0.5686791852758806,0.0002980221731977473,0.8681047284274949,100000000.0,0.0,0.0709718845601934,0.015630328678389614,1.1749282102790915e-16,0.00030004687403748165,1.1243112666037126e-10,7.96973149852452e-06,6.10460131632042e-09,2.1562745521884458e-11,4.85166055488425e-10,6.10460131632042e-09,2.1166809812835663e-14,0.0,0.0,True,0.0,0.06692516805779669,1
132,39600.0,11.0,0.0,0.0,0.0,0.5,0.5691144727431761,0.00028154918057474897,0.868329832072475,100000000.0,0.0,0.07115359272939126,0.01570241167351655,1.18325488296378e-16,0.00031279738971217195,1.2456985329506603e-10,9.820742056197059e-06,6.10438395714893e-09,2.1021077303974173e-11,4.925401963777215e-10,6.10438395714893e-09,2.2321705316681602e-14,0.0,0.0,True,0.0,0.0673837992359993,1
133,39900.0,11.083333333333334,0.0,0.0,0.0,0.5,0.5695481040814833,0.00026598672322245123,0.8685613187046737,100000000.0,0.0,0.07133825140451065,0.015773704276797747,1.190974402431877e-16,0.00020564519340203534,8.925137631903505e-11,5.046622169138779e-06,6.1040580219866525e-09,2.0345427305662216e-11,4.988328283761218e-10,6.1040580219866525e-09,2.0669247681006683e-14,0.0,0.0,True,0.0,0.06808425753041249,1
134,40200.0,11.166666666666666,0.0,0.0,0.0,0.5,0.569980060407712,0.0002512844714836,0.868792742029946,100000000.0,0.0,0.07152780202580952,0.015844176405163987,1.196959198423997e-16,0.00018603309356351964,4.13564885138745e-09,8.45630873070698e-06,6.102455481227513e-09,1.9832095879852616e-11,5.046910247235561e-10,6.102455481227513e-09,2.009028457527129e-14,0.0,0.0,True,0.0,0.0685875671221867,1
135,40500.0,11.25,0.0,0.0,0.0,0.5,0.5704103187552463,0.00023739487771973764,0.86902351860703,100000000.0,0.0,0.0717229850031205,0.01591374960122984,1.2033776752851112e-16,0.00019136815632464203,5.2148292863900535e-11,9.859451421292628e-06,6.0976923663056214e-09,1.9944196922113705e-11,5.104297787876181e-10,6.0976923663056214e-09,2.114104482971626e-14,0.0,0.0,True,0.0,0.06887654631236048,1
136,40800.0,11.333333333333334,0.0,0.0,0.0,0.5,0.5708388525900554,0.00022427302269856415,0.8692529430064816,100000000.0,0.0,0.07192374264625083,0.015982298309652997,1.2111839309270066e-16,0.00017512457563898052,6.06111086597317e-11,8.633314036849446e-06,6.087282317069725e-09,1.897820427104985e-11,5.158378569241748e-10,6.087282317069725e-09,2.191048192772028e-14,0.0,0.0,True,0.0,0.06895652643307065,1
137,41100.0,11.416666666666666,0.0,0.0,0.0,0.5,0.571265637369502,0.00021187647027994907,0.8694808464088192,100000000.0,0.0,0.07212492819921561,0.016049675432617778,1.218122824830914e-16,0.00020878047540687808,3.124187719939239e-11,8.959286274726543e-06,6.0693308628960866e-09,1.7877356791308555e-11,5.201369512251525e-10,6.0693308628960866e-09,2.119529399677883e-14,0.0,0.0,True,0.0,0.06884522220286429,1
138,41400.0,11.5,0.0,0.0,0.0,0.5,0.5716906468364094,0.00020016513001744357,0.8697078143912574,100000000.0,0.0,0.07231168129078049,0.01611574632432586,1.223500467606442e-16,0.00029092630913421215,5.061615617049487e-09,9.814897046089736e-06,6.042791348194226e-09,1.632457005339956e-11,5.223971328078549e-10,6.042791348194226e-09,2.1475269543660608e-14,0.0,0.0,True,0.0,0.06855794292559717,1
139,41700.0,11.583333333333334,0.0,0.0,0.0,0.5,0.5721138555538774,0.00018910112734708888,0.8699338694263713,100000000.0,0.0,0.07245501022475508,0.016180425611282384,1.2301791529889529e-16,0.000409125213331434,3.205445564873181e-11,8.581650164234404e-06,6.008979042560393e-09,1.539967667719913e-11,5.223247949900189e-10,6.008979042560393e-09,2.0742112028408784e-14,0.0,0.0,True,0.0,0.06819761163471273,1
140,42000.0,11.666666666666666,0.0,0.0,0.0,0.5,0.5725352314529626,0.00017864868103236895,0.8701595925469023,100000000.0,0.0,0.07250817082720334,0.016243678644968458,1.2377252001094518e-16,0.00044052326432362116,9.951822015568619e-11,7.5580265683467864e-06,5.973083092738982e-09,1.5097378961154555e-11,5.203849190671712e-10,5.973083092738982e-09,2.1224763699583826e-14,0.0,0.0,True,0.0,0.06854102226334712,1
141,42300.0,11.75,0.0,0.0,0.0,0.5,0.5729547500335186,0.00016877398748189112,0.8703861999533289,100000000.0,0.0,0.07238837938516378,0.0163055130196307,1.2447508301871579e-16,0.0004489552134736995,1.3905585382019767e-10,8.640614068500196e-06,5.938061992604305e-09,1.478728691270901e-11,5.175916547838747e-10,5.938061992604305e-09,2.0995226659291723e-14,0.0,0.0,True,0.0,0.06858151406196639,1
142,42600.0,11.833333333333334,0.0,0.0,0.0,0.5,0.5733723861658915,0.00015944511153370675,0.8706145026647729,100000000.0,0.0,0.07194040369681973,0.016365953262978766,1.2524703496552548e-16,0.0003938424800692144,1.5459824064268328e-10,7.320287207588592e-06,5.90477703475424e-09,1.5056999469887166e-11,5.149602226568407e-10,5.90477703475424e-09,2.129654558725166e-14,0.0,0.0,True,0.0,0.06878727293519249,1
143,42900.0,11.916666666666666,0.0,0.0,0.0,0.5,0.5737881153579886,0.0001506318832767993,0.8708444326246264,100000000.0,0.0,0.07104402193538761,0.016425002316090315,1.257154103040392e-16,0.0002939586166934727,5.691908040242726e-09,9.8019317904116e-06,5.874436331694076e-09,1.572434701358337e-11,5.133440884058502e-10,5.874436331694076e-09,2.1429644649655037e-14,0.0,0.0,True,0.0,0.06883875722290456,1
144,43200.0,12.0,0.0,0.0,0.0,0.5,0.5742019116405244,0.00014230580055515267,0.8710741858764753,100000000.0,0.0,0.07116779126175596,0.01648254373194667,1.2633123713801098e-16,0.0002793437103501488,1.692868163946005e-10,5.970380275905787e-06,5.8444805568768275e-09,1.459560794269112e-11,5.138335956070494e-10,5.8444805568768275e-09,2.074805092597896e-14,0.0,0.0,True,0.0,0.06883283234476142,1
145,43500.0,12.083333333333334,0.0,0.0,0.0,0.5,0.5746137515738273,0.00013443993678033904,0.8713031621239775,100000000.0,0.0,0.0712742589305896,0.016538316324252445,1.2690369588508332e-16,0.0005590392868001389,4.644851879267351e-11,9.617807234911156e-06,5.8096466909645195e-09,1.3705286430984144e-11,5.160019474471973e-10,5.8096466909645195e-09,2.066348413974158e-14,0.0,0.0,True,0.0,0.06857239975030971,1
146,43800.0,12.166666666666666,0.0,0.0,0.0,0.5,0.5750236101391164,0.00012700885378739152,0.8715335253058403,100000000.0,0.0,0.07135442600367638,0.016592143364401686,1.2748482824953554e-16,0.0004812714735743683,1.6950981752988152e-10,7.709774517394786e-06,5.769641487779913e-09,1.3535768667675117e-11,5.175771240058921e-10,5.769641487779913e-09,2.042128167842073e-14,0.0,0.0,True,0.0,0.06827205516323646,1
147,44100.0,12.25,0.0,0.0,0.0,0.5,0.5754314633566632,0.00011998851939601021,0.8717660335379968,100000000.0,0.0,0.07143649212960873,0.01664424214268041,1.281700440225464e-16,0.00047173679988875175,2.1347099474000232e-10,8.744400756558252e-06,5.738439557823627e-09,1.4561812169992283e-11,5.177410889992437e-10,5.738439557823627e-09,2.1578733813261902e-14,0.0,0.0,True,0.0,0.06843790007590962,1
148,44400.0,12.333333333333334,0.0,0.0,0.0,0.5,0.5758372897662101,0.00011335622955691618,0.8720015947720767,100000000.0,0.0,0.07160535807791059,0.0166951428995852,1.288639334129371e-16,0.00046124764116674716,7.546631238226462e-10,9.497710130706108e-06,5.7407411169322e-09,1.682041786563539e-11,5.18991493352267e-10,5.7407411169322e-09,2.167958338860814e-14,0.0,0.0,True,0.0,0.069038307174121,1
149,44700.0,12.416666666666666,0.0,0.0,0.0,0.5,0.5762410705307693,0.00010709053504361101,0.8722409405006156,100000000.0,0.0,0.07179338395857639,0.016745172313105305,1.295144547164284e-16,0.0003730318635961079,7.670970919887262e-09,4.298076833701144e-06,5.756481778488072e-09,1.7603301557226008e-11,5.251443845777063e-10,5.756481778488072e-09,2.0906667655352312e-14,0.0,0.0,True,0.0,0.06950122799927916,1
150,45000.0,12.5,0.0,0.0,0.0,0.5,0.5766427872528457,0.00010117117237116398,0.8724835747581433,100000000.0,0.0,0.07198144808948756,0.016794490086429314,1.2995680920280251e-16,0.0005490377244961654,2.521667274072023e-10,7.495569864927348e-06,5.760529212264773e-09,1.9839409810769993e-11,5.333679816003541e-10,5.760529212264773e-09,2.0833078835741195e-14,0.0,0.0,True,0.0,0.069899701442616,1
151,45300.0,12.583333333333334,0.0,0.0,0.0,0.5,0.5770424192877477,9.557899836678369e-05,0.8727285889943924,100000000.0,0.0,0.07217025108093914,0.01684317310583553,1.305552888020145e-16,0.00030913967039180104,2.3061479247252875e-10,5.71777092939245e-06,5.752878192724168e-09,2.0208772388004404e-11,5.41638521660448e-10,5.752878192724168e-09,2.081865544070289e-14,0.0,0.0,True,0.0,0.07011136863162457,1
152,45600.0,12.666666666666666,0.0,0.0,0.0,0.5,0.5774399451442253,9.029592812533337e-05,0.8729754397730523,100000000.0,0.0,0.07236095743903183,0.016891222266182778,1.3113642116646673e-16,0.0003580747323580655,9.583603560212026e-11,5.172406956043004e-06,5.739929084048532e-09,2.066422484319585e-11,5.495162016330949e-10,5.739929084048532e-09,2.069907210450997e-14,0.0,0.0,True,0.0,0.07016039473662822,1
153,45900.0,12.75,0.0,0.0,0.0,0.5,0.5778353427275433,8.530487634305782e-05,0.8732239396942596,100000000.0,0.0,0.07255435655462872,0.01693858299470428,1.3165683820925977e-16,0.0004709248153270068,7.755860304041382e-11,5.723639112724115e-06,5.726047268184958e-09,2.111624085136258e-11,5.574752358152829e-10,5.726047268184958e-09,2.056032444277715e-14,0.0,0.0,True,0.0,0.07006606280141295,1
154,46200.0,12.833333333333334,0.0,0.0,0.0,0.5,0.5782285927444317,8.058970199603836e-05,0.8734740679047458,100000000.0,0.0,0.07275149310332919,0.01698518072246835,1.3229001227799132e-16,0.0005366231748919459,8.669117454337328e-11,7.168758230002462e-06,5.710639309465058e-09,2.1134350565381797e-11,5.655141217460227e-10,5.710639309465058e-09,2.1648471833036364e-14,0.0,0.0,True,0.0,0.06984854300412201,1
155,46500.0,12.916666666666666,0.0,0.0,0.0,0.5,0.5786196707816836,7.61351561665918e-05,0.8737258453845181,100000000.0,0.0,0.07295323276283577,0.017030931183020032,1.3309665869432051e-16,0.0004796801515530368,6.687354627695605e-11,8.929526684868504e-06,5.689622842225925e-09,1.9392327449099454e-11,5.72898787131627e-10,5.689622842225925e-09,2.083977285383715e-14,0.0,0.0,True,0.0,0.06954004923909343,1
156,46800.0,13.0,0.0,0.0,0.0,0.5,0.5790085550897078,7.192683277073448e-05,0.8739790915923441,100000000.0,0.0,0.07316152726305632,0.017075751968662376,1.3372983276305206e-16,0.00039738885144209287,9.329205887100532e-11,8.46583778527445e-06,5.66038341212973e-09,1.8296951873576732e-11,5.791011427862084e-10,5.66038341212973e-09,1.981703335893448e-14,0.0,0.0,True,0.0,0.06967467147079498,1
157,47100.0,13.083333333333334,0.0,0.0,0.0,0.5,0.5793952166249363,6.795112199380818e-05,0.8742337619268262,100000000.0,0.0,0.07337768344274115,0.017119565917825874,1.3440637491868302e-16,0.0002797253357813664,1.0321868135043714e-10,6.449520438693241e-06,5.62195514598663e-09,1.7759754481077994e-11,5.835101706933904e-10,5.62195514598663e-09,2.02661143508127e-14,0.0,0.0,True,0.0,0.07044776966519209,1
158,47400.0,13.166666666666666,0.0,0.0,0.0,0.5,0.5797796318808845,6.419516627743052e-05,0.8744896975002491,100000000.0,0.0,0.07359975811502142,0.0171622972924048,1.350655698395542e-16,0.00024269919294050683,9.682330131917823e-11,5.099552574597536e-06,5.575593904599736e-09,1.8161129540230076e-11,5.861764271313294e-10,5.575593904599736e-09,2.1170298270787805e-14,0.0,0.0,True,0.0,0.07104719924547868,1
159,47700.0,13.25,0.0,0.0,0.0,0.5,0.58016177919245,6.0646818752749526e-05,0.874746586516165,100000000.0,0.0,0.07381765929068425,0.017203865899680332,1.3546455623902887e-16,0.00035580791174242096,9.130845364506535e-09,7.493166480993487e-06,5.523185701003371e-09,1.627901567638284e-11,5.876339836607606e-10,5.523185701003371e-09,2.0284430557236573e-14,0.0,0.0,True,0.0,0.07141529932646175,1
160,48000.0,13.333333333333334,0.0,0.0,0.0,0.5,0.5805416328451495,5.729460397184425e-05,0.8750041461339267,100000000.0,0.0,0.07401023367504264,0.01724418457270408,1.3612375115990005e-16,0.0003662020106971265,1.5116079096488406e-10,6.002793710794332e-06,5.466927704365256e-09,1.6130294272890973e-11,5.884728542372076e-10,5.466927704365256e-09,2.0770368399007584e-14,0.0,0.0,True,0.0,0.07152571253009231,1
161,48300.0,13.416666666666666,0.0,0.0,0.0,0.5,0.5809191685989168,5.412768080353831e-05,0.8752624433668261,100000000.0,0.0,0.07413641637948298,0.017283174317865045,1.3676559884601148e-16,0.00033880793534989687,1.4394971128875384e-10,6.455711197184593e-06,5.408052775235947e-09,1.5453051414864713e-11,5.890932010768349e-10,5.408052775235947e-09,1.9549255203999456e-14,0.0,0.0,True,0.0,0.07133045779220357,1
162,48600.0,13.5,0.0,0.0,0.0,0.5,0.5812943623068253,5.113580736847208e-05,0.8755217263528744,100000000.0,0.0,0.07412302652369898,0.01732077918475428,1.3747683547116196e-16,0.0005272561579003236,3.358997641667968e-10,9.891672502613778e-06,5.346143953872982e-09,1.5233803370066677e-11,5.894795634752674e-10,5.346143953872982e-09,2.156765278884743e-14,0.0,0.0,True,0.0,0.07074521905281143,1
163,48900.0,13.583333333333334,0.0,0.0,0.0,0.5,0.581667188904964,4.83093079009156e-05,0.8757819358715597,100000000.0,0.0,0.07382292277358644,0.01735698490985187,1.381186831572734e-16,0.0005242118191082308,3.361625228517241e-10,9.965145320524267e-06,5.282105851242876e-09,1.486617246981363e-11,5.894548920233224e-10,5.282105851242876e-09,2.0537942150565354e-14,0.0,0.0,True,0.0,0.0702124379156964,1
164,49200.0,13.666666666666666,0.0,0.0,0.0,0.5,0.5820376238255642,4.563904144359322e-05,0.8760431291240821,100000000.0,0.0,0.07298000075153503,0.017391822625194023,1.3893400319098249e-16,0.00020939273308885476,9.62793804627719e-09,4.486271096657392e-06,5.219534031766216e-09,1.4642418036621154e-11,5.896137657222461e-10,5.219534031766216e-09,2.010459546820259e-14,0.0,0.0,True,0.0,0.07075005999641229,1
165,49500.0,13.75,0.0,0.0,0.0,0.5,0.5824056440738937,4.31163722950666e-05,0.876305490275302,100000000.0,0.0,0.07245641791358806,0.01742526122506876,1.3928962150355773e-16,0.0002296376847617721,1.0666635026831418e-10,4.9341898048845955e-06,5.1590462165053724e-09,1.537963609902221e-11,5.919013005566878e-10,5.1590462165053724e-09,2.0412807990910294e-14,0.0,0.0,True,0.0,0.07110438924047884,1
166,49800.0,13.833333333333334,0.0,0.0,0.0,0.5,0.5827712276272995,4.073314211021867e-05,0.8765691465085297,100000000.0,0.0,0.072571028093279,0.01745712141006114,1.396365661987531e-16,0.00022359520083443124,1.571441668050899e-10,6.3771276526296236e-06,5.096851513455919e-09,1.4461684766626239e-11,5.962633174372091e-10,5.096851513455919e-09,2.035936035268039e-14,0.0,0.0,True,0.0,0.07127009386009803,1
167,50100.0,13.916666666666666,0.0,0.0,0.0,0.5,0.5831343513760561,3.8481643521656976e-05,0.8768338649895472,100000000.0,0.0,0.07265716200795323,0.017487215781504056,1.4020902494582544e-16,0.00030542062945273927,3.2877074982681984e-10,7.006685358095429e-06,5.031987361942892e-09,1.3045191544148753e-11,5.990662052156819e-10,5.031987361942892e-09,2.009698741469511e-14,0.0,0.0,True,0.0,0.07124031247683352,1
168,50400.0,14.0,0.0,0.0,0.0,0.5,0.5834949917282037,3.6354595159181816e-05,0.8770999971595741,100000000.0,0.0,0.07275517465518055,0.017515684970369177,1.4092026157097592e-16,0.0006342524059218599,2.954769944189146e-10,9.35331949411166e-06,4.978790881107415e-09,1.3772398965754286e-11,5.964959335275388e-10,4.978790881107415e-09,1.9362493403851223e-14,0.0,0.0,True,0.0,0.0710228625862821,1
169,50700.0,14.083333333333334,0.0,0.0,0.0,0.5,0.583853126594562,3.434511803458935e-05,0.8773682449626701,100000000.0,0.0,0.07294485093733372,0.017543016181653104,1.414840467006684e-16,0.000698035969204264,3.4440902139446633e-10,9.805123886108517e-06,4.960137906005818e-09,1.548062888544088e-11,5.935537236382041e-10,4.960137906005818e-09,2.0594664109130406e-14,0.0,0.0,True,0.0,0.07071683235917547,1
170,51000.0,14.166666666666666,0.0,0.0,0.0,0.5,0.5842087373338268,3.2446713347518534e-05,0.8776383834753029,100000000.0,0.0,0.073146415639578,0.017569584940014513,1.422299777953384e-16,0.00033070405501768786,6.976929182357849e-09,4.226921843783086e-06,4.954326461464695e-09,1.81431816153064e-11,5.983833342575245e-10,4.954326461464695e-09,1.8469883278260964e-14,0.0,0.0,True,0.0,0.07049390560252697,1
171,51300.0,14.25,0.0,0.0,0.0,0.5,0.5845618067148326,3.0653241586007654e-05,0.8779095872359972,100000000.0,0.0,0.07334665909968688,0.017595562588263006,1.426723322817125e-16,0.0007815718522493211,1.4979153671312648e-10,8.755558642253716e-06,4.940281015120083e-09,1.8637587666150532e-11,6.067239170937923e-10,4.940281015120083e-09,1.916616068925335e-14,0.0,0.0,True,0.0,0.07024957371005715,1
172,51600.0,14.333333333333334,0.0,0.0,0.0,0.5,0.5849123152310982,2.895890271392241e-05,0.8781818861902853,100000000.0,0.0,0.07354598238979806,0.017620998265430444,1.4322744379402507e-16,0.0005723783477961872,2.610140958793887e-10,6.5307265265369425e-06,4.919678570768221e-09,1.9206388949801734e-11,6.150634878260382e-10,4.919678570768221e-09,1.9531780977623567e-14,0.0,0.0,True,0.0,0.0708242897478278,1
173,51900.0,14.416666666666666,0.0,0.0,0.0,0.5,0.5852602428431635,2.735821734649998e-05,0.878455426894674,100000000.0,0.0,0.0737479429559789,0.01764588633117182,1.4373051360205836e-16,0.00038893440618680014,1.7493845808007296e-10,9.4139438356266e-06,4.897564074593909e-09,1.8263274858322557e-11,6.22032388820904e-10,4.897564074593909e-09,1.9672395855368065e-14,0.0,0.0,True,0.0,0.07163784690020294,1
174,52200.0,14.5,0.0,0.0,0.0,0.5,0.5856055668970398,2.5846008943878308e-05,0.8787302456211343,100000000.0,0.0,0.07395348448085373,0.017670211095339387,1.4436368767078988e-16,0.00044334251038858697,2.1790637096165046e-10,4.488646756407627e-06,4.87633915794588e-09,1.841279049914051e-11,6.268170484902387e-10,4.87633915794588e-09,2.066401411747739e-14,0.0,0.0,True,0.0,0.07222174147603853,1
175,52500.0,14.583333333333334,0.0,0.0,0.0,0.5,0.5859482640107412,2.4417387029043786e-05,0.8790062628709966,100000000.0,0.0,0.07416391068713432,0.017693968723520394,1.44953493652622e-16,0.00047059012602246287,2.6427544620049453e-10,3.600208470093523e-06,4.855282046317961e-09,1.7313901035980708e-11,6.28827225965414e-10,4.855282046317961e-09,1.994297711905785e-14,0.0,0.0,True,0.0,0.0725812918768236,1
176,52800.0,14.666666666666666,0.0,0.0,0.0,0.5,0.5862883127013514,2.3067731387286416e-05,0.8792833549869457,100000000.0,0.0,0.07438013773913356,0.01771716589899989,1.456040149561133e-16,0.00047183859711218894,8.990595935348431e-09,9.943804899857183e-06,4.8338872823642845e-09,1.5949257368098847e-11,6.280919320577139e-10,4.8338872823642845e-09,1.9328921362809313e-14,0.0,0.0,True,0.0,0.07275039878989036,1
177,53100.0,14.75,0.0,0.0,0.0,0.5,0.5866256896171121,2.1792677159461893e-05,0.8795613178961079,100000000.0,0.0,0.07460269764830474,0.017739790992713576,1.4621116817270518e-16,0.0004582116317640114,3.785021284343907e-11,6.150562638146643e-06,4.810943935634565e-09,1.544586123139395e-11,6.257329174742301e-10,4.810943935634565e-09,1.9464724360060374e-14,0.0,0.0,True,0.0,0.07276362372864709,1
178,53400.0,14.833333333333334,0.0,0.0,0.0,0.5,0.5869603731014333,2.0588100759667337e-05,0.8798400718783663,100000000.0,0.0,0.07483084766278568,0.017761786975933093,1.466361754243195e-16,0.0003738069208292471,8.289614849164195e-11,4.590139902564881e-06,4.783485438727726e-09,1.5178834678443892e-11,6.230464739628663e-10,4.783485438727726e-09,1.9517477164445226e-14,0.0,0.0,True,0.0,0.07263234082492437,1
179,53700.0,14.916666666666666,0.0,0.0,0.0,0.5,0.5872923403483092,1.9450106555740822e-05,0.8801195894647047,100000000.0,0.0,0.07506018804957523,0.017783055579445706,1.4717393970187232e-16,0.00041169546234247665,1.7053155803818717e-10,6.071784152171065e-06,4.7483240317843245e-09,1.5153106592723677e-11,6.207983753987562e-10,4.7483240317843245e-09,2.0092096383309114e-14,0.0,0.0,True,0.0,0.07234806064301354,1
180,54000.0,15.0,0.0,0.0,0.0,0.5,0.5876215671708177,1.837501426556209e-05,0.8803999623673593,100000000.0,0.0,0.07527773284433055,0.017803467013776168,1.479372180313021e-16,0.0004992588701463968,9.684868962678646e-09,9.866265685644414e-06,4.70267180908931e-09,1.5041517448054616e-11,6.189546625044505e-10,4.70267180908931e-09,1.9498866129226616e-14,0.0,0.0,True,0.0,0.07232011856098723,1
181,54300.0,15.083333333333334,0.0,0.0,0.0,0.5,0.5879480271080929,1.7359347039538905e-05,0.8806814088746754,100000000.0,0.0,0.07544854526665977,0.017822899257751768,1.4844028783933537e-16,0.0006715550748294202,1.0610362694006369e-10,6.207105311922785e-06,4.6475743701124214e-09,1.422900698979461e-11,6.178126893226018e-10,4.6475743701124214e-09,1.9260304860658286e-14,0.0,0.0,True,0.0,0.07249704736676069,1
182,54600.0,15.166666666666666,0.0,0.0,0.0,0.5,0.5882716954858752,1.6399820206488594e-05,0.8809639869453646,100000000.0,0.0,0.07549885501356794,0.01784127736036469,1.4862243380431294e-16,0.0008783807477705879,1.1513619148285104e-10,9.202803978314791e-06,4.587451133403157e-09,1.3471671396380503e-11,6.16472836101454e-10,4.587451133403157e-09,1.9545238406319705e-14,0.0,0.0,True,0.0,0.07233375758205764,1
183,54900.0,15.25,0.0,0.0,0.0,0.5,0.5885925434705499,1.5493330641289273e-05,0.8812474523349189,100000000.0,0.0,0.07527910204899066,0.017858586408586768,1.4932499681208355e-16,0.0006465075128395892,8.11500516434804e-11,7.494726564110663e-06,4.524861569796229e-09,1.3832920646375493e-11,6.136162557457006e-10,4.524861569796229e-09,1.960517988591566e-14,0.0,0.0,True,0.0,0.07187925464804684,1
184,55200.0,15.333333333333334,0.0,0.0,0.0,0.5000000000000001,0.5889105447805594,1.4636946726910378e-05,0.8815316087621685,100000000.00000001,1.4901161193847657e-16,0.07447968262943194,0.01787484699074959,1.4967194150727892e-16,0.00047077176567189533,4.970378032837784e-11,6.56245491748343e-06,4.463078272190989e-09,1.40408613034047e-11,6.104289919026043e-10,4.463078272190989e-09,1.948738176340839e-14,0.0,0.0,True,0.0,0.07192596116016944,1
185,55500.0,15.416666666666666,0.0,0.0,0.0,0.5,0.5892256735016959,1.3827898881118894e-05,0.8818164023560139,100000000.0,0.0,0.07354509201028012,0.017890033128786172,1.5026174748911104e-16,0.00041075798225541035,8.109845187795663e-11,9.975751525916714e-06,4.402720275014609e-09,1.4070957823759002e-11,6.099364806035783e-10,4.402720275014609e-09,1.8590616266485947e-14,0.0,0.0,True,0.0,0.07205690958945435,1
186,55800.0,15.5,0.0,0.0,0.0,0.5,0.5895379059900869,1.3063570621155653e-05,0.8821017206159142,100000000.0,0.0,0.07366310937040993,0.017903996015527536,1.5084287985356326e-16,0.0004863657621013282,9.774793218293623e-11,9.806532261296441e-06,4.338698450760555e-09,1.2996779454237429e-11,6.133913307758562e-10,4.338698450760555e-09,1.8689522546408376e-14,0.0,0.0,True,0.0,0.07190157773942614,1
187,56100.0,15.583333333333334,0.0,0.0,0.0,0.5,0.5898472170654913,1.2341490112282999e-05,0.8823871904115497,100000000.0,0.0,0.07375382620983513,0.017916564745789627,1.5140666498325573e-16,0.0005319527151270829,1.2476096855724142e-10,9.434985599158299e-06,4.269116227509071e-09,1.2241712236797741e-11,6.161470236995523e-10,4.269116227509071e-09,1.8239501593182798e-14,0.0,0.0,True,0.0,0.07150601644319665,1
188,56400.0,15.666666666666666,0.0,0.0,0.0,0.5,0.5901535801208444,1.1659322147871658e-05,0.8826733750760319,100000000.0,0.0,0.07388119652211057,0.017927840234661072,1.5186636670438958e-16,0.0006658951910952316,8.358399673616517e-11,7.154169979091543e-06,4.21148046215064e-09,1.315869836135489e-11,6.131674699791189e-10,4.21148046215064e-09,1.912723097998966e-14,0.0,0.0,True,0.0,0.07167494233484475,1
189,56700.0,15.75,0.0,0.0,0.0,0.5,0.5904569705662241,1.1014860569242875e-05,0.8829605488953111,100000000.0,0.0,0.07409025320515374,0.017938212069736156,1.522306586343447e-16,0.00046138229153270123,8.898621072252791e-11,6.156185516275057e-06,4.184651535447647e-09,1.57718872334363e-11,6.107274914494418e-10,4.184651535447647e-09,1.9660937873951182e-14,0.0,0.0,True,0.0,0.07230083441068544,1
190,57000.0,15.833333333333334,0.0,0.0,0.0,0.5,0.5907573666364344,1.0406021147621169e-05,0.8832485640972468,100000000.0,0.0,0.07430310342259373,0.017947953666305555,1.529418952594952e-16,0.0004900355473164724,4.635172407223258e-11,5.629031491113951e-06,4.159014071141044e-09,1.7574211930823463e-11,6.172872870908068e-10,4.159014071141044e-09,1.947524387156365e-14,0.0,0.0,True,0.0,0.07288152515271071,1
191,57300.0,15.916666666666666,0.0,0.0,0.0,0.5,0.5910547476811463,9.830834883046322e-06,0.8835374346674932,100000000.0,0.0,0.07451315487012554,0.01795713606345802,1.534362914501486e-16,0.000776061094282411,6.77518837896603e-11,9.411121327915442e-06,4.123993205936595e-09,1.8934429112862197e-11,6.269506745479735e-10,4.123993205936595e-09,1.9015237785022144e-14,0.0,0.0,True,0.0,0.0732539406539846,1
192,57600.0,16.0,0.0,0.0,0.0,0.5,0.5913490900469971,9.287441644387303e-06,0.8838270967897215,100000000.0,0.0,0.07472289936010772,0.017965742025514164,1.5383527784962326e-16,0.0005160447918628027,6.27096429191931e-11,5.922683623204025e-06,4.084570265138679e-09,1.8150397632144853e-11,6.353606117714494e-10,4.084570265138679e-09,1.888692998750295e-14,0.0,0.0,True,0.0,0.07343222057593662,1
193,57900.0,16.083333333333332,0.0,0.0,0.0,0.5,0.5916403723145596,8.774084127647649e-06,0.884117435856296,100000000.0,0.0,0.07493634001042755,0.01797374922824472,1.5428630595337722e-16,0.0004196086944819496,8.054534174472909e-11,8.440700609874095e-06,4.0447034755806305e-09,1.7193426132493917e-11,6.414413604527484e-10,4.0447034755806305e-09,1.884116942933642e-14,0.0,0.0,True,0.0,0.07344400623877256,1
194,58200.0,16.166666666666668,0.0,0.0,0.0,0.5,0.5919285663308081,8.289102147068676e-06,0.88441559977376,100000000.0,0.0,0.07515264735329254,0.01798114619031255,1.5485876470044956e-16,0.0005215580521615901,6.91741192012397e-11,4.720646656926533e-06,4.004918377863996e-09,1.7784617483639342e-11,6.455038779696035e-10,4.004918377863996e-09,1.8325323977056976e-14,0.0,0.0,True,0.0,0.0733166929222985,1
195,58500.0,16.25,0.0,0.0,0.0,0.5,0.5922136490314747,7.830927263827174e-06,0.8847169080931919,100000000.0,0.0,0.07537268702801322,0.01798791245281349,1.552230566304047e-16,0.00047706316003946227,9.81746779806772e-09,7.925890120498782e-06,3.962640015031302e-09,1.7485544451292096e-11,6.487304098447627e-10,3.962640015031302e-09,1.9160066368467372e-14,0.0,0.0,True,0.0,0.07307182321578952,1
196,58800.0,16.333333333333332,0.0,0.0,0.0,0.5,0.5924955961452962,7.398077724900232e-06,0.8850185079419912,100000000.0,0.0,0.0755959855416041,0.017994005623958705,1.5579551537747705e-16,0.0003274202910282226,8.351706574115583e-09,5.848635488315551e-06,3.9157401357747475e-09,1.7235073674862605e-11,6.513645558655611e-10,3.9157401357747475e-09,2.005627724921196e-14,0.0,0.0,True,0.0,0.07272599231313366,1
197,59100.0,16.416666666666668,0.0,0.0,0.0,0.5000000000000001,0.5927743851159121,6.989153681689027e-06,0.8853204616556629,100000000.00000001,1.4901161193847657e-16,0.07582333051967124,0.017999371551755267,1.5640266859406892e-16,0.0003271049083992494,9.364304036401039e-09,9.333365131438987e-06,3.864402749320933e-09,1.5914303827268228e-11,6.531558693200274e-10,3.864402749320933e-09,1.8987073211614837e-14,0.0,0.0,True,0.0,0.07273659378578222,1
198,59400.0,16.5,0.0,0.0,0.0,0.5,0.5930499870320481,6.60283266564994e-06,0.8856229081235928,100000000.0,0.0,0.07605487300284514,0.01800395482896825,1.5681032861092347e-16,0.00027048290367320094,8.69543741683584e-09,7.038484209251087e-06,3.809602383634445e-09,1.6139306696182134e-11,6.544335051523091e-10,3.809602383634445e-09,1.8786248503471125e-14,0.0,0.0,True,0.0,0.07295091780282123,1
199,59700.0,16.583333333333332,0.0,0.0,0.0,0.5,0.5933223786649509,6.2378653087376335e-06,0.885926128520708,100000000.0,0.0,0.07628231641733133,0.018007688728914503,1.5714859968873896e-16,0.0002548557305616305,6.840092365531518e-11,8.318547305183049e-06,3.750656542464872e-09,1.45806376217056e-11,6.558334756547083e-10,3.750656542464872e-09,1.893743792433476e-14,0.0,0.0,True,0.0,0.07363073564692205,1
200,60000.0,16.666666666666668,0.0,0.0,0.0,0.5,0.5935915355327719,5.893071301441967e-06,0.8862303215509275,100000000.0,0.0,0.07646680990898858,0.018010505983827557,1.5753023885345386e-16,0.00034828825972603173,7.630005464386129e-09,7.224446228116818e-06,3.6880992282595857e-09,1.4360102904338867e-11,6.562655233082459e-10,3.6880992282595857e-09,1.8531492301355074e-14,0.0,0.0,True,0.0,0.07393581464672738,1
201,60300.0,16.75,0.0,0.0,0.0,0.5,0.5938574315976134,5.567335573354985e-06,0.8865353735844408,100000000.0,0.0,0.07651437500775592,0.018012373001869246,1.5779912099223026e-16,0.0005095551431883458,1.1622096577741232e-10,8.344160722144188e-06,3.623248474709963e-09,1.3690834392846111e-11,6.547011752181887e-10,3.623248474709963e-09,1.8487891523138843e-14,0.0,0.0,True,0.0,0.07376116736381537,1
202,60600.0,16.833333333333332,0.0,0.0,0.0,0.5,0.5941200402152844,5.25960468506804e-06,0.886840518159312,100000000.0,0.0,0.07623443910030067,0.01801330712524492,1.5838025335668248e-16,0.00013271656419132846,5.3476156837564324e-11,7.358978122689531e-06,3.559100690668382e-09,1.4404929911459517e-11,6.517425299931928e-10,3.559100690668382e-09,1.9529096856329492e-14,0.0,0.0,True,0.0,0.07330308604010541,1
203,60900.0,16.916666666666668,0.0,0.0,0.0,0.5,0.594379337744015,4.968883423576961e-06,0.887145674764667,100000000.0,0.0,0.07523765235162419,0.018013331688636,1.5892669125161517e-16,0.00047246208767127057,7.753253379586744e-09,8.719216539208987e-06,3.4962837210573476e-09,1.3711988704528749e-11,6.50413924563802e-10,3.4962837210573476e-09,1.8889319034724185e-14,0.0,0.0,True,0.0,0.07311488084600923,1
204,61200.0,17.0,0.0,0.0,0.0,0.5,0.5946353011861171,4.694231588115265e-06,0.8874507195074706,100000000.0,0.0,0.07441769413231067,0.01801241065266823,1.5932567765108985e-16,0.00012930991386690013,3.388477278796912e-09,9.23709435226652e-06,3.434225203980129e-09,1.4469838630266888e-11,6.521041355917212e-10,3.434225203980129e-09,1.8688694423807392e-14,0.0,0.0,True,0.0,0.07271474051848446,1
205,61500.0,17.083333333333332,0.0,0.0,0.0,0.5,0.5948879087620035,4.434760955004727e-06,0.8877555240892355,100000000.0,0.0,0.07453037819168883,0.018010415757640872,1.5976803213746392e-16,0.00031836765322683006,8.322157913355481e-11,6.449209379128689e-06,3.368173162890966e-09,1.3158820135362574e-11,6.567208977005789e-10,3.368173162890966e-09,1.8828297857703784e-14,0.0,0.0,True,0.0,0.07299880357549893,1
206,61800.0,17.166666666666668,0.0,0.0,0.0,0.5,0.5951371376036874,4.189632401052718e-06,0.8880602282034986,100000000.0,0.0,0.07462807615733463,0.018007249832090726,1.6013232406741907e-16,0.0003871304416981259,3.361529376925187e-11,6.023998714280669e-06,3.3013761865748753e-09,1.2418575820929108e-11,6.584577069837476e-10,3.3013761865748753e-09,1.7529956149785473e-14,0.0,0.0,True,0.0,0.07327093207711724,1
207,62100.0,17.25,0.0,0.0,0.0,0.5,0.5953829637359811,3.958053178024126e-06,0.8883652015028657,100000000.0,0.0,0.07480170288655391,0.018003097947322758,1.6068743557973163e-16,0.0005804917455111305,9.009831705387417e-11,7.760611013205482e-06,3.2559450775116816e-09,1.416387362113354e-11,6.525144441742522e-10,3.2559450775116816e-09,1.7913511883215547e-14,0.0,0.0,True,0.0,0.0734304707033101,1
208,62400.0,17.333333333333332,0.0,0.0,0.0,0.5000000000000001,0.5956253666336085,3.7392743437759285e-06,0.8886703853179628,100000000.00000001,1.4901161193847657e-16,0.07502430123502293,0.01799828451853038,1.61034380274927e-16,0.00044271119585453196,8.981078621126635e-11,9.5836683550925e-06,3.23409188722013e-09,1.5271484255907318e-11,6.505678352635855e-10,3.23409188722013e-09,1.8205417233542032e-14,0.0,0.0,True,0.0,0.07364680872489171,1
209,62700.0,17.416666666666668,0.0,0.0,0.0,0.5,0.5958643266065501,3.5325883523561015e-06,0.8889758491506852,100000000.0,0.0,0.07524077557765085,0.01799300934280439,1.6157214455247981e-16,0.00034881972282802947,5.858575412660505e-11,4.103378592576389e-06,3.208087644780151e-09,1.6953838801929434e-11,6.56179758249581e-10,3.208087644780151e-09,1.9273676950434046e-14,0.0,0.0,True,0.0,0.07368732111336396,1
210,63000.0,17.5,0.0,0.0,0.0,0.5,0.5960998254675611,3.337326778582137e-06,0.8892814791360559,100000000.0,0.0,0.07545628649748246,0.017987323527026637,1.620752143605131e-16,0.0005354835990425007,6.94788809229318e-11,5.533952036202216e-06,3.174640924033718e-09,1.6669472909295046e-11,6.632548634373629e-10,3.174640924033718e-09,1.8513657061079133e-14,0.0,0.0,True,0.0,0.0735805581242732,1
211,63300.0,17.583333333333332,0.0,0.0,0.0,0.5,0.5963318441280755,3.152858155131938e-06,0.8895871363164094,100000000.0,0.0,0.07567244811645214,0.017981227918516095,1.6216195053431193e-16,0.00043219813783343245,8.085950189231008e-11,5.326457283937838e-06,3.1413465791534817e-09,1.6847989314320562e-11,6.682294091365248e-10,3.1413465791534817e-09,1.866456151633762e-14,0.0,0.0,True,0.0,0.07335681677683062,1
212,63600.0,17.666666666666668,0.0,0.0,0.0,0.49999999999999994,0.5965603617632815,2.9785859204786853e-06,0.8898927089629353,99999999.99999999,1.4901161193847657e-16,0.07589035429596006,0.017974722820705325,1.6269971481186475e-16,0.0003761922086182129,9.312658606911802e-11,9.75768647017211e-06,3.109697507831534e-09,1.729315847887493e-11,6.707224650882901e-10,3.109697507831534e-09,1.7688013492379313e-14,0.0,0.0,True,0.0,0.07304780573385439,1
213,63900.0,17.75,0.0,0.0,0.0,0.5,0.596785356875376,2.813946482510401e-06,0.8901980894203324,100000000.0,0.0,0.0761115620917907,0.017967825278596753,1.6317676376775836e-16,0.00038784997431192645,9.734650053533898e-11,6.680973785063829e-06,3.079578104782164e-09,1.5648371794588416e-11,6.707771892621042e-10,3.079578104782164e-09,1.8310083581174097e-14,0.0,0.0,True,0.0,0.07268555198179118,1
214,64200.0,17.833333333333332,0.0,0.0,0.0,0.5,0.5970068087279182,2.6584073949134054e-06,0.8905032354934691,100000000.0,0.0,0.07633871808336724,0.017960566154578618,1.637578961322106e-16,0.00037251490929202303,7.0733580821413524e-09,9.96520274849863e-06,3.0520700857098645e-09,1.611230359995166e-11,6.690438317952975e-10,3.0520700857098645e-09,1.84568244703821e-14,0.0,0.0,True,0.0,0.07359018179745146,1
215,64500.0,17.916666666666668,0.0,0.0,0.0,0.5,0.5972246958942871,2.5114656383371666e-06,0.8908082543095409,100000000.0,0.0,0.07657356550452447,0.017952952225930626,1.6417422976644502e-16,0.0002848270803850502,8.826121655300683e-11,9.538668427677853e-06,3.024642289112757e-09,1.5173074950233624e-11,6.669042085438352e-10,3.024642289112757e-09,1.796216765931356e-14,0.0,0.0,True,0.0,0.07434028224673123,1
216,64800.0,18.0,0.0,0.0,0.0,0.5,0.5974389985274078,2.3726459975140934e-06,0.8911133250461376,100000000.0,0.0,0.07681575946409136,0.017944940798282977,1.6449515360950074e-16,0.00020945126340226835,7.09447084337782e-09,5.007603766033473e-06,2.9936319274563483e-09,1.364246704094796e-11,6.647684210528094e-10,2.9936319274563483e-09,1.7531295368116917e-14,0.0,0.0,True,0.0,0.07480288337435168,1
217,65100.0,18.083333333333332,0.0,0.0,0.0,0.5,0.597649694980406,2.2414995262165637e-06,0.8914185878114189,100000000.0,0.0,0.07704923155513817,0.017936446579412832,1.6493750809587482e-16,0.00030319109694693243,8.185331095453177e-09,4.061415009502833e-06,2.956281985051977e-09,1.3456836773539918e-11,6.621290648912837e-10,2.956281985051977e-09,1.7402397818539643e-14,0.0,0.0,True,0.0,0.07494490470758498,1
218,65400.0,18.166666666666668,0.0,0.0,0.0,0.5,0.5978567634088231,2.117602094331321e-06,0.8917239946871656,100000000.0,0.0,0.0772063565595994,0.0179273810856351,1.655359876950868e-16,0.00032096553999144055,7.759623187401899e-09,5.968530326479067e-06,2.912061135270723e-09,1.2828828975775472e-11,6.582480450355487e-10,2.912061135270723e-09,1.816479659925194e-14,0.0,0.0,True,0.0,0.07471954732076323,1
219,65700.0,18.25,0.0,0.0,0.0,0.5,0.5980601794076883,2.0005530144785007e-06,0.8920291608196305,100000000.0,0.0,0.07714048872485584,0.017917699678528517,1.6593497409456148e-16,0.00022913851208705742,6.807608687687046e-09,3.5973087282028218e-06,2.8633562972124493e-09,1.2819854980593494e-11,6.536992678781853e-10,2.8633562972124493e-09,1.7442751072547337e-14,0.0,0.0,True,0.0,0.07400710334861423,1
220,66000.0,18.333333333333332,0.0,0.0,0.0,0.5,0.5982599218438521,1.8899737462208596e-06,0.8923338106396157,100000000.0,0.0,0.07656114165809827,0.017907389243592756,1.6653345369377348e-16,0.00042830403151528567,1.0436348025977868e-10,5.507358905008839e-06,2.8125015523523226e-09,1.2683432456508786e-11,6.508105364480229e-10,2.8125015523523226e-09,1.7189653374815637e-14,0.0,0.0,True,0.0,0.0733828357652091,1
221,66300.0,18.416666666666668,0.0,0.0,0.0,0.5,0.5984559683520697,1.7855066736279198e-06,0.8926430739139689,100000000.0,0.0,0.07492932796366905,0.017896426098643024,1.669497873280079e-16,0.0006413096191926066,1.354467355703155e-10,9.485421675742685e-06,2.759782078302771e-09,1.2950962102827185e-11,6.505684417639109e-10,2.759782078302771e-09,1.8077421922393698e-14,0.0,0.0,True,0.0,0.07302985981076601,1
222,66600.0,18.5,0.0,0.0,0.0,0.5,0.5986482998376972,1.6868139500008452e-06,0.8929579994467002,100000000.0,0.0,0.07504099021664291,0.01788471363534361,1.6756561416197968e-16,0.000604897809257284,1.513059365373954e-10,8.43274977532116e-06,2.7015923032184236e-09,1.2936184954016638e-11,6.53924679788959e-10,2.7015923032184236e-09,1.7466410988386374e-14,0.0,0.0,True,0.0,0.07334108513456643,1
223,66900.0,18.583333333333332,0.0,0.0,0.0,0.5,0.5988368958189745,1.5935764052879088e-06,0.8932727043388458,100000000.0,0.0,0.0751422694318544,0.017872092793396868,1.6796460056145435e-16,0.0003786101165081405,1.1404366112878323e-10,4.7322829340357055e-06,2.634240158091417e-09,1.2657410181375171e-11,6.582415617782432e-10,2.634240158091417e-09,1.7355231710564484e-14,0.0,0.0,True,0.0,0.07345539775169321,1
224,67200.0,18.666666666666668,0.0,0.0,0.0,0.5,0.5990217317696712,1.5054925103283758e-06,0.8935872510179347,100000000.0,0.0,0.07527493783349584,0.017858543088800544,1.682508299349905e-16,0.000655421224704567,1.9158308532219863e-10,8.645117368750138e-06,2.572538005525407e-09,1.238155547607781e-11,6.547649456517036e-10,2.572538005525407e-09,1.9016809673069675e-14,0.0,0.0,True,0.0,0.07352355765899452,1
225,67500.0,18.75,0.0,0.0,0.0,0.5,0.5992027860261081,1.4222773973684633e-06,0.8939011413812994,100000000.0,0.0,0.07549674666061626,0.017844284111581316,1.6878859421254333e-16,0.00046896884674350387,1.51193722139918e-10,7.805593549123057e-06,2.5369894438845216e-09,1.2732453647241308e-11,6.459128882957762e-10,2.5369894438845216e-09,1.7792960793607878e-14,0.0,0.0,True,0.0,0.07359788164313698,1
226,67800.0,18.833333333333332,0.0,0.0,0.0,0.5,0.5993800373902723,1.3436619412654079e-06,0.8942143658773596,100000000.0,0.0,0.07571561534649265,0.017874608282394924,1.6943911551603463e-16,0.0004753235661045245,1.3662011095426475e-10,9.310188540958698e-06,2.504728172350268e-09,1.4418951387733216e-11,6.46232090116985e-10,2.504728172350268e-09,1.793835762573881e-14,0.0,0.0,True,0.0,0.07352692229242619,1
227,68100.0,18.916666666666668,0.0,0.0,0.0,0.5,0.5995534681227204,1.2693918955605198e-06,0.894526910271311,100000000.0,0.0,0.07593370036353747,0.017907429012519963,1.6998555341096732e-16,0.000495597320153778,9.155767818802731e-11,6.149791657879294e-06,2.462442611902171e-09,1.4988527404425563e-11,6.511590032721781e-10,2.462442611902171e-09,1.8011570777208002e-14,0.0,0.0,True,0.0,0.07334014196201213,1
228,68400.0,19.0,0.0,0.0,0.0,0.5,0.5997230598999713,1.1992270722756013e-06,0.8948386914368995,100000000.0,0.0,0.07615635733825135,0.017939805313284925,1.7045392874948107e-16,0.00024421059637044274,4.279701811380273e-11,7.832993174336574e-06,2.4198454051211813e-09,1.6733185841251446e-11,6.561464435752516e-10,2.4198454051211813e-09,1.7615975015462217e-14,0.0,0.0,True,0.0,0.07307545405357564,1
229,68700.0,19.083333333333332,0.0,0.0,0.0,0.5,0.5998887901537384,1.1329405618479724e-06,0.8951496242456436,100000000.0,0.0,0.07638517695594753,0.01798493660499529,1.7094832494013446e-16,0.0001695536698153354,6.965788022215526e-09,8.150827714512055e-06,2.382097049431686e-09,1.6384188021251036e-11,6.615118894998036e-10,2.382097049431686e-09,1.710518235100599e-14,0.0,0.0,True,0.0,0.07297432790586982,1
230,69000.0,19.166666666666668,0.0,0.0,0.0,0.5,0.6000506389220066,1.0703179961402468e-06,0.8954596715427116,100000000.0,0.0,0.07662151310858967,0.018039623027097548,1.7152945730458668e-16,0.0001373515393166267,4.244514983716233e-09,5.033526529636286e-06,2.346537808774617e-09,1.7079801862806848e-11,6.678204441662764e-10,2.346537808774617e-09,1.7622368265643654e-14,0.0,0.0,True,0.0,0.07392424648592995,1
231,69300.0,19.25,0.0,0.0,0.0,0.5,0.6002085855503518,1.0111568545715746e-06,0.8957688847737709,100000000.0,0.0,0.07686674344867377,0.01809427546735965,1.7192844370406135e-16,0.00016277710661992016,9.789924251341689e-09,3.639443913719997e-06,2.30879416122369e-09,1.6183007140410358e-11,6.747306405039004e-10,2.30879416122369e-09,1.678424770568678e-14,0.0,0.0,True,0.0,0.07465138376426811,1
232,69600.0,19.333333333333332,0.0,0.0,0.0,0.5,0.6003626090743447,9.55265809958116e-07,0.8960774390481073,100000000.0,0.0,0.07712355717417468,0.01814896854087258,1.7234477733829577e-16,0.0002414709760889477,8.770681719621547e-11,6.737111222265521e-06,2.265216191849035e-09,1.5491935282397615e-11,6.812017216008234e-10,2.265216191849035e-09,1.8022348030196562e-14,0.0,0.0,True,0.0,0.07511673530792026,1
233,69900.0,19.416666666666668,0.0,0.0,0.0,0.5,0.6005126886324432,9.02464110309042e-07,0.8963855674114117,100000000.0,0.0,0.07738053181930629,0.018203771410133403,1.729866250244072e-16,9.65527976511261e-05,1.245100674408293e-10,3.2061238453025188e-06,2.2142193679178116e-09,1.4889786842434866e-11,6.856165683795816e-10,2.2142193679178116e-09,1.859617310377602e-14,0.0,0.0,True,0.0,0.07528900101395772,1
234,70200.0,19.5,0.0,0.0,0.0,0.5,0.6006588002322857,8.525809940976798e-07,0.8966934072107141,100000000.0,0.0,0.07757429113863978,0.018258400620501693,1.733162224848428e-16,0.0002482242076147006,8.603809622741638e-11,5.1029670379823505e-06,2.158298068706197e-09,1.3741836444367785e-11,6.861685952681506e-10,2.158298068706197e-09,1.8423226241992024e-14,0.0,0.0,True,0.0,0.07510821232368427,1
235,70500.0,19.583333333333332,0.0,0.0,0.0,0.5,0.6008009211869267,8.054551376208077e-07,0.897000738332752,100000000.0,0.0,0.07757247838405931,0.018312084687050943,1.7364581994527838e-16,0.00022637661930513555,1.4930511783577462e-10,6.916317303213823e-06,2.100367923754894e-09,1.2924105117169619e-11,6.82412047433374e-10,2.100367923754894e-09,1.707402533238458e-14,0.0,0.0,True,0.0,0.07447100569801526,1
236,70800.0,19.666666666666668,0.0,0.0,0.0,0.49999999999999994,0.6009390261599422,7.609341333921508e-07,0.8973072195530297,99999999.99999999,1.4901161193847657e-16,0.07711703536954606,0.018363687049825505,1.7401011187523352e-16,0.0001957448355203184,2.048284075990926e-10,6.9337553893885165e-06,2.0427298410928153e-09,1.3141862102722712e-11,6.771191466022283e-10,2.0427298410928153e-09,1.7104604172206293e-14,0.0,0.0,True,0.0,0.0733373110275422,1
237,71100.0,19.75,0.0,0.0,0.0,0.5,0.6010730934980412,7.188739981826713e-07,0.8976128147269997,100000000.0,0.0,0.07576303033458712,0.018411830448384923,1.7432236210090934e-16,8.91494199681479e-05,5.225212083679347e-09,5.942100090041964e-06,1.984967026975867e-09,1.372836007232276e-11,6.747329996893396e-10,1.984967026975867e-09,1.7217411626015305e-14,0.0,0.0,True,0.0,0.07283817920078287,1
238,71400.0,19.833333333333332,0.0,0.0,0.0,0.5,0.6012031034405702,6.791387088268965e-07,0.8979177314159548,100000000.0,0.0,0.07528972460629138,0.018454381405884644,1.74721348500384e-16,0.00014739540265110816,6.407816807722919e-09,2.650060271031465e-06,1.9216064036469815e-09,1.2518409285311895e-11,6.788961909294186e-10,1.9216064036469815e-09,1.6242569905459915e-14,0.0,0.0,True,0.0,0.07294587784866144,1
239,71700.0,19.916666666666668,0.0,0.0,0.0,0.5,0.6013290360180568,6.415997627870611e-07,0.8982222821609822,100000000.0,0.0,0.07539531431217601,0.018489139866308173,1.7520707107365752e-16,0.00025318064463154,2.0624876704615697e-10,8.885117442356549e-06,1.8469128397569214e-09,1.2341465621235856e-11,6.857191534738552e-10,1.8469128397569214e-09,1.8591733289349276e-14,0.0,0.0,True,0.0,0.07314920585144068,1
240,72000.0,20.0,0.0,0.0,0.0,0.5,0.6014508694885486,6.061357605719752e-07,0.8985264371112915,100000000.0,0.0,0.07551318968875857,0.01851702530326848,1.7567544641217125e-16,0.00033792548598180963,9.526273112814032e-11,9.48566874242225e-06,1.77323080103767e-09,1.0841784425515991e-11,6.816453858687323e-10,1.77323080103767e-09,1.6844048497111135e-14,0.0,0.0,True,0.0,0.07323188836816157,1
241,72300.0,20.083333333333332,0.0,0.0,0.0,0.5,0.6015685800633999,5.726320098517026e-07,0.8988294737301012,100000000.0,0.0,0.07573292417030705,0.018542755387863537,1.760397383421264e-16,0.0003848030297214064,2.6198124357861303e-10,9.707998117258327e-06,1.7304107453105012e-09,1.2044161259623646e-11,6.641088886254739e-10,1.7304107453105012e-09,1.709963255306701e-14,0.0,0.0,True,0.0,0.07331039847731687,1
242,72600.0,20.166666666666668,0.0,0.0,0.0,0.5,0.6016821531316613,5.409801550914289e-07,0.8991313133845589,100000000.0,0.0,0.07595907582881202,0.018567774841452413,1.7649076644588034e-16,0.00031678666292606365,3.364832335730248e-10,7.154905658015865e-06,1.7036707612947046e-09,1.3547398775661057e-11,6.586509885001806e-10,1.7036707612947046e-09,1.7490843068227882e-14,0.0,0.0,True,0.0,0.07326289432649168,1
243,72900.0,20.25,0.0,0.0,0.0,0.5,0.6017915754805349,5.110778311041143e-07,0.89943776538545,100000000.0,0.0,0.07618969765618078,0.018592114333382256,1.7676832220203665e-16,0.000547230723969934,2.740041820509707e-10,9.212682533354019e-06,1.674341957945791e-09,1.529912060826878e-11,6.640238751864003e-10,1.674341957945791e-09,1.7306780215599775e-14,0.0,0.0,True,0.0,0.07311299613282339,1
244,73200.0,20.333333333333332,0.0,0.0,0.0,0.5,0.6018968379804442,4.828283340891503e-07,0.8997458105685078,100000000.0,0.0,0.07642825328828758,0.018615842885322826,1.77115266897232e-16,0.00024092849282885865,8.742179771403337e-11,3.710876466385611e-06,1.6447032116602563e-09,1.6182106472512508e-11,6.728013462438258e-10,1.6447032116602563e-09,1.699689955397355e-14,0.0,0.0,True,0.0,0.0728943851170077,1
245,73500.0,20.416666666666668,0.0,0.0,0.0,0.5,0.6019979284596589,4.5614030765786604e-07,0.9000521734412107,100000000.0,0.0,0.07667909610507523,0.01863895066934673,1.7763568394002506e-16,0.00022188161953101432,1.9751312412907576e-10,5.505753242487758e-06,1.615571725158485e-09,1.6031189785617084e-11,6.830602817310668e-10,1.615571725158485e-09,1.6780561235379287e-14,0.0,0.0,True,0.0,0.07315397802066528,1
246,73800.0,20.5,0.0,0.0,0.0,0.5,0.6020948354185996,4.309274452392967e-07,0.900356972037757,100000000.0,0.0,0.0769459752326461,0.018661403010650637,1.7812140651329856e-16,0.00033257244274292815,2.646287498962006e-10,7.799274389197643e-06,1.5846399500275695e-09,1.5520315756394537e-11,6.927167724697081e-10,1.5846399500275695e-09,1.6699236480397314e-14,0.0,0.0,True,0.0,0.07405157778755875,1
247,74100.0,20.583333333333332,0.0,0.0,0.0,0.5,0.6021875468342031,4.071082098589143e-07,0.9006605450050188,100000000.0,0.0,0.07722717029651109,0.018683144079144842,1.7871121249513066e-16,0.00018499429510313535,9.435107919636586e-11,3.291950716229425e-06,1.547625275042976e-09,1.4465705153859282e-11,6.998603829177995e-10,1.547625275042976e-09,1.6671769120501902e-14,0.0,0.0,True,0.0,0.07472766885231473,1
248,74400.0,20.666666666666668,0.0,0.0,0.0,0.5,0.6022760511819009,3.8460557039378485e-07,0.9009632570454519,100000000.0,0.0,0.07748813150382379,0.018704054645726543,1.7921428230316394e-16,0.00021274828729379974,7.885615212249347e-11,8.280601272678126e-06,1.5020387747950728e-09,1.3420295385000401e-11,7.020277603044698e-10,1.5020387747950728e-09,1.6624168457696738e-14,0.0,0.0,True,0.0,0.07510125434520162,1
249,74700.0,20.75,0.0,0.0,0.0,0.5,0.6023603363400876,3.6334675267303825e-07,0.9012653999229888,100000000.0,0.0,0.07765077898646663,0.018723939177735367,1.7970000487643745e-16,0.00023832489747782612,1.406492090481134e-10,6.122991343185875e-06,1.4491500776146e-09,1.1712800606770672e-11,6.965773671157088e-10,1.4491500776146e-09,1.6602491804252023e-14,0.0,0.0,True,0.0,0.0750703863608077,1
250,75000.0,20.833333333333332,0.0,0.0,0.0,0.5,0.6024403867079453,3.432630042368395e-07,0.901566888122331,100000000.0,0.0,0.07758549093514154,0.018742540630556904,1.7983010913713572e-16,0.00027650059431572966,3.683487597416202e-10,9.95072595226494e-06,1.394777483149684e-09,1.1695275897349674e-11,6.833849083396924e-10,1.394777483149684e-09,1.7066319749787495e-14,0.0,0.0,True,0.0,0.07453547565483883,1
251,75300.0,20.916666666666668,0.0,0.0,0.0,0.5,0.6025161897322124,3.2428937225414747e-07,0.901867485213727,100000000.0,0.0,0.07707131774896588,0.01876818262939076,1.8017705383233106e-16,0.00011410154019632986,8.716612905314177e-11,7.13240226397482e-06,1.3467113802492925e-09,1.1053966682841055e-11,6.677387869520978e-10,1.3467113802492925e-09,1.6056039015067625e-14,0.0,0.0,True,0.0,0.0740540998625022,1
252,75600.0,21.0,0.0,0.0,0.0,0.5,0.6025877350740654,3.063644943342965e-07,0.9021670097055766,100000000.0,0.0,0.07583282815393061,0.01880888412776394,1.8062808193608504e-16,0.0001669513619825364,1.4768925767575583e-10,5.7504705832178805e-06,1.3061624145053558e-09,1.2138765805331179e-11,6.591249253129444e-10,1.3061624145053558e-09,1.622572264529988e-14,0.0,0.0,True,0.0,0.07370192880320156,1
253,75900.0,21.083333333333332,0.0,0.0,0.0,0.5,0.6026550199634689,2.894304010222813e-07,0.902465688967355,100000000.0,0.0,0.07532319603477897,0.0188441297787987,1.8089696407486145e-16,0.0002912856141468531,1.4222462426845227e-10,8.774089361533612e-06,1.2657194285873095e-09,1.2192359177945706e-11,6.6062685420332e-10,1.2657194285873095e-09,1.6441726251647606e-14,0.0,0.0,True,0.0,0.07315503918872976,1
254,76200.0,21.166666666666668,0.0,0.0,0.0,0.5,0.6027180396449336,2.734323285291239e-07,0.9027640942634874,100000000.0,0.0,0.07544227004642536,0.018871355656722492,1.8136533941337518e-16,0.00013860973713557772,8.178812630144961e-11,4.800441968434811e-06,1.2201652748891312e-09,1.0686018122402548e-11,6.659582191922393e-10,1.2201652748891312e-09,1.6242624694321163e-14,0.0,0.0,True,0.0,0.07317942724278788,1
255,76500.0,21.25,0.0,0.0,0.0,0.5,0.6027767880091661,2.5831854023216336e-07,0.9030619573766562,100000000.0,0.0,0.07556698726920703,0.018891109884417504,1.8189443007354811e-16,0.0001063384999874791,9.670655750794343e-09,9.793641531382292e-06,1.1779175080821398e-09,1.0206008492176606e-11,6.596610794114571e-10,1.1779175080821398e-09,1.595067084035625e-14,0.0,0.0,True,0.0,0.07345535005339719,1
256,76800.0,21.333333333333332,0.0,0.0,0.0,0.5,0.6028312582239475,2.440401575799764e-07,0.9033579500622548,100000000.0,0.0,0.07578613939207189,0.018908641552190585,1.824929096727601e-16,0.00032189096167360156,3.6226958951279963e-10,9.288708829190733e-06,1.1552115723292645e-09,1.0658685695080596e-11,6.356153085392374e-10,1.1552115723292645e-09,1.6920881368273334e-14,0.0,0.0,True,0.0,0.0736078448538498,1
257,77100.0,21.416666666666668,0.0,0.0,0.0,0.5,0.6028814557274094,2.3055100243697524e-07,0.9036519850526654,100000000.0,0.0,0.07602793388073477,0.018925475282014933,1.8296995862865372e-16,0.00028572478395935447,7.608493492708738e-10,8.271532764644153e-06,1.1411549818695506e-09,1.1438777710177298e-11,6.246296000837634e-10,1.1411549818695506e-09,1.6350793211636358e-14,0.0,0.0,True,0.0,0.07362910239313034,1
258,77400.0,21.5,0.0,0.0,0.0,0.5,0.6029273900101668,2.1780744969393082e-07,0.9039440900462533,100000000.0,0.0,0.07628986523299035,0.01894168082876725,1.8344700758454735e-16,0.00024406725134282507,1.6783971187627684e-10,4.414366314770748e-06,1.124200237155234e-09,1.2070931998139223e-11,6.226800455386078e-10,1.124200237155234e-09,1.56297315715874e-14,0.0,0.0,True,0.0,0.07353233839559417,1
259,77700.0,21.583333333333332,0.0,0.0,0.0,0.5,0.602969071379561,2.057682870083715e-07,0.9042343292499215,100000000.0,0.0,0.07658035260250888,0.018957293109095802,1.8391538292306108e-16,0.00045108392544882854,3.5390876660806605e-10,8.867111731656504e-06,1.1024663337328285e-09,1.3041520403825873e-11,6.227246828336545e-10,1.1024663337328285e-09,1.6574300628402742e-14,0.0,0.0,True,0.0,0.07334510726392854,1
260,78000.0,21.666666666666668,0.0,0.0,0.0,0.5,0.6030065142740968,1.9439458081382584e-07,0.904522908537958,100000000.0,0.0,0.07689371568700812,0.018972333566328815,1.8427967485301622e-16,0.0004239116105391044,3.384968376641575e-10,8.228315446739159e-06,1.0753863338057731e-09,1.2392860455482066e-11,6.225436615165406e-10,1.0753863338057731e-09,1.5647671703839545e-14,0.0,0.0,True,0.0,0.07309105328803381,1
261,78300.0,21.75,0.0,0.0,0.0,0.5,0.6030397397240473,1.8364954941489094e-07,0.904810074492223,100000000.0,0.0,0.07717297219461074,0.01898670201864276,1.8458325146131216e-16,0.0005608235248730022,3.9502738466182185e-10,7.301355346037336e-06,1.0421119101419852e-09,1.2228104909908689e-11,6.201764046318807e-10,1.0421119101419852e-09,1.765493672222216e-14,0.0,0.0,True,0.0,0.0735873726183806,1
262,78600.0,21.833333333333332,0.0,0.0,0.0,0.5,0.6030687668219022,1.7349844357970864e-07,0.9050960918293828,100000000.0,0.0,0.07733097967030063,0.01900016840879232,1.8496489062602706e-16,0.0006385104768750275,5.962261659071241e-10,8.06313841000387e-06,1.0042097525709982e-09,1.1202222502326858e-11,6.133920701163565e-10,1.0042097525709982e-09,1.6747999194543492e-14,0.0,0.0,True,0.0,0.07430170358551486,1
263,78900.0,21.916666666666668,0.0,0.0,0.0,0.5,0.603093623197394,1.6390843417533534e-07,0.9053810670499565,100000000.0,0.0,0.07727015115551275,0.019012548033368024,1.854939812862e-16,0.0004450377481343126,4.260880999831939e-10,5.878375715939564e-06,9.669599741200264e-10,1.089296025098487e-11,6.02925241818174e-10,9.669599741200264e-10,1.5035267920050507e-14,0.0,0.0,True,0.0,0.0747781818815292,1
264,79200.0,22.0,0.0,0.0,0.0,0.5,0.6031143411230305,1.5484850633195954e-07,0.9056649016292218,100000000.0,0.0,0.07699087267863033,0.01902379769341917,1.8583225236401546e-16,0.00030182737584296234,2.765949676158072e-10,7.283491480077658e-06,9.360753714122126e-10,1.0914819537945025e-11,5.931222584411572e-10,9.360753714122126e-10,1.5799033883293813e-14,0.0,0.0,True,0.0,0.07499703278561169,1
265,79500.0,22.083333333333332,0.0,0.0,0.0,0.5,0.6031309594511159,1.4628935960899948e-07,0.9059474299241782,100000000.0,0.0,0.0764334488906558,0.01903365830588993,1.8611848173755164e-16,0.0002971613862601884,2.8769500036743886e-10,8.992303218395789e-06,9.116590945446291e-10,1.1766196327575079e-11,5.880132135471291e-10,9.116590945446291e-10,1.625871884217128e-14,0.0,0.0,True,0.0,0.07497783515763837,1
266,79800.0,22.166666666666668,0.0,0.0,0.0,0.5000000000000001,0.6031435317290372,1.382033135225858e-07,0.9062286495551031,100000000.00000001,1.4901161193847657e-16,0.07518735320018509,0.019041612425684928,1.8643073196322746e-16,0.00028908587737255695,1.3809113802964792e-10,4.880543461282518e-06,8.913729366535098e-10,1.2094048448194339e-11,5.876423011022996e-10,8.913729366535098e-10,1.6402975072786245e-14,0.0,0.0,True,0.0,0.07475454146921372,1
267,80100.0,22.25,0.0,0.0,0.0,0.5000000000000001,0.60315211085916,1.3056421809814192e-07,0.9065088720486523,100000000.00000001,1.4901161193847657e-16,0.0752587240176557,0.0190467237052826,1.866215515455849e-16,0.00038469861953171873,2.80342135678751e-10,9.465616228020216e-06,8.748632212051683e-10,1.1269746892242826e-11,5.915401824176902e-10,8.748632212051683e-10,1.5141477854543532e-14,0.0,0.0,True,0.0,0.07432104201104056,1
268,80400.0,22.333333333333332,0.0,0.0,0.0,0.5,0.603156758288129,1.2567340775240021e-07,0.9067887074621643,100000000.0,0.0,0.07541176014663054,0.019047847506748466,1.8715931582313772e-16,0.00027170449809197326,3.4676614280196193e-10,7.270912185267245e-06,8.651445484249764e-10,9.580366878190547e-12,5.970396766393696e-10,8.651445484249764e-10,1.5691497554232833e-14,0.0,0.0,True,0.0,0.07365713782419614,1
269,80700.0,22.416666666666668,0.0,0.0,0.0,0.5,0.6031575421445885,1.209613591562446e-07,0.9070680473031858,100000000.0,0.0,0.07557186116321789,0.019045154402105826,1.8749758690095318e-16,0.00012008754605245354,1.3806266904560422e-10,3.886465208518041e-06,8.591741511703719e-10,9.721305723941795e-12,5.923888135506512e-10,8.591741511703719e-10,1.56133053010845e-14,0.0,0.0,True,0.0,0.07285094808589868,1
270,81000.0,22.5,0.0,0.0,0.0,0.5,0.6031545359767083,1.1642172646649573e-07,0.9073454316423176,100000000.0,0.0,0.07584061387798861,0.019040957756807128,1.8795728862208704e-16,0.0003274685993944929,4.458427343098421e-10,9.55744238770956e-06,8.49958295726407e-10,1.0053185653586085e-11,5.683128526623276e-10,8.49958295726407e-10,1.618232537191093e-14,0.0,0.0,True,0.0,0.07319291672241131,1
271,81300.0,22.583333333333332,0.0,0.0,0.0,0.5,0.6031478323164388,1.120483651925413e-07,0.9076207944982928,100000000.0,0.0,0.07616408465706324,0.019041473912547797,1.884169903432209e-16,0.00014640899001195574,1.6961281318762815e-10,7.478815088064688e-06,8.465991603377804e-10,1.134742808004818e-11,5.610832293758194e-10,8.465991603377804e-10,1.5612337419859833e-14,0.0,0.0,True,0.0,0.07342395649249477,1
272,81600.0,22.666666666666668,0.0,0.0,0.0,0.5,0.6031375383901615,1.0783534326289837e-07,0.9078944259552892,100000000.0,0.0,0.07645429200506486,0.01913927963832165,1.887986295079358e-16,0.000365359019475866,5.087397113617712e-10,8.774928017310803e-06,8.504113995994552e-10,1.1462128090091367e-11,5.634524425828277e-10,8.504113995994552e-10,1.5764362340112647e-14,0.0,0.0,True,0.0,0.07351795257581756,1
273,81900.0,22.75,0.0,0.0,0.0,0.5,0.6031237680745168,1.0377693500874487e-07,0.9081664574232062,100000000.0,0.0,0.07660225106281118,0.01923690892224181,1.8908485888147197e-16,0.00025786041147361804,4.88200231792659e-10,9.037602797991109e-06,8.526999933919017e-10,1.1773709265693239e-11,5.636795651557165e-10,8.526999933919017e-10,1.4740809337421622e-14,0.0,0.0,True,0.0,0.07348080996820877,1
274,82200.0,22.833333333333332,0.0,0.0,0.0,0.5,0.6031066491414183,9.986761377921605e-08,0.9084389127754943,100000000.0,0.0,0.0765426210443946,0.01933434012540662,1.8941445634190756e-16,0.00014446388367267716,3.0955664701908404e-10,8.096911772518375e-06,8.569577515042996e-10,1.2170055572675344e-11,5.614912792582907e-10,8.569577515042996e-10,1.5056968962544065e-14,0.0,0.0,True,0.0,0.07332640646067547,1
275,82500.0,22.916666666666668,0.0,0.0,0.0,0.5,0.603086325184083,9.61020449457928e-08,0.9087124165308729,100000000.0,0.0,0.07635317367267751,0.01943150848017682,1.897267065675834e-16,0.00020247191441837375,2.7897096148995753e-10,7.789433643853198e-06,8.649767170287368e-10,1.2897178417276498e-11,5.61238668214884e-10,8.649767170287368e-10,1.5185551856638265e-14,0.0,0.0,True,0.0,0.07307176057474891,1
276,82800.0,23.0,0.0,0.0,0.0,0.5,0.6030629597015095,9.247507948326388e-08,0.9089837487891562,100000000.0,0.0,0.07607730866214175,0.019528397289941588,1.9009099849753852e-16,0.00018915556214753294,2.8631521969214556e-10,6.519374680824741e-06,8.771923503266938e-10,1.3001601203377169e-11,5.660857236183633e-10,8.771923503266938e-10,1.4738984566779794e-14,0.0,0.0,True,0.0,0.07273814197756237,1
277,83100.0,23.083333333333332,0.0,0.0,0.0,0.5,0.6030367298261692,8.898174781987708e-08,0.9092530671489355,100000000.0,0.0,0.07617666658200352,0.019625033722090974,1.9045529042749366e-16,0.00013416453648902683,6.107070730325863e-09,5.353780591089673e-06,8.91831286545927e-10,1.3204597161514375e-11,5.737672697427892e-10,8.91831286545927e-10,1.504266643367764e-14,0.0,0.0,True,0.0,0.07350603524684682,1
278,83400.0,23.166666666666668,0.0,0.0,0.0,0.5,0.6030078296446187,8.561725374799522e-08,0.9095206233532486,100000000.0,0.0,0.07632807211926444,0.01972145490597391,1.9071549894889017e-16,0.00025140003998791775,7.718435243884751e-10,9.325601556634481e-06,9.110626636550065e-10,1.2557072364006859e-11,5.821876872243157e-10,9.110626636550065e-10,1.566601768393596e-14,0.0,0.0,True,0.0,0.07413461742372614,1
279,83700.0,23.25,0.0,0.0,0.0,0.5,0.6029764814896401,8.237696844095247e-08,0.9097869335239396,100000000.0,0.0,0.07647906933969556,0.019817690718829863,1.9111448534836484e-16,0.00030238845413521273,7.807390478828162e-10,7.682991392339266e-06,9.382849770290562e-10,1.1643491546379452e-11,5.894273998756393e-10,9.382849770290562e-10,1.5396722062577457e-14,0.0,0.0,True,0.0,0.07452301891106392,1
280,84000.0,23.333333333333332,0.0,0.0,0.0,0.5,0.6029429214683582,7.925642470514177e-08,0.9100526128859538,100000000.0,0.0,0.07662922871676821,0.01991377892585854,1.914527564261803e-16,0.00032792897328636693,7.625570144300088e-10,8.318912407624882e-06,9.799196391751633e-10,1.0272573895712682e-11,5.952392668563562e-10,9.799196391751633e-10,1.4491650221499028e-14,0.0,0.0,True,0.0,0.07464110854036352,1
281,84300.0,23.416666666666668,0.0,0.0,0.0,0.5,0.602907412953597,7.625131146955998e-08,0.9103185485920575,100000000.0,0.0,0.07677826253535652,0.020009767154182515,1.9186041644303485e-16,0.00013292986389503022,4.44589879938737e-10,4.425941417956306e-06,1.036593372279151e-09,8.589054625167135e-12,5.978978071638655e-10,1.036593372279151e-09,1.4554490967857513e-14,0.0,0.0,True,0.0,0.07446336808911197,1
282,84600.0,23.5,0.0,0.0,0.0,0.5,0.6028702479124611,7.335746837262037e-08,0.9105844630128179,100000000.0,0.0,0.07692568356275334,0.02010562271258005,1.9206858326015208e-16,0.00016394376699207716,7.732605558912443e-10,9.833762243918809e-06,1.0906870636839405e-09,7.78348920092744e-12,5.847132430674533e-10,1.0906870636839405e-09,1.4793736222923325e-14,0.0,0.0,True,0.0,0.07410027352244636,1
283,84900.0,23.583333333333332,0.0,0.0,0.0,0.5,0.6028317569183342,7.057088052290642e-08,0.9108482733454618,100000000.0,0.0,0.07707070682756696,0.02020111214276652,1.9239818072058767e-16,0.0001979594338625468,7.559773821971418e-10,5.9300779007577e-06,1.1229798503497187e-09,9.147495097729739e-12,5.510554212183088e-10,1.1229798503497187e-09,1.4745201851865976e-14,0.0,0.0,True,0.0,0.07368055108359586,1
284,85200.0,23.666666666666668,0.0,0.0,0.0,0.5,0.6027923363067338,6.788767382335737e-08,0.9111096133378348,100000000.0,0.0,0.07721282926314522,0.020307943760763683,1.9268441009412385e-16,0.00020196550272377073,8.792858474010884e-10,9.587713059582903e-06,1.1473471986724031e-09,1.0222422277004585e-11,5.362275100369722e-10,1.1473471986724031e-09,1.4914633333321262e-14,0.0,0.0,True,0.0,0.07300283866379506,1
285,85500.0,23.75,0.0,0.0,0.0,0.5,0.6027524470896842,6.530411071330053e-08,0.9113684723151483,100000000.0,0.0,0.0773506643397888,0.020466517981287576,1.9300533393717957e-16,0.0001411819615599546,4.058998262473868e-10,4.49469743704764e-06,1.179571352466652e-09,1.2670405187979873e-11,5.397690109572167e-10,1.179571352466652e-09,1.5947881239480116e-14,0.0,0.0,True,0.0,0.07301154629543989,1
286,85800.0,23.833333333333332,0.0,0.0,0.0,0.5,0.6027126212760476,6.281658568086151e-08,0.9116249541415138,100000000.0,0.0,0.07748222447487016,0.020625161581536253,1.9344768842355364e-16,0.00012014299744131646,1.6901841907762043e-10,9.55400830561063e-06,1.2179182356409353e-09,1.2501954008340025e-11,5.533623433336438e-10,1.2179182356409353e-09,1.472254848086479e-14,0.0,0.0,True,0.0,0.07349783732716958,1
287,86100.0,23.916666666666668,0.0,0.0,0.0,0.5,0.6026734633674782,6.042162043534326e-08,0.9118791521185614,100000000.0,0.0,0.07760533264999775,0.020783776215864372,1.9376861226660936e-16,0.00012196765355146806,3.5923715339648224e-10,7.817425845975412e-06,1.2556251331355902e-09,1.3800821684473601e-11,5.691159189693601e-10,1.2556251331355902e-09,1.541753998704044e-14,0.0,0.0,True,0.0,0.07384394016754406,1
288,86400.0,24.0,0.0,0.0,0.0,0.5,0.6026356551822735,5.8115859116528196e-08,0.9121313044445938,100000000.0,0.0,0.07771749722374018,0.020942317259271176,1.9410688334442482e-16,9.564002372487047e-05,4.69076665181712e-10,3.771711399291371e-06,1.2903419780902565e-09,1.2743148488135203e-11,5.810570629942022e-10,1.2903419780902565e-09,1.4791632198367745e-14,0.0,0.0,True,0.0,0.0740468630400092,1
