step,time_hours,attempt_index,stage,accepted,converged,message,failure_reason,preconditioner,outer_aitken_initial,coupling_iterations,picard_iterations,gmres_iterations,ice_residual,gmres_residual,coupling_residual,water_residual,helmholtz_residual,attempt_total_seconds,outer_coupling_seconds,coupling_overhead_seconds,ice_solve_seconds,matrix_assembly_seconds,preconditioner_build_seconds,gmres_seconds,ice_residual_evaluation_seconds,ocean_solve_seconds,thickness_transport_seconds,force_budget_seconds,postprocess_seconds,ilu_builds,ilu_reuses,ilu_rebuilds,preconditioner_fallbacks,initial_guess_strategy,initial_guess_fallback_reason,outer_acceleration,acceleration_fallbacks,acceleration_history_clears,acceleration_clear_reasons,cache_invalidation_reason,active_center_count_before,active_center_count_after,active_center_mask_changes,active_u_mask_changes,active_v_mask_changes
1,0.08333333333333333,1,standard,True,True,converged,,ilu,0.5,10,68,1964,0.0003508599211787811,1.6444572815568085e-09,8.395774742901453e-06,4.166181766935159e-09,5.2707564561157095e-14,19.437335500027984,19.392883400025312,0.05095440015429631,18.911633999901824,4.226553700165823,4.55336010013707,7.031094899983145,3.0268870998406783,0.43029499996919185,0.0002245000214315951,0.042743299971334636,0.00031540001509711146,61,7,51,0,previous_accepted_state,insufficient_accepted_history,protected_anderson,3,2,coupling_residual_increased|coupling_residual_increased,no_cache_phase1,5000,5000,0,0,0
2,0.16666666666666666,1,standard,True,True,converged,,ilu,0.5,4,150,885,0.0003217644190928607,9.195009181019223e-09,8.08485798984457e-06,9.165400862123081e-10,1.035367954178202e-13,27.793356699985452,27.74487080000108,0.016922300041187555,27.567416200006846,9.512295899854507,8.408297599875368,2.746608100074809,6.747310100006871,0.1605322999530472,0.0005027000443078578,0.04569699999410659,0.000168000056874007,111,39,107,0,two_state_linear_predictor,,protected_anderson,1,0,,no_cache_phase1,5000,5000,0,0,0
3,0.25,1,standard,True,True,converged,,ilu,0.5,7,107,1696,0.0003194012353589025,6.904664360872897e-10,7.942457440564433e-06,1.33450619767105e-09,1.4760880690837948e-13,22.49462220002897,22.449492599989753,0.0411527999676764,22.117927699990105,6.414205299981404,6.307719899981748,4.702297499636188,4.584988299931865,0.29041210003197193,0.0002142000012099743,0.043347899976652116,0.0001610000035725534,85,22,78,0,two_state_linear_predictor,,protected_anderson,1,0,,no_cache_phase1,5000,5000,0,0,0
4,0.3333333333333333,1,standard,True,True,converged,,ilu,0.5,13,103,5203,7.046156202377519e-05,5.558073182430963e-10,9.434491791097717e-06,2.2581866044788085e-09,1.467058469272797e-13,32.83225490001496,32.78624360001413,0.08286310004768893,32.14634479995584,6.196715799567755,4.666795499972068,16.734608300437685,4.439345999970101,0.5570357000106014,0.00021789997117593884,0.044269500009249896,0.00016930000856518745,63,40,50,0,two_state_linear_predictor,,protected_anderson,3,2,anderson_step_guard|coupling_residual_increased,no_cache_phase1,5000,5000,0,0,0
5,0.4166666666666667,1,standard,False,False,frozen residual or hard check failed,coupling_iteration_limit,ilu,0.5,100,163,11834,4.597901599313067e-05,1.866860153777019e-09,1.058442743217037e-05,1.8987376090339046e-09,1.4458509962570167e-13,81.2674775000196,81.26616050000302,0.5549122000229545,76.39933929999825,9.584074200480245,10.187645499245264,49.32437700033188,7.079456000064965,4.311908999981824,0.0,0.0,0.0001979000517167151,146,17,46,0,two_state_linear_predictor,,protected_anderson,93,93,coupling_residual_increased|anderson_step_guard|anderson_step_guard|anderson_step_guard|anderson_step_guard|anderson_step_guard|anderson_step_guard|anderson_step_guard|anderson_step_guard|anderson_step_guard|anderson_step_guard|anderson_step_guard|anderson_step_guard|anderson_step_guard|anderson_step_guard|anderson_step_guard|anderson_step_guard|anderson_step_guard|anderson_step_guard|anderson_step_guard|anderson_step_guard|anderson_step_guard|anderson_step_guard|anderson_step_guard|anderson_step_guard|anderson_step_guard|anderson_step_guard|anderson_step_guard|anderson_step_guard|anderson_step_guard|anderson_step_guard|anderson_step_guard|anderson_step_guard|anderson_step_guard|anderson_step_guard|anderson_step_guard|anderson_step_guard|anderson_step_guard|anderson_step_guard|anderson_step_guard|anderson_step_guard|anderson_step_guard|anderson_step_guard|anderson_step_guard|anderson_step_guard|anderson_step_guard|anderson_step_guard|anderson_step_guard|anderson_step_guard|anderson_step_guard|anderson_step_guard|anderson_step_guard|anderson_step_guard|anderson_step_guard|anderson_step_guard|anderson_step_guard|anderson_step_guard|anderson_step_guard|anderson_step_guard|anderson_step_guard|anderson_step_guard|anderson_step_guard|anderson_step_guard|anderson_step_guard|anderson_step_guard|anderson_step_guard|anderson_step_guard|anderson_step_guard|anderson_step_guard|anderson_step_guard|anderson_step_guard|anderson_step_guard|anderson_step_guard|anderson_step_guard|anderson_step_guard|anderson_step_guard|anderson_step_guard|anderson_step_guard|anderson_step_guard|anderson_step_guard|anderson_step_guard|anderson_step_guard|anderson_step_guard|anderson_step_guard|anderson_step_guard|anderson_step_guard|anderson_step_guard|anderson_step_guard|anderson_step_guard|anderson_step_guard|anderson_step_guard|anderson_step_guard|failed_attempt_rollback,no_cache_phase1,5000,5000,0,0,0
5,0.4166666666666667,2,reset_aitken,True,True,converged,,ilu,0.2,25,96,7081,6.0287267744329915e-05,1.660459297374541e-09,7.907886722182655e-06,1.898719123317905e-09,1.4310635119361213e-13,47.08821660000831,47.04099020001013,0.1454047000152059,45.82006339990767,5.798699600389227,5.338215199939441,30.315696000063326,4.256217400135938,1.0755221000872552,0.0003535000141710043,0.04512850003084168,0.00022299995180219412,75,21,50,0,two_state_linear_predictor,,protected_anderson,8,7,coupling_residual_increased|anderson_step_guard|coupling_residual_increased|coupling_residual_increased|anderson_step_guard|anderson_step_guard|anderson_step_guard,no_cache_phase1,5000,5000,0,0,0
6,0.5,1,standard,True,True,converged,,ilu,0.5,5,81,4443,0.0009974532298937873,8.683485768737931e-09,9.722096423310083e-06,8.957929388922199e-10,1.3277075511420774e-13,27.607572100008838,27.562736299994867,0.025304900016635656,27.305665599997155,4.969395199790597,3.542148199514486,15.187930700136349,3.5238215998979285,0.23176579998107627,0.00022559997159987688,0.043269400019198656,0.00016380002489313483,48,33,43,0,two_state_linear_predictor,,protected_anderson,1,0,,no_cache_phase1,5000,5000,0,0,0
7,0.5833333333333334,1,standard,True,True,converged,,ilu,0.5,13,50,2869,0.00014983880375623131,6.340460750749299e-10,7.104387251122885e-06,2.3493638153466544e-09,1.178023873891655e-13,19.020094999985304,18.97642750001978,0.07226310018450022,18.38985789997969,3.072285399772227,3.05520019994583,10.085626799904276,2.1208666000165977,0.5143064998555928,0.00026030000299215317,0.04169939999701455,0.00027030002092942595,41,9,28,0,two_state_linear_predictor,,protected_anderson,4,3,coupling_residual_increased|coupling_residual_increased|coupling_residual_increased,no_cache_phase1,5000,5000,0,0,0
8,0.6666666666666666,1,standard,True,True,converged,,ilu,0.5,11,111,6218,0.0003346679502529336,5.756097529860666e-10,7.420625953564372e-06,6.019335316171248e-10,1.1093700289969774e-13,39.081768599979114,39.03068429999985,0.06087789998855442,38.49321699998109,6.718556500272825,4.861545700347051,22.022647099744063,4.773198800045066,0.4765894000302069,0.00024009996559470892,0.04922729998361319,0.00014859996736049652,67,44,56,0,two_state_linear_predictor,,protected_anderson,3,2,coupling_residual_increased|coupling_residual_increased,no_cache_phase1,5000,5000,0,0,0
9,0.75,1,standard,True,True,converged,,ilu,0.5,27,108,8281,0.0001433561428193279,1.9446979975575903e-09,9.648757748734056e-06,7.045468959291961e-10,1.1024088158996843e-13,55.210014800017234,55.16265339998063,0.15570449992083013,53.83171669987496,6.444882699579466,5.250507400021888,37.38841840001987,4.623691200336907,1.175232200184837,0.00048699998296797276,0.04428249999182299,0.00015710003208369017,72,36,45,0,two_state_linear_predictor,,protected_anderson,16,15,anderson_step_guard|coupling_residual_increased|anderson_step_guard|anderson_step_guard|coupling_residual_increased|anderson_step_guard|anderson_step_guard|anderson_step_guard|anderson_step_guard|anderson_step_guard|anderson_step_guard|anderson_step_guard|anderson_step_guard|anderson_step_guard|anderson_step_guard,no_cache_phase1,5000,5000,0,0,0
10,0.8333333333333334,1,standard,True,True,converged,,ilu,0.5,32,110,5665,0.0001299785927870055,1.0587440755374108e-09,9.853996878506006e-06,9.970549506521354e-09,1.1262343701015589e-13,39.21222210000269,39.16084530000808,0.17166410019854084,37.633694000018295,6.633631900069304,5.342390299832914,20.700832200003788,4.827421400405001,1.3554871997912414,0.0002001000102609396,0.04866319999564439,0.00027050002245232463,74,36,42,0,two_state_linear_predictor,,protected_anderson,26,25,coupling_residual_increased|anderson_step_guard|anderson_step_guard|anderson_step_guard|anderson_step_guard|anderson_step_guard|anderson_step_guard|anderson_step_guard|anderson_step_guard|anderson_step_guard|anderson_step_guard|anderson_step_guard|anderson_step_guard|anderson_step_guard|anderson_step_guard|anderson_step_guard|anderson_step_guard|anderson_step_guard|anderson_step_guard|anderson_step_guard|anderson_step_guard|anderson_step_guard|anderson_step_guard|anderson_step_guard|anderson_step_guard,no_cache_phase1,5000,5000,0,0,0
11,0.9166666666666666,1,standard,True,True,converged,,ilu,0.5,11,106,5297,0.00024017851815006462,5.604612494038903e-10,2.4993663730565213e-06,4.542994176288116e-09,1.1789367129364737e-13,34.69476429995848,34.65001150005264,0.062017599993851036,34.1441587000736,6.506242000323255,5.008954199962318,17.929733299766667,4.584990199597087,0.4438351999851875,0.00022219994571059942,0.04270009999163449,0.00020479998784139752,69,37,58,0,two_state_linear_predictor,,protected_anderson,3,2,anderson_step_guard|coupling_residual_increased,no_cache_phase1,5000,5000,0,0,0
12,1.0,1,standard,True,True,converged,,ilu,0.5,9,129,5482,0.0008092167264638295,4.404264132014126e-10,9.359489672100751e-06,3.6742752940765464e-09,1.227848197954694e-13,37.14934689999791,37.10231809999095,0.04819230001885444,36.63041009998415,7.893213399976958,5.430719100055285,17.62354569969466,5.544892499863636,0.42371569998795167,0.00021579995518550277,0.04525110003305599,0.00016799999866634607,74,55,65,0,two_state_linear_predictor,,protected_anderson,3,2,anderson_step_guard|coupling_residual_increased,no_cache_phase1,5000,5000,0,0,0
13,1.0833333333333333,1,standard,True,True,converged,,ilu,0.5,37,165,7020,0.00020921774491702893,3.880683426061026e-09,9.803868186118368e-06,5.120566444943975e-09,1.238964347523817e-13,49.54285849997541,49.48883609997574,0.19406359997810796,47.638151499792,9.839375099632889,7.870561099844053,22.604724300210364,7.132806999841705,1.6566210002056323,0.0002471000188961625,0.05115810001734644,0.00015899998834356666,109,56,72,0,two_state_linear_predictor,,protected_anderson,24,23,anderson_step_guard|coupling_residual_increased|anderson_step_guard|coupling_residual_increased|anderson_step_guard|anderson_step_guard|anderson_step_guard|anderson_step_guard|anderson_step_guard|anderson_step_guard|anderson_step_guard|anderson_step_guard|anderson_step_guard|anderson_step_guard|anderson_step_guard|anderson_step_guard|anderson_step_guard|anderson_step_guard|anderson_step_guard|anderson_step_guard|anderson_step_guard|anderson_step_guard|anderson_step_guard,no_cache_phase1,5000,5000,0,0,0
14,1.1666666666666667,1,standard,True,True,converged,,ilu,0.5,10,139,5362,0.0005200471368819676,1.8655373774469166e-09,6.668498697032646e-06,4.952437656095299e-09,1.2048022713879226e-13,37.60208199999761,37.53786920005223,0.046219399955589324,37.08532940002624,8.434587699885014,5.834969500137959,16.695122399716638,5.9722382999025285,0.40632040007039905,0.000283299945294857,0.06217280001146719,0.0003404999733902514,78,61,68,0,two_state_linear_predictor,,protected_anderson,3,2,coupling_residual_increased|coupling_residual_increased,no_cache_phase1,5000,5000,0,0,0
15,1.25,1,standard,True,True,converged,,ilu,0.5,40,186,5401,0.0003020380143090024,4.27677646047718e-09,9.733660783947912e-06,3.984614716677131e-09,1.245770657503853e-13,46.42346650001127,46.37230190000264,0.17641009984072298,44.4418645001133,11.385823499935213,8.79148779984098,15.955618800013326,8.092401100147981,1.7540273000486195,0.00035099999513477087,0.04871389997424558,0.0001629000180400908,121,65,81,0,two_state_linear_predictor,,protected_anderson,34,33,anderson_step_guard|anderson_step_guard|anderson_step_guard|anderson_step_guard|anderson_step_guard|anderson_step_guard|anderson_step_guard|anderson_step_guard|anderson_step_guard|anderson_step_guard|anderson_step_guard|anderson_step_guard|anderson_step_guard|anderson_step_guard|anderson_step_guard|anderson_step_guard|anderson_step_guard|anderson_step_guard|anderson_step_guard|anderson_step_guard|anderson_step_guard|anderson_step_guard|anderson_step_guard|anderson_step_guard|anderson_step_guard|anderson_step_guard|anderson_step_guard|anderson_step_guard|anderson_step_guard|anderson_step_guard|anderson_step_guard|anderson_step_guard|anderson_step_guard,no_cache_phase1,5000,5000,0,0,0
16,1.3333333333333333,1,standard,True,True,converged,,ilu,0.5,7,90,3175,0.0006285361930469413,1.117049465171491e-09,7.363263566981865e-06,3.5515395212860833e-09,1.2309603138965764e-13,23.2766381999827,23.229652700014412,0.0324172000400722,22.901923499943223,5.581024700019043,3.576719699543901,9.599993100273423,4.030577800353058,0.29531200003111735,0.00027009996119886637,0.045085999998264015,0.00016549997963011265,48,42,41,0,two_state_linear_predictor,,protected_anderson,2,1,coupling_residual_increased,no_cache_phase1,5000,5000,0,0,0
17,1.4166666666666667,1,standard,True,True,converged,,ilu,0.5,72,189,5270,0.00019812749402733497,2.559851418945993e-09,9.907424371252965e-06,3.878401875823863e-09,1.2153058641688966e-13,47.50849209999433,47.442052399972454,0.3021315001533367,44.116155600058846,10.992043500067666,9.337548999581486,15.383004700066522,8.154249300365336,3.023765299760271,0.000208500016015023,0.06445170001825318,0.0002807000419124961,132,57,60,0,two_state_linear_predictor,,protected_anderson,66,65,anderson_step_guard|anderson_step_guard|anderson_step_guard|anderson_step_guard|anderson_step_guard|anderson_step_guard|anderson_step_guard|anderson_step_guard|anderson_step_guard|anderson_step_guard|anderson_step_guard|anderson_step_guard|anderson_step_guard|anderson_step_guard|anderson_step_guard|anderson_step_guard|anderson_step_guard|anderson_step_guard|anderson_step_guard|anderson_step_guard|anderson_step_guard|anderson_step_guard|anderson_step_guard|anderson_step_guard|anderson_step_guard|anderson_step_guard|anderson_step_guard|anderson_step_guard|anderson_step_guard|anderson_step_guard|anderson_step_guard|anderson_step_guard|anderson_step_guard|anderson_step_guard|anderson_step_guard|anderson_step_guard|anderson_step_guard|anderson_step_guard|anderson_step_guard|anderson_step_guard|anderson_step_guard|anderson_step_guard|anderson_step_guard|anderson_step_guard|anderson_step_guard|anderson_step_guard|anderson_step_guard|anderson_step_guard|anderson_step_guard|anderson_step_guard|anderson_step_guard|anderson_step_guard|anderson_step_guard|anderson_step_guard|anderson_step_guard|anderson_step_guard|anderson_step_guard|anderson_step_guard|anderson_step_guard|anderson_step_guard|anderson_step_guard|anderson_step_guard|anderson_step_guard|anderson_step_guard|anderson_step_guard,no_cache_phase1,5000,5000,0,0,0
18,1.5,1,standard,True,True,converged,,ilu,0.5,12,130,3813,0.0005575784997770159,3.680407721100309e-09,9.955997025304026e-06,4.270339620888149e-09,1.1890129425998723e-13,31.37398239999311,31.328624900022987,0.060040999785996974,30.778392700187396,7.885109399503563,5.881692000140902,11.219760600128211,5.652912199497223,0.49019120004959404,0.0003114999854005873,0.04352469998411834,0.00015140004688873887,79,51,67,0,two_state_linear_predictor,,protected_anderson,6,5,anderson_step_guard|anderson_step_guard|anderson_step_guard|anderson_step_guard|anderson_step_guard,no_cache_phase1,5000,5000,0,0,0
19,1.5833333333333333,1,standard,True,True,converged,,ilu,0.5,7,135,3323,0.0007518156416958223,1.2463925850753753e-09,8.717013300742387e-06,4.423820126247902e-09,1.207202100099791e-13,29.804168700007722,29.756161299999803,0.033340000023599714,29.433034099987708,8.251819999713916,5.745284299540799,9.403229800227564,5.892569700197782,0.28978719998849556,0.0006188999977894127,0.04474839998874813,0.0003556999727152288,78,57,71,0,two_state_linear_predictor,,protected_anderson,2,1,coupling_residual_increased,no_cache_phase1,5000,5000,0,0,0
20,1.6666666666666667,1,standard,True,True,converged,,ilu,0.5,36,183,4594,0.00021810137125087363,6.379539557046989e-09,9.958043012954018e-06,4.369801874907567e-09,1.2112036823449157e-13,42.18913910002448,42.144968100008555,0.16537259967299178,40.40287520032143,11.037803700193763,8.303871999960393,12.926511399797164,7.9290556001942605,1.5767203000141308,0.000262599962297827,0.042291699966881424,0.00016120000509545207,112,71,76,0,two_state_linear_predictor,,protected_anderson,27,26,anderson_step_guard|coupling_residual_increased|anderson_step_guard|anderson_step_guard|anderson_step_guard|anderson_step_guard|anderson_step_guard|anderson_step_guard|anderson_step_guard|anderson_step_guard|anderson_step_guard|anderson_step_guard|anderson_step_guard|anderson_step_guard|anderson_step_guard|anderson_step_guard|anderson_step_guard|anderson_step_guard|anderson_step_guard|anderson_step_guard|anderson_step_guard|anderson_step_guard|anderson_step_guard|anderson_step_guard|anderson_step_guard|anderson_step_guard,no_cache_phase1,5000,5000,0,0,0
21,1.75,1,standard,True,True,converged,,ilu,0.5,15,146,4275,0.0006162567019335033,6.251814350592072e-09,9.760275200246565e-06,4.382068478515822e-09,1.219272424050803e-13,33.986790799943265,33.940451800008304,0.06899200001498684,33.238343000004534,8.798041899863165,5.808823399944231,12.162043000105768,6.3130680999020115,0.6331167999887839,0.0002112000365741551,0.044671899988316,0.00015820004045963287,80,66,65,0,two_state_linear_predictor,,protected_anderson,9,8,anderson_step_guard|anderson_step_guard|anderson_step_guard|anderson_step_guard|anderson_step_guard|anderson_step_guard|anderson_step_guard|anderson_step_guard,no_cache_phase1,5000,5000,0,0,0
22,1.8333333333333333,1,standard,True,True,converged,,ilu,0.5,41,198,4622,0.0003386286182625753,5.146003005289283e-09,9.844694749209183e-06,4.605666391492779e-09,1.2338608933924975e-13,44.779127300018445,44.73209260002477,0.18309980042977259,42.73091729963198,11.774323900230229,9.37118059990462,12.74900590046309,8.61820649978472,1.8180754999630153,0.00031969998963177204,0.04440259997500107,0.00017670000670477748,127,71,86,0,two_state_linear_predictor,,protected_anderson,34,33,anderson_step_guard|anderson_step_guard|anderson_step_guard|anderson_step_guard|anderson_step_guard|anderson_step_guard|anderson_step_guard|anderson_step_guard|anderson_step_guard|anderson_step_guard|anderson_step_guard|anderson_step_guard|anderson_step_guard|anderson_step_guard|anderson_step_guard|anderson_step_guard|anderson_step_guard|anderson_step_guard|anderson_step_guard|anderson_step_guard|anderson_step_guard|anderson_step_guard|anderson_step_guard|anderson_step_guard|anderson_step_guard|anderson_step_guard|anderson_step_guard|anderson_step_guard|anderson_step_guard|anderson_step_guard|anderson_step_guard|anderson_step_guard|anderson_step_guard,no_cache_phase1,5000,5000,0,0,0
23,1.9166666666666667,1,standard,False,False,frozen residual or hard check failed,ice_picard_or_gmres_not_converged,ilu,0.5,0,100,2488,0.0013800852185218559,9.307267994819017e-09,inf,inf,inf,21.15960700000869,21.158060499990825,0.0014481000252999365,21.156612399965525,6.000172499625478,4.010488200350665,6.691227899806108,4.35587799991481,0.0,0.0,0.0,0.0001674999948590994,54,46,53,0,two_state_linear_predictor,,protected_anderson,0,1,failed_attempt_rollback,no_cache_phase1,5000,5000,0,0,0
23,1.9166666666666667,2,reset_aitken,True,True,converged,,ilu,0.2,5,261,5818,0.0009306466109904305,2.677496033631075e-09,8.390692179672933e-06,4.791815746462264e-09,1.2068143599190683e-13,53.63716630003182,53.59175050002523,0.022421900066547096,53.34827439999208,15.869139100017492,10.290065100591164,15.557798099529464,11.36473740026122,0.22105419996660203,0.0002164000179618597,0.04386699997121468,0.00016629998572170734,139,122,134,0,two_state_linear_predictor,,protected_anderson,1,0,,no_cache_phase1,5000,5000,0,0,0
24,2.0,1,standard,False,False,frozen residual or hard check failed,ice_picard_or_gmres_not_converged,ilu,0.5,0,100,1391,0.0010717908799340674,9.47338868739144e-09,inf,inf,inf,18.21750929998234,18.216215099964757,0.0008139999117702246,18.215401100052986,5.910222899809014,4.148658500285819,3.7378085996606387,4.317192699818406,0.0,0.0,0.0,0.00016639998648315668,56,44,55,0,two_state_linear_predictor,,protected_anderson,0,1,failed_attempt_rollback,no_cache_phase1,5000,5000,0,0,0
24,2.0,2,reset_aitken,True,True,converged,,ilu,0.2,45,254,3340,0.0004954596611951817,9.403145631766966e-10,9.998161642786678e-06,4.907271749642261e-09,1.2339423226168782e-13,49.18685550004011,49.14303600002313,0.19582989992341027,47.04776850016788,15.24809969967464,11.549374200112652,8.909830199554563,11.063980599516071,1.8994375999318436,0.00023860001238062978,0.04204630001913756,0.0001976999919861555,160,94,115,0,two_state_linear_predictor,,protected_anderson,38,37,anderson_step_guard|anderson_step_guard|anderson_step_guard|anderson_step_guard|anderson_step_guard|anderson_step_guard|anderson_step_guard|anderson_step_guard|anderson_step_guard|anderson_step_guard|anderson_step_guard|anderson_step_guard|anderson_step_guard|anderson_step_guard|anderson_step_guard|anderson_step_guard|anderson_step_guard|anderson_step_guard|anderson_step_guard|anderson_step_guard|anderson_step_guard|anderson_step_guard|anderson_step_guard|anderson_step_guard|anderson_step_guard|anderson_step_guard|anderson_step_guard|anderson_step_guard|anderson_step_guard|anderson_step_guard|anderson_step_guard|anderson_step_guard|anderson_step_guard|anderson_step_guard|anderson_step_guard|anderson_step_guard|anderson_step_guard,no_cache_phase1,5000,5000,0,0,0
25,2.0833333333333335,1,standard,False,False,frozen residual or hard check failed,ice_picard_or_gmres_not_converged,ilu,0.5,0,100,487,0.0011150749294703223,9.216687660931598e-09,inf,inf,inf,16.06211329996586,16.060889400017913,0.0006309000309556723,16.060258499986958,5.963425499852747,4.080770199594554,1.5902726001804695,4.325121900241356,0.0,0.0,0.0,0.00016659998800605536,56,44,55,0,two_state_linear_predictor,,protected_anderson,0,1,failed_attempt_rollback,no_cache_phase1,5000,5000,0,0,0
25,2.0833333333333335,2,reset_aitken,True,True,converged,,ilu,0.2,9,220,1056,0.0004675817336189681,3.102269383555741e-10,7.049966492942428e-06,5.028617430104527e-09,1.2133769593201837e-13,36.13177350000478,36.08832809998421,0.03526649990817532,35.66607550001936,13.33365689998027,9.101690400275402,3.4209953996469267,9.59322030004114,0.38698610005667433,0.00024829996982589364,0.04156490002060309,0.00016299996059387922,123,97,114,0,two_state_linear_predictor,,protected_anderson,3,2,coupling_residual_increased|coupling_residual_increased,no_cache_phase1,5000,5000,0,0,0
26,2.1666666666666665,1,standard,False,False,frozen residual or hard check failed,ice_picard_or_gmres_not_converged,ilu,0.5,0,100,456,0.0016925086901255347,9.70389478992698e-09,inf,inf,inf,15.677145300025586,15.675884600030258,0.0006679000216536224,15.675216700008605,5.935626900463831,3.797274600365199,1.4916709001990966,4.355135299789254,0.0,0.0,0.0,0.0001648000325076282,52,48,51,0,two_state_linear_predictor,,protected_anderson,0,1,failed_attempt_rollback,no_cache_phase1,5000,5000,0,0,0
26,2.1666666666666665,2,reset_aitken,True,True,converged,,ilu,0.2,4,270,1132,0.0009708840439756856,8.326382665317713e-10,6.040195651747397e-06,5.201506038356803e-09,1.2291078002262326e-13,42.15432239999063,42.105942700000014,0.01388270006282255,41.913532799924724,16.010074199875817,10.210036299773492,3.7604786005686037,11.663145400525536,0.1785272000124678,0.00039350002771243453,0.04644509998615831,0.0001686000032350421,139,131,135,0,two_state_linear_predictor,,protected_anderson,1,0,,no_cache_phase1,5000,5000,0,0,0
27,2.25,1,standard,True,True,converged,,ilu,0.5,30,174,730,0.0006314976658439136,3.3559109917398966e-09,9.873629257321936e-06,5.404924572244401e-09,1.2193853962957085e-13,30.209777900017798,30.16520720004337,0.12573029985651374,28.691420099989045,10.43812520004576,7.914537600008771,2.4109362002345733,7.737026899703778,1.34805680019781,0.0002332000294700265,0.04286250000586733,0.0001713000237941742,109,65,79,0,two_state_linear_predictor,,protected_anderson,24,23,anderson_step_guard|anderson_step_guard|anderson_step_guard|anderson_step_guard|anderson_step_guard|anderson_step_guard|anderson_step_guard|anderson_step_guard|anderson_step_guard|anderson_step_guard|anderson_step_guard|anderson_step_guard|anderson_step_guard|anderson_step_guard|anderson_step_guard|anderson_step_guard|anderson_step_guard|anderson_step_guard|anderson_step_guard|anderson_step_guard|anderson_step_guard|anderson_step_guard|anderson_step_guard,no_cache_phase1,5000,5000,0,0,0
28,2.3333333333333335,1,standard,True,True,converged,,ilu,0.5,17,151,697,0.0005249234073113469,3.40067984996419e-09,9.97840655776986e-06,5.524363824394548e-09,1.2070229116973985e-13,24.641579899995122,24.591556400002446,0.0656978000770323,23.801226799900178,8.86020439938875,6.02043210004922,2.2471006003324874,6.516827400308102,0.7246318000252359,0.0003372000064700842,0.04803020000690594,0.00019570003496482968,85,66,68,0,two_state_linear_predictor,,protected_anderson,7,6,coupling_residual_increased|anderson_step_guard|coupling_residual_increased|anderson_step_guard|coupling_residual_increased|anderson_step_guard,no_cache_phase1,5000,5000,0,0,0
29,2.4166666666666665,1,standard,True,True,converged,,ilu,0.5,18,130,637,0.0004657216849095081,8.664093524822108e-09,9.98326963923161e-06,5.582099312315023e-09,1.1837612734515988e-13,21.637960900028702,21.59246339998208,0.07082610001089051,20.764609699952416,7.799900800222531,5.21738530008588,2.0537404995411634,5.5605775998556055,0.7570276000187732,0.0002542000147514045,0.04381830000784248,0.00016110000433400273,73,57,55,0,two_state_linear_predictor,,protected_anderson,7,6,coupling_residual_increased|coupling_residual_increased|anderson_step_guard|coupling_residual_increased|anderson_step_guard|coupling_residual_increased,no_cache_phase1,5000,5000,0,0,0
30,2.5,1,standard,False,False,frozen residual or hard check failed,ice_picard_or_gmres_not_converged,ilu,0.5,0,100,528,0.0015332042534182914,9.732815390949034e-09,inf,inf,inf,16.128830400004517,16.12656559998868,0.0008403999963775277,16.125725199992303,6.098975800443441,3.8838755999458954,1.668034499976784,4.375088799977675,0.0,0.0,0.0,0.00025159999495372176,52,48,51,0,two_state_linear_predictor,,protected_anderson,0,1,failed_attempt_rollback,no_cache_phase1,5000,5000,0,0,0
30,2.5,2,reset_aitken,True,True,converged,,ilu,0.2,5,234,1173,0.0009298588199831913,4.2003036699237263e-10,8.189647253009276e-06,5.772218708319175e-09,1.211669443287924e-13,37.363552000024356,37.317925599985756,0.017168499995023012,37.10037810000358,14.182721800287254,8.862541999435052,3.7312266006483696,10.092854400281794,0.20037899998715147,0.00026300002355128527,0.043598399963229895,0.00022499996703118086,123,111,118,0,two_state_linear_predictor,,protected_anderson,1,0,,no_cache_phase1,5000,5000,0,0,0
31,2.5833333333333335,1,standard,False,False,frozen residual or hard check failed,ice_picard_or_gmres_not_converged,ilu,0.5,0,100,505,0.0012996093194105865,9.44213532080381e-09,inf,inf,inf,15.901764400012325,15.900476599985268,0.0007198000093922019,15.899756799975876,5.96102330024587,3.8712590999202803,1.5738624001969583,4.39249849965563,0.0,0.0,0.0,0.00016960001084953547,54,46,53,0,two_state_linear_predictor,,protected_anderson,0,1,failed_attempt_rollback,no_cache_phase1,5000,5000,0,0,0
31,2.5833333333333335,2,reset_aitken,True,True,converged,,ilu,0.2,5,247,1215,0.0009434308702685602,6.139675040492306e-09,8.948056373166319e-06,5.992817129467133e-09,1.232230496624164e-13,39.4463482000283,39.401203499990515,0.020086399919819087,39.1839216001099,14.959314999578055,9.4278662999277,3.7935899001313373,10.745542499353178,0.19719549996079877,0.00030509999487549067,0.043054600013419986,0.0003793999785557389,132,115,127,0,two_state_linear_predictor,,protected_anderson,1,0,,no_cache_phase1,5000,5000,0,0,0
32,2.6666666666666665,1,standard,False,False,frozen residual or hard check failed,ice_picard_or_gmres_not_converged,ilu,0.5,0,100,466,0.0014324398454240762,9.926263143621654e-09,inf,inf,inf,15.699851399986073,15.698338699992746,0.0010070999851450324,15.697331600007601,6.025723000057042,3.6579432999133132,1.5217802001861855,4.393510699970648,0.0,0.0,0.0,0.00017339998157694936,51,49,50,0,two_state_linear_predictor,,protected_anderson,0,1,failed_attempt_rollback,no_cache_phase1,5000,5000,0,0,0
32,2.6666666666666665,2,reset_aitken,True,True,converged,,ilu,0.2,5,252,1119,0.000963197657223533,4.5728273635258615e-09,9.677611763890584e-06,6.0765338490547186e-09,1.2351071621320756e-13,39.48544320004294,39.43562240002211,0.019013300072401762,39.217147399962414,14.99927560047945,9.32118760002777,3.6546895998180844,10.993423099804204,0.19946169998729602,0.00026080000679939985,0.048000500013586134,0.00016350002260878682,130,122,125,0,two_state_linear_predictor,,protected_anderson,1,0,,no_cache_phase1,5000,4999,1,0,0
33,2.75,1,standard,False,False,frozen residual or hard check failed,ice_picard_or_gmres_not_converged,ilu,0.5,0,100,478,0.0016451953330886187,9.905445361538315e-09,inf,inf,inf,15.628662200004328,15.62744539999403,0.0006591000128537416,15.626786299981177,5.966416700335685,3.661729200044647,1.520549799723085,4.381017100007739,0.0,0.0,0.0,0.00016600004164502025,51,49,50,0,previous_accepted_state,active_ice_mask_changed,protected_anderson,0,1,failed_attempt_rollback,no_cache_phase1,4999,4999,0,0,0
33,2.75,2,reset_aitken,True,True,converged,,ilu,0.2,4,263,1135,0.000962831684224125,3.577984829987757e-09,9.051937634474325e-06,6.10766661757014e-09,1.223660411880903e-13,40.90500929998234,40.859576599963475,0.013416999951004982,40.63431410002522,15.66119859967148,9.606647199834697,3.6720125000574626,11.429148699971847,0.21184549998724833,0.0002452000044286251,0.044026399962604046,0.0001647999742999673,134,129,130,0,previous_accepted_state,active_ice_mask_changed,protected_anderson,1,0,,no_cache_phase1,4999,4999,0,0,0
34,2.8333333333333335,1,standard,False,False,frozen residual or hard check failed,ice_picard_or_gmres_not_converged,ilu,0.5,0,100,499,0.0011192918218039635,9.857694366691266e-09,inf,inf,inf,15.794882700021844,15.793289799999911,0.0007856999873183668,15.792504100012593,6.0483856002101675,3.772243900166359,1.5722486997256055,4.303384199971333,0.0,0.0,0.0,0.00026190001517534256,53,47,52,0,two_state_linear_predictor,,protected_anderson,0,1,failed_attempt_rollback,no_cache_phase1,4999,4999,0,0,0
34,2.8333333333333335,2,reset_aitken,True,True,converged,,ilu,0.2,5,214,1036,0.0009153284699409228,1.432894713845169e-09,6.71065723200978e-06,6.276880073111411e-09,1.199985788839382e-13,34.11386510002194,34.06775590003235,0.019958999939262867,33.81333129998529,12.907604200008791,8.10119959997246,3.241187499894295,9.354939200682566,0.2344656001077965,0.00024209998082369566,0.044530400016810745,0.0001613000058569014,113,101,108,0,two_state_linear_predictor,,protected_anderson,1,0,,no_cache_phase1,4999,4999,0,0,0
35,2.9166666666666665,1,standard,False,False,frozen residual or hard check failed,ice_picard_or_gmres_not_converged,ilu,0.5,0,100,547,0.0016460011892542757,9.754752483396034e-09,inf,inf,inf,15.958326899970416,15.955559199966956,0.0012181999627500772,15.954341000004206,5.971023600141052,3.82298480020836,1.6720386004308239,4.3903209998388775,0.0,0.0,0.0,0.00021119997836649418,55,45,54,0,two_state_linear_predictor,,protected_anderson,0,1,failed_attempt_rollback,no_cache_phase1,4999,4999,0,0,0
35,2.9166666666666665,2,reset_aitken,True,True,converged,,ilu,0.2,54,343,1705,0.0005027625751487064,3.7134846461139453e-09,9.96448861742592e-06,6.448698681406491e-09,1.2055334760379904e-13,57.71032539999578,57.65800669998862,0.22608940006466582,55.185674700071104,20.474891798745375,14.256997600838076,5.1780835998361,14.90145169995958,2.246242599852849,0.00025460001779720187,0.05022770003415644,0.00031370000215247273,204,139,150,0,two_state_linear_predictor,,protected_anderson,41,40,coupling_residual_increased|anderson_step_guard|anderson_step_guard|anderson_step_guard|anderson_step_guard|anderson_step_guard|anderson_step_guard|anderson_step_guard|anderson_step_guard|anderson_step_guard|anderson_step_guard|anderson_step_guard|anderson_step_guard|anderson_step_guard|anderson_step_guard|anderson_step_guard|anderson_step_guard|anderson_step_guard|anderson_step_guard|anderson_step_guard|anderson_step_guard|anderson_step_guard|anderson_step_guard|anderson_step_guard|anderson_step_guard|anderson_step_guard|anderson_step_guard|anderson_step_guard|anderson_step_guard|anderson_step_guard|anderson_step_guard|anderson_step_guard|anderson_step_guard|anderson_step_guard|anderson_step_guard|anderson_step_guard|anderson_step_guard|anderson_step_guard|anderson_step_guard|anderson_step_guard,no_cache_phase1,4999,4999,0,0,0
36,3.0,1,standard,False,False,frozen residual or hard check failed,ice_picard_or_gmres_not_converged,ilu,0.5,0,100,484,0.002329579434198548,9.84988539458619e-09,inf,inf,inf,15.560639299976174,15.55792819999624,0.0010096000041812658,15.55691859999206,6.010511200292967,3.6366606999072246,1.5199393000802957,4.288162499957252,0.0,0.0,0.0,0.00028799998108297586,51,49,50,0,two_state_linear_predictor,,protected_anderson,0,1,failed_attempt_rollback,no_cache_phase1,4999,4999,0,0,0
36,3.0,2,reset_aitken,True,True,converged,,ilu,0.2,4,288,1248,0.0009972269817932718,2.673740872166245e-10,7.5280319186912895e-06,6.565353791983697e-09,1.176525239068689e-13,44.77706630004104,44.73270120000234,0.014607799937948585,44.52560309995897,17.33894850005163,10.288604100525845,4.000920499849599,12.611156400002073,0.192490300105419,0.0003252000315114856,0.042124099971260875,0.00015959999291226268,145,143,141,0,two_state_linear_predictor,,protected_anderson,1,0,,no_cache_phase1,4999,4999,0,0,0
37,3.0833333333333335,1,standard,False,False,frozen residual or hard check failed,ice_picard_or_gmres_not_converged,ilu,0.5,0,100,466,0.0011480710810488012,9.536703433099908e-09,inf,inf,inf,15.824401099991519,15.823001699987799,0.0007520000217482448,15.82224969996605,6.07635470002424,3.809483199962415,1.480763999861665,4.359812999609858,0.0,0.0,0.0,0.0004336999845691025,53,47,52,0,two_state_linear_predictor,,protected_anderson,0,1,failed_attempt_rollback,no_cache_phase1,4999,4999,0,0,0
37,3.0833333333333335,2,reset_aitken,True,True,converged,,ilu,0.2,5,222,1009,0.0009620043354784516,1.9127891759551654e-09,9.128077998692318e-06,6.6067483942147485e-09,1.2187487859979915e-13,35.50855460000457,35.45882299996447,0.020195200049784034,35.219600500015076,13.64225740073016,8.468026400310919,3.188364999834448,9.700612300308421,0.2190272998996079,0.0005080000264570117,0.047280200000386685,0.00032140000257641077,117,105,112,0,two_state_linear_predictor,,protected_anderson,1,0,,no_cache_phase1,4999,4999,0,0,0
38,3.1666666666666665,1,standard,False,False,frozen residual or hard check failed,ice_picard_or_gmres_not_converged,ilu,0.5,0,100,579,0.0015795556212782292,9.97941354899109e-09,inf,inf,inf,15.975089400017168,15.973133600025903,0.0019330000504851341,15.971200599975418,6.038020600099117,3.7216440001502633,1.7270640999195166,4.386929499683902,0.0,0.0,0.0,0.0002606000052765012,52,48,51,0,two_state_linear_predictor,,protected_anderson,0,1,failed_attempt_rollback,no_cache_phase1,4999,4999,0,0,0
38,3.1666666666666665,2,reset_aitken,True,True,converged,,ilu,0.2,64,346,1731,0.0005694361090412446,3.32565520889556e-09,9.992204622967747e-06,6.737651092203565e-09,1.2510901065917192e-13,59.659740400034934,59.60977380000986,0.3418070999905467,56.62214200006565,21.09203719982179,14.319838399649598,5.43836919934256,15.396162499499042,2.645824699953664,0.0003200999926775694,0.04793770000105724,0.00026350002735853195,206,140,142,0,two_state_linear_predictor,,protected_anderson,51,50,coupling_residual_increased|anderson_step_guard|coupling_residual_increased|anderson_step_guard|coupling_residual_increased|anderson_step_guard|anderson_step_guard|anderson_step_guard|anderson_step_guard|anderson_step_guard|anderson_step_guard|anderson_step_guard|anderson_step_guard|anderson_step_guard|anderson_step_guard|anderson_step_guard|anderson_step_guard|anderson_step_guard|anderson_step_guard|anderson_step_guard|anderson_step_guard|anderson_step_guard|anderson_step_guard|anderson_step_guard|anderson_step_guard|anderson_step_guard|anderson_step_guard|anderson_step_guard|anderson_step_guard|anderson_step_guard|anderson_step_guard|anderson_step_guard|anderson_step_guard|anderson_step_guard|anderson_step_guard|anderson_step_guard|anderson_step_guard|anderson_step_guard|anderson_step_guard|anderson_step_guard|anderson_step_guard|anderson_step_guard|anderson_step_guard|anderson_step_guard|anderson_step_guard|anderson_step_guard|anderson_step_guard|anderson_step_guard|anderson_step_guard|anderson_step_guard,no_cache_phase1,4999,4998,1,0,1
39,3.25,1,standard,False,False,frozen residual or hard check failed,ice_picard_or_gmres_not_converged,ilu,0.5,0,100,461,0.0020925739325540617,9.933567630907292e-09,inf,inf,inf,15.554471999988891,15.553225399984512,0.0010182999540120363,15.5522071000305,5.911656000011135,3.7236716997576877,1.4651793999946676,4.348832100164145,0.0,0.0,0.0,0.0002612000098451972,52,48,51,0,previous_accepted_state,active_ice_mask_changed,protected_anderson,0,1,failed_attempt_rollback,no_cache_phase1,4998,4998,0,0,0
39,3.25,2,reset_aitken,True,True,converged,,ilu,0.2,5,323,1421,0.000950013978128696,1.1779615975204045e-09,8.006997148690393e-06,6.9077948921966954e-09,1.1962623391303918e-13,50.17664879997028,50.103336500003934,0.022819999954663217,49.87633800006006,19.27507210004842,11.54290510021383,4.590845399477985,14.1481082001701,0.20417849998921156,0.0006351000047288835,0.07123220001813024,0.00017559999832883477,165,158,160,0,previous_accepted_state,active_ice_mask_changed,protected_anderson,1,0,,no_cache_phase1,4998,4998,0,0,0
40,3.3333333333333335,1,standard,False,False,frozen residual or hard check failed,ice_picard_or_gmres_not_converged,ilu,0.5,0,100,461,0.0017508265362738832,9.705497783501791e-09,inf,inf,inf,15.594165599963162,15.592926599958446,0.0018484999309293926,15.591078100027516,5.912281000288203,3.7224707000423223,1.4712672998430207,4.388248699891847,0.0,0.0,0.0,0.0001737999846227467,53,47,52,0,two_state_linear_predictor,,protected_anderson,0,1,failed_attempt_rollback,no_cache_phase1,4998,4998,0,0,0
40,3.3333333333333335,2,reset_aitken,True,True,converged,,ilu,0.2,4,302,1320,0.0009837759758056111,4.270572521204609e-09,8.170488306651358e-06,6.977520284305887e-09,1.231708745279125e-13,46.658325999975204,46.61477260000538,0.015466900018509477,46.44976210000459,17.988368499965873,10.810032999666873,4.293441400106531,13.064649799838662,0.14954359998228028,0.0005235999706201255,0.04114519996801391,0.00016029999824240804,158,144,154,0,two_state_linear_predictor,,protected_anderson,1,0,,no_cache_phase1,4998,4998,0,0,0
41,3.4166666666666665,1,standard,False,False,frozen residual or hard check failed,ice_picard_or_gmres_not_converged,ilu,0.5,0,100,537,0.002153057638338101,8.592468162977694e-09,inf,inf,inf,15.20889220002573,15.207751500012819,0.0014651999808847904,15.206286300031934,5.62803249998251,3.7711192001006566,1.5717987001989968,4.14041079999879,0.0,0.0,0.0,0.00017150002531707287,56,44,55,0,two_state_linear_predictor,,protected_anderson,0,1,failed_attempt_rollback,no_cache_phase1,4998,4998,0,0,0
41,3.4166666666666665,2,reset_aitken,True,True,converged,,ilu,0.2,53,378,1934,0.0005816913075966845,4.716096904489458e-09,9.901285390938289e-06,6.998508971859177e-09,1.1976847980968853e-13,61.348500600026455,61.2925164999906,0.29431030014529824,58.81394009984797,21.803711500251666,14.968165300262626,5.792177000374068,15.863110400096048,2.1842660999973305,0.0002794000320136547,0.05427010002313182,0.00018069997895509005,225,153,172,0,two_state_linear_predictor,,protected_anderson,39,38,coupling_residual_increased|coupling_residual_increased|anderson_step_guard|anderson_step_guard|anderson_step_guard|anderson_step_guard|anderson_step_guard|anderson_step_guard|anderson_step_guard|anderson_step_guard|anderson_step_guard|anderson_step_guard|anderson_step_guard|anderson_step_guard|anderson_step_guard|anderson_step_guard|anderson_step_guard|anderson_step_guard|anderson_step_guard|anderson_step_guard|anderson_step_guard|anderson_step_guard|anderson_step_guard|anderson_step_guard|anderson_step_guard|anderson_step_guard|anderson_step_guard|anderson_step_guard|anderson_step_guard|anderson_step_guard|anderson_step_guard|anderson_step_guard|anderson_step_guard|anderson_step_guard|anderson_step_guard|anderson_step_guard|anderson_step_guard|anderson_step_guard,no_cache_phase1,4998,4997,1,0,1
42,3.5,1,standard,False,False,frozen residual or hard check failed,ice_picard_or_gmres_not_converged,ilu,0.5,0,100,559,0.0010842404426224922,9.954469624054751e-09,inf,inf,inf,17.202568500011694,17.20148450002307,0.0014646000345237553,17.200019899988547,6.507253700110596,4.101030900201295,1.7008830002159812,4.78363269980764,0.0,0.0,0.0,0.00016490003326907754,54,46,53,0,previous_accepted_state,active_ice_mask_changed,protected_anderson,0,1,failed_attempt_rollback,no_cache_phase1,4997,4997,0,0,0
42,3.5,2,reset_aitken,True,True,converged,,ilu,0.2,16,263,1426,0.0006780808260558417,4.70435987540486e-09,9.953628305104775e-06,7.118499191525899e-09,1.1984044718068595e-13,41.19090609997511,41.1474713999778,0.08870410022791475,40.39752069988754,15.208736300468445,9.722361799736973,4.140474800602533,11.068278999475297,0.661246599862352,0.00029070000164210796,0.042015899962279946,0.00016190001042559743,144,119,128,0,previous_accepted_state,active_ice_mask_changed,protected_anderson,5,4,coupling_residual_increased|coupling_residual_increased|coupling_residual_increased|anderson_step_guard,no_cache_phase1,4997,4996,1,1,0
43,3.5833333333333335,1,standard,False,False,frozen residual or hard check failed,ice_picard_or_gmres_not_converged,ilu,0.5,0,100,499,0.001000609676752314,9.452367499729344e-09,inf,inf,inf,15.244505399954505,15.243397099955473,0.000969999935477972,15.242427100019995,5.856950499699451,3.5095318999374285,1.4844492001575418,4.296895699808374,0.0,0.0,0.0,0.0003043999895453453,52,48,51,0,previous_accepted_state,active_ice_mask_changed,protected_anderson,0,1,failed_attempt_rollback,no_cache_phase1,4996,4996,0,0,0
43,3.5833333333333335,2,reset_aitken,True,True,converged,,ilu,0.2,6,247,1223,0.0008952574918987458,1.804340176117862e-09,8.187772360611236e-06,7.2852317973027524e-09,1.1886642828542552e-13,37.352370899985544,37.3023036000086,0.031704099965281785,37.022556399868336,14.24680779967457,8.59873340051854,3.6776391997700557,10.263258300314192,0.2480431001749821,0.00027860002592206,0.04830159997800365,0.0001632000203244388,127,120,121,0,previous_accepted_state,active_ice_mask_changed,protected_anderson,1,0,,no_cache_phase1,4996,4996,0,0,0
44,3.6666666666666665,1,standard,False,False,frozen residual or hard check failed,ice_picard_or_gmres_not_converged,ilu,0.5,0,100,488,0.0018892149498702137,9.751359827401125e-09,inf,inf,inf,15.254970900015905,15.253770800016355,0.0016270999913103878,15.252143700025044,5.836663399939425,3.6845395999844186,1.4546567004872486,4.182501800067257,0.0,0.0,0.0,0.00017720001051202416,54,46,53,0,two_state_linear_predictor,,protected_anderson,0,1,failed_attempt_rollback,no_cache_phase1,4996,4996,0,0,0
44,3.6666666666666665,2,reset_aitken,True,True,converged,,ilu,0.2,4,309,1405,0.0009786016874962539,1.0553030972695545e-10,3.898268223292138e-06,7.3822564922716e-09,1.1770044932269968e-13,46.95276600000216,46.89991579996422,0.01722799992421642,46.730941500049084,18.044688900117762,10.952842899481766,4.388998000067659,13.056232999952044,0.1517462999909185,0.00030720001086592674,0.05110169999534264,0.00017140002455562353,163,146,159,0,two_state_linear_predictor,,protected_anderson,1,0,,no_cache_phase1,4996,4995,1,0,1
45,3.75,1,standard,True,True,converged,,ilu,0.5,15,184,965,0.0005254274822913099,7.264560417909301e-09,9.681511070961214e-06,7.394412283802835e-09,1.1870277086375797e-13,28.689698999980465,28.643863500037696,0.08896439999807626,27.96037280006567,10.542636500496883,6.68638800032204,2.847903700370807,7.6994956994312815,0.5945262999739498,0.00027709995629265904,0.0443171999650076,0.00016989995492622256,100,84,85,0,previous_accepted_state,active_ice_mask_changed,protected_anderson,5,4,coupling_residual_increased|anderson_step_guard|anderson_step_guard|anderson_step_guard,no_cache_phase1,4995,4995,0,0,0
46,3.8333333333333335,1,standard,False,False,frozen residual or hard check failed,ice_picard_or_gmres_not_converged,ilu,0.5,0,100,560,0.0010388780489660732,9.924978699186588e-09,inf,inf,inf,15.070273600053042,15.068514300044626,0.002240500063635409,15.06627379998099,5.724452699767426,3.425065100309439,1.6427114995894954,4.1767450997722335,0.0,0.0,0.0,0.0003449000068940222,51,49,50,0,two_state_linear_predictor,,protected_anderson,0,1,failed_attempt_rollback,no_cache_phase1,4995,4995,0,0,0
46,3.8333333333333335,2,reset_aitken,True,True,converged,,ilu,0.2,16,212,1180,0.0006357064652891539,6.377189885401007e-09,9.204727344045553e-06,7.429419974744931e-09,1.169511738595776e-13,32.91791560000274,32.87145049998071,0.0818682000390254,32.14071269991109,12.146036099933553,7.492478300293442,3.4402339998050593,8.85149869963061,0.6488696000305936,0.00034249998861923814,0.04431200004182756,0.0001762000028975308,113,99,97,0,two_state_linear_predictor,,protected_anderson,5,4,coupling_residual_increased|coupling_residual_increased|coupling_residual_increased|coupling_residual_increased,no_cache_phase1,4995,4994,1,0,1
47,3.9166666666666665,1,standard,False,False,frozen residual or hard check failed,ice_picard_or_gmres_not_converged,ilu,0.5,0,100,526,0.002314936452669851,9.849273834004575e-09,inf,inf,inf,15.208224400004838,15.207026499963831,0.0017012999742291868,15.205325199989602,5.871461400296539,3.4786886000656523,1.538682199898176,4.219556900206953,0.0,0.0,0.0,0.00019599997904151678,51,49,50,0,previous_accepted_state,active_ice_mask_changed,protected_anderson,0,1,failed_attempt_rollback,no_cache_phase1,4994,4994,0,0,0
47,3.9166666666666665,2,reset_aitken,True,True,converged,,ilu,0.2,5,343,1650,0.0008933458727671079,1.0544270314596057e-09,8.134054875963649e-06,7.588031197631074e-09,1.1696034315565203e-13,51.75359350000508,51.70533129997784,0.023452800000086427,51.495609000034165,19.856134300644044,11.623625599953812,5.040719100099523,14.644444500037935,0.18626949994359165,0.000354000017978251,0.04644529998768121,0.00034829997457563877,174,169,169,0,previous_accepted_state,active_ice_mask_changed,protected_anderson,1,0,,no_cache_phase1,4994,4994,0,0,0
48,4.0,1,standard,False,False,frozen residual or hard check failed,ice_picard_or_gmres_not_converged,ilu,0.5,0,100,555,0.002460496742886471,9.79837316505265e-09,inf,inf,inf,15.215234500006773,15.213443099986762,0.001438800012692809,15.212004299974069,5.757582499936689,3.547950000560377,1.5940924999886192,4.213723999564536,0.0,0.0,0.0,0.00017519999528303742,54,46,53,0,two_state_linear_predictor,,protected_anderson,0,1,failed_attempt_rollback,no_cache_phase1,4994,4994,0,0,0
48,4.0,2,reset_aitken,True,True,converged,,ilu,0.2,62,379,2034,0.0005775198107693185,1.8849590841660794e-11,9.894774545950557e-06,7.707129772541773e-09,1.1995313328122686e-13,61.764971199969295,61.72063910000725,0.3302220000186935,58.89580550015671,21.87063890043646,14.789147500065155,5.923295599815901,15.90627140016295,2.494611599831842,0.00023499998496845365,0.0427602999843657,0.0001715999678708613,225,154,163,0,two_state_linear_predictor,,protected_anderson,49,48,coupling_residual_increased|anderson_step_guard|coupling_residual_increased|anderson_step_guard|coupling_residual_increased|anderson_step_guard|anderson_step_guard|anderson_step_guard|anderson_step_guard|anderson_step_guard|anderson_step_guard|anderson_step_guard|anderson_step_guard|anderson_step_guard|anderson_step_guard|anderson_step_guard|anderson_step_guard|anderson_step_guard|anderson_step_guard|anderson_step_guard|anderson_step_guard|anderson_step_guard|anderson_step_guard|anderson_step_guard|anderson_step_guard|anderson_step_guard|anderson_step_guard|anderson_step_guard|anderson_step_guard|anderson_step_guard|anderson_step_guard|anderson_step_guard|anderson_step_guard|anderson_step_guard|anderson_step_guard|anderson_step_guard|anderson_step_guard|anderson_step_guard|anderson_step_guard|anderson_step_guard|anderson_step_guard|anderson_step_guard|anderson_step_guard|anderson_step_guard|anderson_step_guard|anderson_step_guard|anderson_step_guard|anderson_step_guard,no_cache_phase1,4994,4992,2,1,2
49,4.083333333333333,1,standard,True,True,converged,,ilu,0.5,14,209,1142,0.0006466030878478343,6.602764099458914e-09,9.059828341286443e-06,7.716349672490428e-09,1.1790440552225928e-13,32.859688099997584,32.81684260000475,0.06761389988241717,32.17097540007671,12.092274399881717,7.740225099725649,3.31091449939413,8.820534400234465,0.5782533000456169,0.0003034999826923013,0.04106150002917275,0.00017369998386129737,117,92,103,0,previous_accepted_state,active_ice_mask_changed,protected_anderson,4,3,coupling_residual_increased|anderson_step_guard|coupling_residual_increased,no_cache_phase1,4992,4991,1,1,0
50,4.166666666666667,1,standard,True,True,converged,,ilu,0.5,5,177,947,0.0009254693896421905,6.100214248382855e-10,8.15298072551445e-06,7.743217692054813e-09,1.139492217980661e-13,27.157567300018854,27.115354000008665,0.022757699945941567,26.906192300026305,10.31958070001565,6.122008699807338,2.793372100160923,7.494030700356234,0.18640400003641844,0.0002975999959744513,0.04058910004096106,0.00016709999181330204,93,84,88,0,previous_accepted_state,active_ice_mask_changed,protected_anderson,1,0,,no_cache_phase1,4991,4990,1,0,1
51,4.25,1,standard,True,True,converged,,ilu,0.5,11,217,1183,0.0006158626763322418,8.852525855402725e-09,9.180055488140223e-06,7.83427780508793e-09,1.1509112444038145e-13,33.368247500038706,33.31828999996651,0.05041390017140657,32.811492399836425,12.541963399562519,7.3262172001414,3.4580378999817185,9.259940400137566,0.45638369995867833,0.00026460003573447466,0.04814869997790083,0.00030880002304911613,115,102,104,0,previous_accepted_state,active_ice_mask_changed,protected_anderson,3,2,anderson_step_guard|coupling_residual_increased,no_cache_phase1,4990,4989,1,0,1
52,4.333333333333333,1,standard,False,False,frozen residual or hard check failed,ice_picard_or_gmres_not_converged,ilu,0.5,0,100,480,0.0010769945553631263,9.57560076667022e-09,inf,inf,inf,14.833866800006945,14.83213799999794,0.001698100008070469,14.83043989998987,5.798599500150885,3.280142799776513,1.4597243001917377,4.19560979999369,0.0,0.0,0.0,0.00019649998284876347,51,49,50,0,previous_accepted_state,active_ice_mask_changed,protected_anderson,0,1,failed_attempt_rollback,no_cache_phase1,4989,4989,0,0,0
52,4.333333333333333,2,reset_aitken,True,True,converged,,ilu,0.2,5,235,1139,0.000900701155363818,7.137280028139817e-10,8.66394179004879e-06,7.93675919949278e-09,1.160124654141166e-13,35.005822300037835,34.94803990004584,0.024513800046406686,34.744516099919565,13.447958199772984,7.796899399952963,3.4229071997106075,9.848102200077847,0.17901000007987022,0.00023819995112717152,0.05612920003477484,0.0002932000206783414,120,115,115,0,previous_accepted_state,active_ice_mask_changed,protected_anderson,1,0,,no_cache_phase1,4989,4986,3,1,3
53,4.416666666666667,1,standard,True,True,converged,,ilu,0.5,15,199,1133,0.0005636848536375021,9.81068038300773e-09,9.47630363709021e-06,7.951048468272449e-09,1.1252938917645844e-13,30.15581199998269,30.114041700027883,0.06796680012485012,29.454113699903246,11.066028299741447,6.9310639997711405,3.0409929003217258,8.222113900526892,0.5919611999997869,0.00023449998116120696,0.039932799991220236,0.00016280001727864146,110,89,95,0,previous_accepted_state,active_ice_mask_changed,protected_anderson,5,4,anderson_step_guard|coupling_residual_increased|anderson_step_guard|coupling_residual_increased,no_cache_phase1,4986,4947,39,0,39
54,4.5,1,standard,False,False,frozen residual or hard check failed,ice_picard_or_gmres_not_converged,ilu,0.5,0,100,505,0.0010251903689445477,9.853159721527877e-09,inf,inf,inf,14.443894500029273,14.442598299996462,0.0016752000083215535,14.44092309998814,5.505544599960558,3.3137654999736696,1.412416199920699,4.114817699941341,0.0,0.0,0.0,0.0001721000298857689,53,47,52,0,previous_accepted_state,active_ice_mask_changed,protected_anderson,0,1,failed_attempt_rollback,no_cache_phase1,4947,4947,0,0,0
54,4.5,2,reset_aitken,True,True,converged,,ilu,0.2,6,254,1270,0.000889676955481359,9.755922131329027e-09,7.586368483799101e-06,8.279744761619182e-09,1.1285558312525968e-13,37.449130499968305,37.393467299989425,0.026584000152070075,37.12709609995363,14.444283899967559,8.306586899969261,3.644465800083708,10.490455700084567,0.23978719988372177,0.0003264000406488776,0.054164999979548156,0.0001770000089891255,132,122,126,0,previous_accepted_state,active_ice_mask_changed,protected_anderson,1,0,,no_cache_phase1,4947,4947,0,0,0
55,4.583333333333333,1,standard,False,False,frozen residual or hard check failed,ice_picard_or_gmres_not_converged,ilu,0.5,0,100,572,0.002442131926983977,9.866943060632665e-09,inf,inf,inf,14.488644799974281,14.487295300001279,0.0008294999715872109,14.486465800029691,5.478801799647044,3.2410469002788886,1.5642759997863322,4.10638890019618,0.0,0.0,0.0,0.00022079999325796962,52,48,51,0,two_state_linear_predictor,,protected_anderson,0,1,failed_attempt_rollback,no_cache_phase1,4947,4947,0,0,0
55,4.583333333333333,2,reset_aitken,True,True,converged,,ilu,0.2,4,426,2025,0.0009905259539847008,9.235708134900526e-09,5.8712901772225124e-06,8.773113845204276e-09,1.1429806614949685e-13,61.04036680003628,60.994710300001316,0.017301200015936047,60.82000409998,23.77971590013476,13.31851269962499,5.8325293001835234,17.48968340049032,0.15740500000538304,0.00029090000316500664,0.04405430000042543,0.0001618000096641481,216,210,212,0,two_state_linear_predictor,,protected_anderson,1,0,,no_cache_phase1,4947,4945,2,2,1
56,4.666666666666667,1,standard,False,False,frozen residual or hard check failed,ice_picard_or_gmres_not_converged,ilu,0.5,0,100,530,0.0021562198042187255,9.592405181259225e-09,inf,inf,inf,14.511069699947257,14.50986930000363,0.0016839000163599849,14.50818539998727,5.60361050022766,3.3019113003392704,1.4708313998999074,4.037709399766754,0.0,0.0,0.0,0.00029610004276037216,52,48,51,0,previous_accepted_state,active_ice_mask_changed,protected_anderson,0,1,failed_attempt_rollback,no_cache_phase1,4945,4945,0,0,0
56,4.666666666666667,2,reset_aitken,True,True,converged,,ilu,0.2,6,318,1671,0.0008709282718748577,2.3589630910012006e-09,9.374532593693169e-06,8.902664679348985e-09,1.1339195950334645e-13,46.13836949999677,46.09450519998791,0.02723049995256588,45.82541280001169,17.70491090021096,10.101196500123478,4.667787600250449,13.044748799875379,0.24186190002365038,0.0003986000083386898,0.04236640001181513,0.00016820000018924475,163,155,157,0,previous_accepted_state,active_ice_mask_changed,protected_anderson,1,0,,no_cache_phase1,4945,4944,1,1,1
57,4.75,1,standard,False,False,frozen residual or hard check failed,ice_picard_or_gmres_not_converged,ilu,0.5,0,100,514,0.00156101155139776,9.963725899983237e-09,inf,inf,inf,14.375364899984561,14.373668000043835,0.0016410000389441848,14.372027000004891,5.5334327997406945,3.176625200198032,1.456188199634198,4.111288500134833,0.0,0.0,0.0,0.0002557000261731446,52,48,51,0,previous_accepted_state,active_ice_mask_changed,protected_anderson,0,1,failed_attempt_rollback,no_cache_phase1,4944,4944,0,0,0
57,4.75,2,reset_aitken,True,True,converged,,ilu,0.2,5,301,1448,0.0009552770903954837,7.587299511754339e-09,8.589536942862846e-06,8.783662213413001e-09,1.1473391966243532e-13,43.19967969995923,43.156223899975885,0.023356099904049188,42.908543700003065,16.670192500052508,9.465234401053749,4.18819289887324,12.303190699545667,0.22432410006877035,0.00024020002456381917,0.04182099999161437,0.00020680000307038426,154,147,149,0,previous_accepted_state,active_ice_mask_changed,protected_anderson,1,0,,no_cache_phase1,4944,4944,0,0,0
58,4.833333333333333,1,standard,False,False,frozen residual or hard check failed,ice_picard_or_gmres_not_converged,ilu,0.5,0,100,519,0.0029203948399742917,9.713188873405852e-09,inf,inf,inf,14.51748049998423,14.516088699980173,0.0017785999807529151,14.51431009999942,5.493484100094065,3.3875601002946496,1.4380191997042857,4.1015121003147215,0.0,0.0,0.0,0.00018169998656958342,56,44,55,0,two_state_linear_predictor,,protected_anderson,0,1,failed_attempt_rollback,no_cache_phase1,4944,4944,0,0,0
58,4.833333333333333,2,reset_aitken,True,True,converged,,ilu,0.2,5,318,1492,0.0009339221409418308,3.6630673841400416e-09,5.71961168931859e-06,8.645128597050048e-09,1.1311963820877969e-13,45.48405139998067,45.44180819997564,0.026715499989222735,45.205492899985984,17.606526400370058,10.095132100977935,4.306985200033523,12.901521300256718,0.20959980000043288,0.0002481000265106559,0.04056350002065301,0.0001674999948590994,168,150,163,0,two_state_linear_predictor,,protected_anderson,1,0,,no_cache_phase1,4944,4943,1,1,1
59,4.916666666666667,1,standard,False,False,frozen residual or hard check failed,ice_picard_or_gmres_not_converged,ilu,0.5,0,100,464,0.0021210994302211547,9.97004304571406e-09,inf,inf,inf,14.318165500008035,14.316818799998146,0.0022187000140547752,14.31460009998409,5.504850599972997,3.221659499919042,1.3497121999389492,4.148186000005808,0.0,0.0,0.0,0.00033329997677356005,52,48,51,0,previous_accepted_state,active_ice_mask_changed,protected_anderson,0,1,failed_attempt_rollback,no_cache_phase1,4943,4943,0,0,0
59,4.916666666666667,2,reset_aitken,True,True,converged,,ilu,0.2,6,418,1821,0.0009551658815978349,6.8847249670351016e-09,7.227620852376435e-06,8.69574064741009e-09,1.1192647058857011e-13,59.211291199957486,59.16819450003095,0.03615840006386861,58.88970219990006,23.118548099766485,12.906970699783415,5.423273300461005,17.061882800713647,0.24233390006702393,0.0003124999930150807,0.041152399964630604,0.00016990001313388348,212,206,206,0,previous_accepted_state,active_ice_mask_changed,protected_anderson,1,0,,no_cache_phase1,4943,4943,0,0,0
60,5.0,1,standard,False,False,frozen residual or hard check failed,ice_picard_or_gmres_not_converged,ilu,0.5,0,100,538,0.0029197801384679227,9.864305724252836e-09,inf,inf,inf,14.794975200027693,14.793452300014906,0.0020730000105686486,14.791379300004337,5.6123265998321585,3.5682403998216614,1.4567460001562722,4.059174900117796,0.0,0.0,0.0,0.0002683000057004392,58,42,57,0,two_state_linear_predictor,,protected_anderson,0,1,failed_attempt_rollback,no_cache_phase1,4943,4943,0,0,0
60,5.0,2,reset_aitken,True,True,converged,,ilu,0.2,12,329,1741,0.0006736401868417063,9.761047914557753e-09,9.723546560619119e-06,8.751125169719024e-09,1.1118117070731581e-13,48.32583029998932,48.277549499995075,0.05405439995229244,47.73524770012591,18.19869169924641,11.096412099781446,4.748434800712857,13.372110500466079,0.4882473999168724,0.0009690999868325889,0.04587510001147166,0.0001674999948590994,184,145,172,0,two_state_linear_predictor,,protected_anderson,3,2,anderson_step_guard|coupling_residual_increased,no_cache_phase1,4943,4941,2,2,2
61,5.083333333333333,1,standard,False,False,frozen residual or hard check failed,ice_picard_or_gmres_not_converged,ilu,0.5,0,100,492,0.0013893330926244975,9.861701791501649e-09,inf,inf,inf,14.199546599993482,14.198421600041911,0.0015563000342808664,14.19686530000763,5.6142829998862,3.0360999001422897,1.367186900053639,4.086885999655351,0.0,0.0,0.0,0.00016549997963011265,51,49,50,0,previous_accepted_state,active_ice_mask_changed,protected_anderson,0,1,failed_attempt_rollback,no_cache_phase1,4941,4941,0,0,0
61,5.083333333333333,2,reset_aitken,True,True,converged,,ilu,0.2,7,298,1407,0.0009332094029555784,4.174498787063179e-09,8.530855399629487e-06,8.749621691843035e-09,1.1135122995261133e-13,42.306683800008614,42.26586909999605,0.032107000006362796,41.95221919991309,16.634417099296115,8.816319899691734,4.0080651001189835,12.21713919978356,0.28154290007660165,0.0002437999937683344,0.039452900004107505,0.00016900000628083944,151,147,144,0,previous_accepted_state,active_ice_mask_changed,protected_anderson,1,0,,no_cache_phase1,4941,4938,3,2,2
62,5.166666666666667,1,standard,False,False,frozen residual or hard check failed,ice_picard_or_gmres_not_converged,ilu,0.5,0,100,474,0.0016286062588314408,8.933040593444788e-09,inf,inf,inf,14.175275699992198,14.173797000024933,0.002802700037136674,14.170994299987797,5.574165599769913,3.0472492999979295,1.334941900044214,4.12326989963185,0.0,0.0,0.0,0.0003325999714434147,51,49,50,0,previous_accepted_state,active_ice_mask_changed,protected_anderson,0,1,failed_attempt_rollback,no_cache_phase1,4938,4938,0,0,0
62,5.166666666666667,2,reset_aitken,True,True,converged,,ilu,0.2,7,305,1418,0.0009005089488610305,9.61666055758172e-09,9.888730245368277e-06,8.73241651655765e-09,1.1179752944155632e-13,43.5278255000012,43.47960530000273,0.03342289995634928,43.1588519999641,16.973575199896004,9.32933940103976,4.038478100381326,12.537365999480244,0.2873304000822827,0.00025459995958954096,0.04644279996864498,0.00016729999333620071,156,149,149,0,previous_accepted_state,active_ice_mask_changed,protected_anderson,2,1,anderson_step_guard,no_cache_phase1,4938,4936,2,2,2
63,5.25,1,standard,True,True,converged,,ilu,0.5,5,194,978,0.0008826618499645573,3.1844816359811815e-10,9.278868701136062e-06,8.726470353558093e-09,1.0950057577029669e-13,27.77705260005314,27.734493000025395,0.02013469993835315,27.498438200040255,10.763781999703497,5.879977700184099,2.72016180009814,7.952808400208596,0.2159201000467874,0.00046119996113702655,0.04077080002753064,0.00017170002683997154,99,95,94,0,previous_accepted_state,active_ice_mask_changed,protected_anderson,1,0,,no_cache_phase1,4936,4934,2,2,2
64,5.333333333333333,1,standard,False,False,frozen residual or hard check failed,ice_picard_or_gmres_not_converged,ilu,0.5,0,100,463,0.001677226691280473,9.76199674706603e-09,inf,inf,inf,14.1033133000019,14.101266499958001,0.002400799945462495,14.098865700012539,5.60723019996658,2.9442033997620456,1.319260999909602,4.13511100015603,0.0,0.0,0.0,0.0006590000120922923,50,50,49,0,previous_accepted_state,active_ice_mask_changed,protected_anderson,0,1,failed_attempt_rollback,no_cache_phase1,4934,4934,0,0,0
64,5.333333333333333,2,reset_aitken,True,True,converged,,ilu,0.2,6,321,1429,0.0009509444613085847,1.6411320342069348e-09,7.72456863956023e-06,8.722577668198898e-09,1.0659435746747724e-13,45.08387730002869,45.04106870002579,0.028772400110028684,44.75798209995264,17.690551599604078,9.594705399707891,4.1441421010531485,13.032806399802212,0.2543141999631189,0.0002487999736331403,0.0408177999779582,0.00017369998386129737,163,158,157,0,previous_accepted_state,active_ice_mask_changed,protected_anderson,1,0,,no_cache_phase1,4934,4929,5,5,4
65,5.416666666666667,1,standard,False,False,frozen residual or hard check failed,ice_picard_or_gmres_not_converged,ilu,0.5,0,100,448,0.0010559311851313581,9.488906757749601e-09,inf,inf,inf,14.028773199999705,14.027393000025768,0.0022194000193849206,14.025173600006383,5.524227799964137,3.027913399913814,1.3059763998608105,4.076327400282025,0.0,0.0,0.0,0.0003173999721184373,51,49,50,0,previous_accepted_state,active_ice_mask_changed,protected_anderson,0,1,failed_attempt_rollback,no_cache_phase1,4929,4929,0,0,0
65,5.416666666666667,2,reset_aitken,True,True,converged,,ilu,0.2,8,235,1033,0.0009082314000093402,1.7979835278909407e-09,8.471304788235546e-06,8.72430641326246e-09,1.0958854177360783e-13,34.01703400001861,33.97570759995142,0.03396369988331571,33.613098000059836,13.383532199834008,7.13314379932126,3.0386847003246658,9.833148999838158,0.32864590000826865,0.0002487000310793519,0.039790900016669184,0.0002123000449500978,122,113,114,0,previous_accepted_state,active_ice_mask_changed,protected_anderson,2,1,coupling_residual_increased,no_cache_phase1,4929,4894,35,35,36
66,5.5,1,standard,False,False,frozen residual or hard check failed,ice_picard_or_gmres_not_converged,ilu,0.5,0,100,468,0.001182147174804996,9.250470386300587e-09,inf,inf,inf,13.883755000017118,13.882441099965945,0.0024112999672070146,13.880029799998738,5.4425931998412125,2.91340279992437,1.3394889999763109,4.092194100318011,0.0,0.0,0.0,0.00018660002388060093,50,50,49,0,previous_accepted_state,active_ice_mask_changed,protected_anderson,0,1,failed_attempt_rollback,no_cache_phase1,4894,4894,0,0,0
66,5.5,2,reset_aitken,True,True,converged,,ilu,0.2,5,269,1234,0.0009442863169661835,3.469869364714093e-09,8.588159837822436e-06,9.046147791124234e-09,1.0461760173127626e-13,38.05713939998532,37.99990979995346,0.023388000030536205,37.77963439997984,14.963595900277141,7.9503120997105725,3.547821300337091,11.071494499919936,0.1968873999430798,0.00033060001442208886,0.05568869999842718,0.000172999978531152,135,134,130,0,previous_accepted_state,active_ice_mask_changed,protected_anderson,1,0,,no_cache_phase1,4894,4892,2,2,1
67,5.583333333333333,1,standard,True,True,converged,,ilu,0.5,10,165,750,0.0006509880199544387,7.026180742411834e-10,6.795006798381087e-06,9.337675564652154e-09,1.0382823903141415e-13,23.985711999994237,23.939832900010515,0.04141850006999448,23.47743739996804,9.2247419001651,5.19011629949091,2.155730199883692,6.751851699431427,0.4209769999724813,0.0005947999889031053,0.04375039995647967,0.00017359998309984803,88,77,78,0,previous_accepted_state,active_ice_mask_changed,protected_anderson,3,2,coupling_residual_increased|coupling_residual_increased,no_cache_phase1,4892,4891,1,1,1
68,5.666666666666667,1,standard,False,False,frozen residual or hard check failed,ice_picard_or_gmres_not_converged,ilu,0.5,0,100,449,0.0017106971285846585,9.662699469027609e-09,inf,inf,inf,14.41257519996725,14.411136400012765,0.0016923000221140683,14.409444099990651,5.721798899874557,3.015620000194758,1.3185083997086622,4.259345899452455,0.0,0.0,0.0,0.00018230004934594035,50,50,49,0,previous_accepted_state,active_ice_mask_changed,protected_anderson,0,1,failed_attempt_rollback,no_cache_phase1,4891,4891,0,0,0
68,5.666666666666667,2,reset_aitken,True,True,converged,,ilu,0.2,8,345,1464,0.0009356147063726817,8.357839932535306e-10,7.2959348014306386e-06,9.359177989597005e-09,1.0261093410266948e-13,48.65292920003412,48.60584249999374,0.035132499935571104,48.23398690007161,19.18129729956854,10.241164500126615,4.338659200118855,14.147839799989015,0.3367230999865569,0.0002663999912329018,0.04540549998637289,0.00032079999800771475,175,170,167,0,previous_accepted_state,active_ice_mask_changed,protected_anderson,2,1,coupling_residual_increased,no_cache_phase1,4891,4889,2,2,2
69,5.75,1,standard,False,False,frozen residual or hard check failed,ice_picard_or_gmres_not_converged,ilu,0.5,0,100,464,0.0014388563824587228,9.853690385453209e-09,inf,inf,inf,13.79110109998146,13.789021799981128,0.002563399961218238,13.78645840001991,5.468684500141535,2.8400035999366082,1.3269882996100932,4.055991800036281,0.0,0.0,0.0,0.0003291000030003488,50,50,49,0,previous_accepted_state,active_ice_mask_changed,protected_anderson,0,1,failed_attempt_rollback,no_cache_phase1,4889,4889,0,0,0
69,5.75,2,reset_aitken,True,True,converged,,ilu,0.2,6,288,1297,0.0008711187284282379,7.652625936750591e-10,9.147392238434148e-06,9.230288331447271e-09,1.0249177180564249e-13,40.43139139999403,40.38595129997702,0.026714399980846792,40.11604659992736,15.85571120021632,8.387242400203831,3.7614166997373104,11.840041499352083,0.24319030006881803,0.0002505999873392284,0.04400350002106279,0.00017319998005405068,146,142,140,0,previous_accepted_state,active_ice_mask_changed,protected_anderson,1,0,,no_cache_phase1,4889,4889,0,0,0
70,5.833333333333333,1,standard,False,False,frozen residual or hard check failed,ice_picard_or_gmres_not_converged,ilu,0.5,0,100,454,0.001576190907633839,8.984165672734805e-09,inf,inf,inf,13.995704200002365,13.994159699999727,0.0024452999932691455,13.991714400006458,5.606527999974787,2.9403851996175945,1.310025000362657,4.042688399960753,0.0,0.0,0.0,0.00019399996381253004,51,49,50,0,two_state_linear_predictor,,protected_anderson,0,1,failed_attempt_rollback,no_cache_phase1,4889,4889,0,0,0
70,5.833333333333333,2,reset_aitken,True,True,converged,,ilu,0.2,4,266,1153,0.0009977133541264418,9.546954727919827e-09,5.828834063575139e-06,9.101219363759444e-09,9.965424771938913e-14,37.84533569996711,37.80147000000579,0.01474619994405657,37.62685100006638,15.053207000542898,7.871378599258605,3.449095999880228,11.00567960034823,0.1598727999953553,0.0002948000328615308,0.04148980003083125,0.00021039997227489948,136,130,132,0,two_state_linear_predictor,,protected_anderson,1,0,,no_cache_phase1,4889,4887,2,2,1
71,5.916666666666667,1,standard,True,True,converged,,ilu,0.5,8,204,896,0.0008306643926149585,2.0305947207520367e-09,9.115610551519957e-06,8.98944969652073e-09,1.0012467870026391e-13,29.014867999998387,28.967696400010027,0.030235900077968836,28.609756599995308,11.383167799736839,6.034712599590421,2.596758000436239,8.403170899837278,0.32770389993675053,0.000255499966442585,0.04509099997812882,0.0002114999806508422,105,99,97,0,previous_accepted_state,active_ice_mask_changed,protected_anderson,2,1,coupling_residual_increased,no_cache_phase1,4887,4885,2,2,2
72,6.0,1,standard,False,False,frozen residual or hard check failed,ice_picard_or_gmres_not_converged,ilu,0.5,0,100,451,0.001802405724961749,9.685407680782602e-09,inf,inf,inf,14.00953030004166,14.008634299971163,0.0006120999460108578,14.008022200025152,5.578532700485084,2.8964103998732753,1.2767374999821186,4.164808299741708,0.0,0.0,0.0,0.0001700000138953328,50,50,49,0,previous_accepted_state,active_ice_mask_changed,protected_anderson,0,1,failed_attempt_rollback,no_cache_phase1,4885,4885,0,0,0
72,6.0,2,reset_aitken,True,True,converged,,ilu,0.2,8,386,1642,0.000946946297974889,4.629640465796785e-10,5.6283968219630955e-06,8.95020166694822e-09,9.637497754473205e-14,54.30238790001022,54.25818210002035,0.03199679998215288,53.87867400009418,21.4668496006052,11.311169199470896,4.837716700567398,15.898862200498115,0.3475112999440171,0.00025179999647662044,0.04215500003192574,0.0001748999929986894,196,190,188,0,previous_accepted_state,active_ice_mask_changed,protected_anderson,2,1,coupling_residual_increased,no_cache_phase1,4885,4884,1,1,1
73,6.083333333333333,1,standard,False,False,frozen residual or hard check failed,ice_picard_or_gmres_not_converged,ilu,0.5,0,100,479,0.0021443572578394776,8.768505050775661e-09,inf,inf,inf,13.899308599997312,13.898389500041958,0.0006506000063382089,13.89773890003562,5.489977099525277,2.8379334002383985,1.3631621000240557,4.106937400356401,0.0,0.0,0.0,0.0001765000051818788,50,50,49,0,previous_accepted_state,active_ice_mask_changed,protected_anderson,0,1,failed_attempt_rollback,no_cache_phase1,4884,4884,0,0,0
73,6.083333333333333,2,reset_aitken,True,True,converged,,ilu,0.2,6,343,1474,0.000913329629649522,6.071011999947721e-10,8.49090001824684e-06,8.931075509562138e-09,9.635260744813309e-14,48.60326299996814,48.55596269998932,0.02429520001169294,48.28637229994638,19.287314901361242,10.066802099870984,4.340092499856837,14.266631300619338,0.24529520003125072,0.00025679997634142637,0.04536349995760247,0.0003273999900557101,173,170,167,0,previous_accepted_state,active_ice_mask_changed,protected_anderson,1,0,,no_cache_phase1,4884,4880,4,4,4
74,6.166666666666667,1,standard,False,False,frozen residual or hard check failed,ice_picard_or_gmres_not_converged,ilu,0.5,0,100,442,0.001641859805997175,8.470225760846995e-09,inf,inf,inf,13.964193799998611,13.96269429998938,0.0007578000077046454,13.961936499981675,5.601772399677429,2.9199737003655173,1.2663668996538036,4.080798000446521,0.0,0.0,0.0,0.00021700002253055573,50,50,49,0,previous_accepted_state,active_ice_mask_changed,protected_anderson,0,1,failed_attempt_rollback,no_cache_phase1,4880,4880,0,0,0
74,6.166666666666667,2,reset_aitken,True,True,converged,,ilu,0.2,8,301,1279,0.000893219933574924,5.968421208202602e-10,6.260113223663908e-06,8.850023923297546e-09,9.871509944522354e-14,42.94960180000635,42.90185260004364,0.03485530003672466,42.550040300004184,17.037686999770813,8.95388130005449,3.7493133009411395,12.523645599605516,0.31695700000273064,0.0002503999858163297,0.04603950004093349,0.00030640000477433205,154,147,146,0,previous_accepted_state,active_ice_mask_changed,protected_anderson,2,1,coupling_residual_increased,no_cache_phase1,4880,4840,40,40,40
75,6.25,1,standard,False,False,frozen residual or hard check failed,ice_picard_or_gmres_not_converged,ilu,0.5,0,100,475,0.0017995871182605084,9.550216629712542e-09,inf,inf,inf,14.137303299969062,14.13581669999985,0.0009053000248968601,14.134911399974953,5.567520600161515,2.9801245002890937,1.3393811998539604,4.151954900182318,0.0,0.0,0.0,0.0002825999981723726,50,50,49,0,previous_accepted_state,active_ice_mask_changed,protected_anderson,0,1,failed_attempt_rollback,no_cache_phase1,4840,4840,0,0,0
75,6.25,2,reset_aitken,True,True,converged,,ilu,0.2,8,364,1603,0.0005021920359237023,4.915310158683297e-10,4.750474888828618e-06,9.108038508286138e-09,9.710006855996618e-14,51.53117229999043,51.49017999996431,0.029087500006426126,51.14407879993087,20.300220899283886,10.87926539889304,4.671282300259918,14.947419000440277,0.3170137000270188,0.00026030000299215317,0.03894689999287948,0.00017069996101781726,185,179,177,0,previous_accepted_state,active_ice_mask_changed,protected_anderson,2,1,coupling_residual_increased,no_cache_phase1,4840,4839,1,1,0
76,6.333333333333333,1,standard,False,False,frozen residual or hard check failed,ice_picard_or_gmres_not_converged,ilu,0.5,0,100,467,0.003002669605742222,9.58812799719951e-09,inf,inf,inf,14.054296099988278,14.053104399994481,0.0007069999701343477,14.052397400024347,5.514980200212449,2.9663951998809353,1.3257685995777138,4.151513999386225,0.0,0.0,0.0,0.00027660001069307327,50,50,49,0,previous_accepted_state,active_ice_mask_changed,protected_anderson,0,1,failed_attempt_rollback,no_cache_phase1,4839,4839,0,0,0
76,6.333333333333333,2,reset_aitken,True,True,converged,,ilu,0.2,6,516,2192,0.0009576402465336277,9.178089709348352e-10,8.066668592563097e-06,9.44988778164774e-09,9.739561062910726e-14,73.41308199998457,73.3718125000014,0.02350269991438836,73.10466280003311,29.23970120039303,15.460081500757951,6.45461169956252,21.462734899308998,0.2436470000538975,0.00031079998007044196,0.03926989994943142,0.00017229997320100665,260,256,254,0,previous_accepted_state,active_ice_mask_changed,protected_anderson,1,0,,no_cache_phase1,4839,4838,1,1,1
77,6.416666666666667,1,standard,False,False,frozen residual or hard check failed,ice_picard_or_gmres_not_converged,ilu,0.5,0,100,451,0.0018021517252509829,8.886327171126282e-09,inf,inf,inf,14.40038339997409,14.398439300013706,0.0007699000416323543,14.397669399972074,5.707196600327734,3.0834667998715304,1.3217019003350288,4.189133499516174,0.0,0.0,0.0,0.0006873999955132604,53,47,52,0,previous_accepted_state,active_ice_mask_changed,protected_anderson,0,1,failed_attempt_rollback,no_cache_phase1,4838,4838,0,0,0
77,6.416666666666667,2,reset_aitken,True,True,converged,,ilu,0.2,6,314,1354,0.0009166243152728441,6.683989688111706e-10,9.026584110239253e-06,9.42178569767311e-09,9.821875028465887e-14,44.2668286000262,44.22275900002569,0.02278030017623678,43.944813299924135,17.44430239975918,9.24512399971718,3.972823399468325,12.982809600420296,0.2551653999253176,0.00025759998243302107,0.04163450002670288,0.00025460001779720187,165,149,159,0,previous_accepted_state,active_ice_mask_changed,protected_anderson,1,0,,no_cache_phase1,4838,4837,1,1,1
78,6.5,1,standard,False,False,frozen residual or hard check failed,ice_picard_or_gmres_not_converged,ilu,0.5,0,100,446,0.0010550934034834643,9.829055437555635e-09,inf,inf,inf,14.003612800035626,14.002287600014824,0.0009192000143229961,14.001368400000501,5.607801999780349,2.8759872002410702,1.3235979996970855,4.101290300197434,0.0,0.0,0.0,0.0003187000402249396,50,50,49,0,previous_accepted_state,active_ice_mask_changed,protected_anderson,0,1,failed_attempt_rollback,no_cache_phase1,4837,4837,0,0,0
78,6.5,2,reset_aitken,True,True,converged,,ilu,0.2,8,246,1074,0.000873106808897303,8.291210269918443e-10,5.387524788742508e-06,9.204964593558889e-09,9.424130324184173e-14,35.00250080000842,34.95873630000278,0.026963100070133805,34.598690299957525,13.825208800029941,7.118487300525885,3.1758315995684825,10.243093899567612,0.33308289997512475,0.00026190001517534256,0.04192539997166023,0.0001860000193119049,126,120,118,0,previous_accepted_state,active_ice_mask_changed,protected_anderson,2,1,coupling_residual_increased,no_cache_phase1,4837,4836,1,1,1
79,6.583333333333333,1,standard,True,True,converged,,ilu,0.5,5,189,899,0.0008838679568586358,9.768210359470812e-10,5.916941254338749e-06,9.029371992655684e-09,9.592156128771098e-14,26.984726800001226,26.94002239999827,0.01981190004153177,26.72716849995777,10.579749199794605,5.565873799787369,2.5791149000870064,7.818187499942724,0.1930419999989681,0.0002562999725341797,0.043088700040243566,0.0001750999945215881,96,93,91,0,previous_accepted_state,active_ice_mask_changed,protected_anderson,1,0,,no_cache_phase1,4836,4832,4,4,3
80,6.666666666666667,1,standard,False,False,frozen residual or hard check failed,ice_picard_or_gmres_not_converged,ilu,0.5,0,100,441,0.0018749599032116915,9.617024729239533e-09,inf,inf,inf,14.108164199977182,14.106899400008842,0.000806500029284507,14.106092899979558,5.572645900130738,3.067717999627348,1.2726396003272384,4.09727799979737,0.0,0.0,0.0,0.0002733999863266945,53,47,52,0,previous_accepted_state,active_ice_mask_changed,protected_anderson,0,1,failed_attempt_rollback,no_cache_phase1,4832,4832,0,0,0
80,6.666666666666667,2,reset_aitken,True,True,converged,,ilu,0.2,8,396,1659,0.0009494625836789856,9.607589235916164e-10,6.496054869938849e-06,8.883307414769296e-09,9.342862741007513e-14,56.075728599971626,56.010770399996545,0.02912959997775033,55.667590100027155,22.133381899504457,11.840379400586244,4.925487299391534,16.39183460024651,0.3140506999916397,0.0002598999999463558,0.06299770000623539,0.0003586999955587089,204,192,196,0,previous_accepted_state,active_ice_mask_changed,protected_anderson,2,1,coupling_residual_increased,no_cache_phase1,4832,4831,1,1,1
81,6.75,1,standard,False,False,frozen residual or hard check failed,ice_picard_or_gmres_not_converged,ilu,0.5,0,100,465,0.0020432916117862523,8.771807810440097e-09,inf,inf,inf,14.090139999985695,14.088641499984078,0.0006630999851040542,14.087978399998974,5.562135299842339,2.9674166998593137,1.328301600064151,4.133467800042126,0.0,0.0,0.0,0.0001745999907143414,50,50,49,0,previous_accepted_state,active_ice_mask_changed,protected_anderson,0,1,failed_attempt_rollback,no_cache_phase1,4831,4831,0,0,0
81,6.75,2,reset_aitken,True,True,converged,,ilu,0.2,6,300,1310,0.0008891093707068693,1.2977389748481826e-09,8.705167561198324e-06,8.785083901968679e-09,9.480092779408718e-14,42.52519349998329,42.480849499988835,0.02155750006204471,42.212149299972225,16.766215699724853,8.886095299909357,3.8679071005317383,12.400907500414178,0.24714269995456561,0.0002609000075608492,0.0420911000110209,0.0003217999474145472,152,148,146,0,previous_accepted_state,active_ice_mask_changed,protected_anderson,1,0,,no_cache_phase1,4831,4829,2,2,2
82,6.833333333333333,1,standard,False,False,frozen residual or hard check failed,ice_picard_or_gmres_not_converged,ilu,0.5,0,100,451,0.0012812795739321995,9.317339673932403e-09,inf,inf,inf,14.030753099999856,14.029225900012534,0.0006596000166609883,14.028566299995873,5.609330500359647,2.892942199949175,1.3324801000999287,4.097656400408596,0.0,0.0,0.0,0.00017140002455562353,50,50,49,0,previous_accepted_state,active_ice_mask_changed,protected_anderson,0,1,failed_attempt_rollback,no_cache_phase1,4829,4829,0,0,0
82,6.833333333333333,2,reset_aitken,True,True,converged,,ilu,0.2,8,264,1159,0.0008581821819326999,6.345131883066626e-10,7.47940727357594e-06,8.713432315166192e-09,9.341147501750241e-14,37.77662419999251,37.73140639998019,0.028582599945366383,37.37473969999701,14.872278900176752,7.802258400246501,3.370862699695863,11.07345100020757,0.3280841000378132,0.00026400003116577864,0.04355940001551062,0.0003095000283792615,135,129,127,0,previous_accepted_state,active_ice_mask_changed,protected_anderson,2,1,coupling_residual_increased,no_cache_phase1,4829,4828,1,1,1
83,6.916666666666667,1,standard,False,False,frozen residual or hard check failed,ice_picard_or_gmres_not_converged,ilu,0.5,0,100,467,0.0015613857554061337,9.622211375648977e-09,inf,inf,inf,14.173161899961997,14.171698699996341,0.0006634999881498516,14.171035200008191,5.628459499857854,2.926339899888262,1.3481794006656855,4.173425400222186,0.0,0.0,0.0,0.000172999978531152,50,50,49,0,previous_accepted_state,active_ice_mask_changed,protected_anderson,0,1,failed_attempt_rollback,no_cache_phase1,4828,4828,0,0,0
83,6.916666666666667,2,reset_aitken,True,True,converged,,ilu,0.2,6,322,1438,0.00042589016415363193,1.378858687827997e-09,8.51951601800147e-06,8.613304968473077e-09,9.395918509045932e-14,42.31103629997233,42.26780890004011,0.017118800024036318,42.03240369993728,16.412781400140375,8.721417000517249,3.898333599907346,12.699911200325005,0.21828640007879585,0.0002617999562062323,0.04174090002197772,0.00020289997337386012,163,159,157,0,previous_accepted_state,active_ice_mask_changed,protected_anderson,1,0,,no_cache_phase1,4828,4789,39,39,37
84,7.0,1,standard,False,False,frozen residual or hard check failed,ice_picard_or_gmres_not_converged,ilu,0.5,0,100,459,0.0019044808539546655,8.796260878714463e-09,inf,inf,inf,12.463815000024624,12.462681600009091,0.0006402999861165881,12.462041300022975,4.8647191998315975,2.4337138001574203,1.1966863998677582,3.8765062995953485,0.0,0.0,0.0,0.00017770001431927085,50,50,49,0,previous_accepted_state,active_ice_mask_changed,protected_anderson,0,1,failed_attempt_rollback,no_cache_phase1,4789,4789,0,0,0
84,7.0,2,reset_aitken,True,True,converged,,ilu,0.2,8,327,1424,0.0009115048359326195,1.5941983429809838e-09,6.685854629758572e-06,8.780407145896011e-09,9.507106100778631e-14,40.78655750001781,40.74170209997101,0.02676499995868653,40.43398149998393,15.79593369946815,8.147663900454063,3.75455679994775,12.4426585000474,0.2809556000283919,0.0002674999996088445,0.04340170003706589,0.00018069997895509005,167,160,159,0,previous_accepted_state,active_ice_mask_changed,protected_anderson,2,1,coupling_residual_increased,no_cache_phase1,4789,4784,5,5,6
85,7.083333333333333,1,standard,False,False,frozen residual or hard check failed,ice_picard_or_gmres_not_converged,ilu,0.5,0,100,461,0.0012865359513820874,9.388900612901677e-09,inf,inf,inf,12.528242899978068,12.52711680001812,0.0005473000346682966,12.526569499983452,4.941636199946515,2.411562799999956,1.2018770994618535,3.87975359975826,0.0,0.0,0.0,0.000179499969817698,50,50,49,0,previous_accepted_state,active_ice_mask_changed,protected_anderson,0,1,failed_attempt_rollback,no_cache_phase1,4784,4784,0,0,0
85,7.083333333333333,2,reset_aitken,True,True,converged,,ilu,0.2,8,276,1239,0.0008332127404295434,1.1325986774428732e-09,5.626640410811772e-06,9.043586454034222e-09,9.295031446976404e-14,34.54811490001157,34.5066119999974,0.027424000145401806,34.20371619996149,13.328837699373253,6.7871869002701715,3.2517573995282874,10.583907599910162,0.27547179989051074,0.0002707999665290117,0.04004069999791682,0.0001718999701552093,141,135,133,0,previous_accepted_state,active_ice_mask_changed,protected_anderson,2,1,coupling_residual_increased,no_cache_phase1,4784,4783,1,1,1
86,7.166666666666667,1,standard,True,True,converged,,ilu,0.5,8,204,929,0.000861405733672134,1.5886084712404878e-09,6.750342013391344e-06,8.938309590581197e-09,9.247951129952456e-14,25.63230180001119,25.5898659999948,0.027043500042054802,25.284531499957666,9.911469899467193,5.018419900385197,2.3829995993874036,7.786980299511924,0.2782909999950789,0.00026380002964287996,0.040805700002238154,0.00017229997320100665,105,99,97,0,previous_accepted_state,active_ice_mask_changed,protected_anderson,2,1,coupling_residual_increased,no_cache_phase1,4783,4783,0,0,0
87,7.25,1,standard,False,False,frozen residual or hard check failed,ice_picard_or_gmres_not_converged,ilu,0.5,0,100,460,0.0015834352119048355,9.733199118244103e-09,inf,inf,inf,12.313352099969052,12.311975100019481,0.000729600025806576,12.311245499993674,4.813843299692962,2.4652420997153968,1.1515339004108682,3.789150999567937,0.0,0.0,0.0,0.00017190002836287022,51,49,50,0,two_state_linear_predictor,,protected_anderson,0,1,failed_attempt_rollback,no_cache_phase1,4783,4783,0,0,0
87,7.25,2,reset_aitken,True,True,converged,,ilu,0.2,5,266,1177,0.0009817677209116823,2.790202756920268e-09,7.154987994965503e-06,8.738020811756617e-09,9.118560450122166e-14,33.774243799969554,33.72714440000709,0.017513600119855255,33.526401999930386,13.092055200366303,6.608821798989084,3.20257160050096,10.383833300089464,0.1832287999568507,0.0002734999870881438,0.04535670002223924,0.00017110002227127552,136,130,131,0,two_state_linear_predictor,,protected_anderson,1,0,,no_cache_phase1,4783,4780,3,3,2
88,7.333333333333333,1,standard,True,True,converged,,ilu,0.5,6,215,970,0.0008680166784816716,1.2565634578449672e-09,9.83409700451304e-06,8.505266898546599e-09,9.248259632012657e-14,27.62573510000948,27.579509000002872,0.020430700038559735,27.342354099964723,10.791621999815106,5.433554700575769,2.483866299735382,8.431315899768379,0.21672419999958947,0.00042100000428035855,0.044247099955100566,0.00019400002202019095,110,105,104,0,previous_accepted_state,active_ice_mask_changed,protected_anderson,1,0,,no_cache_phase1,4780,4778,2,2,2
89,7.416666666666667,1,standard,True,True,converged,,ilu,0.5,8,210,914,0.0008043289558153632,1.3730937249151567e-09,6.90233334741466e-06,8.348608787042479e-09,9.058869549198162e-14,26.867259700025897,26.823655500018504,0.02566470007877797,26.515730499930214,10.43434160045581,5.281916499952786,2.3989874001126736,8.20610599993961,0.2822603000095114,0.00025889999233186245,0.04182250000303611,0.00020830001449212432,109,101,101,0,previous_accepted_state,active_ice_mask_changed,protected_anderson,2,1,coupling_residual_increased,no_cache_phase1,4778,4774,4,4,4
90,7.5,1,standard,False,False,frozen residual or hard check failed,ice_picard_or_gmres_not_converged,ilu,0.5,0,100,478,0.0013554794733585075,9.554545716555958e-09,inf,inf,inf,12.496969000028912,12.495647400035523,0.0008601000299677253,12.494787300005555,4.832965500245336,2.5152558998088352,1.214072500122711,3.8428149999817833,0.0,0.0,0.0,0.00026890001026913524,51,49,50,0,previous_accepted_state,active_ice_mask_changed,protected_anderson,0,1,failed_attempt_rollback,no_cache_phase1,4774,4774,0,0,0
90,7.5,2,reset_aitken,True,True,converged,,ilu,0.2,5,300,1381,0.0004689019519317666,9.56105242107997e-10,6.360255231069885e-06,8.151953715317057e-09,9.083347229815e-14,37.67852720001247,37.63209759996971,0.016385599912609905,37.417766999977175,14.522886201215442,7.522809700400103,3.539383500465192,11.557524901349097,0.1979450000799261,0.00027110002702102065,0.044845899974461645,0.00023970002075657248,154,146,149,0,previous_accepted_state,active_ice_mask_changed,protected_anderson,1,0,,no_cache_phase1,4774,4773,1,1,1
91,7.583333333333333,1,standard,False,False,frozen residual or hard check failed,ice_picard_or_gmres_not_converged,ilu,0.5,0,100,453,0.0015851649646370625,8.431993772679613e-09,inf,inf,inf,12.64416969998274,12.64299469999969,0.0006486000493168831,12.642346099950373,4.881780200521462,2.5969092001905665,1.1780344999278896,3.893594400084112,0.0,0.0,0.0,0.0001783999614417553,53,47,52,0,previous_accepted_state,active_ice_mask_changed,protected_anderson,0,1,failed_attempt_rollback,no_cache_phase1,4773,4773,0,0,0
91,7.583333333333333,2,reset_aitken,True,True,converged,,ilu,0.2,8,299,1314,0.0009032459609353976,1.3540999553769698e-09,7.73660771080926e-06,8.030750890018378e-09,8.716854111286533e-14,37.6586444999557,37.61681459995452,0.02521089999936521,37.30376909999177,14.506348400434945,7.6706995002459735,3.371445499942638,11.474663900269661,0.28783459996338934,0.00027660001069307327,0.04035580001072958,0.00017409998690709472,156,143,148,0,previous_accepted_state,active_ice_mask_changed,protected_anderson,2,1,coupling_residual_increased,no_cache_phase1,4773,4769,4,4,3
92,7.666666666666667,1,standard,True,True,converged,,ilu,0.5,8,218,1001,0.0007436629094043326,3.825621468889905e-10,5.6801237426797134e-06,7.875476088527457e-09,8.568799269606299e-14,31.63430639996659,31.583324800012633,0.033080800028983504,31.224397300044075,12.426055199932307,6.132469699892681,2.9328817001660354,9.50386820040876,0.32584669993957505,0.0002953999792225659,0.04926320002414286,0.00017939996905624866,112,106,104,0,previous_accepted_state,active_ice_mask_changed,protected_anderson,2,1,coupling_residual_increased,no_cache_phase1,4769,4732,37,37,37
93,7.75,1,standard,True,True,converged,,ilu,0.5,8,215,962,0.0008454829751028903,2.5179037947873854e-09,7.421065669756004e-06,8.001813666264312e-09,8.704099890610958e-14,30.48855960002402,30.443867299996782,0.027531900035683066,30.1303224999574,11.93666259967722,6.010837199690286,2.752106499916408,9.21364400011953,0.2860129000036977,0.0002921000123023987,0.043192700017243624,0.00017690000822767615,111,104,103,0,previous_accepted_state,active_ice_mask_changed,protected_anderson,2,1,coupling_residual_increased,no_cache_phase1,4732,4731,1,1,1
94,7.833333333333333,1,standard,True,True,converged,,ilu,0.5,10,179,831,0.0006327321555026912,2.786609458061588e-09,6.922669162590694e-06,8.217941092396131e-09,8.734169857756026e-14,26.085966899991035,26.0372244999744,0.03800000000046566,25.587464099982753,10.160177399113309,5.087564700515941,2.3853518997784704,7.764782999292947,0.41176039999118075,0.0002701000194065273,0.0472719999961555,0.00018039997667074203,94,85,84,0,previous_accepted_state,active_ice_mask_changed,protected_anderson,3,2,coupling_residual_increased|coupling_residual_increased,no_cache_phase1,4731,4727,4,4,4
95,7.916666666666667,1,standard,True,True,converged,,ilu,0.5,8,186,851,0.0007998869401853322,2.6953994416529807e-09,8.667503267976645e-06,8.124560736930046e-09,8.488616294943877e-14,27.685488899995107,27.629121700010728,0.03236559999641031,27.260600599984173,10.97827289981069,5.405464499432128,2.55138759984402,8.131786799698602,0.33615550003014505,0.0004990000161342323,0.05449439998483285,0.00019760004943236709,96,90,88,0,previous_accepted_state,active_ice_mask_changed,protected_anderson,2,1,coupling_residual_increased,no_cache_phase1,4727,4724,3,3,2
96,8.0,1,standard,True,True,converged,,ilu,0.5,8,222,1003,0.0008433288343174971,2.690571639404045e-09,5.973403393996356e-06,7.781622395809745e-09,8.477246392489041e-14,33.044913800025824,32.99829799996223,0.03289070003665984,32.63268509990303,13.26180049974937,6.480292999825906,3.034933099988848,9.61936059978325,0.3327222000225447,0.0002886999864131212,0.044960099970921874,0.00019729998894035816,114,108,106,0,previous_accepted_state,active_ice_mask_changed,protected_anderson,2,1,coupling_residual_increased,no_cache_phase1,4724,4724,0,0,0
97,8.083333333333334,1,standard,False,False,frozen residual or hard check failed,ice_picard_or_gmres_not_converged,ilu,0.5,0,100,479,0.0018382051418206094,9.435860139335913e-09,inf,inf,inf,21.381552200007718,21.37987159995828,0.0010215999209322035,21.378850000037346,8.693832399614621,4.079036799550522,1.7469019002164714,6.721480600477662,0.0,0.0,0.0,0.00036479998379945755,52,48,51,0,two_state_linear_predictor,,protected_anderson,0,1,failed_attempt_rollback,no_cache_phase1,4724,4724,0,0,0
97,8.083333333333334,2,reset_aitken,True,True,converged,,ilu,0.2,4,272,1237,0.0009784386517336866,2.5850540390322013e-09,5.3832150464935146e-06,7.57181909892492e-09,8.365744854464315e-14,67.67240689997561,67.59520889999112,0.01203179988078773,67.29511250002543,27.875146199949086,12.533833999827038,4.859635500586592,21.622398600331508,0.2880646000849083,0.0005726999952457845,0.07341920002363622,0.00045460002729669213,140,132,136,0,two_state_linear_predictor,,protected_anderson,1,0,,no_cache_phase1,4724,4721,3,3,3
98,8.166666666666666,1,standard,False,False,frozen residual or hard check failed,ice_picard_or_gmres_not_converged,ilu,0.5,0,100,453,0.0015578296067055655,9.700310519706081e-09,inf,inf,inf,24.723811600008048,24.721788199967705,0.0010448999237269163,24.720743300043978,10.365713699837215,4.463600000308361,1.7678763004369102,7.974995900178328,0.0,0.0,0.0,0.0004054000019095838,50,50,49,0,previous_accepted_state,active_ice_mask_changed,protected_anderson,0,1,failed_attempt_rollback,no_cache_phase1,4721,4721,0,0,0
98,8.166666666666666,2,reset_aitken,True,True,converged,,ilu,0.2,8,330,1469,0.0008895150984191219,5.016445313831076e-09,5.067212075558652e-06,7.415426723379465e-09,8.33656381113177e-14,82.94830479996745,82.86267489998136,0.030169899866450578,82.28696120000677,34.19512290006969,15.209826199687086,5.752851300232578,26.62877159996424,0.5455438001081347,0.0005111999926157296,0.08264999999664724,0.00038810004480183125,169,161,161,0,previous_accepted_state,active_ice_mask_changed,protected_anderson,2,1,coupling_residual_increased,no_cache_phase1,4721,4717,4,4,3
99,8.25,1,standard,True,True,converged,,ilu,0.5,8,191,896,0.0008127962799395143,2.3720454878873272e-09,9.393781442990152e-06,7.1642967555419306e-09,8.319908285989262e-14,48.36066069995286,48.26749689999269,0.02775509998900816,47.68036250001751,19.862027499941178,8.880103900504764,3.4129119995050132,15.23555699957069,0.5593792999861762,0.00047740002628415823,0.09012670000083745,0.00036890001501888037,99,92,91,0,previous_accepted_state,active_ice_mask_changed,protected_anderson,2,1,coupling_residual_increased,no_cache_phase1,4717,4713,4,4,4
100,8.333333333333334,1,standard,True,True,converged,,ilu,0.5,8,203,1049,0.0008620717229496695,7.258096435628667e-09,7.967070826971555e-06,6.934443020405054e-09,8.099551556051324e-14,49.663437200011685,49.578013699967414,0.029279900016263127,49.006393099960405,20.179309499566443,9.202867899846751,3.8425387000315823,15.48108349996619,0.5423406999907456,0.0003483999753370881,0.08274230000097305,0.00041799998143687844,105,98,97,0,previous_accepted_state,active_ice_mask_changed,protected_anderson,2,1,coupling_residual_increased,no_cache_phase1,4713,4678,35,35,34
101,8.416666666666666,1,standard,False,False,frozen residual or hard check failed,ice_picard_or_gmres_not_converged,ilu,0.5,0,100,512,0.0012402212288553085,9.82669313070543e-09,inf,inf,inf,23.393878699978814,23.39221159997396,0.0008449999731965363,23.391366600000765,9.772734800353646,4.156301100039855,1.8743827000143938,7.445938600285444,0.0,0.0,0.0,0.0002229000092484057,50,50,49,0,previous_accepted_state,active_ice_mask_changed,protected_anderson,0,1,failed_attempt_rollback,no_cache_phase1,4678,4678,0,0,0
101,8.416666666666666,2,reset_aitken,True,True,converged,,ilu,0.2,8,264,1340,0.0008643052862012515,1.4378403670534003e-11,8.266061734941191e-06,7.108414770069443e-09,8.013694109951974e-14,51.321788000001106,51.267389599990565,0.02398190018720925,50.86638889985625,21.106927599874325,9.656255299632903,4.170903300284408,15.616540099435952,0.3770187999471091,0.0003201999934390187,0.052611300023272634,0.00020860001677647233,135,129,127,0,previous_accepted_state,active_ice_mask_changed,protected_anderson,2,1,coupling_residual_increased,no_cache_phase1,4678,4675,3,3,4
102,8.5,1,standard,True,True,converged,,ilu,0.5,8,209,926,0.0007906320153662287,2.5738951892156986e-09,5.674015953006191e-06,7.300413977388435e-09,8.111071872380915e-14,36.37036649999209,36.29279919998953,0.029040299996268004,35.73746139998548,14.702947899932042,6.743062800436746,2.9178162997122854,11.131364099506754,0.5262975000077859,0.000577000027988106,0.07488249999005347,0.00042180001037195325,107,102,99,0,previous_accepted_state,active_ice_mask_changed,protected_anderson,2,1,coupling_residual_increased,no_cache_phase1,4675,4673,2,2,1
103,8.583333333333334,1,standard,True,True,converged,,ilu,0.5,6,194,1082,0.0008355333424820857,3.2219126828971425e-10,7.186454671590091e-06,7.107008536038737e-09,8.178403450195674e-14,49.893414599995594,49.80307719996199,0.020597499969881028,49.39000529999612,20.173785399761982,9.07204499997897,4.120120699866675,15.732182299776468,0.3924743999959901,0.0005314000300131738,0.08743459999095649,0.000416700029745698,100,94,94,0,previous_accepted_state,active_ice_mask_changed,protected_anderson,1,0,,no_cache_phase1,4673,4672,1,1,1
104,8.666666666666666,1,standard,True,True,converged,,ilu,0.5,8,195,945,0.0008131010347221045,3.108369346032735e-09,7.700539342909878e-06,6.856807408213527e-09,8.116561116671657e-14,46.74738780001644,46.65608029998839,0.028272199968341738,46.07117350003682,18.943247199815232,8.749645799805876,3.4822608998510987,14.608109199849423,0.5566345999832265,0.00033900002017617226,0.08861229999456555,0.0003712000325322151,103,92,95,0,previous_accepted_state,active_ice_mask_changed,protected_anderson,2,1,coupling_residual_increased,no_cache_phase1,4672,4666,6,6,6
105,8.75,1,standard,True,True,converged,,ilu,0.5,8,181,934,0.0007769871159554029,5.13167866201573e-09,8.605898449559899e-06,6.548872024206414e-09,7.968332066812402e-14,43.26950310001848,43.18673989997478,0.029043199901934713,42.63174669997534,17.515664000064135,8.001986800169107,3.3395451001706533,13.50866829988081,0.5259500000975095,0.0005825000116601586,0.07952799997292459,0.00044029997661709785,94,87,86,0,previous_accepted_state,active_ice_mask_changed,protected_anderson,2,1,coupling_residual_increased,no_cache_phase1,4666,4663,3,3,2
106,8.833333333333334,1,standard,True,True,converged,,ilu,0.5,10,206,1071,0.0007074580308054407,3.69132431387621e-10,7.23418116045236e-06,6.254823585635533e-09,7.840414577521045e-14,49.780737399996724,49.70237520005321,0.03507870004978031,49.0389986000373,20.20507199940039,8.995275199995376,3.8712688999949023,15.66593219974311,0.6282978999661282,0.0005676000146195292,0.07518620003247634,0.0003619999624788761,107,99,97,0,previous_accepted_state,active_ice_mask_changed,protected_anderson,3,2,coupling_residual_increased|coupling_residual_increased,no_cache_phase1,4663,4661,2,2,2
107,8.916666666666666,1,standard,True,True,converged,,ilu,0.5,8,160,743,0.0007940622351024545,2.8514757427174813e-09,9.559662049991077e-06,6.110012307954452e-09,7.891918975886988e-14,38.1012765999767,38.001045100041665,0.02891830005683005,37.434572999947704,15.531790899694897,6.947779199748766,2.808644200093113,11.915372600255068,0.5375538000371307,0.0005455999635159969,0.09696789999725297,0.00042420002864673734,83,77,75,0,previous_accepted_state,active_ice_mask_changed,protected_anderson,2,1,coupling_residual_increased,no_cache_phase1,4661,4656,5,5,5
108,9.0,1,standard,True,True,converged,,ilu,0.5,10,155,748,0.0006081784887012596,2.148225192643593e-09,8.756812874166733e-06,5.880833344375089e-09,7.651567577678902e-14,37.68482300004689,37.60993720003171,0.033679200103506446,36.86971669999184,15.147587700164877,7.083254599769134,2.7526496998034418,11.653525400091894,0.7065412999363616,0.000437400012742728,0.07203310000477359,0.0003664999967440963,81,74,71,0,previous_accepted_state,active_ice_mask_changed,protected_anderson,3,2,coupling_residual_increased|coupling_residual_increased,no_cache_phase1,4656,4623,33,33,32
109,9.083333333333334,1,standard,True,True,converged,,ilu,0.5,8,201,1025,0.0008329300046758145,8.447761415124245e-09,7.133262333512989e-06,5.905315501961098e-09,7.521341266883949e-14,48.425205799983814,48.34188169997651,0.028838599915616214,47.75245000002906,19.796235699846875,8.813876399770379,3.7637069997144863,15.085388399893418,0.5605931000318378,0.0003589999978430569,0.08040159998927265,0.00037699996028095484,103,98,95,0,previous_accepted_state,active_ice_mask_changed,protected_anderson,2,1,coupling_residual_increased,no_cache_phase1,4623,4618,5,5,5
110,9.166666666666666,1,standard,True,True,converged,,ilu,0.5,10,175,875,0.0006285661895436308,4.46490356611792e-09,8.162169177569034e-06,6.109576259125962e-09,7.555390288139743e-14,41.78451599995606,41.71357129997341,0.03143629990518093,41.00779760006117,17.010169400309678,7.742061499971896,3.148485600366257,12.849506999715231,0.6743374000070617,0.00048430002061650157,0.0680655000032857,0.0002226999495178461,92,83,82,0,previous_accepted_state,active_ice_mask_changed,protected_anderson,3,2,coupling_residual_increased|coupling_residual_increased,no_cache_phase1,4618,4616,2,2,2
111,9.25,1,standard,True,True,converged,,ilu,0.5,10,186,960,0.0006735049208999106,8.567234329236573e-09,7.6218032193499105e-06,5.85404456035645e-09,7.538299833926428e-14,45.36344360001385,45.28205759997945,0.035251199966296554,44.56827310001245,18.464065800362732,8.164341000083368,3.523618000210263,14.132144100323785,0.6785333000007086,0.00036260002525523305,0.07862290000775829,0.0004194999928586185,98,88,88,0,previous_accepted_state,active_ice_mask_changed,protected_anderson,3,2,coupling_residual_increased|coupling_residual_increased,no_cache_phase1,4616,4614,2,2,1
112,9.333333333333334,1,standard,False,False,frozen residual or hard check failed,ice_picard_or_gmres_not_converged,ilu,0.5,0,100,508,0.0010212756774780419,8.922442375671863e-09,inf,inf,inf,23.360791699960828,23.358649800007697,0.0010568000143393874,23.357592999993358,9.879480700066779,4.1721029002801515,1.8320044999127276,7.331287599983625,0.0,0.0,0.0,0.00042319996282458305,50,50,49,0,previous_accepted_state,active_ice_mask_changed,protected_anderson,0,1,failed_attempt_rollback,no_cache_phase1,4614,4614,0,0,0
112,9.333333333333334,2,reset_aitken,True,True,converged,,ilu,0.2,8,234,1151,0.000868409236242171,6.186853159212697e-09,9.78679099302763e-06,5.586016553602028e-09,7.523735271542653e-14,55.490434299979825,55.3976057000109,0.02951240009861067,54.81931779999286,22.785774899588432,9.940086300077382,4.241263100004289,17.502870399446692,0.5487754999194294,0.0004947999841533601,0.08984020003117621,0.00040749995969235897,120,114,112,0,previous_accepted_state,active_ice_mask_changed,protected_anderson,2,1,coupling_residual_increased,no_cache_phase1,4614,4611,3,3,3
113,9.416666666666666,1,standard,True,True,converged,,ilu,0.5,6,181,951,0.0007928479297318529,4.846908882408671e-09,9.922027343616279e-06,5.304212624460758e-09,7.349681400912226e-14,43.405059800017625,43.32056950003607,0.021790500031784177,42.880698000022676,17.80656720022671,7.802475799748208,3.458102100121323,13.552877400594298,0.41808099998161197,0.0005645999917760491,0.0816012000432238,0.0003654999891296029,93,88,87,0,previous_accepted_state,active_ice_mask_changed,protected_anderson,1,0,,no_cache_phase1,4611,4608,3,3,3
114,9.5,1,standard,True,True,converged,,ilu,0.5,5,229,1133,0.0009852481337798403,1.8697764500627154e-09,8.077214377516806e-06,4.9842585753748545e-09,7.162419074811328e-14,48.73120849998668,48.68464040005347,0.0167304000351578,48.43971770000644,20.314881000260357,8.656571199710015,3.9338898999849334,15.224825499637518,0.22819230001186952,0.00029799999902024865,0.04449749999912456,0.00019399996381253004,116,113,111,0,previous_accepted_state,active_ice_mask_changed,protected_anderson,1,0,,no_cache_phase1,4608,4602,6,6,6
115,9.583333333333334,1,standard,False,False,frozen residual or hard check failed,ice_picard_or_gmres_not_converged,ilu,0.5,0,100,533,0.001483808414816975,7.772137986012398e-09,inf,inf,inf,14.517552200006321,14.516386599978432,0.0008240999886766076,14.515562499989755,5.846437599975616,2.7661766000674106,1.4263117998489179,4.371489300392568,0.0,0.0,0.0,0.00027820002287626266,50,50,49,0,previous_accepted_state,active_ice_mask_changed,protected_anderson,0,1,failed_attempt_rollback,no_cache_phase1,4602,4602,0,0,0
115,9.583333333333334,2,reset_aitken,True,True,converged,,ilu,0.2,11,287,1416,0.0007253959432478853,3.645283927655038e-09,7.4459465079436815e-06,4.783510499915722e-09,7.266864452240741e-14,41.16668580000987,41.114580900000874,0.04485220002243295,40.611267299973406,16.338591999432538,7.926824499794748,3.922024001076352,12.125335199933033,0.4584614000050351,0.000298099999781698,0.05045899999095127,0.00018639996415004134,148,139,137,0,previous_accepted_state,active_ice_mask_changed,protected_anderson,2,1,coupling_residual_increased,no_cache_phase1,4602,4577,25,25,24
116,9.666666666666666,1,standard,True,True,converged,,ilu,0.5,7,216,1123,0.0008388095609640014,3.3033398150794362e-09,8.549621175110155e-06,4.6587927558645234e-09,7.253970448969206e-14,33.24019290000433,33.18998850003118,0.027575200074352324,32.85932669992326,13.28603510017274,6.1749060994479805,3.2363593000918627,9.917625100293662,0.30308660003356636,0.0003418999840505421,0.048262800031807274,0.00034470000537112355,111,105,104,0,previous_accepted_state,active_ice_mask_changed,protected_anderson,1,0,,no_cache_phase1,4577,4565,12,12,12
117,9.75,1,standard,True,True,converged,,ilu,0.5,6,213,1137,0.0009922831294517235,5.71291863262152e-09,7.73111478243979e-06,4.874881172676982e-09,7.110337212591164e-14,32.598194600024726,32.54845940001542,0.023878600040916353,32.27933429996483,13.129053800541442,6.063007399439812,3.242319099663291,9.599134800664615,0.24524650000967085,0.0003449000068940222,0.04763540002750233,0.0002340000355616212,109,104,103,0,previous_accepted_state,active_ice_mask_changed,protected_anderson,1,0,,no_cache_phase1,4565,4562,3,3,3
118,9.833333333333334,1,standard,False,False,frozen residual or hard check failed,ice_picard_or_gmres_not_converged,ilu,0.5,0,100,530,0.0010774315360274351,9.882646415820077e-09,inf,inf,inf,15.29487899999367,15.293719499954022,0.0007354999543167651,15.292983999999706,6.1807584998896345,2.8838869004393928,1.5765694995061494,4.539922699856106,0.0,0.0,0.0,0.00021000002743676305,51,49,50,0,previous_accepted_state,active_ice_mask_changed,protected_anderson,0,1,failed_attempt_rollback,no_cache_phase1,4562,4562,0,0,0
118,9.833333333333334,2,reset_aitken,True,True,converged,,ilu,0.2,11,243,1280,0.0006667287843711284,5.630708087329412e-10,7.618252907709522e-06,4.790655404076527e-09,7.190272374686147e-14,37.87726850004401,37.8303621999803,0.04658640007255599,37.28007259988226,15.100713800638914,7.147790799790528,3.7145713004865684,11.028777999745216,0.503703200025484,0.0002880000392906368,0.04525540000759065,0.0002590999938547611,126,117,115,0,previous_accepted_state,active_ice_mask_changed,protected_anderson,2,1,coupling_residual_increased,no_cache_phase1,4562,4559,3,3,2
119,9.916666666666666,1,standard,True,True,converged,,ilu,0.5,8,180,950,0.000723704712602722,8.384702473036211e-09,6.51216452133646e-06,4.456415106077909e-09,6.962033356300769e-14,28.322755600034725,28.266973400022835,0.029141199949663132,27.836702700064052,11.13246379973134,5.2984320998657495,2.79392000020016,8.39369129971601,0.4011295000091195,0.00037540000630542636,0.05343289999291301,0.00021520000882446766,94,86,86,0,previous_accepted_state,active_ice_mask_changed,protected_anderson,2,1,coupling_residual_increased,no_cache_phase1,4559,4556,3,3,3
120,10.0,1,standard,False,False,frozen residual or hard check failed,ice_picard_or_gmres_not_converged,ilu,0.5,0,100,501,0.001758553318026961,9.965805471317733e-09,inf,inf,inf,17.152159699995536,17.150857299973723,0.0006589999538846314,17.150198300019838,6.979465800221078,3.1153641997952946,1.587308099900838,5.346819199738093,0.0,0.0,0.0,0.00019719998817890882,50,50,49,0,previous_accepted_state,active_ice_mask_changed,protected_anderson,0,1,failed_attempt_rollback,no_cache_phase1,4556,4556,0,0,0
120,10.0,2,reset_aitken,True,True,converged,,ilu,0.2,11,302,1441,0.0005927282328282235,5.768082858006997e-09,5.506097037723009e-06,4.105353249405147e-09,6.816124926797078e-14,46.00922420003917,45.959448399953544,0.04494059982243925,45.43347560008988,18.23736330040265,8.784800300083589,4.24565310095204,13.816871800401714,0.48103220004122704,0.0011339000193402171,0.046789899992290884,0.00019500002963468432,156,146,145,0,previous_accepted_state,active_ice_mask_changed,protected_anderson,2,1,coupling_residual_increased,no_cache_phase1,4556,4554,2,2,2
121,10.083333333333334,1,standard,True,True,converged,,ilu,0.5,10,190,1029,0.00046268356852352424,2.158125691370935e-11,7.18413920721566e-06,3.854797105165246e-09,6.651028402728411e-14,29.84254179999698,29.789984999981243,0.03979160002199933,29.274720400047954,11.818361799989361,5.550362600188237,2.9418678001966327,8.741111100185663,0.47547299991128966,0.00036700000055134296,0.05084709997754544,0.00019390002125874162,100,90,90,0,previous_accepted_state,active_ice_mask_changed,protected_anderson,2,1,anderson_step_guard,no_cache_phase1,4554,4548,6,6,5
122,10.166666666666666,1,standard,True,True,converged,,ilu,0.5,11,205,1086,0.0006962811594554648,7.14421164101055e-09,8.744498355760316e-06,3.5453528127577394e-09,6.604499834983632e-14,33.084528999985196,33.02818449999904,0.03892019984778017,32.48610850004479,13.005026499682572,6.326901299820747,3.2280358995776623,9.679511799884494,0.5031558001064695,0.0003340000403113663,0.054491400020197034,0.0002511999919079244,108,97,97,0,previous_accepted_state,active_ice_mask_changed,protected_anderson,3,2,coupling_residual_increased|coupling_residual_increased,no_cache_phase1,4548,4542,6,6,6
123,10.25,1,standard,True,True,converged,,ilu,0.5,11,182,975,0.000346115483978165,6.480605026404628e-09,6.006243454489023e-06,3.3031058359246075e-09,6.580984198698738e-14,31.57658510003239,31.517651900008786,0.048286500154063106,30.936139299883507,12.56304999999702,5.797229900083039,2.9721368000027724,9.373839700303506,0.5332260999712162,0.0006954999989829957,0.056531400012318045,0.0001998000079765916,96,86,85,0,previous_accepted_state,active_ice_mask_changed,protected_anderson,2,1,coupling_residual_increased,no_cache_phase1,4542,4513,29,29,28
124,10.333333333333334,1,standard,True,True,converged,,ilu,0.5,6,178,943,0.0008812926764075507,5.9221425256681e-09,9.748099225694752e-06,3.214058861089688e-09,6.556705231321783e-14,32.18596570001682,32.127583499997854,0.03480139997554943,31.771291400073096,12.967564800346736,5.676490500394721,2.9494108998333104,9.95264709967887,0.32149069994920865,0.00035420001950114965,0.0557058000122197,0.00037670001620426774,91,87,85,0,previous_accepted_state,active_ice_mask_changed,protected_anderson,1,0,,no_cache_phase1,4513,4505,8,8,8
125,10.416666666666666,1,standard,False,False,frozen residual or hard check failed,ice_picard_or_gmres_not_converged,ilu,0.5,0,100,539,0.0015166523775770183,9.606734714316628e-09,inf,inf,inf,16.16095769999083,16.15927460003877,0.0008708000532351434,16.158403799985535,6.686526299396064,2.894567800220102,1.5861351997009479,4.873786699725315,0.0,0.0,0.0,0.00030559999868273735,50,50,49,0,previous_accepted_state,active_ice_mask_changed,protected_anderson,0,1,failed_attempt_rollback,no_cache_phase1,4505,4505,0,0,0
125,10.416666666666666,2,reset_aitken,True,True,converged,,ilu,0.2,8,293,1544,0.0008413984393713737,2.697621547506836e-11,9.068268100005406e-06,3.4200923860141446e-09,6.484502844691205e-14,55.394030900031794,55.29346319998149,0.03415989992208779,54.680629200011026,22.476506099745166,10.012141499959398,5.047765699389856,16.760441299993545,0.5786741000483744,0.0005107999895699322,0.09782989998348057,0.00038320000749081373,150,143,142,0,previous_accepted_state,active_ice_mask_changed,protected_anderson,1,0,,no_cache_phase1,4505,4503,2,2,2
126,10.5,1,standard,True,True,converged,,ilu,0.5,6,222,1151,0.000651316014513459,2.4291065167866278e-11,9.512777005643989e-06,3.2185877572553962e-09,6.302499495344049e-14,68.65871089999564,68.55491910001729,0.024225700180977583,67.99156179995043,28.742326899780892,11.688952800177503,5.276943699805997,21.89403769967612,0.5391315998858772,0.0006230000290088356,0.10016469995025545,0.000451600004453212,113,109,107,0,previous_accepted_state,active_ice_mask_changed,protected_anderson,1,0,,no_cache_phase1,4503,4499,4,4,3
127,10.583333333333334,1,standard,False,False,frozen residual or hard check failed,ice_picard_or_gmres_not_converged,ilu,0.5,0,100,572,0.0012979084616498448,9.946114059104558e-09,inf,inf,inf,25.871508200012613,25.868050800054334,0.0021724000689573586,25.865878399985377,10.754256099869963,4.423669100156985,2.254840500187129,8.280691100168042,0.0,0.0,0.0,0.0015102000324986875,50,50,49,0,previous_accepted_state,active_ice_mask_changed,protected_anderson,0,1,failed_attempt_rollback,no_cache_phase1,4499,4499,0,0,0
127,10.583333333333334,2,reset_aitken,True,True,converged,,ilu,0.2,11,274,1513,0.0006905049588295375,1.1261781481941255e-09,7.3605162163226616e-06,2.8655736878854833e-09,6.391556135167548e-14,45.12693600001512,45.07687420002185,0.044992699986323714,44.53570509998826,18.00868660013657,8.272788099769969,4.410447000002023,13.509143400355242,0.49617640004726127,0.00041420001070946455,0.04660560004413128,0.00020130001939833164,142,132,131,0,previous_accepted_state,active_ice_mask_changed,protected_anderson,2,1,coupling_residual_increased,no_cache_phase1,4499,4498,1,1,1
128,10.666666666666666,1,standard,False,False,frozen residual or hard check failed,ice_picard_or_gmres_not_converged,ilu,0.5,0,100,602,0.001342922754243658,7.91034938843966e-09,inf,inf,inf,15.998383400030434,15.997139999992214,0.0008363000233657658,15.996303699968848,6.52928290021373,2.838510599336587,1.7345677003031597,4.77504530036822,0.0,0.0,0.0,0.0002707000239752233,50,50,49,0,previous_accepted_state,active_ice_mask_changed,protected_anderson,0,1,failed_attempt_rollback,no_cache_phase1,4498,4498,0,0,0
128,10.666666666666666,2,reset_aitken,True,True,converged,,ilu,0.2,14,289,1642,0.0004917829675287964,2.963882364369164e-09,9.961871971091242e-06,2.582948159385968e-09,6.264029393842215e-14,64.63539660000242,64.52205530001083,0.05842860002303496,63.35046919999877,25.822870300267823,11.618081099819392,5.629614800331183,19.863777500286233,1.113157499989029,0.0007755000260658562,0.1100876999553293,0.0004545999690890312,151,138,137,0,previous_accepted_state,active_ice_mask_changed,protected_anderson,5,4,anderson_step_guard|coupling_residual_increased|coupling_residual_increased|coupling_residual_increased,no_cache_phase1,4498,4491,7,7,7
129,10.75,1,standard,False,False,frozen residual or hard check failed,ice_picard_or_gmres_not_converged,ilu,0.5,0,100,559,0.001560343414703207,9.972930824766021e-09,inf,inf,inf,30.99491280002985,30.99266659998102,0.0012398000108078122,30.991426799970213,12.926522399880923,5.267170900013298,2.4234207996050827,10.194979700143449,0.0,0.0,0.0,0.00044979999074712396,51,49,50,0,previous_accepted_state,active_ice_mask_changed,protected_anderson,0,1,failed_attempt_rollback,no_cache_phase1,4491,4491,0,0,0
129,10.75,2,reset_aitken,True,True,converged,,ilu,0.2,8,296,1552,0.0008238939388739827,9.878493573239803e-09,7.663500469963966e-06,2.261308107347999e-09,6.068505303558571e-14,91.5778364999569,91.47330810001586,0.03235210012644529,90.7272361999494,38.03821319970302,15.789159500505775,6.921555699780583,29.481646499887574,0.7137197999400087,0.0006352000054903328,0.10107350000180304,0.00043270003516227007,151,145,143,0,previous_accepted_state,active_ice_mask_changed,protected_anderson,2,1,coupling_residual_increased,no_cache_phase1,4491,4484,7,7,6
130,10.833333333333334,1,standard,False,False,frozen residual or hard check failed,ice_picard_or_gmres_not_converged,ilu,0.5,0,100,546,0.0014684467388500074,8.241004690534176e-09,inf,inf,inf,19.968093499948736,19.96597959997598,0.0008416999480687082,19.965137900027912,8.310900199925527,3.5318397002411075,1.8106932996306568,6.182756300200708,0.0,0.0,0.0,0.00047369999811053276,50,50,49,0,previous_accepted_state,active_ice_mask_changed,protected_anderson,0,1,failed_attempt_rollback,no_cache_phase1,4484,4484,0,0,0
130,10.833333333333334,2,reset_aitken,True,True,converged,,ilu,0.2,8,302,1601,0.0007974799318586494,1.6855657748304838e-11,6.899579479687167e-06,1.9664789708129123e-09,6.051898486787783e-14,53.900421700032894,53.80104410002241,0.034033300005830824,53.103227799991146,21.816490300290752,9.609936099965125,4.931857600167859,16.358754500339273,0.6637830000254326,0.0005089000333100557,0.09587829996598884,0.00047339999582618475,154,148,146,0,previous_accepted_state,active_ice_mask_changed,protected_anderson,2,1,coupling_residual_increased,no_cache_phase1,4484,4462,22,22,22
131,10.916666666666666,1,standard,False,False,frozen residual or hard check failed,ice_picard_or_gmres_not_converged,ilu,0.5,0,100,530,0.0014062638015011077,9.334018510272601e-09,inf,inf,inf,31.539982299960684,31.5377434999682,0.0010587999131530523,31.536684700055048,13.529372100252658,5.053111799701583,2.5248447999474593,10.264733599848114,0.0,0.0,0.0,0.0004419999895617366,50,50,49,0,previous_accepted_state,active_ice_mask_changed,protected_anderson,0,1,failed_attempt_rollback,no_cache_phase1,4462,4462,0,0,0
131,10.916666666666666,2,reset_aitken,True,True,converged,,ilu,0.2,18,289,1505,0.0005147606503496374,1.3425522240542308e-09,9.836864600455108e-06,1.9093905468040292e-09,6.033624183478855e-14,73.36417529999744,73.3100429000333,0.07392279990017414,72.36145500000566,29.886894200113602,12.583445699885488,6.08573360031005,23.33569110033568,0.8746651001274586,0.0003399999695830047,0.05164010002044961,0.0003515999997034669,153,136,135,0,previous_accepted_state,active_ice_mask_changed,protected_anderson,6,5,anderson_step_guard|anderson_step_guard|coupling_residual_increased|anderson_step_guard|coupling_residual_increased,no_cache_phase1,4462,4452,10,10,10
132,11.0,1,standard,False,False,frozen residual or hard check failed,ice_picard_or_gmres_not_converged,ilu,0.5,0,100,566,0.0014161869824602712,9.996135259596496e-09,inf,inf,inf,16.126522100006696,16.124878700007685,0.0007135000196285546,16.124165199988056,6.586920199741144,2.8679962000460364,1.6514402001048438,4.895296599832363,0.0,0.0,0.0,0.00019420002354308963,50,50,49,0,previous_accepted_state,active_ice_mask_changed,protected_anderson,0,1,failed_attempt_rollback,no_cache_phase1,4452,4452,0,0,0
132,11.0,2,reset_aitken,True,True,converged,,ilu,0.2,11,297,1622,0.000615024182364948,9.575965735322572e-10,6.712789151210122e-06,1.9754581714226188e-09,5.93543689267467e-14,74.54613700002665,74.44746180000948,0.0425563000026159,73.55018010002095,30.787705800088588,12.628676700696815,6.292868099466432,23.36836499942001,0.8547253999859095,0.0006455000257119536,0.0948363000061363,0.0005676000146195292,153,144,142,0,previous_accepted_state,active_ice_mask_changed,protected_anderson,3,2,coupling_residual_increased|coupling_residual_increased,no_cache_phase1,4452,4446,6,6,5
133,11.083333333333334,1,standard,False,False,frozen residual or hard check failed,ice_picard_or_gmres_not_converged,ilu,0.5,0,100,602,0.0015696736665677588,9.905261835009606e-09,inf,inf,inf,30.533095699967816,30.530947800027207,0.0011882000253535807,30.529759600001853,12.816425900207832,5.254816800181288,2.4974550000042655,9.793653699860442,0.0,0.0,0.0,0.0003798999823629856,51,49,50,0,previous_accepted_state,active_ice_mask_changed,protected_anderson,0,1,failed_attempt_rollback,no_cache_phase1,4446,4446,0,0,0
133,11.083333333333334,2,reset_aitken,True,True,converged,,ilu,0.2,23,299,1692,0.00039438495850313283,1.8074946213207777e-09,9.976550304280982e-06,1.8890785648860393e-09,5.903247274369133e-14,57.17555430001812,57.12668540002778,0.09568079997552559,55.975732000079006,22.802681699686218,10.455369300150778,5.332723899860866,16.98337169951992,1.0552725999732502,0.0003075999557040632,0.04622419999213889,0.00019400002202019095,162,137,139,0,previous_accepted_state,active_ice_mask_changed,protected_anderson,8,7,coupling_residual_increased|anderson_step_guard|coupling_residual_increased|anderson_step_guard|coupling_residual_increased|anderson_step_guard|coupling_residual_increased,no_cache_phase1,4446,4441,5,5,5
134,11.166666666666666,1,standard,False,False,frozen residual or hard check failed,ice_picard_or_gmres_not_converged,ilu,0.5,0,100,631,0.0019661392851233455,9.805840460921294e-09,inf,inf,inf,18.75943690002896,18.758020200009923,0.0010881000198423862,18.75693209999008,7.58143510017544,3.332585000083782,1.9836806999519467,5.72641740005929,0.0,0.0,0.0,0.0003648999845609069,51,49,50,0,previous_accepted_state,active_ice_mask_changed,protected_anderson,0,1,failed_attempt_rollback,no_cache_phase1,4441,4441,0,0,0
134,11.166666666666666,2,reset_aitken,True,True,converged,,ilu,0.2,6,341,1997,0.0008660565830124811,2.3862333782593912e-09,9.991118680652714e-06,1.5249703819979534e-09,5.662575543875956e-14,101.17538680002326,101.12622009997722,0.02524029993219301,100.69779270008439,41.83619599969825,17.22887160006212,8.486721400346141,32.59293139993679,0.4031870999606326,0.00037480000173673034,0.0468068000045605,0.00019799999427050352,175,166,169,0,previous_accepted_state,active_ice_mask_changed,protected_anderson,1,0,,no_cache_phase1,4441,4438,3,3,2
135,11.25,1,standard,False,False,frozen residual or hard check failed,ice_picard_or_gmres_not_converged,ilu,0.5,0,100,631,0.0023791719792573517,8.392713865285308e-09,inf,inf,inf,16.168147700023837,16.167052799952216,0.0006924999179318547,16.166360300034285,6.499851399974432,2.934497300069779,1.780337599804625,4.829206700262148,0.0,0.0,0.0,0.00020399998174980283,51,49,50,0,previous_accepted_state,active_ice_mask_changed,protected_anderson,0,1,failed_attempt_rollback,no_cache_phase1,4438,4438,0,0,0
135,11.25,2,reset_aitken,True,True,converged,,ilu,0.2,18,371,2277,0.0005380811260235312,5.654552365610742e-09,9.995347337900217e-06,1.3804563302057585e-09,5.6656327216757274e-14,86.06401370000094,85.959671300021,0.09423459984827787,84.23950830020476,34.22573609900428,15.119760599976871,7.832936100254301,26.498847899667453,1.625928399967961,0.0006224000244401395,0.10125269996933639,0.00047279999125748873,195,176,177,0,previous_accepted_state,active_ice_mask_changed,protected_anderson,6,5,anderson_step_guard|coupling_residual_increased|anderson_step_guard|coupling_residual_increased|anderson_step_guard,no_cache_phase1,4438,4434,4,4,4
136,11.333333333333334,1,standard,False,False,frozen residual or hard check failed,ice_picard_or_gmres_not_converged,ilu,0.5,0,100,629,0.0030920475920754925,8.183576639041858e-09,inf,inf,inf,31.201729400025215,31.199502900009975,0.0010786000057123601,31.198424300004262,13.105936400126666,5.004156500508543,2.705639399937354,10.21425229992019,0.0,0.0,0.0,0.00045330001739785075,50,50,49,0,previous_accepted_state,active_ice_mask_changed,protected_anderson,0,1,failed_attempt_rollback,no_cache_phase1,4434,4434,0,0,0
136,11.333333333333334,2,reset_aitken,True,True,converged,,ilu,0.2,6,472,2669,0.0009447393931943383,1.8146669832665421e-09,7.061404368724855e-06,1.1740396075119163e-09,5.594142037887609e-14,94.89360489998944,94.79165579995606,0.028041499899700284,94.26256370008923,38.676370699715335,16.430434900627006,8.876833600457758,29.604811599536333,0.5010505999671295,0.0006425000028684735,0.09813260001828894,0.00043889996595680714,238,234,232,0,previous_accepted_state,active_ice_mask_changed,protected_anderson,1,0,,no_cache_phase1,4434,4428,6,6,6
137,11.416666666666666,1,standard,False,False,frozen residual or hard check failed,ice_picard_or_gmres_not_converged,ilu,0.5,0,100,625,0.002205236548997538,8.783990354882555e-09,inf,inf,inf,33.79329430003418,33.78985160001321,0.0011221000459045172,33.7887294999673,13.726449799665716,6.059926200367045,3.005239700025413,10.807931000133976,0.0,0.0,0.0,0.0003844000166282058,50,50,49,0,previous_accepted_state,active_ice_mask_changed,protected_anderson,0,1,failed_attempt_rollback,no_cache_phase1,4428,4428,0,0,0
137,11.416666666666666,2,reset_aitken,True,True,converged,,ilu,0.2,15,351,2138,0.0006186830299405779,4.801595734300284e-09,9.831679106116625e-06,1.1012874824961432e-09,5.628731059241443e-14,80.30492460000096,80.24811460002093,0.058348100050352514,79.51475739997113,33.14434899901971,13.952849399705883,7.495239700190723,24.412142600747757,0.6750090999994427,0.0004915999597869813,0.05421530001331121,0.00020220002625137568,182,169,167,0,previous_accepted_state,active_ice_mask_changed,protected_anderson,4,3,coupling_residual_increased|coupling_residual_increased|coupling_residual_increased,no_cache_phase1,4428,4403,25,25,23
138,11.5,1,standard,False,False,frozen residual or hard check failed,ice_picard_or_gmres_not_converged,ilu,0.5,0,100,601,0.0010761971492284502,8.442820873550325e-09,inf,inf,inf,16.038805600022897,16.03750959999161,0.001240899960976094,16.036268700030632,6.563503599609248,2.863474700367078,1.725049099768512,4.764479800011031,0.0,0.0,0.0,0.00031620002118870616,51,49,50,0,previous_accepted_state,active_ice_mask_changed,protected_anderson,0,1,failed_attempt_rollback,no_cache_phase1,4403,4403,0,0,0
138,11.5,2,reset_aitken,True,True,converged,,ilu,0.2,10,269,1562,0.000770183462758815,1.4830525226941155e-09,7.665702376509558e-06,1.0421465064067679e-09,5.400651213077495e-14,78.0309830000042,77.92562130000442,0.039567100058775395,76.98881249997066,32.01597269944614,13.42299620009726,6.523354400182143,24.561947600566782,0.8972416999749839,0.0005322999786585569,0.10209890000987798,0.0004021000349894166,137,132,127,0,previous_accepted_state,active_ice_mask_changed,protected_anderson,3,2,coupling_residual_increased|coupling_residual_increased,no_cache_phase1,4403,4395,8,8,9
139,11.583333333333334,1,standard,False,False,frozen residual or hard check failed,ice_picard_or_gmres_not_converged,ilu,0.5,0,100,526,0.0012655035754085301,9.430735580503029e-09,inf,inf,inf,27.90177410002798,27.896291900018696,0.0011382000520825386,27.895153699966613,11.80155050009489,4.539363499847241,2.2121459000045434,9.183000100078061,0.0,0.0,0.0,0.00036780000664293766,52,48,51,0,previous_accepted_state,active_ice_mask_changed,protected_anderson,0,1,failed_attempt_rollback,no_cache_phase1,4395,4395,0,0,0
139,11.583333333333334,2,reset_aitken,True,True,converged,,ilu,0.2,11,276,1450,0.0007080856934804176,5.638092275775419e-10,8.8313285966095e-06,1.2005377747246496e-09,5.4493739114576757e-14,45.258210900006816,45.208489099983126,0.043818899895995855,44.68051530007506,18.45427009963896,8.005352399719413,4.294178999902215,13.57885610050289,0.4841549000120722,0.0003188000409863889,0.04710600001271814,0.00020340003538876772,144,132,133,0,previous_accepted_state,active_ice_mask_changed,protected_anderson,2,1,coupling_residual_increased,no_cache_phase1,4395,4388,7,7,6
140,11.666666666666666,1,standard,False,False,frozen residual or hard check failed,ice_picard_or_gmres_not_converged,ilu,0.5,0,100,587,0.0015654386061374622,9.937364285190532e-09,inf,inf,inf,24.480048700002953,24.478297299996484,0.0010607999865897,24.477236500009894,10.206126500212122,4.110679500037804,2.2596021000063047,7.752187000180129,0.0,0.0,0.0,0.00044920004438608885,50,50,49,0,previous_accepted_state,active_ice_mask_changed,protected_anderson,0,1,failed_attempt_rollback,no_cache_phase1,4388,4388,0,0,0
140,11.666666666666666,2,reset_aitken,True,True,converged,,ilu,0.2,8,329,1818,0.0008924554536199138,8.107337130949913e-10,7.801015404873681e-06,1.2284460603397424e-09,5.3746388225500407e-14,92.19381409999914,92.13889509998262,0.03248069999972358,91.63552919996437,38.520985399605706,15.340705899870954,7.643390800221823,29.58093250048114,0.47088520001852885,0.00031209998996928334,0.052168099966365844,0.0003856000257655978,168,161,160,0,previous_accepted_state,active_ice_mask_changed,protected_anderson,1,0,,no_cache_phase1,4388,4386,2,2,2
141,11.75,1,standard,False,False,frozen residual or hard check failed,ice_picard_or_gmres_not_converged,ilu,0.5,0,100,592,0.0025705466672532704,9.933883777513764e-09,inf,inf,inf,15.974865299998783,15.973201400018297,0.0008846000418998301,15.972316799976397,6.531839899776969,2.8050458998186514,1.6742290003458038,4.838660200010054,0.0,0.0,0.0,0.00020049995509907603,50,50,49,0,previous_accepted_state,active_ice_mask_changed,protected_anderson,0,1,failed_attempt_rollback,no_cache_phase1,4386,4386,0,0,0
141,11.75,2,reset_aitken,True,True,converged,,ilu,0.2,8,426,2332,0.0007206652070715384,1.8038086197506804e-09,9.165383061676723e-06,1.2457186960357598e-09,5.341443433654836e-14,110.40712689998327,110.33809770003427,0.03450939984759316,109.64898560004076,45.85150440043071,18.898600200016517,8.91172450047452,35.33138870028779,0.6546027001459152,0.0008048999588936567,0.06636850000359118,0.00043450004886835814,217,209,209,0,previous_accepted_state,active_ice_mask_changed,protected_anderson,1,0,,no_cache_phase1,4386,4380,6,6,5
142,11.833333333333334,1,standard,False,False,frozen residual or hard check failed,ice_picard_or_gmres_not_converged,ilu,0.5,0,100,615,0.003501365095787013,6.674592132329024e-09,inf,inf,inf,16.843361300008837,16.841129900014494,0.000686699990183115,16.84044320002431,6.9059330997406505,2.9570128997438587,1.7686390999588184,5.08187870006077,0.0,0.0,0.0,0.00021269998978823423,51,49,50,0,previous_accepted_state,active_ice_mask_changed,protected_anderson,0,1,failed_attempt_rollback,no_cache_phase1,4380,4380,0,0,0
142,11.833333333333334,2,reset_aitken,True,True,converged,,ilu,0.2,19,493,2772,0.0005479031065395329,8.846757994489367e-10,9.326629025549738e-06,1.2580952308987256e-09,5.332070754978092e-14,120.213145500049,120.10938420001185,0.09685009997338057,118.40049790003104,49.07933139929082,20.79214040079387,10.273391400347464,37.48962910001865,1.6120362000074238,0.0006184999947436154,0.10100190003868192,0.0004737999988719821,257,236,238,0,previous_accepted_state,active_ice_mask_changed,protected_anderson,6,5,coupling_residual_increased|coupling_residual_increased|coupling_residual_increased|coupling_residual_increased|anderson_step_guard,no_cache_phase1,4380,4375,5,5,5
143,11.916666666666666,1,standard,False,False,frozen residual or hard check failed,ice_picard_or_gmres_not_converged,ilu,0.5,0,100,551,0.003404202496664304,9.691505878772801e-09,inf,inf,inf,24.92042679997394,24.918533899995964,0.0007026999955996871,24.917831200000364,10.37645220005652,4.276434399653226,2.151363300275989,7.9584677999373525,0.0,0.0,0.0,0.00019650004105642438,51,49,50,0,previous_accepted_state,active_ice_mask_changed,protected_anderson,0,1,failed_attempt_rollback,no_cache_phase1,4375,4375,0,0,0
143,11.916666666666666,2,reset_aitken,True,True,converged,,ilu,0.2,8,502,2613,0.0008640810868490328,6.605314278652158e-09,6.133784313327941e-06,1.3612422844474974e-09,5.1675079287464684e-14,109.99397810001392,109.88419960002648,0.032687700004316866,109.19949429994449,45.42616549949162,18.65612620045431,9.35518400016008,35.024994000734296,0.6520176000776701,0.0006259999936446548,0.106937000004109,0.0004610000178217888,254,248,246,0,previous_accepted_state,active_ice_mask_changed,protected_anderson,2,1,coupling_residual_increased,no_cache_phase1,4375,4370,5,5,5
144,12.0,1,standard,False,False,frozen residual or hard check failed,ice_picard_or_gmres_not_converged,ilu,0.5,0,100,558,0.0030143588964335584,9.742920475969001e-09,inf,inf,inf,31.201497000001837,31.199453000037465,0.0011686000507324934,31.198284399986733,12.921623299655039,5.317364199901931,2.468852899794001,10.318155400105752,0.0,0.0,0.0,0.0003844000166282058,50,50,49,0,previous_accepted_state,active_ice_mask_changed,protected_anderson,0,1,failed_attempt_rollback,no_cache_phase1,4370,4370,0,0,0
144,12.0,2,reset_aitken,True,True,converged,,ilu,0.2,6,480,2526,0.0009206717497313015,9.456887736002178e-10,9.982955480686994e-06,1.5137302276387e-09,5.159173562363832e-14,99.5476886999677,99.4245121999993,0.05403719993773848,98.89079080004012,41.19430329964962,16.842364599811845,8.901166900119279,31.238110701204278,0.4796842000214383,0.0005317000322975218,0.11990140000125393,0.000492099963594228,243,237,237,0,previous_accepted_state,active_ice_mask_changed,protected_anderson,1,0,,no_cache_phase1,4370,4345,25,25,24
145,12.083333333333334,1,standard,False,False,frozen residual or hard check failed,ice_picard_or_gmres_not_converged,ilu,0.5,0,100,539,0.0025589122757913385,9.707729030390327e-09,inf,inf,inf,31.113034600042738,31.11050609999802,0.0012288999860174954,31.109277200012002,13.439927199971862,5.12312139995629,2.3958277000347152,9.964502500137314,0.0,0.0,0.0,0.0004559000371955335,52,48,51,0,previous_accepted_state,active_ice_mask_changed,protected_anderson,0,1,failed_attempt_rollback,no_cache_phase1,4345,4345,0,0,0
145,12.083333333333334,2,reset_aitken,True,True,converged,,ilu,0.2,8,465,2427,0.0008935789893317476,1.1895520690285982e-09,7.2718955200986756e-06,1.68639682498036e-09,5.0361841697062306e-14,91.19678559998283,91.09521790000144,0.05667160014854744,90.39159809990088,37.75851619977038,15.512777699681465,7.970171000633854,28.518928700941615,0.6469481999520212,0.0005893000052310526,0.09812360000796616,0.00045380002120509744,236,229,228,0,previous_accepted_state,active_ice_mask_changed,protected_anderson,2,1,coupling_residual_increased,no_cache_phase1,4345,4337,8,8,8
146,12.166666666666666,1,standard,False,False,frozen residual or hard check failed,ice_picard_or_gmres_not_converged,ilu,0.5,0,100,545,0.0021009861175045395,9.914697933363056e-09,inf,inf,inf,31.13263670000015,31.13047660002485,0.0012363000423647463,31.129240299982484,13.037679999892134,5.163930400274694,2.410842099576257,10.299993800057564,0.0,0.0,0.0,0.00038409995613619685,50,50,49,0,previous_accepted_state,active_ice_mask_changed,protected_anderson,0,1,failed_attempt_rollback,no_cache_phase1,4337,4337,0,0,0
146,12.166666666666666,2,reset_aitken,True,True,converged,,ilu,0.2,8,385,2019,0.00087495408992213,1.0427124513150397e-09,6.9708494496639285e-06,1.7801056705182079e-09,5.007384516792751e-14,93.01375819998793,92.96183570002904,0.03305770020233467,92.5313614999177,38.62242639972828,15.775592099700589,7.692552100808825,29.8459243006655,0.3974164999090135,0.0004482999793253839,0.04918569995788857,0.00020190002396702766,196,189,188,0,previous_accepted_state,active_ice_mask_changed,protected_anderson,2,1,coupling_residual_increased,no_cache_phase1,4337,4329,8,8,7
147,12.25,1,standard,False,False,frozen residual or hard check failed,ice_picard_or_gmres_not_converged,ilu,0.5,0,100,526,0.0023433696603024985,8.21882499197137e-09,inf,inf,inf,16.075433999998495,16.07424310001079,0.0005562000442296267,16.07368689996656,6.65958770015277,2.767976499744691,1.5552882000338286,4.971079199982341,0.0,0.0,0.0,0.0002749999985098839,50,50,49,0,previous_accepted_state,active_ice_mask_changed,protected_anderson,0,1,failed_attempt_rollback,no_cache_phase1,4329,4329,0,0,0
147,12.25,2,reset_aitken,True,True,converged,,ilu,0.2,8,433,2187,0.0009401097688616814,9.987980439508509e-09,8.087373561369128e-06,1.9326294605007336e-09,4.89287697774773e-14,116.47122020000825,116.42103519994998,0.03529049997450784,115.97113269998226,48.72174030006863,19.628683599934448,8.9047658010968,37.993579899834,0.4146119999932125,0.00034410000080242753,0.04790070001035929,0.0001990000018849969,220,213,212,0,previous_accepted_state,active_ice_mask_changed,protected_anderson,2,1,coupling_residual_increased,no_cache_phase1,4329,4325,4,4,4
148,12.333333333333334,1,standard,False,False,frozen residual or hard check failed,ice_picard_or_gmres_not_converged,ilu,0.5,0,100,564,0.005219986117619069,9.868416721229187e-09,inf,inf,inf,16.3681598000112,16.366972399991937,0.0009554999996908009,16.366016899992246,6.770847399660852,2.8499227998545393,1.6514488000539131,4.966692499700002,0.0,0.0,0.0,0.00023990002227947116,50,50,49,0,previous_accepted_state,active_ice_mask_changed,protected_anderson,0,1,failed_attempt_rollback,no_cache_phase1,4325,4325,0,0,0
148,12.333333333333334,2,reset_aitken,True,True,converged,,ilu,0.2,6,519,2720,0.0009076850219751578,4.144805587230737e-10,7.319722209745785e-06,2.101533863098844e-09,4.8753183977208567e-14,130.45983439998236,130.33163189998595,0.023039899999275804,129.88837220001733,54.4432907999726,21.24632879922865,10.771273500693496,42.594825500273146,0.42021979996934533,0.0007247999892570078,0.12524989998200908,0.0004160000244155526,262,257,256,0,previous_accepted_state,active_ice_mask_changed,protected_anderson,1,0,,no_cache_phase1,4325,4320,5,5,4
149,12.416666666666666,1,standard,False,False,frozen residual or hard check failed,ice_picard_or_gmres_not_converged,ilu,0.5,0,100,546,0.004166195786809427,9.876930479020629e-09,inf,inf,inf,16.116988299996592,16.11532989999978,0.0007874000002630055,16.114542499999516,6.614410799695179,2.783245600061491,1.5983214999432676,4.995074999926146,0.0,0.0,0.0,0.00020560005214065313,50,50,49,0,previous_accepted_state,active_ice_mask_changed,protected_anderson,0,1,failed_attempt_rollback,no_cache_phase1,4320,4320,0,0,0
149,12.416666666666666,2,reset_aitken,True,True,converged,,ilu,0.2,6,642,3454,0.0009906321213079062,8.408457285578665e-09,6.356498560650844e-06,2.2749265543483258e-09,4.7822509224795016e-14,150.54500949999783,150.48139020003146,0.02649999991990626,150.04707259993302,62.80739730002824,24.307419300545007,13.225306900101714,48.73563420039136,0.4078176001785323,0.0006778000388294458,0.06098830001428723,0.00023720000172033906,323,319,317,0,previous_accepted_state,active_ice_mask_changed,protected_anderson,1,0,,no_cache_phase1,4320,4315,5,5,5
150,12.5,1,standard,False,False,frozen residual or hard check failed,ice_picard_or_gmres_not_converged,ilu,0.5,0,100,630,0.005727633346217813,8.92439853413121e-09,inf,inf,inf,16.517375199997332,16.5159126999788,0.0007946999394334853,16.515118000039365,6.72603870020248,2.937884299608413,1.7655767002142966,4.95549310016213,0.0,0.0,0.0,0.00020589999621734023,50,50,49,0,previous_accepted_state,active_ice_mask_changed,protected_anderson,0,1,failed_attempt_rollback,no_cache_phase1,4315,4315,0,0,0
150,12.5,2,reset_aitken,True,True,converged,,ilu,0.2,6,651,3569,0.0009572012125815067,7.3766424447940816e-09,7.119748168113457e-06,2.420523352652757e-09,4.6602794462524024e-14,153.89323109999532,153.84089579997817,0.024910299864131957,153.47237730002962,64.33609300036915,25.461334800580516,13.295327100437135,49.404419399797916,0.34360820008441806,0.00033000000985339284,0.050207899999804795,0.0004327999777160585,328,323,322,0,previous_accepted_state,active_ice_mask_changed,protected_anderson,1,0,,no_cache_phase1,4315,4305,10,10,9
151,12.583333333333334,1,standard,False,False,frozen residual or hard check failed,ice_picard_or_gmres_not_converged,ilu,0.5,0,100,571,0.0048824489684574125,9.219911234774907e-09,inf,inf,inf,16.071038699999917,16.069712000025902,0.0008934999932534993,16.06881850003265,6.608835000137333,2.7100221997243352,1.6593942998442799,4.964739799674135,0.0,0.0,0.0,0.0003150000120513141,50,50,49,0,previous_accepted_state,active_ice_mask_changed,protected_anderson,0,1,failed_attempt_rollback,no_cache_phase1,4305,4305,0,0,0
151,12.583333333333334,2,reset_aitken,False,False,frozen residual or hard check failed,ice_picard_or_gmres_not_converged,ilu,0.2,0,300,1598,0.0011895507717222347,9.969227947023757e-09,inf,inf,inf,83.32513170002494,83.32258189999266,0.002228399971500039,83.32035350002116,35.31022560026031,13.40004450007109,6.672402800177224,27.417343200417235,0.0,0.0,0.0,0.00044410000555217266,150,150,149,0,previous_accepted_state,active_ice_mask_changed,protected_anderson,0,1,failed_attempt_rollback,no_cache_phase1,4305,4305,0,0,0
151,12.583333333333334,3,robust_preconditioner,True,True,converged,,robust_ilu,0.2,5,720,1975,0.000968468448118673,1.5148218578223567e-13,9.862428762069399e-06,2.5725893236119065e-09,4.7343652634100395e-14,170.19505199999548,170.0929353000247,0.022377200075425208,169.66058589995373,71.94109130010474,30.549736999499146,10.320616001146846,55.684007400879636,0.40997219999553636,0.0006567000527866185,0.09841770003549755,0.0004075999604538083,364,356,359,0,previous_accepted_state,active_ice_mask_changed,protected_anderson,1,0,,no_cache_phase1,4305,4288,17,17,17
152,12.666666666666666,1,standard,False,False,frozen residual or hard check failed,ice_picard_or_gmres_not_converged,ilu,0.5,0,100,630,0.008005666003145978,9.725201281306874e-09,inf,inf,inf,20.28258719999576,20.28089260001434,0.000674300012178719,20.28021830000216,8.317532600078266,3.592484200024046,1.9527886000578292,6.278174999635667,0.0,0.0,0.0,0.0001996000064536929,52,48,51,0,previous_accepted_state,active_ice_mask_changed,protected_anderson,0,1,failed_attempt_rollback,no_cache_phase1,4288,4288,0,0,0
152,12.666666666666666,2,reset_aitken,False,False,frozen residual or hard check failed,ice_picard_or_gmres_not_converged,ilu,0.2,0,300,1670,0.0011637869843192318,9.725201281306874e-09,inf,inf,inf,53.10717700002715,53.10538889997406,0.0031407999922521412,53.10224809998181,21.89310670044506,9.236508599948138,5.138203299837187,16.441478800727054,0.0,0.0,0.0,0.0004047999973408878,152,148,151,0,previous_accepted_state,active_ice_mask_changed,protected_anderson,0,1,failed_attempt_rollback,no_cache_phase1,4288,4288,0,0,0
152,12.666666666666666,3,robust_preconditioner,True,True,converged,,robust_ilu,0.2,5,735,2042,0.0009259396082202542,1.2504835541074857e-13,7.897021230108906e-06,2.7190694285240694e-09,4.6579420154421806e-14,177.75040059996536,177.64866549998987,0.02517680003074929,177.2428509000456,74.18487280042609,33.72232140041888,10.909035399730783,57.270402599999215,0.3806377999135293,0.0006690999725833535,0.09815919998800382,0.00046500004827976227,375,360,370,0,previous_accepted_state,active_ice_mask_changed,protected_anderson,1,0,,no_cache_phase1,4288,4277,11,11,10
153,12.75,1,standard,False,False,frozen residual or hard check failed,ice_picard_or_gmres_not_converged,ilu,0.5,0,100,573,0.005946437252948981,9.68137744388376e-09,inf,inf,inf,31.34897649998311,31.34660290001193,0.0011169000063091516,31.34548600000562,13.035801900259685,5.148998400312848,2.460595899668988,10.486860800010618,0.0,0.0,0.0,0.0004699999699369073,53,47,52,0,previous_accepted_state,active_ice_mask_changed,protected_anderson,0,1,failed_attempt_rollback,no_cache_phase1,4277,4277,0,0,0
153,12.75,2,reset_aitken,True,True,converged,,ilu,0.2,5,638,3345,0.000929474627738779,8.524570749355985e-09,6.355809719049283e-06,2.763034764776694e-09,4.4937012758528746e-14,146.49526210001204,146.39172539999709,0.020475300087127835,145.91824989992892,60.924976000213064,24.61342930025421,12.240317399497144,47.155910400440916,0.4530001999810338,0.0011647000210359693,0.09953509998740628,0.0004628999740816653,327,311,322,0,previous_accepted_state,active_ice_mask_changed,protected_anderson,1,0,,no_cache_phase1,4277,4272,5,5,5
154,12.833333333333334,1,standard,False,False,frozen residual or hard check failed,ice_picard_or_gmres_not_converged,ilu,0.5,0,100,582,0.00854492148899794,9.949947443909666e-09,inf,inf,inf,31.26908330002334,31.266946899995673,0.0010814000270329416,31.26586549996864,13.142552700301167,5.139004600176122,2.554564800229855,10.243493000045419,0.0,0.0,0.0,0.000437400012742728,52,48,51,0,previous_accepted_state,active_ice_mask_changed,protected_anderson,0,1,failed_attempt_rollback,no_cache_phase1,4272,4272,0,0,0
154,12.833333333333334,2,reset_aitken,False,False,frozen residual or hard check failed,ice_picard_or_gmres_not_converged,ilu,0.2,0,300,1582,0.0010582063816823274,9.949947443909666e-09,inf,inf,inf,53.32845960004488,53.32630129996687,0.0011479999520815909,53.32515330001479,22.31574159936281,8.93713179975748,4.970905400346965,16.71024079952622,0.0,0.0,0.0,0.0002473000204190612,152,148,151,0,previous_accepted_state,active_ice_mask_changed,protected_anderson,0,1,failed_attempt_rollback,no_cache_phase1,4272,4272,0,0,0
154,12.833333333333334,3,robust_preconditioner,True,True,converged,,robust_ilu,0.2,6,702,1959,0.0009658325418605333,8.242258465427824e-14,8.13031660732572e-06,2.868451010554596e-09,4.505653416365763e-14,166.15293689997634,166.09606589999748,0.0254763001576066,165.68398069991963,70.07904900034191,29.931919300404843,10.799466100113932,53.77219940145733,0.3866088999202475,0.0003696000203490257,0.05471669998951256,0.0003524000057950616,355,347,349,0,previous_accepted_state,active_ice_mask_changed,protected_anderson,1,0,,no_cache_phase1,4272,4264,8,8,7
155,12.916666666666666,1,standard,False,False,frozen residual or hard check failed,ice_picard_or_gmres_not_converged,ilu,0.5,0,100,625,0.005269517344948065,8.897010166723555e-09,inf,inf,inf,26.634506300033536,26.63169559999369,0.0010448999819345772,26.630650700011756,11.009849400143139,4.721262699982617,2.3694779998622835,8.368382800137624,0.0,0.0,0.0,0.0009728000150062144,58,42,57,0,previous_accepted_state,active_ice_mask_changed,protected_anderson,0,1,failed_attempt_rollback,no_cache_phase1,4264,4264,0,0,0
155,12.916666666666666,2,reset_aitken,True,True,converged,,ilu,0.2,6,639,3639,0.0009531044475217261,2.71410968267771e-09,6.51400923531306e-06,2.9697942016791763e-09,4.383548815269521e-14,152.51343400002224,152.41107929998543,0.029099699982907623,151.99001529999077,63.19262479990721,26.1417419007048,13.231769599427935,48.45014059898676,0.3919643000117503,0.0011344999657012522,0.09835709998151287,0.000437400012742728,341,298,335,0,previous_accepted_state,active_ice_mask_changed,protected_anderson,1,0,,no_cache_phase1,4264,4258,6,6,6
156,13.0,1,standard,False,False,frozen residual or hard check failed,ice_picard_or_gmres_not_converged,ilu,0.5,0,100,583,0.007029670969805278,9.938681813561204e-09,inf,inf,inf,27.03109790000599,27.02905389998341,0.0010717000113800168,27.02798219997203,11.41481670027133,4.32506620005006,2.1601487995358184,8.95774069975596,0.0,0.0,0.0,0.0003969999961555004,50,50,49,0,previous_accepted_state,active_ice_mask_changed,protected_anderson,0,1,failed_attempt_rollback,no_cache_phase1,4258,4258,0,0,0
156,13.0,2,reset_aitken,True,True,converged,,ilu,0.2,5,682,3584,0.0009225305105647231,7.141307848203949e-10,9.49437061754886e-06,3.1131373778630725e-09,4.3187735347151426e-14,145.31968289997894,145.21429099998204,0.020488499954808503,144.8428429000778,60.839768399717286,23.773724699683953,12.33285230002366,46.91101239953423,0.3509595999494195,0.0007088000420480967,0.10156589996768162,0.0004833000130020082,343,339,338,0,previous_accepted_state,active_ice_mask_changed,protected_anderson,1,0,,no_cache_phase1,4258,4252,6,6,5
157,13.083333333333334,1,standard,False,False,frozen residual or hard check failed,ice_picard_or_gmres_not_converged,ilu,0.5,0,100,566,0.004187449841228514,8.160589315502165e-09,inf,inf,inf,26.976716400007717,26.974362900014967,0.0010172000038437545,26.973345700011123,11.330329200427514,4.421737200173084,2.1523933995049447,8.896893799887039,0.0,0.0,0.0,0.000451300002168864,53,47,52,0,previous_accepted_state,active_ice_mask_changed,protected_anderson,0,1,failed_attempt_rollback,no_cache_phase1,4252,4252,0,0,0
157,13.083333333333334,2,reset_aitken,False,False,frozen residual or hard check failed,ice_picard_or_gmres_not_converged,ilu,0.2,0,300,1566,0.0011049185081823006,8.160589315502165e-09,inf,inf,inf,55.42585999995936,55.42414529999951,0.0009729000157676637,55.42317239998374,23.174287199857645,9.292221100418828,5.000746699341107,17.555126599385403,0.0,0.0,0.0,0.00021839997498318553,153,147,152,0,previous_accepted_state,active_ice_mask_changed,protected_anderson,0,1,failed_attempt_rollback,no_cache_phase1,4252,4252,0,0,0
157,13.083333333333334,3,robust_preconditioner,True,True,converged,,robust_ilu,0.2,6,696,1803,0.0009806562099293826,6.870846951703133e-13,8.492223312020908e-06,3.2265304735187683e-09,4.315779882607479e-14,147.3406481000129,147.29320590000134,0.027213499997742474,146.9593117000186,62.10205749969464,26.71988950035302,9.227210700046271,47.8902473000926,0.3066806999850087,0.0003326000296510756,0.045676099951379,0.00019940000493079424,360,336,354,0,previous_accepted_state,active_ice_mask_changed,protected_anderson,1,0,,no_cache_phase1,4252,4242,10,10,10
158,13.166666666666666,1,standard,False,False,frozen residual or hard check failed,ice_picard_or_gmres_not_converged,ilu,0.5,0,100,557,0.006287809632207476,9.104263527779492e-09,inf,inf,inf,15.00112159998389,14.999754799995571,0.0009094999986700714,14.998845299996901,6.165092400100548,2.6705034002661705,1.532033999741543,4.515036300057545,0.0,0.0,0.0,0.00036260002525523305,52,48,51,0,previous_accepted_state,active_ice_mask_changed,protected_anderson,0,1,failed_attempt_rollback,no_cache_phase1,4242,4242,0,0,0
158,13.166666666666666,2,reset_aitken,False,False,frozen residual or hard check failed,ice_picard_or_gmres_not_converged,ilu,0.2,0,300,1520,0.0010223794598751817,9.104263527779492e-09,inf,inf,inf,75.7848630999797,75.78282520000357,0.0019776999833993614,75.78084750002017,32.196579599927645,12.151722300157417,5.6745608997298405,25.25857059977716,0.0,0.0,0.0,0.00044929998693987727,152,148,151,0,previous_accepted_state,active_ice_mask_changed,protected_anderson,0,1,failed_attempt_rollback,no_cache_phase1,4242,4242,0,0,0
158,13.166666666666666,3,robust_preconditioner,True,True,converged,,robust_ilu,0.2,5,714,1773,0.0009573549314755628,9.517771853763793e-09,8.365569383169611e-06,3.334722136771065e-09,4.3132505246859965e-14,145.84962480003014,145.7668228999828,0.020933899853844196,145.4110905000707,61.66252279980108,26.66606159991352,8.734676499851048,47.3236949989805,0.3347985000582412,0.00040339998668059707,0.07996949995867908,0.0003960999893024564,365,349,360,0,previous_accepted_state,active_ice_mask_changed,protected_anderson,1,0,,no_cache_phase1,4242,4226,16,16,15
159,13.25,1,standard,False,False,frozen residual or hard check failed,ice_picard_or_gmres_not_converged,ilu,0.5,0,100,619,0.0055588153715998715,9.245787622169942e-09,inf,inf,inf,18.33467119996203,18.332926100003533,0.0008424999541603029,18.332083600049373,7.600105699617416,2.9861514000804164,1.8574261998874135,5.751005400088616,0.0,0.0,0.0,0.00021329999435693026,50,50,49,0,previous_accepted_state,active_ice_mask_changed,protected_anderson,0,1,failed_attempt_rollback,no_cache_phase1,4226,4226,0,0,0
159,13.25,2,reset_aitken,False,False,frozen residual or hard check failed,ice_picard_or_gmres_not_converged,ilu,0.2,0,300,1693,0.0010950924786422758,9.992655407603787e-09,inf,inf,inf,47.204383700038306,47.20306980004534,0.0016229000175371766,47.201446900027804,19.5504233998945,7.833411399973556,4.873850300500635,14.577004900202155,0.0,0.0,0.0,0.0002473000204190612,150,150,149,0,previous_accepted_state,active_ice_mask_changed,protected_anderson,0,1,failed_attempt_rollback,no_cache_phase1,4226,4226,0,0,0
159,13.25,3,robust_preconditioner,True,True,converged,,robust_ilu,0.2,8,730,2002,0.000967291956521606,3.5891188646108257e-13,6.547462387670898e-06,3.3859705434121254e-09,4.1244693772081244e-14,149.0307333000237,148.93642350001028,0.03533819998847321,148.3422193999868,62.790266800438985,27.03691160021117,9.300162000174168,48.14495469938265,0.5588659000350162,0.0011254000128246844,0.09073300001909956,0.00047389999963343143,368,362,360,0,previous_accepted_state,active_ice_mask_changed,protected_anderson,2,1,coupling_residual_increased,no_cache_phase1,4226,4214,12,12,11
160,13.333333333333334,1,standard,False,False,frozen residual or hard check failed,ice_picard_or_gmres_not_converged,ilu,0.5,0,100,568,0.005138706589423991,8.976998238782993e-09,inf,inf,inf,25.394934600044508,25.392695599992294,0.001104900031350553,25.391590699960943,10.625069599947892,4.318408500170335,1.983438300259877,8.30524569976842,0.0,0.0,0.0,0.0003890999942086637,55,45,54,0,previous_accepted_state,active_ice_mask_changed,protected_anderson,0,1,failed_attempt_rollback,no_cache_phase1,4214,4214,0,0,0
160,13.333333333333334,2,reset_aitken,True,True,converged,,ilu,0.2,6,596,3017,0.0009373637923019382,6.391358351921634e-09,6.395717002558612e-06,3.3904252195124763e-09,4.1959221726713825e-14,117.74929440004053,117.64769840001827,0.024366300087422132,117.23787179996725,49.24432020098902,19.798593600513414,9.946772700292058,37.41427359927911,0.3854602999635972,0.0006362000131048262,0.09803880000254139,0.00048320001224055886,312,284,306,0,previous_accepted_state,active_ice_mask_changed,protected_anderson,1,0,,no_cache_phase1,4214,4209,5,5,5
161,13.416666666666666,1,standard,False,False,frozen residual or hard check failed,ice_picard_or_gmres_not_converged,ilu,0.5,0,100,604,0.005253117040938553,8.494410752903306e-09,inf,inf,inf,25.649506299989298,25.647360600007232,0.0012571999686770141,25.646103400038555,10.7715558000491,4.211498300137464,2.1441838000318967,8.354967899795156,0.0,0.0,0.0,0.0004089000285603106,52,48,51,0,previous_accepted_state,active_ice_mask_changed,protected_anderson,0,1,failed_attempt_rollback,no_cache_phase1,4209,4209,0,0,0
161,13.416666666666666,2,reset_aitken,True,True,converged,,ilu,0.2,5,688,3938,0.0009630170365552018,4.540763447895908e-09,9.6497023116892e-06,3.4345099007625165e-09,4.053743332291372e-14,140.43722949997755,140.34140460001072,0.02123600011691451,139.97351689997595,58.28427739988547,23.008386699599214,12.6580627001822,45.03293390048202,0.3466516999178566,0.0007134999614208937,0.09209099999861792,0.0004721999866887927,347,341,342,0,previous_accepted_state,active_ice_mask_changed,protected_anderson,1,0,,no_cache_phase1,4209,4204,5,5,4
162,13.5,1,standard,False,False,frozen residual or hard check failed,ice_picard_or_gmres_not_converged,ilu,0.5,0,100,544,0.005311227784396403,9.524990041484548e-09,inf,inf,inf,26.846435500017833,26.844023999990895,0.0010989999864250422,26.84292500000447,11.426213100319728,4.127997500181664,2.083695600333158,9.034930099616759,0.0,0.0,0.0,0.0004588000010699034,50,50,49,0,previous_accepted_state,active_ice_mask_changed,protected_anderson,0,1,failed_attempt_rollback,no_cache_phase1,4204,4204,0,0,0
162,13.5,2,reset_aitken,True,True,converged,,ilu,0.2,8,673,3191,0.0009461173004304898,8.752117006978755e-09,6.112599813615204e-06,3.485124099626607e-09,4.0456310689881543e-14,134.08700820000377,133.99521289998665,0.034410899970680475,133.3913487000391,56.6605915997643,21.88662520010257,10.685738998930901,43.20642480009701,0.5694532999768853,0.00042180001037195325,0.08848019997822121,0.0004932000301778316,340,333,332,0,previous_accepted_state,active_ice_mask_changed,protected_anderson,1,0,,no_cache_phase1,4204,4195,9,9,8
163,13.583333333333334,1,standard,False,False,frozen residual or hard check failed,ice_picard_or_gmres_not_converged,ilu,0.5,0,100,566,0.005681982209491991,9.452931202144222e-09,inf,inf,inf,24.209394700010307,24.207300000009127,0.0009286000276915729,24.206371399981435,10.338049100479111,3.8479751000995748,2.039363299845718,7.817350699857343,0.0,0.0,0.0,0.0003016999689862132,50,50,49,0,previous_accepted_state,active_ice_mask_changed,protected_anderson,0,1,failed_attempt_rollback,no_cache_phase1,4195,4195,0,0,0
163,13.583333333333334,2,reset_aitken,False,False,frozen residual or hard check failed,ice_picard_or_gmres_not_converged,ilu,0.2,0,300,1566,0.0010944401675796551,9.452931202144222e-09,inf,inf,inf,44.499844199977815,44.497338800050784,0.0012317000655457377,44.49610709998524,18.458328099397477,7.5120835999259725,4.3644430004642345,13.7978991997079,0.0,0.0,0.0,0.00020130001939833164,150,150,149,0,previous_accepted_state,active_ice_mask_changed,protected_anderson,0,1,failed_attempt_rollback,no_cache_phase1,4195,4195,0,0,0
163,13.583333333333334,3,robust_preconditioner,True,True,converged,,robust_ilu,0.2,6,725,1990,0.0009510529678476292,4.0311316951179876e-13,8.207710656478176e-06,3.5562371921972103e-09,3.891204464464217e-14,145.27706440002657,145.18758270004764,0.03263590013375506,144.74676970002474,62.01911969966022,25.72673269943334,9.103326000331435,46.856671200250275,0.4081770998891443,0.0006319999811239541,0.08625849999953061,0.0004428999964147806,366,359,360,0,previous_accepted_state,active_ice_mask_changed,protected_anderson,1,0,,no_cache_phase1,4195,4188,7,7,7
164,13.666666666666666,1,standard,False,False,frozen residual or hard check failed,ice_picard_or_gmres_not_converged,ilu,0.5,0,100,560,0.004715809637012154,9.729758875744466e-09,inf,inf,inf,24.61545279994607,24.613103900046553,0.0013168000732548535,24.6117870999733,10.227811399789061,4.046668800176121,2.0877125997212715,8.088905000069644,0.0,0.0,0.0,0.0004515000036917627,52,48,51,0,previous_accepted_state,active_ice_mask_changed,protected_anderson,0,1,failed_attempt_rollback,no_cache_phase1,4188,4188,0,0,0
164,13.666666666666666,2,reset_aitken,True,True,converged,,ilu,0.2,5,675,3495,0.0009626564903519186,1.157924593475001e-09,9.125201051948676e-06,3.6030675915113445e-09,3.940761820242583e-14,130.89828180003678,130.79916659998707,0.02011129999300465,130.52016159996856,55.01891070010606,21.586374400474597,11.16659150045598,41.79431640077382,0.25889370002551004,0.0006888000061735511,0.09549169999081641,0.00040710001485422254,342,333,337,0,previous_accepted_state,active_ice_mask_changed,protected_anderson,1,0,,no_cache_phase1,4188,4173,15,15,14
165,13.75,1,standard,False,False,frozen residual or hard check failed,ice_picard_or_gmres_not_converged,ilu,0.5,0,100,530,0.004251690353607304,9.91548357794639e-09,inf,inf,inf,23.96721490001073,23.964763599971775,0.0010567999561317265,23.963706800015643,10.13249290024396,4.072687800100539,1.8487734998343512,7.755614799563773,0.0,0.0,0.0,0.0004560999805107713,54,46,53,0,previous_accepted_state,active_ice_mask_changed,protected_anderson,0,1,failed_attempt_rollback,no_cache_phase1,4173,4173,0,0,0
165,13.75,2,reset_aitken,True,True,converged,,ilu,0.2,5,678,3043,0.0009523605433957017,1.306309471753701e-09,9.557740537190371e-06,3.6548678840521323e-09,3.885784834275504e-14,133.87355610000668,133.77362620003987,0.021673700015526265,133.41721419995883,56.88041070004692,22.329131899809,10.159403200028464,43.094861400313675,0.33473830006551,0.0006921000313013792,0.09602140000788495,0.0003787000314332545,351,327,346,0,previous_accepted_state,active_ice_mask_changed,protected_anderson,1,0,,no_cache_phase1,4173,4162,11,11,10
166,13.833333333333334,1,standard,False,False,frozen residual or hard check failed,ice_picard_or_gmres_not_converged,ilu,0.5,0,100,528,0.004888884712487928,9.572120878154241e-09,inf,inf,inf,23.790396399970632,23.788290700002108,0.0011257000151090324,23.787164999987,10.252481799863745,3.6857210003072396,1.8507017994415946,7.8415376005577855,0.0,0.0,0.0,0.0003863999736495316,50,50,49,0,previous_accepted_state,active_ice_mask_changed,protected_anderson,0,1,failed_attempt_rollback,no_cache_phase1,4162,4162,0,0,0
166,13.833333333333334,2,reset_aitken,True,True,converged,,ilu,0.2,8,576,2972,0.0009262306739573695,8.257710970424119e-10,7.3050015687583834e-06,3.617775959296048e-09,3.762308429678048e-14,106.94468099996448,106.8503188000177,0.03476730012334883,106.29989099991508,45.05849929864053,17.408923099923413,9.168312699533999,33.87299860047642,0.5156604999792762,0.0005425999988801777,0.09128729999065399,0.0002475999644957483,292,284,284,0,previous_accepted_state,active_ice_mask_changed,protected_anderson,1,0,,no_cache_phase1,4162,4153,9,9,8
167,13.916666666666666,1,standard,False,False,frozen residual or hard check failed,ice_picard_or_gmres_not_converged,ilu,0.5,0,100,555,0.004246098958935196,9.898322891448692e-09,inf,inf,inf,23.77080430003116,23.76926640002057,0.0007269000052474439,23.768539500015322,10.177239100157749,3.761042199912481,1.9174441999057308,7.754231600149069,0.0,0.0,0.0,0.0002490000333636999,50,50,49,0,previous_accepted_state,active_ice_mask_changed,protected_anderson,0,1,failed_attempt_rollback,no_cache_phase1,4153,4153,0,0,0
167,13.916666666666666,2,reset_aitken,True,True,converged,,ilu,0.2,5,530,2764,0.0009227429266942404,8.569381235592774e-09,9.576024507420405e-06,3.5815426758222163e-09,3.7672466590898485e-14,95.80576809996273,95.7160537999589,0.02022700000088662,95.39524599997094,40.45474240020849,15.468136099458206,8.413781701063272,30.342574299080297,0.300580799987074,0.0003994000144302845,0.08721979998517781,0.0004290000069886446,269,261,264,0,previous_accepted_state,active_ice_mask_changed,protected_anderson,1,0,,no_cache_phase1,4153,4144,9,9,8
168,14.0,1,standard,False,False,frozen residual or hard check failed,ice_picard_or_gmres_not_converged,ilu,0.5,0,100,526,0.0032511042060569795,8.043692125771613e-09,inf,inf,inf,24.06785839999793,24.065710099996068,0.0011567999608814716,24.064553300035186,10.275866000039969,4.0281898995745,1.843094200186897,7.757539699785411,0.0,0.0,0.0,0.00048260000767186284,52,48,51,0,previous_accepted_state,active_ice_mask_changed,protected_anderson,0,1,failed_attempt_rollback,no_cache_phase1,4144,4144,0,0,0
168,14.0,2,reset_aitken,True,True,converged,,ilu,0.2,8,434,2172,0.0007245035474111424,9.474737144888873e-09,6.896764861698599e-06,3.5822684370458017e-09,3.6264424904657305e-14,73.00278639997123,72.90870679996442,0.037255599920172244,72.37786910007708,30.234661100199446,12.197679099161178,6.378509400004987,22.99964139936492,0.4935820999671705,0.0005762000218965113,0.09044609998818487,0.0005127000040374696,222,212,214,0,previous_accepted_state,active_ice_mask_changed,protected_anderson,1,0,,no_cache_phase1,4144,4136,8,8,7
169,14.083333333333334,1,standard,False,False,frozen residual or hard check failed,ice_picard_or_gmres_not_converged,ilu,0.5,0,100,531,0.0030582737326436005,7.512174821361252e-09,inf,inf,inf,24.57871289999457,24.57638779998524,0.0014667999930679798,24.574920999992173,10.596357100061141,3.762800599972252,1.9467337999958545,8.09881670010509,0.0,0.0,0.0,0.00044599996181204915,50,50,49,0,previous_accepted_state,active_ice_mask_changed,protected_anderson,0,1,failed_attempt_rollback,no_cache_phase1,4136,4136,0,0,0
169,14.083333333333334,2,reset_aitken,True,True,converged,,ilu,0.2,8,455,2208,0.000678443884002184,4.4213308007803505e-09,4.988867573308769e-06,3.600738580535941e-09,3.72672079128258e-14,88.412002499972,88.35848130000522,0.03407819999847561,87.96919909998542,37.56839350104565,14.20987459976459,7.178268600080628,28.380118900036905,0.355204000021331,0.00033459998667240143,0.05094490002375096,0.0003205999964848161,231,224,223,0,previous_accepted_state,active_ice_mask_changed,protected_anderson,1,0,,no_cache_phase1,4136,4128,8,8,7
170,14.166666666666666,1,standard,False,False,frozen residual or hard check failed,ice_picard_or_gmres_not_converged,ilu,0.5,0,100,502,0.0018163994980857447,9.818749892647302e-09,inf,inf,inf,14.208121499978006,14.206483700021636,0.0009665000252425671,14.205517199996393,5.885194499744102,2.4086731002898887,1.393523599661421,4.400975399825256,0.0,0.0,0.0,0.00022159999934956431,50,50,49,0,previous_accepted_state,active_ice_mask_changed,protected_anderson,0,1,failed_attempt_rollback,no_cache_phase1,4128,4128,0,0,0
170,14.166666666666666,2,reset_aitken,True,True,converged,,ilu,0.2,8,341,1626,0.0008783163621212192,1.1946328030382802e-09,6.359361516212868e-06,3.5951520844494253e-09,3.652743796869006e-14,83.03757360001327,82.93910509999841,0.03320760000497103,82.36504570004763,35.18755370035069,13.380431400553789,5.950623399752658,27.283655799692497,0.5408517999458127,0.0004322000313550234,0.0958109000348486,0.00047610001638531685,173,168,165,0,previous_accepted_state,active_ice_mask_changed,protected_anderson,1,0,,no_cache_phase1,4128,4118,10,10,9
171,14.25,1,standard,False,False,frozen residual or hard check failed,ice_picard_or_gmres_not_converged,ilu,0.5,0,100,538,0.0016768447740757096,9.549143667152644e-09,inf,inf,inf,15.617597699980251,15.615646699967328,0.0006932999240234494,15.614953400043305,6.510301399917807,2.572721699893009,1.510903199785389,4.899412399623543,0.0,0.0,0.0,0.000208800018299371,51,49,50,0,previous_accepted_state,active_ice_mask_changed,protected_anderson,0,1,failed_attempt_rollback,no_cache_phase1,4118,4118,0,0,0
171,14.25,2,reset_aitken,True,True,converged,,ilu,0.2,8,287,1538,0.0006788452583210985,1.9821715436022233e-09,9.680489966130423e-06,3.5874054017087793e-09,3.603805976238072e-14,47.07583639997756,46.98461749998387,0.03815610008314252,46.44575219997205,19.223198599822354,7.965164099994581,4.370163200364914,14.516956401232164,0.5007091999286786,0.0007201999542303383,0.08803750004153699,0.00047619995893910527,148,139,140,0,previous_accepted_state,active_ice_mask_changed,protected_anderson,1,0,,no_cache_phase1,4118,4105,13,13,11
172,14.333333333333334,1,standard,False,False,frozen residual or hard check failed,ice_picard_or_gmres_not_converged,ilu,0.5,0,100,516,0.002481262035324724,7.888490135876117e-09,inf,inf,inf,24.009234500001185,24.006691200018395,0.0010806000209413469,24.005610599997453,10.302157099707983,3.7452856997260824,1.845563200127799,7.9498473003041,0.0,0.0,0.0,0.00046790001215413213,50,50,49,0,previous_accepted_state,active_ice_mask_changed,protected_anderson,0,1,failed_attempt_rollback,no_cache_phase1,4105,4105,0,0,0
172,14.333333333333334,2,reset_aitken,True,True,converged,,ilu,0.2,8,423,2096,0.0009122773727315481,4.020784258958858e-10,4.951393268546365e-06,3.5505308276427726e-09,3.5470380963929013e-14,80.38971730001504,80.33891669998411,0.03551049990346655,79.94993450003676,34.08999040030176,13.028945899626706,6.58750099997269,25.65445750002982,0.3534717000438832,0.0004396000294946134,0.048087499977555126,0.00020169996423646808,215,208,207,0,previous_accepted_state,active_ice_mask_changed,protected_anderson,1,0,,no_cache_phase1,4105,4092,13,13,11
173,14.416666666666666,1,standard,False,False,frozen residual or hard check failed,ice_picard_or_gmres_not_converged,ilu,0.5,0,100,552,0.0018042962994123937,8.727599808414889e-09,inf,inf,inf,14.46445130003849,14.463330600003246,0.0007560999947600067,14.462574500008486,5.966281099768821,2.446041699615307,1.4806359999929555,4.451945000153501,0.0,0.0,0.0,0.0002012000186368823,50,50,49,0,previous_accepted_state,active_ice_mask_changed,protected_anderson,0,1,failed_attempt_rollback,no_cache_phase1,4092,4092,0,0,0
173,14.416666666666666,2,reset_aitken,True,True,converged,,ilu,0.2,8,320,1736,0.0008856510408145365,2.8843989454730388e-09,8.863361763898168e-06,3.466774526545468e-09,3.518067005198713e-14,46.38705060002394,46.33683489996474,0.03800909983692691,45.98385360010434,19.032720900606364,7.7700143998954445,4.605264599842485,14.196790498681366,0.31497220002347603,0.00032920000376179814,0.04811689996859059,0.0004270999925211072,163,157,155,0,previous_accepted_state,active_ice_mask_changed,protected_anderson,1,0,,no_cache_phase1,4092,4083,9,9,6
174,14.5,1,standard,False,False,frozen residual or hard check failed,ice_picard_or_gmres_not_converged,ilu,0.5,0,100,527,0.0017750114836887361,9.67128532961859e-09,inf,inf,inf,18.280034000054002,18.278344299993478,0.0010576000204309821,18.277286699973047,7.676870800089091,2.8915221999632195,1.6620909996563569,5.906688200426288,0.0,0.0,0.0,0.0005058000097051263,51,49,50,0,previous_accepted_state,active_ice_mask_changed,protected_anderson,0,1,failed_attempt_rollback,no_cache_phase1,4083,4083,0,0,0
174,14.5,2,reset_aitken,True,True,converged,,ilu,0.2,8,400,1920,0.0009352921309332205,9.458983791976302e-09,5.125717703056308e-06,3.375532823412198e-09,3.4607464327356026e-14,97.22882339998614,97.1340448000119,0.03417630010517314,96.54255309997825,41.59615060064243,15.393256901064888,7.078777999675367,31.810520300467033,0.5573153999284841,0.0004037999897263944,0.09165740001481026,0.00046499999007210135,203,197,195,0,previous_accepted_state,active_ice_mask_changed,protected_anderson,1,0,,no_cache_phase1,4083,4067,16,16,12
175,14.583333333333334,1,standard,False,False,frozen residual or hard check failed,ice_picard_or_gmres_not_converged,ilu,0.5,0,100,536,0.0016152103354278504,8.366089599596444e-09,inf,inf,inf,23.900617100007366,23.898227700032294,0.0011229000519961119,23.897104799980298,10.377839599910658,3.6971236003446393,1.8599769995780662,7.801558200153522,0.0,0.0,0.0,0.00043509999522939324,50,50,49,0,previous_accepted_state,active_ice_mask_changed,protected_anderson,0,1,failed_attempt_rollback,no_cache_phase1,4067,4067,0,0,0
175,14.583333333333334,2,reset_aitken,True,True,converged,,ilu,0.2,8,305,1613,0.0006133698708155283,1.0655573795479097e-09,7.351128014725864e-06,3.2684671585812754e-09,3.3408665934105534e-14,64.26781400002073,64.21789919998264,0.035594499902799726,63.84553769999184,27.09555469924817,10.30603499978315,5.294203800556716,20.695858899212908,0.33676700008800253,0.0003347999881953001,0.04712790000485256,0.000374099996406585,156,149,148,0,previous_accepted_state,active_ice_mask_changed,protected_anderson,1,0,,no_cache_phase1,4067,4057,10,10,4
176,14.666666666666666,1,standard,False,False,frozen residual or hard check failed,ice_picard_or_gmres_not_converged,ilu,0.5,0,100,508,0.001471170069264806,9.163902845902031e-09,inf,inf,inf,14.216614800039679,14.215154199977405,0.0005890000029467046,14.214565199974459,5.91851410001982,2.3819960000691935,1.3877762002521195,4.407303199812304,0.0,0.0,0.0,0.00020479998784139752,50,50,49,0,previous_accepted_state,active_ice_mask_changed,protected_anderson,0,1,failed_attempt_rollback,no_cache_phase1,4057,4057,0,0,0
176,14.666666666666666,2,reset_aitken,True,True,converged,,ilu,0.2,8,315,1602,0.0009080344374166054,5.14032631738624e-09,6.898942488302109e-06,3.1141951706673516e-09,3.289061134927376e-14,64.96964170003776,64.88603380002314,0.03163100010715425,64.3103011000203,27.23445169965271,10.330065200221725,5.339931799971964,20.933316899870988,0.5441016998956911,0.0006976000149734318,0.08089400001335889,0.00024399999529123306,160,155,152,0,previous_accepted_state,active_ice_mask_changed,protected_anderson,1,0,,no_cache_phase1,4057,4037,20,20,11
177,14.75,1,standard,True,True,converged,,ilu,0.5,14,162,770,0.000694250139703238,8.415785119722216e-09,9.774224250594929e-06,2.9802698115567947e-09,3.281968554947956e-14,39.415071700001135,39.33679979998851,0.06020739994710311,38.48586370004341,16.576890000200365,6.389187499938998,2.7290501993265934,12.51968630059855,0.7907286999979988,0.0004105999832972884,0.07524209999246523,0.0004007000243291259,87,75,73,0,previous_accepted_state,active_ice_mask_changed,protected_anderson,4,3,coupling_residual_increased|anderson_step_guard|coupling_residual_increased,no_cache_phase1,4037,4027,10,10,10
178,14.833333333333334,1,standard,True,True,converged,,ilu,0.5,10,152,792,0.0008062246284169379,1.2612348497957442e-09,9.92305110497313e-06,2.9365505629986176e-09,3.231313708233992e-14,22.650199300027452,22.603947900002822,0.04526579997036606,22.15283790003741,9.182263599941507,3.7667205000761896,2.1851833001710474,6.829842600040138,0.4058441999950446,0.00034089997643604875,0.04409250000026077,0.00019580003572627902,81,71,71,0,previous_accepted_state,active_ice_mask_changed,protected_anderson,2,1,coupling_residual_increased,no_cache_phase1,4027,4019,8,8,8
179,14.916666666666666,1,standard,True,True,converged,,ilu,0.5,21,115,611,0.000456159786894486,5.009839822294059e-10,9.224012010263933e-06,2.9467154183899097e-09,3.259498094586621e-14,17.798334099992644,17.7453525000019,0.08272020012373105,16.82576410000911,6.841976200405043,3.084532499720808,1.630401200032793,5.114309099910315,0.836868199869059,0.00033380003878846765,0.051160500035621226,0.0002607000060379505,68,47,47,0,previous_accepted_state,active_ice_mask_changed,protected_anderson,8,7,coupling_residual_increased|coupling_residual_increased|coupling_residual_increased|coupling_residual_increased|coupling_residual_increased|coupling_residual_increased|coupling_residual_increased,no_cache_phase1,4019,4010,9,9,9
180,15.0,1,standard,True,True,converged,,ilu,0.5,14,149,773,0.0006397094203603848,5.628289304154736e-09,8.091798231316013e-06,2.9328877428309132e-09,3.125094503805512e-14,33.6957363000256,33.6070136000053,0.055337300058454275,32.582303400035016,13.850376499816775,5.240165400027763,2.6157425996498205,10.628791299648583,0.9693728999118321,0.0004336000420153141,0.0857702000066638,0.0004811999970115721,80,69,66,0,previous_accepted_state,active_ice_mask_changed,protected_anderson,4,3,coupling_residual_increased|anderson_step_guard|coupling_residual_increased,no_cache_phase1,4010,4001,9,9,9
181,15.083333333333334,1,standard,True,True,converged,,ilu,0.5,17,108,541,0.0005386362891362159,6.010136270787683e-09,9.941862416890675e-06,2.9050916145334546e-09,3.068218999063817e-14,27.73527359997388,27.632245199987665,0.064089999825228,26.408934999955818,11.140265499765519,4.479655700037256,1.9754450001055375,8.616062900458928,1.1592202002066188,0.00042039999971166253,0.09968290000688285,0.0004932000301778316,62,46,45,0,previous_accepted_state,active_ice_mask_changed,protected_anderson,6,5,coupling_residual_increased|coupling_residual_increased|coupling_residual_increased|coupling_residual_increased|coupling_residual_increased,no_cache_phase1,4001,3989,12,12,12
182,15.166666666666666,1,standard,True,True,converged,,ilu,0.5,19,99,520,0.0004069321441073616,7.946911626815508e-10,9.30783272763698e-06,2.859191091828998e-09,3.0877070172023295e-14,26.107957300031558,26.03189250000287,0.07221200014464557,24.568983499892056,10.324086300155614,4.261846899928059,1.8441560000064783,7.95819709985517,1.390696999966167,0.0007390000391751528,0.07259840000187978,0.00026510003954172134,58,41,39,0,previous_accepted_state,active_ice_mask_changed,protected_anderson,7,6,coupling_residual_increased|coupling_residual_increased|coupling_residual_increased|anderson_step_guard|coupling_residual_increased|anderson_step_guard,no_cache_phase1,3989,3985,4,4,4
183,15.25,1,standard,True,True,converged,,ilu,0.5,21,100,530,0.0004301768961783082,8.286971103392768e-09,8.902689696169337e-06,2.8418083889539993e-09,3.1319174636188694e-14,16.971134899999015,16.922128700010944,0.0865844000945799,15.948843499994837,6.45040709991008,2.882879399927333,1.4900509999715723,4.986915400251746,0.8867007999215275,0.00038300000596791506,0.04676960001233965,0.00031949998810887337,60,40,39,0,previous_accepted_state,active_ice_mask_changed,protected_anderson,8,7,coupling_residual_increased|coupling_residual_increased|coupling_residual_increased|coupling_residual_increased|coupling_residual_increased|anderson_step_guard|coupling_residual_increased,no_cache_phase1,3985,3976,9,9,9
184,15.333333333333334,1,standard,True,True,converged,,ilu,0.5,17,100,506,0.0005073816048957332,3.3100995209065e-09,8.397377807726333e-06,2.8107008447487044e-09,3.035766544871283e-14,15.479490400000941,15.424950100015849,0.07269380002981052,14.645018499984872,6.000054399948567,2.6676840999280103,1.3843272002995946,4.4648712000926025,0.7072378000011668,0.0003491999814286828,0.05207440000958741,0.0003798999823629856,58,42,41,0,previous_accepted_state,active_ice_mask_changed,protected_anderson,6,5,coupling_residual_increased|anderson_step_guard|coupling_residual_increased|anderson_step_guard|coupling_residual_increased,no_cache_phase1,3976,3964,12,12,12
185,15.416666666666666,1,standard,True,True,converged,,ilu,0.5,18,74,407,0.0003933402766542177,1.647107767874918e-09,9.387666236799756e-06,2.8091756057130377e-09,2.933274979785515e-14,11.761080200027209,11.703072500007693,0.06768070010002702,10.929143999761436,4.373760900285561,2.0983660996425897,1.0690562000963837,3.287694099941291,0.7062478001462296,0.0003415999817661941,0.05571109999436885,0.0002411000314168632,46,28,28,0,previous_accepted_state,active_ice_mask_changed,protected_anderson,7,6,coupling_residual_increased|coupling_residual_increased|coupling_residual_increased|coupling_residual_increased|coupling_residual_increased|coupling_residual_increased,no_cache_phase1,3964,3955,9,9,9
186,15.5,1,standard,True,True,converged,,ilu,0.5,19,59,309,0.00033287577423834336,5.7844490966262685e-09,8.922814996176246e-06,2.757899005379747e-09,2.9829314145643256e-14,9.580521700030658,9.529898400011007,0.07860260014422238,8.66795239993371,3.4677834999165498,1.6607325997320004,0.8235810000333004,2.6322972999769263,0.7833433999330737,0.00035039999056607485,0.04855219996534288,0.0002169000217691064,38,21,19,0,previous_accepted_state,active_ice_mask_changed,protected_anderson,6,5,coupling_residual_increased|coupling_residual_increased|coupling_residual_increased|coupling_residual_increased|coupling_residual_increased,no_cache_phase1,3955,3946,11,11,10
187,15.583333333333334,1,standard,True,True,converged,,ilu,0.5,16,49,295,0.00035357931552806686,4.26404867864861e-09,9.706305609100916e-06,2.746622317489505e-09,2.984950781669396e-14,8.03255210001953,7.971549200010486,0.05995300010545179,7.2838707999908365,2.88098450016696,1.4262303998693824,0.7550241001299582,2.1528020997648127,0.6277253999141976,0.00036260002525523305,0.05906699999468401,0.0003252000315114856,32,17,16,0,previous_accepted_state,active_ice_mask_changed,protected_anderson,6,5,coupling_residual_increased|coupling_residual_increased|coupling_residual_increased|coupling_residual_increased|coupling_residual_increased,no_cache_phase1,3946,3938,8,8,8
188,15.666666666666666,1,standard,True,True,converged,,ilu,0.5,16,48,255,0.0005159497981758717,1.736299915120508e-11,9.79543063379711e-06,2.699220168098136e-09,2.965390973285153e-14,8.050489899993408,8.00096079998184,0.06087230012053624,7.260545199911576,2.944258599949535,1.4026301000849344,0.6831885999417864,2.1619249002542347,0.679543299949728,0.0003423999878577888,0.04766219999874011,0.000201700022444129,31,17,15,0,previous_accepted_state,active_ice_mask_changed,protected_anderson,6,5,coupling_residual_increased|coupling_residual_increased|coupling_residual_increased|coupling_residual_increased|coupling_residual_increased,no_cache_phase1,3938,3928,10,10,10
189,15.75,1,standard,True,True,converged,,ilu,0.5,14,45,249,0.0004980577999083206,7.487026626153217e-11,9.703081228673209e-06,2.676608194910362e-09,2.913963063196902e-14,7.139830300002359,7.086062000016682,0.05805350001901388,6.45587579999119,2.630987699900288,1.199362899758853,0.6396092001814395,1.9226130999159068,0.5721327000064775,0.0003386000171303749,0.05199220002396032,0.0002044999855570495,28,17,14,0,previous_accepted_state,active_ice_mask_changed,protected_anderson,5,4,coupling_residual_increased|coupling_residual_increased|coupling_residual_increased|coupling_residual_increased,no_cache_phase1,3928,3918,10,10,10
190,15.833333333333334,1,standard,True,True,converged,,ilu,0.5,18,47,253,0.00044457512819835325,8.514632278146561e-10,8.632594518868754e-06,2.6485581784802057e-09,2.8893112288100205e-14,7.983973200025503,7.93770280003082,0.07627379999030381,7.086857400019653,2.7862419998273253,1.4435757002211176,0.6593523996998556,2.12865129992133,0.7745716000208631,0.00037779996637254953,0.04444379999767989,0.00020130001939833164,32,15,14,0,previous_accepted_state,active_ice_mask_changed,protected_anderson,7,6,coupling_residual_increased|coupling_residual_increased|anderson_step_guard|coupling_residual_increased|anderson_step_guard|coupling_residual_increased,no_cache_phase1,3918,3910,8,8,8
191,15.916666666666666,1,standard,True,True,converged,,ilu,0.5,22,48,257,0.0002789196102864473,5.684435964837774e-09,8.89499025299905e-06,2.6090681432896518e-09,2.8813183649949127e-14,8.51558909995947,8.461369099968579,0.08700520027196035,7.445056699798442,2.9609902001102455,1.5434963998268358,0.6923145001637749,2.1746728000580333,0.9293071998981759,0.0005248999805189669,0.05173569999169558,0.00035170000046491623,34,14,12,0,previous_accepted_state,active_ice_mask_changed,protected_anderson,9,8,coupling_residual_increased|coupling_residual_increased|anderson_step_guard|coupling_residual_increased|coupling_residual_increased|coupling_residual_increased|coupling_residual_increased|coupling_residual_increased,no_cache_phase1,3910,3899,11,11,11
192,16.0,1,standard,True,True,converged,,ilu,0.5,21,57,317,0.0004128979579147281,7.328067025350703e-10,9.400905647661912e-06,2.5605177022646045e-09,2.8394779497364732e-14,9.599537000001874,9.544463800033554,0.08229709981242195,8.554803300183266,3.3538156002759933,1.7110986000625417,0.829480099841021,2.5762183000915684,0.9073634000378661,0.000394199974834919,0.052524900005664676,0.0003284999984316528,38,19,17,0,previous_accepted_state,active_ice_mask_changed,protected_anderson,8,7,coupling_residual_increased|coupling_residual_increased|coupling_residual_increased|coupling_residual_increased|coupling_residual_increased|coupling_residual_increased|anderson_step_guard,no_cache_phase1,3899,3891,8,8,8
193,16.083333333333332,1,standard,True,True,converged,,ilu,0.5,22,68,362,0.00044434051795652255,9.075033168858045e-10,9.091530413875602e-06,2.4997790953697696e-09,2.8002192233846343e-14,11.100596000032965,11.050860099960119,0.09198890015250072,9.994614899973385,3.993966500274837,1.91268989990931,0.9514366999501362,3.0366876001935452,0.9642562998342328,0.00041370000690221786,0.04729700001189485,0.00034600001526996493,44,24,22,0,previous_accepted_state,active_ice_mask_changed,protected_anderson,8,7,coupling_residual_increased|coupling_residual_increased|coupling_residual_increased|coupling_residual_increased|coupling_residual_increased|coupling_residual_increased|coupling_residual_increased,no_cache_phase1,3891,3879,12,12,12
194,16.166666666666668,1,standard,True,True,converged,,ilu,0.5,14,38,213,0.0003372385452442491,4.484150919799965e-09,7.787790101369213e-06,2.4762423808072943e-09,2.7792791058831662e-14,6.314628499967512,6.254104699997697,0.05128289997810498,5.6504728000145406,2.276882700389251,1.0647761998698115,0.5693995998590253,1.6832713999319822,0.5523490000050515,0.000556600047275424,0.0572571000084281,0.00039080000715330243,25,13,11,0,previous_accepted_state,active_ice_mask_changed,protected_anderson,5,4,coupling_residual_increased|coupling_residual_increased|coupling_residual_increased|coupling_residual_increased,no_cache_phase1,3879,3871,8,8,8
195,16.25,1,standard,True,True,converged,,ilu,0.5,15,37,202,0.000281676360240635,6.27097701437272e-09,9.069297952659228e-06,2.429410480330592e-09,2.7892339572106828e-14,6.379434600006789,6.3301821000059135,0.060742300061974674,5.589319299906492,2.1866523001226597,1.151093199965544,0.5379860999528319,1.6566875996650197,0.6801205000374466,0.0004104999825358391,0.046447700005955994,0.0003964999923482537,26,11,11,0,previous_accepted_state,active_ice_mask_changed,protected_anderson,4,3,coupling_residual_increased|coupling_residual_increased|coupling_residual_increased,no_cache_phase1,3871,3861,10,10,10
196,16.333333333333332,1,standard,True,True,converged,,ilu,0.5,16,48,275,0.00034607822542364193,3.280970813613438e-11,9.619725465992686e-06,2.4118491391017985e-09,2.6610627966280813e-14,7.974440300022252,7.920829999959096,0.06315750000067055,7.203346900059842,2.8645561001612805,1.3694854999775998,0.7210365002392791,2.1775923001696356,0.6543255998985842,0.0003644000389613211,0.05133439996279776,0.0002120999852195382,31,17,15,0,previous_accepted_state,active_ice_mask_changed,protected_anderson,6,5,coupling_residual_increased|coupling_residual_increased|coupling_residual_increased|coupling_residual_increased|coupling_residual_increased,no_cache_phase1,3861,3851,12,12,11
197,16.416666666666668,1,standard,True,True,converged,,ilu,0.5,13,32,178,0.00036385581448218613,7.375994530506654e-10,9.069230988680846e-06,2.38137378298072e-09,2.6761842428710792e-14,5.582785399979912,5.521338600025047,0.05937850009649992,4.867341399833094,1.9947007998125628,0.9029814000823535,0.4649698998546228,1.4562337000388652,0.5946187000954524,0.00034719996619969606,0.05925819999538362,0.00039270002162083983,21,11,8,0,previous_accepted_state,active_ice_mask_changed,protected_anderson,2,1,coupling_residual_increased,no_cache_phase1,3851,3842,9,9,9
198,16.5,1,standard,True,True,converged,,ilu,0.5,20,44,245,0.00025912774595993754,9.8842526679781e-10,8.86048517556668e-06,2.330388675804344e-09,2.6486273252801614e-14,7.714666000043508,7.6587874999968335,0.07644589996198192,6.685364900098648,2.622161300270818,1.3792233000858687,0.642915999982506,1.9731789000798017,0.8969766999362037,0.000444200006313622,0.05355839995900169,0.00022740004351362586,31,13,11,0,previous_accepted_state,active_ice_mask_changed,protected_anderson,8,7,coupling_residual_increased|coupling_residual_increased|coupling_residual_increased|coupling_residual_increased|coupling_residual_increased|coupling_residual_increased|coupling_residual_increased,no_cache_phase1,3842,3834,8,8,8
199,16.583333333333332,1,standard,True,True,converged,,ilu,0.5,18,38,209,0.00034614227771143097,8.167566550207444e-09,9.688634214231872e-06,2.3136388307863227e-09,2.685655970252738e-14,9.618558500020299,9.528881800011732,0.06812950008315966,8.186600400018506,3.248883699940052,1.6532017998979427,0.705406800028868,2.4951044000918046,1.2741518999100663,0.0004537000204436481,0.087154200009536,0.00039629999082535505,27,11,9,0,previous_accepted_state,active_ice_mask_changed,protected_anderson,7,6,coupling_residual_increased|coupling_residual_increased|coupling_residual_increased|coupling_residual_increased|coupling_residual_increased|coupling_residual_increased,no_cache_phase1,3834,3823,11,11,11
200,16.666666666666668,1,standard,True,True,converged,,ilu,0.5,20,40,226,0.000426248256897369,3.04326198677981e-11,9.849216565938185e-06,2.2452718926593344e-09,2.6433117444176158e-14,12.025550000020303,11.932266400021035,0.07692670013057068,10.35257569985697,4.2402323999558575,1.9587222000118345,0.8190279999980703,3.240005199855659,1.502764000033494,0.0008228999795392156,0.08881129999645054,0.0005771999713033438,29,11,9,0,previous_accepted_state,active_ice_mask_changed,protected_anderson,8,7,coupling_residual_increased|coupling_residual_increased|coupling_residual_increased|coupling_residual_increased|coupling_residual_increased|coupling_residual_increased|coupling_residual_increased,no_cache_phase1,3823,3814,9,9,9
201,16.75,1,standard,True,True,converged,,ilu,0.5,20,50,270,0.000469536371276362,4.4626328376003943e-10,8.973651247164478e-06,2.1999100045673167e-09,2.5655896672844838e-14,14.366375099983998,14.2743300999864,0.07049089996144176,12.800236099981703,5.341184700024314,2.317762800375931,0.9526455000159331,4.081013800110668,1.4036031000432558,0.0006434000097215176,0.08825610001804307,0.0004950999864377081,34,16,14,0,previous_accepted_state,active_ice_mask_changed,protected_anderson,8,7,coupling_residual_increased|coupling_residual_increased|coupling_residual_increased|coupling_residual_increased|coupling_residual_increased|coupling_residual_increased|coupling_residual_increased,no_cache_phase1,3814,3801,13,13,13
202,16.833333333333332,1,standard,True,True,converged,,ilu,0.5,16,62,356,0.000493338016681244,1.3826017213232195e-09,9.130030644436277e-06,2.161083214472176e-09,2.6460815144057096e-14,16.86940039996989,16.770172599994112,0.0639299998874776,15.575807800109033,6.417248800105881,2.8203901001252234,1.2310621998040006,4.983267500298098,1.1304347999976017,0.0007054000161588192,0.09532500000204891,0.0004838000168092549,39,23,23,0,previous_accepted_state,active_ice_mask_changed,protected_anderson,5,4,coupling_residual_increased|coupling_residual_increased|coupling_residual_increased|coupling_residual_increased,no_cache_phase1,3801,3792,9,9,9
203,16.916666666666668,1,standard,True,True,converged,,ilu,0.5,14,49,274,0.00042572112562639096,1.3564084302634536e-09,8.820031424524328e-06,2.0857452854980166e-09,2.578094113245315e-14,13.739467000006698,13.640894199954346,0.0517639999743551,12.589301100058947,5.418489600007888,2.106830499949865,0.9348065000376664,4.029302999959327,0.999829099921044,0.0008174999966286123,0.09451010002521798,0.0005154000245966017,31,18,17,0,previous_accepted_state,active_ice_mask_changed,protected_anderson,5,4,coupling_residual_increased|coupling_residual_increased|coupling_residual_increased|coupling_residual_increased,no_cache_phase1,3792,3783,9,9,9
204,17.0,1,standard,True,True,converged,,ilu,0.5,22,69,374,0.0004282302758509845,7.839749030173829e-10,9.73706893903112e-06,2.0473477311548488e-09,2.4621663232391803e-14,18.688539399998263,18.607426600006875,0.0794976000324823,16.92628369986778,7.129236700362526,3.016176099772565,1.2675600000075065,5.375560600310564,1.601645300106611,0.0006562999915331602,0.07752350001828745,0.00047450000420212746,45,24,23,0,previous_accepted_state,active_ice_mask_changed,protected_anderson,9,8,coupling_residual_increased|coupling_residual_increased|coupling_residual_increased|coupling_residual_increased|coupling_residual_increased|coupling_residual_increased|coupling_residual_increased|coupling_residual_increased,no_cache_phase1,3783,3773,10,10,10
205,17.083333333333332,1,standard,True,True,converged,,ilu,0.5,20,59,324,0.0004367247259641815,8.37205576177745e-10,9.662120260744695e-06,2.0052843411727173e-09,2.5320266852290913e-14,12.958697900001425,12.912614299973939,0.0876929996884428,11.962501000147313,4.979121099924669,2.1109425000613555,1.0058740000240505,3.762107299582567,0.8624203001381829,0.0006976000149734318,0.04301099997246638,0.0002038999809883535,39,20,19,0,previous_accepted_state,active_ice_mask_changed,protected_anderson,8,7,coupling_residual_increased|coupling_residual_increased|coupling_residual_increased|coupling_residual_increased|coupling_residual_increased|coupling_residual_increased|coupling_residual_increased,no_cache_phase1,3773,3762,11,11,11
206,17.166666666666668,1,standard,True,True,converged,,ilu,0.5,13,36,208,0.00038347140897506543,1.0643440610649208e-09,9.802549577663541e-06,1.952232410561204e-09,2.493164754502203e-14,6.34186329995282,6.279670400021132,0.05871669988846406,5.643097600026522,2.268657900043763,1.098903400124982,0.5390153999906033,1.6797590000205673,0.5778561001061462,0.00035659997956827283,0.059664000000339,0.0002041999832727015,24,12,11,0,previous_accepted_state,active_ice_mask_changed,protected_anderson,3,2,coupling_residual_increased|coupling_residual_increased,no_cache_phase1,3762,3752,12,12,11
207,17.25,1,standard,True,True,converged,,ilu,0.5,21,70,362,0.0002526400777978397,3.491678618491609e-09,9.813569983772544e-06,1.902900042037341e-09,2.450658017315791e-14,11.411025400040671,11.36339750001207,0.10511649976251647,10.378617800131906,4.191043900034856,2.016809100226965,0.9775498998351395,3.0910360997659154,0.8796632001176476,0.0003727000439539552,0.04550740000559017,0.0002204999909736216,45,25,24,0,previous_accepted_state,active_ice_mask_changed,protected_anderson,1,0,,no_cache_phase1,3752,3741,11,11,11
208,17.333333333333332,1,standard,True,True,converged,,ilu,0.5,11,59,324,0.000504365537912628,2.3632889469994123e-09,8.04958832378019e-06,1.8493406791164794e-09,2.3781610506679725e-14,9.192892099963501,9.140111800050363,0.04990680009359494,8.61217039998155,3.5498152002110146,1.4606025001266971,0.8672414998873137,2.653042000019923,0.47803459997521713,0.00043189997086301446,0.05082230002153665,0.0002019999665208161,35,24,24,0,previous_accepted_state,active_ice_mask_changed,protected_anderson,2,1,coupling_residual_increased,no_cache_phase1,3741,3732,9,9,9
209,17.416666666666668,1,standard,True,True,converged,,ilu,0.5,17,78,406,0.00031301175187890053,5.364072774784726e-09,7.951598038420486e-06,1.8082432645876847e-09,2.3763172594691295e-14,12.369954900001176,12.32369240000844,0.06909699982497841,11.511813100078143,4.674123200180475,2.070700699579902,1.1030744005111046,3.551403100020252,0.7427823001053184,0.0003548000240698457,0.04440809995867312,0.00020969996694475412,47,31,30,0,previous_accepted_state,active_ice_mask_changed,protected_anderson,6,5,coupling_residual_increased|coupling_residual_increased|coupling_residual_increased|coupling_residual_increased|coupling_residual_increased,no_cache_phase1,3732,3720,12,12,12
210,17.5,1,standard,True,True,converged,,ilu,0.5,12,67,359,0.00043557371858844724,6.786490427941927e-10,6.730223539614311e-06,1.7876319305014775e-09,2.362187465411751e-14,10.501439400017262,10.454920099989977,0.055605500005185604,9.873587199952453,4.0051039000973105,1.7519360001315363,0.9725915001472458,3.0506813001120463,0.5257274000323378,0.0004000000189989805,0.04462330002570525,0.0002060999977402389,39,28,27,0,previous_accepted_state,active_ice_mask_changed,protected_anderson,2,1,coupling_residual_increased,no_cache_phase1,3720,3708,12,12,12
211,17.583333333333332,1,standard,True,True,converged,,ilu,0.5,13,73,382,0.0003306875011513815,6.955138590112228e-09,8.03491414540023e-06,1.7944589044834665e-09,2.3370678470404186e-14,11.32941069995286,11.273168399988208,0.059532000101171434,10.67921569995815,4.4303915000054985,1.8281252998276614,1.0214434998924844,3.297059800243005,0.5344206999288872,0.0003923999611288309,0.05432549997931346,0.0002079999540001154,42,31,29,0,previous_accepted_state,active_ice_mask_changed,protected_anderson,3,2,coupling_residual_increased|coupling_residual_increased,no_cache_phase1,3708,3695,13,13,13
212,17.666666666666668,1,standard,True,True,converged,,ilu,0.5,11,67,412,0.0004859582925902115,2.569278472008312e-09,9.727838060071081e-06,1.8312594144786391e-09,2.3528349595075002e-14,10.673697699967306,10.62652779999189,0.052841799857560545,10.065289900056086,4.11212229996454,1.7044236000510864,1.0772769999457523,3.0775193999288604,0.5083961000782438,0.00039010000182315707,0.045272399962414056,0.00020480004604905844,38,29,27,0,previous_accepted_state,active_ice_mask_changed,protected_anderson,2,1,coupling_residual_increased,no_cache_phase1,3695,3683,12,12,12
213,17.75,1,standard,True,True,converged,,ilu,0.5,21,84,464,0.0004557624119693659,8.238526520733755e-10,9.579640542891763e-06,1.8925994856209346e-09,2.3010689668446233e-14,20.124362899980042,20.03322520002257,0.09233279974432662,18.465343600080814,7.584167999913916,3.2632397998240776,1.5835148001206107,5.870418799517211,1.47554880019743,0.0006153999711386859,0.08739669999340549,0.000534699996933341,52,32,31,0,previous_accepted_state,active_ice_mask_changed,protected_anderson,8,7,coupling_residual_increased|anderson_step_guard|coupling_residual_increased|anderson_step_guard|coupling_residual_increased|anderson_step_guard|coupling_residual_increased,no_cache_phase1,3683,3672,11,11,11
214,17.833333333333332,1,standard,True,True,converged,,ilu,0.5,12,63,333,0.0004980856631753111,7.633685218876916e-09,8.137263597032646e-06,1.885504423590585e-09,2.2317792410055016e-14,18.560773100005463,18.447671499976423,0.05243709997739643,17.40476070001023,7.381387899804395,2.826833000232,1.3035709999967366,5.757630099658854,0.9904736999887973,0.0006333999917842448,0.10993959999177605,0.00047849997645244,37,26,25,0,previous_accepted_state,active_ice_mask_changed,protected_anderson,3,2,coupling_residual_increased|coupling_residual_increased,no_cache_phase1,3672,3663,9,9,9
215,17.916666666666668,1,standard,True,True,converged,,ilu,0.5,13,59,317,0.00033503376225314026,7.903712839791674e-09,5.017879110606594e-06,1.970957257525602e-09,2.2105388875821363e-14,16.005027699982747,15.908630299963988,0.06204370019258931,14.934694299881812,6.370176499825902,2.4919821004150435,1.11342879984295,4.839643099694513,0.9118922998895869,0.000716000038664788,0.09216830000514165,0.0005236999713815749,36,23,23,0,previous_accepted_state,active_ice_mask_changed,protected_anderson,2,1,anderson_step_guard,no_cache_phase1,3663,3654,9,9,9
216,18.0,1,standard,True,True,converged,,ilu,0.5,11,46,245,0.0004905181513518846,7.2678646852083844e-09,8.333652224019377e-06,1.9777628552400354e-09,2.202040203419541e-14,12.18773239996517,12.094831399968825,0.049314399890135974,11.282502300047781,4.804679099994246,1.8578265000251122,0.840515999996569,3.6854924999643117,0.763014700030908,0.000957000011112541,0.08842490002280101,0.0004243999719619751,28,18,17,0,previous_accepted_state,active_ice_mask_changed,protected_anderson,2,1,coupling_residual_increased,no_cache_phase1,3654,3645,9,9,9
217,18.083333333333332,1,standard,True,True,converged,,ilu,0.5,15,42,236,0.0003519021539864705,7.645870868982442e-09,8.11958196833295e-06,1.955969625383877e-09,2.2219685223394215e-14,11.707413099997211,11.632206000038423,0.062210399948526174,10.478907699987758,4.40323060011724,1.8661991997505538,0.8123897000332363,3.305219999921974,1.0910879001021385,0.0007630999898537993,0.07165389996953309,0.00026619998971000314,28,14,13,0,previous_accepted_state,active_ice_mask_changed,protected_anderson,4,3,coupling_residual_increased|coupling_residual_increased|coupling_residual_increased,no_cache_phase1,3645,3637,10,10,9
218,18.166666666666668,1,standard,True,True,converged,,ilu,0.5,15,53,511,0.000438787918298688,5.627654830500379e-10,8.658724863846305e-06,1.8896192683406527e-09,2.1921903861683856e-14,14.93781219999073,14.852249399991706,0.07225369982188568,13.706828400027007,5.518535599985626,2.3051748001598753,1.5895526999374852,4.184782000200357,1.0731673001428135,0.0008403999963775277,0.08185210003284737,0.0005148999625816941,33,20,18,0,previous_accepted_state,active_ice_mask_changed,protected_anderson,2,1,anderson_step_guard,no_cache_phase1,3637,3628,9,9,9
219,18.25,1,standard,True,True,converged,,ilu,0.5,14,41,223,0.00032836805488764033,6.322535409097202e-09,4.960855813134877e-06,1.9196139039655264e-09,2.1559403170329482e-14,11.871576400008053,11.79070309997769,0.06826779991388321,10.715974300110247,4.610668599954806,1.9207617999054492,0.7684295998769812,3.3274459000094794,1.0064609999535605,0.00046060001477599144,0.07812319998629391,0.00043979997280985117,27,14,13,0,previous_accepted_state,active_ice_mask_changed,protected_anderson,2,1,coupling_residual_increased,no_cache_phase1,3628,3618,10,10,10
220,18.333333333333332,1,standard,True,True,converged,,ilu,0.5,17,57,314,0.0004366892203507354,4.7144325391456595e-11,8.753424852568821e-06,1.870659711055093e-09,2.0816282815760018e-14,15.525187999999616,15.424951000022702,0.06873669993365183,14.122255200054497,5.929175700293854,2.364975599979516,1.0935059997136705,4.61295289976988,1.2339591000345536,0.0006864000461064279,0.09665139997377992,0.0005082999705336988,36,21,19,0,previous_accepted_state,active_ice_mask_changed,protected_anderson,5,4,coupling_residual_increased|coupling_residual_increased|coupling_residual_increased|coupling_residual_increased,no_cache_phase1,3618,3610,8,8,8
221,18.416666666666668,1,standard,True,True,converged,,ilu,0.5,11,48,265,0.0004116220030260846,9.687264830777693e-09,7.117124438515844e-06,1.9142282450041523e-09,2.1008277735315865e-14,12.724419199978001,12.635122300009243,0.046623499889392406,11.836055500025395,5.1405346999526955,1.8550068999174982,0.9042478002374992,3.841180400166195,0.7524433000944555,0.0008465000428259373,0.08510629995726049,0.00040439999429509044,28,20,17,0,previous_accepted_state,active_ice_mask_changed,protected_anderson,2,1,coupling_residual_increased,no_cache_phase1,3610,3597,13,13,13
222,18.5,1,standard,True,True,converged,,ilu,0.5,17,86,466,0.0004769219769688191,9.46117443507872e-09,9.15046617964224e-06,1.7922787906160272e-09,2.1171537686666443e-14,19.718252499995288,19.66287130001001,0.06529330008197576,18.837541399989277,8.038250700279605,2.9583160003530793,1.4924084997619502,6.194957899686415,0.7600365999387577,0.00036750000435858965,0.05260330002056435,0.00021060003200545907,51,35,34,0,previous_accepted_state,active_ice_mask_changed,protected_anderson,6,5,coupling_residual_increased|anderson_step_guard|coupling_residual_increased|anderson_step_guard|coupling_residual_increased,no_cache_phase1,3597,3587,10,10,10
223,18.583333333333332,1,standard,True,True,converged,,ilu,0.5,11,72,787,0.0004746375000826414,8.289685929450178e-09,7.154245813377887e-06,1.9216988253271964e-09,2.0780650880265963e-14,12.220846400014125,12.168297700001858,0.048389599949587137,11.62383590004174,4.471458900196012,1.8188677999423817,1.8509139002417214,3.382040999713354,0.49607220001053065,0.0006446000188589096,0.05008709995308891,0.0002120000426657498,40,32,29,0,previous_accepted_state,active_ice_mask_changed,protected_anderson,2,1,coupling_residual_increased,no_cache_phase1,3587,3578,9,9,9
224,18.666666666666668,1,standard,True,True,converged,,ilu,0.5,21,117,620,0.0005740690486443228,8.33671228630407e-09,8.26909077111399e-06,1.941363632179852e-09,2.0683419623740993e-14,20.175695599988103,20.12275929999305,0.09096829971531406,19.139057800057344,8.098196999926586,3.0960272998781875,1.7425610001082532,6.0273056997102685,0.8927332002203912,0.0005135000101290643,0.05065639998065308,0.0002209999947808683,68,49,47,0,previous_accepted_state,active_ice_mask_changed,protected_anderson,8,7,coupling_residual_increased|coupling_residual_increased|coupling_residual_increased|anderson_step_guard|coupling_residual_increased|anderson_step_guard|coupling_residual_increased,no_cache_phase1,3578,3570,10,10,10
225,18.75,1,standard,True,True,converged,,ilu,0.5,17,81,1109,0.0005788252639443674,1.0612460543144789e-10,8.869965850017074e-06,2.009972598530626e-09,2.0727902503197574e-14,17.003844199993182,16.927328300022054,0.06913649977650493,15.726799700118136,5.876999800093472,2.48127599991858,2.7930136998184025,4.442241100070532,1.1313921001274139,0.0004219000111334026,0.07427869999082759,0.0002893999917432666,48,33,31,0,previous_accepted_state,active_ice_mask_changed,protected_anderson,6,5,coupling_residual_increased|coupling_residual_increased|coupling_residual_increased|coupling_residual_increased|coupling_residual_increased,no_cache_phase1,3570,3560,10,10,10
226,18.833333333333332,1,standard,True,True,converged,,ilu,0.5,13,63,347,0.0003989531690820829,4.8520152980232486e-09,7.53818438923009e-06,2.0075795680416538e-09,2.0621106501870797e-14,17.019278199994005,16.92710980004631,0.06429100007517263,15.95069779996993,6.891656800289638,2.488600799755659,1.2591851002071053,5.17582320026122,0.912121000001207,0.0008270000107586384,0.08881109999492764,0.0005331000429578125,37,26,24,0,previous_accepted_state,active_ice_mask_changed,protected_anderson,2,1,anderson_step_guard,no_cache_phase1,3560,3548,12,12,12
227,18.916666666666668,1,standard,True,True,converged,,ilu,0.5,17,83,431,0.0006429829352643194,4.220882297918769e-09,9.565586910124747e-06,1.9132651874302334e-09,2.0472705103224266e-14,21.716606500034686,21.63591730000917,0.07246500009205192,20.338448900030926,8.700929099984933,3.336825199832674,1.5099993002368137,6.628208999871276,1.225003399886191,0.00046469998778775334,0.07717770000454038,0.0005610000225715339,49,34,32,0,previous_accepted_state,active_ice_mask_changed,protected_anderson,6,5,coupling_residual_increased|anderson_step_guard|coupling_residual_increased|anderson_step_guard|coupling_residual_increased,no_cache_phase1,3548,3537,11,11,11
228,19.0,1,standard,True,True,converged,,ilu,0.5,11,63,1232,0.0005676211727245713,2.1883180878082029e-10,9.682502798808984e-06,1.9385851358519526e-09,1.9632051477505726e-14,19.924543900007848,19.835093300032895,0.047235100006219,19.02037119999295,6.8938582997070625,2.638121700147167,4.082471100089606,5.2762652998790145,0.767487000033725,0.0004962999955751002,0.08551330002956092,0.0004434000002220273,37,26,26,0,previous_accepted_state,active_ice_mask_changed,protected_anderson,2,1,coupling_residual_increased,no_cache_phase1,3537,3530,7,7,7
229,19.083333333333332,1,standard,True,True,converged,,ilu,0.5,17,69,356,0.0005143255060005023,5.106169182844018e-09,9.033274518315511e-06,2.0222364738982843e-09,1.937040713913293e-14,16.551528199983295,16.49363619997166,0.07004830020014197,15.601950999873225,6.76597289997153,2.466265900118742,1.2087575002806261,5.03014250023989,0.8216368998982944,0.00041420001070946455,0.054461600026115775,0.00033249997068196535,42,27,25,0,previous_accepted_state,active_ice_mask_changed,protected_anderson,5,4,coupling_residual_increased|coupling_residual_increased|anderson_step_guard|coupling_residual_increased,no_cache_phase1,3530,3522,10,10,9
230,19.166666666666668,1,standard,True,True,converged,,ilu,0.5,13,65,358,0.0005388727265778567,9.417163274146235e-10,8.361694123690732e-06,2.0027541535125116e-09,1.8749464683054022e-14,10.258375499979593,10.20612499996787,0.05712320009479299,9.60643729986623,3.8724969001486897,1.6884382996358909,0.9596663998672739,2.991606600349769,0.5425645000068471,0.0003856000257655978,0.049704200006090105,0.0004059999482706189,39,26,26,0,previous_accepted_state,active_ice_mask_changed,protected_anderson,3,2,coupling_residual_increased|coupling_residual_increased,no_cache_phase1,3522,3509,13,13,13
231,19.25,1,standard,True,True,converged,,ilu,0.5,18,77,389,0.000535876042557787,5.468947712693637e-09,8.720268635090633e-06,1.8938755580439e-09,1.9474309623607453e-14,12.257912400003988,12.211362100031693,0.07719009986612946,11.332354100071825,4.660419799736701,2.0262146004242823,1.0518628997378983,3.4780015999567695,0.801817900093738,0.00038079998921602964,0.044011799967847764,0.00021520000882446766,46,31,28,0,previous_accepted_state,active_ice_mask_changed,protected_anderson,5,4,coupling_residual_increased|coupling_residual_increased|coupling_residual_increased|coupling_residual_increased,no_cache_phase1,3509,3501,8,8,8
232,19.333333333333332,1,standard,True,True,converged,,ilu,0.5,14,74,387,0.000499228057615288,5.264386118620864e-10,7.008898344459342e-06,2.001971272273967e-09,1.9076659026809455e-14,11.66685530001996,11.607331999985036,0.06053969985805452,10.943758800101932,4.619578399811871,1.7808282999321818,1.0311833001323976,3.406848699785769,0.6030335000250489,0.0004813999985344708,0.056384800001978874,0.0002204999909736216,43,31,29,0,previous_accepted_state,active_ice_mask_changed,protected_anderson,3,2,coupling_residual_increased|coupling_residual_increased,no_cache_phase1,3501,3491,10,10,10
233,19.416666666666668,1,standard,True,True,converged,,ilu,0.5,21,124,1776,0.0006347015809994822,8.216246517974623e-09,8.601882914963667e-06,1.986186595320825e-09,1.9056886859585824e-14,29.757733599981293,29.6586171000381,0.08865640009753406,27.995546500082128,10.619826199894305,4.173893100058194,4.942578500253148,8.034914900141302,1.5744141998584382,0.0008439000230282545,0.0958661999902688,0.00028929999098181725,72,52,51,0,previous_accepted_state,active_ice_mask_changed,protected_anderson,8,7,coupling_residual_increased|anderson_step_guard|coupling_residual_increased|anderson_step_guard|coupling_residual_increased|anderson_step_guard|coupling_residual_increased,no_cache_phase1,3491,3480,11,11,11
234,19.5,1,standard,True,True,converged,,ilu,0.5,13,98,2177,0.0005800787071955828,9.841323240166503e-09,9.406325279721267e-06,1.9698185321379968e-09,1.8193387386660225e-14,30.953665400040336,30.851131899980828,0.05775430001085624,29.830930399824865,10.57764220010722,3.702630400133785,7.328266500262544,8.030533100187313,0.9624472001451068,0.0009002999868243933,0.09858819999499246,0.000493000028654933,54,44,41,0,previous_accepted_state,active_ice_mask_changed,protected_anderson,4,3,coupling_residual_increased|anderson_step_guard|coupling_residual_increased,no_cache_phase1,3480,3468,12,12,12
235,19.583333333333332,1,standard,True,True,converged,,ilu,0.5,17,158,3641,0.0007479165885628462,1.4700006628993775e-10,9.429015870626064e-06,1.9394012544709796e-09,1.8528769072909265e-14,44.4241813000408,44.36546980001731,0.06988189998082817,43.50036559998989,15.14537359966198,5.248041099810507,11.181593899906147,11.639242100121919,0.7952223000465892,0.00038629997288808227,0.055645300017204136,0.0003334000357426703,87,71,70,0,previous_accepted_state,active_ice_mask_changed,protected_anderson,6,5,coupling_residual_increased|coupling_residual_increased|coupling_residual_increased|coupling_residual_increased|coupling_residual_increased,no_cache_phase1,3468,3460,8,8,8
236,19.666666666666668,1,standard,True,True,converged,,ilu,0.5,11,108,1365,0.0005885808591965744,2.4558791419438135e-09,9.271364645455014e-06,2.0903903802321324e-09,1.820513506021245e-14,18.013729900005274,17.964764399977867,0.04869379993760958,17.433245799911674,6.771487100049853,2.5390170001774095,3.0663302995380946,4.902462999569252,0.48282480012858286,0.0004393000272102654,0.046666799986269325,0.00021879997802898288,59,49,48,0,previous_accepted_state,active_ice_mask_changed,protected_anderson,2,1,coupling_residual_increased,no_cache_phase1,3460,3448,12,12,12
237,19.75,1,standard,True,True,converged,,ilu,0.5,12,180,5415,0.0008291429555713746,9.694550509226054e-09,9.340188527039214e-06,2.0363922345230563e-09,1.8165819937842827e-14,49.37264989997493,49.27942229999462,0.056721200118772686,48.36687289987458,14.873772299964912,5.316940000106115,16.75694589986233,11.12052190041868,0.8558282000012696,0.0008902000263333321,0.08964580000611022,0.00045419996604323387,95,85,83,0,previous_accepted_state,active_ice_mask_changed,protected_anderson,3,2,coupling_residual_increased|anderson_step_guard,no_cache_phase1,3448,3437,13,13,13
238,19.833333333333332,1,standard,True,True,converged,,ilu,0.5,15,92,2538,0.0006438279797118791,3.149960442199861e-09,9.104081278518263e-06,2.002374977133299e-09,1.7949056896313023e-14,33.195898599980865,33.09229650005,0.06409310025628656,31.896421299898066,10.30440620018635,3.684048000141047,9.631002199894283,8.08132380025927,1.131782099895645,0.000888100010342896,0.09842410002602264,0.0005728999967686832,52,40,37,0,previous_accepted_state,active_ice_mask_changed,protected_anderson,4,3,coupling_residual_increased|coupling_residual_increased|coupling_residual_increased,no_cache_phase1,3437,3428,9,9,9
239,19.916666666666668,1,standard,True,True,converged,,ilu,0.5,12,58,994,0.0004881626651977451,7.676631718230097e-10,9.975159505550536e-06,2.123237891698494e-09,1.8167778555635128e-14,17.857020700001158,17.75394869997399,0.056202399893663824,16.85979709995445,6.385200700024143,2.300645900017116,3.187923100020271,4.867416999943089,0.8379492001258768,0.000658600009046495,0.09971360000781715,0.0005166999762877822,35,23,23,0,previous_accepted_state,active_ice_mask_changed,protected_anderson,1,0,,no_cache_phase1,3428,3416,12,12,12
240,20.0,1,standard,True,True,converged,,ilu,0.5,18,85,1819,0.0006533425949562334,7.672259019741e-09,9.68008462556835e-06,2.078796202776623e-09,1.7993861145960513e-14,20.261932800000068,20.210457500012126,0.07828520005568862,19.37877629994182,6.740983899624553,2.566398800641764,4.93795329995919,4.985260599933099,0.753396000014618,0.0006561999907717109,0.04748080001445487,0.0004186000442132354,51,34,33,0,previous_accepted_state,active_ice_mask_changed,protected_anderson,6,5,coupling_residual_increased|coupling_residual_increased|coupling_residual_increased|anderson_step_guard|coupling_residual_increased,no_cache_phase1,3416,3406,10,10,10
241,20.083333333333332,1,standard,True,True,converged,,ilu,0.5,11,66,2027,0.0005196230320972953,6.468991352839267e-10,8.910864590883046e-06,2.1185881787766362e-09,1.6925266671944607e-14,14.65826300001936,14.610414700000547,0.05062889988766983,14.079940500087105,4.051216499821749,1.6378841999685392,5.204871800146066,3.0853348001255654,0.4798453000257723,0.0004284000024199486,0.04512070002965629,0.00021919998107478023,38,28,27,0,previous_accepted_state,active_ice_mask_changed,protected_anderson,2,1,coupling_residual_increased,no_cache_phase1,3406,3396,10,10,10
242,20.166666666666668,1,standard,True,True,converged,,ilu,0.5,17,81,2153,0.0005692663851148476,1.047994958687297e-09,6.928998975761883e-06,2.1055176425614494e-09,1.7776477298904393e-14,17.056542099977378,16.99743629997829,0.08122119994368404,16.23382980003953,4.979285099892877,2.0793114998959936,5.304530299734324,3.7481014997465536,0.6823852999950759,0.0004157000221312046,0.057086799992248416,0.00022389995865523815,49,32,32,0,previous_accepted_state,active_ice_mask_changed,protected_anderson,4,3,coupling_residual_increased|coupling_residual_increased|coupling_residual_increased,no_cache_phase1,3396,3385,13,13,12
243,20.25,1,standard,True,True,converged,,ilu,0.5,14,79,1494,0.00038435523943614123,7.092336455316571e-10,9.56019655142223e-06,2.0538732971838552e-09,1.72582097642771e-14,22.143236699979752,22.043564199993853,0.07050929998513311,20.896910300012678,7.52895440015709,2.7380532002425753,4.587882899912074,5.882287299842574,1.0761445999960415,0.0006579000037163496,0.09645630000159144,0.0005444999551400542,46,33,32,0,previous_accepted_state,active_ice_mask_changed,protected_anderson,1,0,,no_cache_phase1,3385,3377,8,8,8
244,20.333333333333332,1,standard,True,True,converged,,ilu,0.5,19,109,2464,0.0006525771816122899,5.750869795019939e-10,9.155897311682117e-06,2.1366667862736512e-09,1.6767656555913483e-14,34.977510099997744,34.87658729997929,0.0798215001123026,33.39518299984047,11.731180399889126,4.2448313002241775,8.210381100070663,8.974551100283861,1.4015828000265174,0.0004961999948136508,0.0972362999455072,0.0005586000042967498,63,46,44,0,previous_accepted_state,active_ice_mask_changed,protected_anderson,7,6,coupling_residual_increased|coupling_residual_increased|coupling_residual_increased|anderson_step_guard|coupling_residual_increased|anderson_step_guard,no_cache_phase1,3377,3369,8,8,8
245,20.416666666666668,1,standard,True,True,converged,,ilu,0.5,11,75,1292,0.00047566221110313873,5.785202683554243e-09,9.198271996863926e-06,2.148181096719475e-09,1.663725491039455e-14,22.720771300024353,22.620197899988852,0.05060610000509769,21.74811609997414,8.145239999867044,2.765540799824521,4.26425200002268,6.409027100075036,0.8214757000096142,0.0009455999825149775,0.09494510001968592,0.0005685000214725733,42,33,31,0,previous_accepted_state,active_ice_mask_changed,protected_anderson,2,1,coupling_residual_increased,no_cache_phase1,3369,3359,10,10,10
246,20.5,1,standard,True,True,converged,,ilu,0.5,15,107,2667,0.0006751845548424117,3.6778937407607734e-10,8.745074402018736e-06,2.0491812198152192e-09,1.6644078184354386e-14,26.866175700037275,26.817887099983636,0.065743500192184,26.13412169984076,8.548263499687891,3.029272699728608,7.8065104999695905,6.564708299993072,0.6180218999506906,0.0003866999759338796,0.045475499995518476,0.00022220000391826034,60,47,45,0,previous_accepted_state,active_ice_mask_changed,protected_anderson,4,3,coupling_residual_increased|coupling_residual_increased|anderson_step_guard,no_cache_phase1,3359,3348,11,11,11
247,20.583333333333332,1,standard,True,True,converged,,ilu,0.5,16,90,1964,0.00048134028161580774,2.2874886291521746e-10,8.517402158395388e-06,1.9867646396032973e-09,1.693941013668643e-14,17.511482500005513,17.45591110002715,0.07280829991213977,16.70599270000821,5.4671276999870315,2.1756095998571254,4.774859199940693,4.1480381999281235,0.6771101001068018,0.0004056000034324825,0.05341889994451776,0.0002663999912329018,52,38,36,0,previous_accepted_state,active_ice_mask_changed,protected_anderson,6,5,coupling_residual_increased|coupling_residual_increased|anderson_step_guard|coupling_residual_increased|anderson_step_guard,no_cache_phase1,3348,3339,11,11,11
248,20.666666666666668,1,standard,True,True,converged,,ilu,0.5,14,188,4281,0.0008046000174218472,5.30971590283596e-10,9.72728853437489e-06,2.067421881244143e-09,1.6942121208812802e-14,48.93595690000802,48.828811900049914,0.06319450010778382,47.75465759995859,16.328622599539813,5.453770100022666,12.902818899950944,12.733476899389643,1.0109597999835387,0.0007592000183649361,0.10360279999440536,0.0005691000260412693,100,88,86,0,previous_accepted_state,active_ice_mask_changed,protected_anderson,4,3,coupling_residual_increased|anderson_step_guard|coupling_residual_increased,no_cache_phase1,3339,3329,10,10,10
249,20.75,1,standard,True,True,converged,,ilu,0.5,15,122,3398,0.0005138976943775377,5.220397913675942e-10,8.497826492831543e-06,2.076902790483927e-09,1.6404752107425883e-14,40.978100800013635,40.87721960002091,0.06595750019187108,39.73833129997365,13.16692109964788,4.480527599982452,11.910172299656551,9.933278400276322,1.072930799855385,0.000687599997036159,0.09723210002994165,0.0003182999789714813,68,54,53,0,previous_accepted_state,active_ice_mask_changed,protected_anderson,5,4,coupling_residual_increased|anderson_step_guard|coupling_residual_increased|anderson_step_guard,no_cache_phase1,3329,3320,9,9,9
250,20.833333333333332,1,standard,True,True,converged,,ilu,0.5,8,219,5389,0.0008829693737410908,1.0936360088711096e-09,9.654368884240177e-06,2.1157026749902865e-09,1.6553609441704056e-14,48.130694399995264,48.06483530002879,0.03668660006951541,47.663209299964365,15.78549620002741,5.362793100473937,14.22902729944326,11.950101600494236,0.36493939999490976,0.00046179996570572257,0.06336079997709021,0.00022980000358074903,112,107,104,0,previous_accepted_state,active_ice_mask_changed,protected_anderson,1,0,,no_cache_phase1,3320,3307,13,13,13
251,20.916666666666668,1,standard,True,True,converged,,ilu,0.5,19,128,2048,0.0006083469458376747,1.192224444383011e-09,9.652219656295879e-06,1.9957914045880663e-09,1.6125117763963523e-14,29.219793100026436,29.12558250001166,0.08482129994081333,27.594581499986816,10.211754299816675,3.8519525003503077,5.471001999685541,7.828234899556264,1.4461797000840306,0.000983899983111769,0.09024319995660335,0.0006851000362075865,73,55,54,0,previous_accepted_state,active_ice_mask_changed,protected_anderson,7,6,coupling_residual_increased|coupling_residual_increased|coupling_residual_increased|anderson_step_guard|coupling_residual_increased|anderson_step_guard,no_cache_phase1,3307,3299,8,8,8
252,21.0,1,standard,True,True,converged,,ilu,0.5,11,126,3219,0.0005880451665253418,9.307024397851419e-10,5.060719188007734e-06,2.1233264240151816e-09,1.6051180902514542e-14,41.19077510002535,41.086681900022086,0.05268880003131926,40.24302670004545,13.922982999880332,4.534809100441635,10.996054799761623,10.5299155000248,0.7909663999453187,0.0009899999713525176,0.09901479998370633,0.0005839000223204494,68,58,57,0,previous_accepted_state,active_ice_mask_changed,protected_anderson,2,1,coupling_residual_increased,no_cache_phase1,3299,3291,8,8,8
253,21.083333333333332,1,standard,True,True,converged,,ilu,0.5,14,102,2579,0.0006277716949203692,6.628840978403679e-10,8.686532186022963e-06,2.1417133948942346e-09,1.6052385249405905e-14,30.66103259997908,30.6044310000143,0.06310410023434088,29.891359199828003,10.068637599935755,3.407198900007643,8.471214200137183,7.747157000005245,0.6499676999519579,0.00041719997534528375,0.053455399989616126,0.0002717999741435051,57,45,43,0,previous_accepted_state,active_ice_mask_changed,protected_anderson,3,2,coupling_residual_increased|coupling_residual_increased,no_cache_phase1,3291,3281,12,12,12
254,21.166666666666668,1,standard,True,True,converged,,ilu,0.5,8,119,2849,0.0008245362557828709,7.835371564425463e-09,8.976561371886868e-06,2.0259282556082983e-09,1.58011635628447e-14,23.28553200000897,23.23578810004983,0.03631250001490116,22.838347400072962,7.42418079986237,2.590278499701526,6.996860400133301,5.65215920022456,0.36112819996196777,0.0004235999658703804,0.04762199998367578,0.0002253999700769782,63,56,55,0,previous_accepted_state,active_ice_mask_changed,protected_anderson,1,0,,no_cache_phase1,3281,3272,9,9,9
255,21.25,1,standard,True,True,converged,,ilu,0.5,14,81,2481,0.0005734819533799505,1.6689155596883193e-09,9.720825026473896e-06,2.072777608361193e-09,1.5412104636614206e-14,18.049078899959568,17.995017700013705,0.07300569990184158,17.305585500085726,4.982927700097207,1.9276503000874072,6.498714899586048,3.7691446996759623,0.6164265000261366,0.00043320003896951675,0.0515037999721244,0.0002592999953776598,47,34,33,0,previous_accepted_state,active_ice_mask_changed,protected_anderson,3,2,coupling_residual_increased|coupling_residual_increased,no_cache_phase1,3272,3262,10,10,10
256,21.333333333333332,1,standard,True,True,converged,,ilu,0.5,11,71,2180,0.00048809629333514517,5.42160557237267e-10,7.213864571831102e-06,1.954224473816633e-09,1.54113406778226e-14,24.912531799986027,24.801564700028393,0.052177000034134835,23.97535839996999,7.309709900000598,2.5103816998307593,8.294325900264084,5.702116900123656,0.7740293000242673,0.0010236999951303005,0.10704510001232848,0.00046419998398050666,40,31,29,0,previous_accepted_state,active_ice_mask_changed,protected_anderson,2,1,coupling_residual_increased,no_cache_phase1,3262,3250,12,12,12
257,21.416666666666668,1,standard,True,True,converged,,ilu,0.5,17,91,2391,0.00041056978717579217,3.9639417999794556e-10,6.856424858742421e-06,1.9751662521384537e-09,1.565947917603756e-14,31.231357399956323,31.141100900014862,0.07403439976042137,29.73753350012703,10.04335170018021,3.434114899893757,8.379192900203634,7.681597500282805,1.3295330001274124,0.001365399977657944,0.08496130001731217,0.0004569000448100269,53,38,36,0,previous_accepted_state,active_ice_mask_changed,protected_anderson,4,3,coupling_residual_increased|coupling_residual_increased|coupling_residual_increased,no_cache_phase1,3250,3238,14,14,13
258,21.5,1,standard,True,True,converged,,ilu,0.5,16,67,2134,0.00013240991219568883,5.763232401500398e-10,9.583463660915481e-06,1.913678514355396e-09,1.5305941963948064e-14,24.594596999988426,24.493732500006445,0.08013370010303333,23.254807999939658,7.279541600029916,2.4814848001115024,7.884801200241782,5.4538623000262305,1.1587907999637537,0.0007408999954350293,0.09654589998535812,0.0005677000153809786,40,27,24,0,previous_accepted_state,active_ice_mask_changed,protected_anderson,1,0,,no_cache_phase1,3238,3232,6,6,6
259,21.583333333333332,1,standard,True,True,converged,,ilu,0.5,16,94,2913,0.00042828958597329955,9.545161422266358e-09,9.029590381421191e-06,2.117384818172138e-09,1.4588649786721392e-14,23.634472799953073,23.577681499999017,0.08007509988965467,22.80592210002942,6.768397399573587,2.4307705999235623,8.4243541994947,5.023239299654961,0.6916843000799417,0.00042910000775009394,0.05341150000458583,0.00036619999445974827,54,40,38,0,previous_accepted_state,active_ice_mask_changed,protected_anderson,4,3,coupling_residual_increased|anderson_step_guard|coupling_residual_increased,no_cache_phase1,3232,3222,10,10,10
260,21.666666666666668,1,standard,True,True,converged,,ilu,0.5,14,68,1908,0.00033705830139333135,5.223842999775635e-10,8.713346065560127e-06,2.0641054807772337e-09,1.482632971259197e-14,14.966859799984377,14.917437199968845,0.0612667998066172,14.278059600037523,4.323816400079522,1.6622161000268534,4.973105999932159,3.212472999934107,0.5781108001247048,0.000403400044888258,0.04675149999093264,0.0002142000012099743,40,28,26,0,previous_accepted_state,active_ice_mask_changed,protected_anderson,3,2,coupling_residual_increased|coupling_residual_increased,no_cache_phase1,3222,3211,11,11,11
261,21.75,1,standard,True,True,converged,,ilu,0.5,17,121,3232,0.0005546843137274785,7.779534815733827e-09,9.588435439738564e-06,2.046396405491802e-09,1.500413759867121e-14,34.84883020003326,34.74992690002546,0.07535119983367622,33.42769490007777,10.779748800210655,3.7613793001510203,10.343533700273838,8.304593600216322,1.2468808001140133,0.000665700004901737,0.09460359998047352,0.0006145000224933028,68,53,51,0,previous_accepted_state,active_ice_mask_changed,protected_anderson,6,5,coupling_residual_increased|anderson_step_guard|coupling_residual_increased|anderson_step_guard|coupling_residual_increased,no_cache_phase1,3211,3201,10,10,10
262,21.833333333333332,1,standard,True,True,converged,,ilu,0.5,13,86,2206,0.0003278386878426993,3.7057848551452805e-10,9.566986656401874e-06,2.000958669092716e-09,1.4776096349461238e-14,29.35257129999809,29.261261500010733,0.06037510000169277,28.195612400013488,9.633306000032462,3.1350072000641376,7.830737599811982,7.400323600159027,1.005273999995552,0.0005228000227361917,0.08703260001493618,0.0006024999893270433,48,38,35,0,previous_accepted_state,active_ice_mask_changed,protected_anderson,3,2,coupling_residual_increased|coupling_residual_increased,no_cache_phase1,3201,3190,11,11,11
263,21.916666666666668,1,standard,True,True,converged,,ilu,0.5,13,179,5297,0.00043131816438284613,8.428914709785524e-10,9.989695269604846e-06,1.931210551685908e-09,1.4654473995441922e-14,47.139952300000004,47.09206340002129,0.058920999872498214,46.43137160001788,14.66388169984566,4.738295500399545,15.708096800197382,11.021427100000437,0.6017708001309074,0.00043780001578852534,0.04462419997435063,0.0002256000298075378,96,83,83,0,previous_accepted_state,active_ice_mask_changed,protected_anderson,4,3,coupling_residual_increased|anderson_step_guard|anderson_step_guard,no_cache_phase1,3190,3182,8,8,8
264,22.0,1,standard,True,True,converged,,ilu,0.5,12,106,3085,0.0002954637353473147,5.341282693075934e-10,8.374785035184878e-06,2.048825789808927e-09,1.433662408600587e-14,22.95164049998857,22.898979099991266,0.05388010008027777,22.30189399997471,6.556902900105342,2.3700317997136153,8.168540599872358,5.045233400072902,0.5432049999362789,0.0005409999866969883,0.0503937000175938,0.00022950000129640102,58,48,46,0,previous_accepted_state,active_ice_mask_changed,protected_anderson,3,2,coupling_residual_increased|coupling_residual_increased,no_cache_phase1,3182,3174,8,8,8
265,22.083333333333332,1,standard,True,True,converged,,ilu,0.5,10,203,7005,0.0005602807746585577,6.174587959332887e-10,9.521525625056154e-06,2.0618062970839555e-09,1.3982196247559408e-14,72.76068040000973,72.65947870002128,0.04852989997016266,71.83015920000616,21.84512069961056,6.733507199853193,26.285511399968527,16.54982749966439,0.7807896000449546,0.0007717000553384423,0.09796819998882711,0.00031259999377653003,105,98,95,0,previous_accepted_state,active_ice_mask_changed,protected_anderson,2,1,anderson_step_guard,no_cache_phase1,3174,3163,11,11,11
266,22.166666666666668,1,standard,True,True,converged,,ilu,0.5,14,110,3941,0.0003420533583478452,3.634044010557149e-10,9.362354235874194e-06,1.9455211308198923e-09,1.3952034019776173e-14,31.81164600001648,31.762196800031234,0.06549279985483736,31.06919500004733,8.782520100125112,3.019334000244271,12.501636999892071,6.569028500060085,0.6275090001290664,0.0004876999882981181,0.04693249997217208,0.00025260000256821513,61,49,47,0,previous_accepted_state,active_ice_mask_changed,protected_anderson,3,2,coupling_residual_increased|coupling_residual_increased,no_cache_phase1,3163,3152,11,11,11
267,22.25,1,standard,True,True,converged,,ilu,0.5,10,153,4246,0.0007088934999330887,3.795751697097982e-10,9.684586794832394e-06,1.8828625038126403e-09,1.4248381131408258e-14,31.73866229999112,31.642690199951176,0.05321639985777438,31.072448200022336,9.548672399658244,3.371783500071615,10.712055699783377,7.20794039987959,0.5170256000710651,0.0009831000352278352,0.09214190003694966,0.0004746000049635768,82,71,72,0,previous_accepted_state,active_ice_mask_changed,protected_anderson,2,1,anderson_step_guard,no_cache_phase1,3152,3145,9,9,9
268,22.333333333333332,1,standard,True,True,converged,,ilu,0.5,11,87,2428,0.0002653252719818981,5.613185926738151e-10,8.147271962579839e-06,1.9856752977044823e-09,1.3484646960555714e-14,30.77816609997535,30.671931300021242,0.053558000072371215,29.80302769993432,9.711874999455176,3.265986300248187,8.962239299551584,7.660237699456047,0.8153456000145525,0.0010174000053666532,0.10138720000395551,0.000589400005992502,48,39,37,0,previous_accepted_state,active_ice_mask_changed,protected_anderson,1,0,,no_cache_phase1,3145,3136,9,9,9
269,22.416666666666668,1,standard,True,True,converged,,ilu,0.5,12,85,2587,0.0004234985434814234,1.10673505251631e-09,7.022705114322323e-06,1.9563835439339724e-09,1.3738819197046536e-14,30.08584479999263,29.9820950999856,0.06537620018934831,29.014630199759267,9.267034499906003,3.054292500077281,9.463875599438325,7.038651600014418,0.9020887000369839,0.0008144000312313437,0.0989883000147529,0.0006150999688543379,48,37,36,0,previous_accepted_state,active_ice_mask_changed,protected_anderson,1,0,,no_cache_phase1,3136,3128,8,8,8
270,22.5,1,standard,True,True,converged,,ilu,0.5,12,69,1988,0.0002769403763448825,1.0060554965877885e-09,4.913117671278416e-06,1.895499553768188e-09,1.3665820454215322e-14,23.97402979998151,23.918351399945095,0.0558518999023363,23.048482400074136,7.543607499857899,2.56989690073533,6.965260599856265,5.809486000041943,0.8140170999686234,0.0008794000023044646,0.051813900005072355,0.0002516999957151711,40,29,28,0,previous_accepted_state,active_ice_mask_changed,protected_anderson,3,2,coupling_residual_increased|coupling_residual_increased,no_cache_phase1,3128,3116,12,12,12
271,22.583333333333332,1,standard,True,True,converged,,ilu,0.5,8,90,2746,0.0005980427755122184,6.436640850955031e-10,9.203097309616682e-06,1.7797590164224518e-09,1.3612560230364832e-14,19.754937799996696,19.697198800044134,0.040850300167221576,19.29174809990218,5.680893500160892,1.8987896000035107,7.3214843001333065,4.250664799881633,0.3646003999747336,0.00041689997306093574,0.054855800000950694,0.0005878999945707619,48,42,40,0,previous_accepted_state,active_ice_mask_changed,protected_anderson,1,0,,no_cache_phase1,3116,3108,8,8,8
272,22.666666666666668,1,standard,True,True,converged,,ilu,0.5,14,64,1883,0.0003043106968699678,4.819178194775231e-10,6.131465152592548e-06,1.8011915375648832e-09,1.3635702445202435e-14,14.291694000014104,14.240825699991547,0.06092289980733767,13.530870900081936,4.082053100108169,1.495925099705346,4.882070500054397,2.9647695997846313,0.6490319001022726,0.0005271999980323017,0.0478245000122115,0.0002438000519759953,38,26,24,0,previous_accepted_state,active_ice_mask_changed,protected_anderson,3,2,coupling_residual_increased|coupling_residual_increased,no_cache_phase1,3108,3100,10,10,10
273,22.75,1,standard,True,True,converged,,ilu,0.5,11,67,2246,0.00027852822352349,4.111146994425046e-10,9.376920012964449e-06,1.8020303584849045e-09,1.2991960399301311e-14,17.48093549994519,17.370539799972903,0.0589718998526223,16.54571819998091,4.6600135997287,1.6985126996878535,6.526702900184318,3.543954700056929,0.7658497001393698,0.001101900008507073,0.10602560004917905,0.0006176000460982323,38,29,27,0,previous_accepted_state,active_ice_mask_changed,protected_anderson,1,0,,no_cache_phase1,3100,3090,10,10,10
274,22.833333333333332,1,standard,True,True,converged,,ilu,0.5,15,50,1514,0.00025374006566700836,7.525475339932388e-09,9.549739737916184e-06,1.7695121620822737e-09,1.2768708812993438e-14,19.45907799998531,19.356797499989625,0.07362399995326996,18.112077000027057,5.684954500233289,2.1036044001812115,5.818732200015802,4.375318699865602,1.1710965000092983,0.0007246999884955585,0.09752969996770844,0.0006053000106476247,32,18,17,0,previous_accepted_state,active_ice_mask_changed,protected_anderson,3,2,coupling_residual_increased|coupling_residual_increased,no_cache_phase1,3090,3079,13,13,12
275,22.916666666666668,1,standard,True,True,converged,,ilu,0.5,13,50,1353,0.0002129912298703916,9.94545042123857e-10,6.96624161843283e-06,1.656900550919548e-09,1.2971616758428783e-14,17.652067000046372,17.553190999955405,0.07055990002118051,16.431852999900002,5.414398699998856,1.864053200057242,4.794561400078237,4.240367100050207,1.050778100034222,0.0008770999847911298,0.09457679995102808,0.0004146000137552619,30,20,17,0,previous_accepted_state,active_ice_mask_changed,protected_anderson,1,0,,no_cache_phase1,3079,3073,6,6,6
276,23.0,1,standard,True,True,converged,,ilu,0.5,15,44,1409,0.00025203409742122597,8.142854944409896e-10,8.913290043639159e-06,1.7840200301046228e-09,1.2777382359378235e-14,17.033385500020813,16.933927300036885,0.07638199988286942,15.684197800117545,4.855624600080773,1.7629267999436706,5.27755070006242,3.671533400018234,1.1733475000364706,0.0011113000218756497,0.0948606000165455,0.0005605000187642872,29,15,14,0,previous_accepted_state,active_ice_mask_changed,protected_anderson,3,2,coupling_residual_increased|anderson_step_guard,no_cache_phase1,3073,3063,10,10,10
277,23.083333333333332,1,standard,True,True,converged,,ilu,0.5,15,47,1299,0.00013745612523007573,8.056225455055138e-09,3.782164878379036e-06,1.6829168534214598e-09,1.2523842142065048e-14,16.83380419999594,16.72345700004371,0.07365230022696778,15.482054399850313,5.151368500082754,1.7779378998675384,4.624337600136641,3.8163083999534138,1.1677502999664284,0.0014719999744556844,0.10448860004544258,0.0005091999773867428,30,17,15,0,previous_accepted_state,active_ice_mask_changed,protected_anderson,3,2,coupling_residual_increased|coupling_residual_increased,no_cache_phase1,3063,3053,10,10,10
278,23.166666666666668,1,standard,True,True,converged,,ilu,0.5,15,53,1502,0.0002581849699834698,3.507204869979171e-10,8.637662342922867e-06,1.5890503730206793e-09,1.250302502344279e-14,15.523187700018752,15.468791900028009,0.07358419994125143,14.702415899955668,4.724971500225365,1.5963801000616513,4.846918900264427,3.425433899683412,0.69279180013109,0.0007098999922163785,0.05099709995556623,0.0002334999735467136,33,20,18,0,previous_accepted_state,active_ice_mask_changed,protected_anderson,3,2,coupling_residual_increased|anderson_step_guard,no_cache_phase1,3053,3042,11,11,11
279,23.25,1,standard,True,True,converged,,ilu,0.5,15,55,1580,0.00016814595538880856,7.234326565657829e-10,5.280533996629178e-06,1.5941064233509903e-09,1.2690019380710141e-14,12.540704299986828,12.488684699987061,0.07303490024060011,11.754946099885274,3.525415900046937,1.3597859998699278,4.174918000295293,2.5989836996304803,0.6607036998611875,0.0005615000263787806,0.049578200036194175,0.00023989996407181025,34,21,19,0,previous_accepted_state,active_ice_mask_changed,protected_anderson,5,4,coupling_residual_increased|coupling_residual_increased|coupling_residual_increased|coupling_residual_increased,no_cache_phase1,3042,3036,6,6,6
280,23.333333333333332,1,standard,True,True,converged,,ilu,0.5,13,76,2233,0.0002926727757537422,5.691908486574664e-10,9.527042006890654e-06,1.7014083844229443e-09,1.222114221182521e-14,16.69477529998403,16.64012090000324,0.0649591998080723,15.975062300101854,4.7819149002898484,1.6569345998577774,5.8518770998343825,3.5605800000485033,0.6000994000933133,0.00045439996756613255,0.0524163999943994,0.00023170001804828644,43,33,30,0,previous_accepted_state,active_ice_mask_changed,protected_anderson,3,2,coupling_residual_increased|coupling_residual_increased,no_cache_phase1,3036,3026,10,10,10
281,23.416666666666668,1,standard,True,True,converged,,ilu,0.5,12,63,1945,0.0001929686202478713,5.570431937728218e-10,7.421970581590713e-06,1.5877334759001048e-09,1.2147186491549882e-14,15.469779599981848,15.369015699950978,0.06529879994923249,14.57029920007335,4.188351499848068,1.517057700024452,5.647618099639658,3.1068220998859033,0.7334176999283955,0.000999300042167306,0.09673210000619292,0.0005043999990448356,37,26,25,0,previous_accepted_state,active_ice_mask_changed,protected_anderson,1,0,,no_cache_phase1,3026,3017,9,9,9
282,23.5,1,standard,True,True,converged,,ilu,0.5,13,110,3127,0.0003908224520000869,5.817796968252758e-10,9.52667708878633e-06,1.5847035968765696e-09,1.2074468292406948e-14,38.7687785999733,38.66081769997254,0.06270009989384562,37.603375400125515,12.403395200090017,3.8145330001134425,11.731688799744006,9.40995720034698,0.9947421999531798,0.000832799996715039,0.10320140002295375,0.0006459999713115394,60,50,47,0,previous_accepted_state,active_ice_mask_changed,protected_anderson,3,2,coupling_residual_increased|coupling_residual_increased,no_cache_phase1,3017,3006,11,11,11
283,23.583333333333332,1,standard,True,True,converged,,ilu,0.5,16,76,2060,0.0002375694190679629,7.740328211324985e-09,7.75833827168778e-06,1.397358018051963e-09,1.1870571875011643e-14,29.34678210003767,29.237935599987395,0.0773030998534523,27.827800700091757,9.390387499995995,3.009010199981276,8.107318200170994,7.089888900227379,1.332831800042186,0.0008690999820828438,0.10278000001562759,0.0003090000245720148,45,31,29,0,previous_accepted_state,active_ice_mask_changed,protected_anderson,6,5,coupling_residual_increased|coupling_residual_increased|coupling_residual_increased|anderson_step_guard|coupling_residual_increased,no_cache_phase1,3006,3001,7,7,7
284,23.666666666666668,1,standard,True,True,converged,,ilu,0.5,10,140,3603,0.0004400943762540936,9.54562665654734e-10,8.749386158569509e-06,1.6223253977621382e-09,1.1899202685374408e-14,37.021288299991284,36.96798090002267,0.048159300116822124,36.41861049999716,12.253714799939189,3.6424096999689937,10.901373800006695,9.365051300032064,0.5012110999086872,0.0009340000106021762,0.04896749998442829,0.00028389994986355305,74,66,64,0,previous_accepted_state,active_ice_mask_changed,protected_anderson,2,1,coupling_residual_increased,no_cache_phase1,3001,2992,9,9,9
285,23.75,1,standard,True,True,converged,,ilu,0.5,11,84,2674,0.00035581164018969237,3.6058395597146056e-10,8.722689466271095e-06,1.487371273908151e-09,1.1913230029568877e-14,19.70799279998755,19.658570100029465,0.04895630001556128,19.090121800021734,5.553257299878169,1.9097143000690266,7.308153000019956,4.184151100169402,0.5194919999921694,0.0004466000245884061,0.04718190000858158,0.00023089995374903083,47,37,36,0,previous_accepted_state,active_ice_mask_changed,protected_anderson,3,2,coupling_residual_increased|coupling_residual_increased,no_cache_phase1,2992,2984,8,8,8
286,23.833333333333332,1,standard,True,True,converged,,ilu,0.5,8,193,5456,0.0007980347928174668,8.251895855055181e-10,7.455983112306445e-06,1.422709817117944e-09,1.1637344209964168e-14,62.7576922000153,62.65295929997228,0.04124619992217049,61.967599100025836,20.670937699789647,5.903974499960896,19.190596400294453,15.78968579985667,0.644114000024274,0.0010225000442005694,0.1012707999907434,0.00036320002982392907,100,93,92,0,previous_accepted_state,active_ice_mask_changed,protected_anderson,1,0,,no_cache_phase1,2984,2973,11,11,11
287,23.916666666666668,1,standard,True,True,converged,,ilu,0.5,14,95,3110,0.00029338335712126407,5.685738193734832e-10,8.83470777794501e-06,1.2891875331511025e-09,1.1675006576046625e-14,37.642717899987474,37.5533472999814,0.06578659999649972,36.29569250007626,11.322385499370284,3.4638496997067705,12.299300900136586,8.960271700227167,1.1918681999086402,0.0009525000350549817,0.08473999996203929,0.0004387999651953578,54,41,40,0,previous_accepted_state,active_ice_mask_changed,protected_anderson,4,3,coupling_residual_increased|coupling_residual_increased|coupling_residual_increased,no_cache_phase1,2973,2963,10,10,10
288,24.0,1,standard,True,True,converged,,ilu,0.5,8,150,5172,0.0006463905496938424,9.508341054418709e-10,8.117427230985241e-06,1.241914012044227e-09,1.1474537845836639e-14,36.70008089998737,36.64177170000039,0.04097370005911216,36.22620679991087,10.126837300078478,3.3079393000807613,14.931637299712747,7.625001499953214,0.3745912000304088,0.00044700002763420343,0.054879200004506856,0.00026490003801882267,79,71,71,0,previous_accepted_state,active_ice_mask_changed,protected_anderson,1,0,,no_cache_phase1,2963,2957,6,6,6
