step,time_seconds,time_hours,F_I_abs_median,F_I_abs_p95,F_I_abs_maximum,F_C_abs_median,F_C_abs_p95,F_C_abs_maximum,F_sigma_abs_median,F_sigma_abs_p95,F_sigma_abs_maximum,F_D_abs_median,F_D_abs_p95,F_D_abs_maximum,F_W_abs_median,F_W_abs_p95,F_W_abs_maximum,combined_missing_abs_median,combined_missing_abs_p95,combined_missing_abs_maximum,undirected_IC_abs_sum_median,undirected_IC_abs_sum_p95,undirected_IC_abs_sum_maximum,retained_abs_sum_median,retained_abs_sum_p95,retained_abs_sum_maximum,retained_net_abs_median,retained_net_abs_p95,retained_net_abs_maximum,r_IC_corrected_median,r_IC_corrected_p95,r_IC_corrected_maximum,r_Sigma_median,r_Sigma_p95,r_Sigma_maximum,r_net_corrected_median,r_net_corrected_p95,r_net_corrected_maximum,deprecated_FI_plus_FC_abs_median,deprecated_FI_plus_FC_abs_p95,deprecated_FI_plus_FC_abs_maximum,r_IC_deprecated_FI_plus_FC_median,r_IC_deprecated_FI_plus_FC_p95,r_IC_deprecated_FI_plus_FC_maximum,r_net_deprecated_FI_plus_FC_median,r_net_deprecated_FI_plus_FC_p95,r_net_deprecated_FI_plus_FC_maximum,active_center_count_median,active_center_count_p95,active_center_count_maximum
1,300.0,0.08333333333333333,0.0,0.0,0.0,0.0,0.0,0.0,5.6702689982156486e-05,0.003409798437335268,0.04002132844697105,0.12649112208911356,0.12679114803430933,0.12746416380110093,0.12649110640673517,0.12649110640673517,0.12649110640673517,0.0,0.0,0.0,0.0,0.0,0.0,0.25301525914908385,0.25557208859239033,0.25646882405051685,1.8171303976284136e-07,5.668289933377735e-05,0.0010911747023668382,0.0,0.0,0.0,7.200193350769953e-07,0.00022312463720792328,0.004295512074418758,0.0,0.0,0.0,0.0,0.0,0.0,0.0,0.0,0.0,0.0,0.0,0.0,5000.0,5000.0,5000.0
2,600.0,0.16666666666666666,0.0,0.0,0.0,0.0,0.0,0.0,5.477906946289906e-05,0.0010008354374881174,0.00797081466761726,0.12649110727076207,0.12666499638628376,0.12691258038486847,0.12649110640673517,0.12649110640673517,0.12649110640673517,0.0,0.0,0.0,0.0,0.0,0.0,0.25301999193369545,0.25353165305293246,0.25385878331953304,1.1784913215020288e-06,6.371179706350442e-05,0.0005764928808359906,0.0,0.0,0.0,4.658394113462516e-06,0.0002522202084777356,0.0023640934574178096,0.0,0.0,0.0,0.0,0.0,0.0,0.0,0.0,0.0,0.0,0.0,0.0,5000.0,5000.0,5000.0
3,900.0,0.25,0.0,0.0,0.0,0.0,0.0,0.0,3.959161297717025e-05,0.0005096097197844398,0.06545837873876188,0.1264911207009706,0.12678952618980577,0.12704983129210318,0.12649110640673517,0.12649110640673517,0.12649110640673517,0.0,0.0,0.0,0.0,0.0,0.0,0.25300984574019564,0.2536783255311589,0.25506279448210556,2.6878917755184037e-07,3.420464153067394e-05,0.0013857848744090085,0.0,0.0,0.0,1.066246090514342e-06,0.00013547725332937633,0.00568437854488315,0.0,0.0,0.0,0.0,0.0,0.0,0.0,0.0,0.0,0.0,0.0,0.0,5000.0,5000.0,5000.0
4,1200.0,0.3333333333333333,0.0,0.0,0.0,0.0,0.0,0.0,2.8782569731636065e-05,0.00045880819418786214,0.07340261426215126,0.126491209058995,0.12679865898081574,0.12702655296355603,0.12649110640673517,0.12649110640673517,0.12649110640673517,0.0,0.0,0.0,0.0,0.0,0.0,0.25299925088371494,0.25367662255734985,0.2581179187085698,6.248032671278348e-08,3.5975380608905936e-06,0.0003272289096880066,0.0,0.0,0.0,2.467601641653902e-07,1.4336618532923386e-05,0.0025924069652964545,0.0,0.0,0.0,0.0,0.0,0.0,0.0,0.0,0.0,0.0,0.0,0.0,5000.0,5000.0,5000.0
5,1500.0,0.4166666666666667,0.0,0.0,0.0,0.0,0.0,0.0,3.160314529395991e-05,0.0005002388740166353,0.12157162413351293,0.12649194036569011,0.12678505394278272,0.1269965790492848,0.12649110640673517,0.12649110640673517,0.12649110640673517,0.0,0.0,0.0,0.0,0.0,0.0,0.2529978833623464,0.253638065101719,0.25757390273300274,1.0489193078715843e-08,4.035869361645249e-07,0.00015962460663019695,0.0,0.0,0.0,4.1454183309459885e-08,1.5941553880653506e-06,0.0010802740535087675,0.0,0.0,0.0,0.0,0.0,0.0,0.0,0.0,0.0,0.0,0.0,0.0,5000.0,5000.0,5000.0
6,1800.0,0.5,0.0,0.0,0.0,0.0,0.0,0.0,3.8150540120367125e-05,0.0005377542201446747,0.12542704971870014,0.1264918233023542,0.12679480191799913,0.12701042262894663,0.12649110640673517,0.12649110640673517,0.12649110640673517,0.0,0.0,0.0,0.0,0.0,0.0,0.25299819212204616,0.25369005623177526,0.2573773481964917,1.8289416998914464e-07,2.7954426197178366e-05,0.00678642501769976,0.0,0.0,0.0,7.229049112185049e-07,0.00011263141980347997,0.02960823019100085,0.0,0.0,0.0,0.0,0.0,0.0,0.0,0.0,0.0,0.0,0.0,0.0,5000.0,5000.0,5000.0
7,2100.0,0.5833333333333334,0.0,0.0,0.0,0.0,0.0,0.0,3.838771258883319e-05,0.0011858024717027846,0.12685083742016856,0.12649149532263354,0.12679093905885055,0.12698270516152463,0.12649110640673517,0.12649110640673517,0.12649110640673517,0.0,0.0,0.0,0.0,0.0,0.0,0.2529977227415992,0.2536757774980465,0.264519287465688,1.1997055075387448e-07,1.2022545104093446e-05,0.00038144249210612734,0.0,0.0,0.0,4.7395757211942516e-07,4.8800926117312505e-05,0.0015679104384611923,0.0,0.0,0.0,0.0,0.0,0.0,0.0,0.0,0.0,0.0,0.0,0.0,5000.0,5000.0,5000.0
8,2400.0,0.6666666666666666,0.0,0.0,0.0,0.0,0.0,0.0,3.424029335246368e-05,0.001878230725593174,0.1270272890243261,0.12649113123034605,0.12677727181204757,0.12697963955231464,0.12649110640673517,0.12649110640673517,0.12649110640673517,0.0,0.0,0.0,0.0,0.0,0.0,0.25299595599117813,0.2537162645561795,0.2626810848759318,1.2354308812512057e-07,7.43577321204682e-06,0.002928277897509691,0.0,0.0,0.0,4.881485328917082e-07,2.953786546019065e-05,0.012624220732117941,0.0,0.0,0.0,0.0,0.0,0.0,0.0,0.0,0.0,0.0,0.0,0.0,5000.0,5000.0,5000.0
9,2700.0,0.75,0.0,0.0,0.0,0.0,0.0,0.0,3.388293886367945e-05,0.0022341574763874448,0.12701799778374362,0.12649070974262583,0.12675782933772722,0.12699560714621588,0.12649110640673517,0.12649110640673517,0.12649110640673517,0.0,0.0,0.0,0.0,0.0,0.0,0.25299205217756504,0.25368739353094616,0.261552985692334,9.975770635277966e-10,1.3108061378284649e-06,0.0005809471807932435,0.0,0.0,0.0,3.953325257173091e-09,5.235900696299766e-06,0.0022910217807832027,0.0,0.0,0.0,0.0,0.0,0.0,0.0,0.0,0.0,0.0,0.0,0.0,5000.0,5000.0,5000.0
10,3000.0,0.8333333333333334,0.0,0.0,0.0,0.0,0.0,0.0,3.504697821671002e-05,0.004930109250357484,0.12610155528048628,0.12648996623265807,0.12675285937885514,0.12700989920623781,0.12649110640673517,0.12649110640673517,0.12649110640673517,0.0,0.0,0.0,0.0,0.0,0.0,0.252992293476625,0.25370904409988115,0.2691469490621273,1.3634343728040529e-09,2.3921939383241197e-06,0.0007671560833998454,0.0,0.0,0.0,5.403081178845082e-09,9.420149802080054e-06,0.004975372045224254,0.0,0.0,0.0,0.0,0.0,0.0,0.0,0.0,0.0,0.0,0.0,0.0,5000.0,5000.0,5000.0
11,3300.0,0.9166666666666666,0.0,0.0,0.0,0.0,0.0,0.0,3.8083593472184246e-05,0.011096444486375433,0.12684704086870704,0.12648942753517212,0.12674748266088565,0.12702799779499907,0.12649110640673517,0.12649110640673517,0.12649110640673517,0.0,0.0,0.0,0.0,0.0,0.0,0.25299261158330705,0.253762688374033,0.2677226529712659,7.383183512635744e-08,3.6230879557069813e-06,0.0012507125938517128,0.0,0.0,0.0,2.918251972026465e-07,1.4520928340307332e-05,0.005115159250948106,0.0,0.0,0.0,0.0,0.0,0.0,0.0,0.0,0.0,0.0,0.0,0.0,5000.0,5000.0,5000.0
12,3600.0,1.0,0.0,0.0,0.0,0.0,0.0,0.0,3.9629625099754236e-05,0.018404732039115503,0.12977432851226897,0.1264883671007077,0.12673636472262706,0.12704143032067816,0.12649110640673517,0.12649110640673517,0.12649110640673517,0.0,0.0,0.0,0.0,0.0,0.0,0.2529926697202543,0.2537707696552344,0.2663851069471001,1.5754441652263412e-07,6.031661537480721e-06,0.00483295400516591,0.0,0.0,0.0,6.224155866101652e-07,2.3842046218344852e-05,0.01948377301672649,0.0,0.0,0.0,0.0,0.0,0.0,0.0,0.0,0.0,0.0,0.0,0.0,5000.0,5000.0,5000.0
13,3900.0,1.0833333333333333,0.0,0.0,0.0,0.0,0.0,0.0,3.992907639810459e-05,0.05595157212824946,0.12629128578801352,0.1264869178867961,0.12673930450141693,0.12705716991313623,0.12649110640673517,0.12649110640673517,0.12649110640673517,0.0,0.0,0.0,0.0,0.0,0.0,0.25299215492250454,0.253865088493454,0.2689750962315917,2.643132622863897e-10,1.1072475180412522e-06,0.0015748233872502945,0.0,0.0,0.0,1.0455348507734946e-09,4.6200723771155904e-06,0.00798016963188719,0.0,0.0,0.0,0.0,0.0,0.0,0.0,0.0,0.0,0.0,0.0,0.0,5000.0,5000.0,5000.0
14,4200.0,1.1666666666666667,0.0,0.0,0.0,0.0,0.0,0.0,4.148463947064161e-05,0.06335769154951389,0.1287175781301898,0.12648638938140833,0.12672882645670847,0.12707265533851184,0.12649110640673517,0.12649110640673517,0.12649110640673517,0.0,0.0,0.0,0.0,0.0,0.0,0.25299190451408915,0.2538830821554825,0.2681852848693422,2.6631835285621118e-08,5.855789038096808e-06,0.0023930000357759813,0.0,0.0,0.0,1.0544561974796246e-07,2.506615173008402e-05,0.010573136006945098,0.0,0.0,0.0,0.0,0.0,0.0,0.0,0.0,0.0,0.0,0.0,0.0,5000.0,5000.0,5000.0
15,4500.0,1.25,0.0,0.0,0.0,0.0,0.0,0.0,4.431597776351496e-05,0.07141375413388465,0.12631057323651204,0.12648475673394566,0.12673272346407788,0.12709634554452334,0.12649110640673517,0.12649110640673517,0.12649110640673517,0.0,0.0,0.0,0.0,0.0,0.0,0.25299165554431646,0.25393647608145614,0.2692451129637461,4.5989713706941754e-10,4.486359778681867e-06,0.0013887211766356088,0.0,0.0,0.0,1.8181577700350088e-09,1.7626204406864658e-05,0.005874262794255384,0.0,0.0,0.0,0.0,0.0,0.0,0.0,0.0,0.0,0.0,0.0,0.0,5000.0,5000.0,5000.0
16,4800.0,1.3333333333333333,0.0,0.0,0.0,0.0,0.0,0.0,4.786969027482014e-05,0.0717115333045621,0.1303435006830066,0.12648395410152205,0.12672703566752722,0.1271224875435076,0.12649110640673517,0.12649110640673517,0.12649110640673517,0.0,0.0,0.0,0.0,0.0,0.0,0.2529919659446651,0.2540788162502569,0.2709158909137071,1.49103493192676e-07,2.5688169507548838e-05,0.004035467969937458,0.0,0.0,0.0,5.892981240826109e-07,0.00010799604766036342,0.018527506455398773,0.0,0.0,0.0,0.0,0.0,0.0,0.0,0.0,0.0,0.0,0.0,0.0,5000.0,5000.0,5000.0
17,5100.0,1.4166666666666667,0.0,0.0,0.0,0.0,0.0,0.0,4.979690987211567e-05,0.07201274538597298,0.12685867931245928,0.12648395056983208,0.12673222779200177,0.12715681910969864,0.12649110640673517,0.12649110640673517,0.12649110640673517,0.0,0.0,0.0,0.0,0.0,0.0,0.2529920227874304,0.25420143612692847,0.2724067199729854,2.743062729836549e-10,2.6902627348447206e-06,0.001024578380011729,0.0,0.0,0.0,1.0862895485313382e-09,1.1635842331607154e-05,0.004069052041817451,0.0,0.0,0.0,0.0,0.0,0.0,0.0,0.0,0.0,0.0,0.0,0.0,5000.0,5000.0,5000.0
18,5400.0,1.5,0.0,0.0,0.0,0.0,0.0,0.0,5.395776284218594e-05,0.07481057683927338,0.12784098524449233,0.1264835499966248,0.12672424620128184,0.12718570397364842,0.12649110640673517,0.12649110640673517,0.12649110640673517,0.0,0.0,0.0,0.0,0.0,0.0,0.25299222980590347,0.2542021158565503,0.27378895653842095,1.8811141612370774e-09,9.012477490647456e-06,0.002073125533273085,0.0,0.0,0.0,7.447175086330415e-09,3.61940509806271e-05,0.008964988313476072,0.0,0.0,0.0,0.0,0.0,0.0,0.0,0.0,0.0,0.0,0.0,0.0,5000.0,5000.0,5000.0
19,5700.0,1.5833333333333333,0.0,0.0,0.0,0.0,0.0,0.0,5.656486125831088e-05,0.10315119576896033,0.12787590694150605,0.1264822057064885,0.1267292882150413,0.12722925852918637,0.12649110640673517,0.12649110640673517,0.12649110640673517,0.0,0.0,0.0,0.0,0.0,0.0,0.25299222450619085,0.2542916094240089,0.2747276378690836,3.358403696690104e-08,2.78609824553348e-05,0.004289772254615267,0.0,0.0,0.0,1.3269293736624227e-07,0.00010764605519017691,0.017237269927708906,0.0,0.0,0.0,0.0,0.0,0.0,0.0,0.0,0.0,0.0,0.0,0.0,5000.0,5000.0,5000.0
20,6000.0,1.6666666666666667,0.0,0.0,0.0,0.0,0.0,0.0,5.972118239442383e-05,0.11017585889387654,0.12656866711053133,0.1264819517931727,0.12672573629986797,0.12726467184027893,0.12649110640673517,0.12649110640673517,0.12649110640673517,0.0,0.0,0.0,0.0,0.0,0.0,0.25299232677580985,0.25448581056456243,0.27526422141584295,2.493253375587301e-10,8.108991028346002e-06,0.0008213844252882946,0.0,0.0,0.0,9.85471351575126e-10,3.3050411548779183e-05,0.003425788899759212,0.0,0.0,0.0,0.0,0.0,0.0,0.0,0.0,0.0,0.0,0.0,0.0,5000.0,5000.0,5000.0
21,6300.0,1.75,0.0,0.0,0.0,0.0,0.0,0.0,6.418897667794242e-05,0.11656847019438596,0.1294617055128857,0.12648155827958596,0.12671887521454453,0.127301436124104,0.12649110640673517,0.12649110640673517,0.12649110640673517,0.0,0.0,0.0,0.0,0.0,0.0,0.25299298374865475,0.2546057703131859,0.275696350044224,5.553943711855706e-10,1.8814426975900667e-05,0.003329829015239174,0.0,0.0,0.0,2.195277422673464e-09,7.671812786038314e-05,0.013219364814393883,0.0,0.0,0.0,0.0,0.0,0.0,0.0,0.0,0.0,0.0,0.0,0.0,5000.0,5000.0,5000.0
22,6600.0,1.8333333333333333,0.0,0.0,0.0,0.0,0.0,0.0,6.777125425161336e-05,0.11596365012093247,0.12662366500624936,0.12648058590958763,0.12671143623946549,0.1273277333593572,0.12649110640673517,0.12649110640673517,0.12649110640673517,0.0,0.0,0.0,0.0,0.0,0.0,0.2529928249568971,0.2546567431816749,0.2759973954772411,1.514169097348921e-10,1.003831532973205e-05,0.0012632331260471602,0.0,0.0,0.0,5.985073739278639e-10,4.1675503785421627e-05,0.005886439937872896,0.0,0.0,0.0,0.0,0.0,0.0,0.0,0.0,0.0,0.0,0.0,0.0,5000.0,5000.0,5000.0
23,6900.0,1.9166666666666667,0.0,0.0,0.0,0.0,0.0,0.0,7.044241183610188e-05,0.11837140171431966,0.12960066277736923,0.12647945784855347,0.1267035434352927,0.12736474155811076,0.12649110640673517,0.12649110640673517,0.12649110640673517,0.0,0.0,0.0,0.0,0.0,0.0,0.2529931113038402,0.25480331162451114,0.27625538482471107,4.309319507193936e-09,2.744831071123826e-05,0.004100861024349214,0.0,0.0,0.0,1.70334575891109e-08,0.00011887520934295415,0.029264077040560093,0.0,0.0,0.0,0.0,0.0,0.0,0.0,0.0,0.0,0.0,0.0,0.0,5000.0,5000.0,5000.0
24,7200.0,2.0,0.0,0.0,0.0,0.0,0.0,0.0,7.391178434984014e-05,0.11999754703415587,0.12705884230854994,0.12647885495593236,0.1266913967252723,0.12738717384208895,0.12649110640673517,0.12649110640673517,0.12649110640673517,0.0,0.0,0.0,0.0,0.0,0.0,0.25299368850175497,0.25496433073464336,0.2764146815317273,7.064045882434198e-11,9.888301917511219e-06,0.0028103154634819293,0.0,0.0,0.0,2.80238821636384e-10,4.035117461120591e-05,0.01122955172851573,0.0,0.0,0.0,0.0,0.0,0.0,0.0,0.0,0.0,0.0,0.0,0.0,5000.0,5000.0,5000.0
25,7500.0,2.0833333333333335,0.0,0.0,0.0,0.0,0.0,0.0,7.6199081840359e-05,0.12078133011570383,0.12783364654342955,0.126477865067052,0.12668792596067321,0.12742328868987265,0.12649110640673517,0.12649110640673517,0.12649110640673517,0.0,0.0,0.0,0.0,0.0,0.0,0.2529937400145006,0.2556533946556322,0.2765548155275112,7.792333579540516e-09,3.6975395073752126e-05,0.0014670926080618018,0.0,0.0,0.0,3.079874584639109e-08,0.00015310966037778781,0.006462386489846621,0.0,0.0,0.0,0.0,0.0,0.0,0.0,0.0,0.0,0.0,0.0,0.0,5000.0,5000.0,5000.0
26,7800.0,2.1666666666666665,0.0,0.0,0.0,0.0,0.0,0.0,7.853333513120755e-05,0.12214058880178998,0.13093694528239858,0.12647676431843988,0.1266821548543207,0.12746292874319418,0.12649110640673517,0.12649110640673517,0.12649110640673517,0.0,0.0,0.0,0.0,0.0,0.0,0.252994203900027,0.2551537993345062,0.2766816077420946,2.5768591089730497e-08,2.610102866307543e-05,0.004969002803097421,0.0,0.0,0.0,1.0208530895283638e-07,0.00010668527412732201,0.033308265934975864,0.0,0.0,0.0,0.0,0.0,0.0,0.0,0.0,0.0,0.0,0.0,0.0,5000.0,5000.0,5000.0
27,8100.0,2.25,0.0,0.0,0.0,0.0,0.0,0.0,7.98416336851501e-05,0.1217081403815989,0.12711663105479498,0.1264762326405443,0.12666251544830479,0.1274917780345078,0.12649110640673517,0.12649110640673517,0.12649110640673517,0.0,0.0,0.0,0.0,0.0,0.0,0.2529938028941369,0.25555856188290904,0.27679154994661026,3.266302605083161e-10,4.953727396289404e-05,0.0024823329062439855,0.0,0.0,0.0,1.2911021434066778e-09,0.00021099099569261902,0.010332571301262318,0.0,0.0,0.0,0.0,0.0,0.0,0.0,0.0,0.0,0.0,0.0,0.0,5000.0,5000.0,5000.0
28,8400.0,2.3333333333333335,0.0,0.0,0.0,0.0,0.0,0.0,8.069823969156291e-05,0.12161986085125906,0.12644413335373472,0.1264759871720501,0.12666167634241995,0.12750503829964532,0.12649110640673517,0.12649110640673517,0.12649110640673517,0.0,0.0,0.0,0.0,0.0,0.0,0.25299396914045813,0.2560346849224744,0.27692947621253106,2.764634072559373e-09,5.1495865525650934e-05,0.002882324872430728,0.0,0.0,0.0,1.0917967983579264e-08,0.00021817370897837595,0.014795179007779621,0.0,0.0,0.0,0.0,0.0,0.0,0.0,0.0,0.0,0.0,0.0,0.0,5000.0,5000.0,5000.0
29,8700.0,2.4166666666666665,0.0,0.0,0.0,0.0,0.0,0.0,8.141744791658659e-05,0.12281630498715655,0.1287475039142868,0.12647483441435442,0.12665321275648586,0.12753539892989135,0.12649110640673517,0.12649110640673517,0.12649110640673517,0.0,0.0,0.0,0.0,0.0,0.0,0.2529949922295348,0.25644760552833357,0.2770177903418368,6.844428442995222e-09,5.406074882468538e-05,0.002530860014688437,0.0,0.0,0.0,2.7059678951155467e-08,0.0002292239336378144,0.009912352171047469,0.0,0.0,0.0,0.0,0.0,0.0,0.0,0.0,0.0,0.0,0.0,0.0,5000.0,5000.0,5000.0
30,9000.0,2.5,0.0,0.0,0.0,0.0,0.0,0.0,8.470693624168085e-05,0.12390132421283945,0.12910531148988003,0.12647419477909794,0.1266405121443282,0.1275813002559392,0.12649110640673517,0.12649110640673517,0.12649110640673517,0.0,0.0,0.0,0.0,0.0,0.0,0.2529951703932357,0.25656797966412714,0.2771414272050316,2.985871439151795e-09,0.00010410228565694505,0.002676423108725767,0.0,0.0,0.0,1.1801407500476026e-08,0.0004044029533818002,0.01792104562006697,0.0,0.0,0.0,0.0,0.0,0.0,0.0,0.0,0.0,0.0,0.0,0.0,5000.0,5000.0,5000.0
31,9300.0,2.5833333333333335,0.0,0.0,0.0,0.0,0.0,0.0,8.841211938042707e-05,0.12398948022403493,0.12682657642657122,0.1264737338127762,0.12661575582552598,0.1275523207275234,0.12649110640673517,0.12649110640673517,0.12649110640673517,0.0,0.0,0.0,0.0,0.0,0.0,0.2529942358675925,0.2565726994944837,0.27722306394513,1.4184727767703251e-09,6.905965514218503e-05,0.0036302837889999207,0.0,0.0,0.0,5.601856247686918e-09,0.0003157918099988478,0.014548073253799655,0.0,0.0,0.0,0.0,0.0,0.0,0.0,0.0,0.0,0.0,0.0,0.0,5000.0,5000.0,5000.0
32,9600.0,2.6666666666666665,0.0,0.0,0.0,0.0,0.0,0.0,9.119100322488614e-05,0.12364586437806939,0.13022246045443955,0.1264733232410774,0.12659654230842732,0.12755500083735247,0.12649110640673517,0.12649110640673517,0.12649110640673517,0.0,0.0,0.0,0.0,0.0,0.0,0.25299489559383354,0.25724570121294604,0.27726052230216847,1.430748891084088e-09,9.280664281450916e-05,0.00478017882777889,0.0,0.0,0.0,5.654717025086195e-09,0.00039638882698956885,0.01855821890734354,0.0,0.0,0.0,0.0,0.0,0.0,0.0,0.0,0.0,0.0,0.0,0.0,5000.0,5000.0,5000.0
33,9900.0,2.75,0.0,0.0,0.0,0.0,0.0,0.0,9.364706943436644e-05,0.12404681580132554,0.13063333091468346,0.12647181707841038,0.12658711035899903,0.1276044540714815,0.12649110640673517,0.12649110640673517,0.12649110640673517,0.0,0.0,0.0,0.0,0.0,0.0,0.2529956045697293,0.25781095307922364,0.27726452707050553,2.904260330517411e-07,3.297634174964189e-05,0.004373296943771164,0.0,0.0,0.0,1.1486023676503224e-06,0.00013484043877809058,0.02813733970568975,0.0,0.0,0.0,0.0,0.0,0.0,0.0,0.0,0.0,0.0,0.0,0.0,4999.0,4999.0,4999.0
34,10200.0,2.8333333333333335,0.0,0.0,0.0,0.0,0.0,0.0,9.866438426008912e-05,0.12485785772170857,0.12825632367007694,0.1264703219498126,0.12656962423400397,0.12762784800059493,0.12649110640673517,0.12649110640673517,0.12649110640673517,0.0,0.0,0.0,0.0,0.0,0.0,0.25299519402938886,0.2579683032468123,0.2773123198489309,4.0412761189638095e-09,9.577370988514292e-05,0.003744036721708816,0.0,0.0,0.0,1.592796441378187e-08,0.00040636972310980685,0.016095027082830563,0.0,0.0,0.0,0.0,0.0,0.0,0.0,0.0,0.0,0.0,0.0,0.0,4999.0,4999.0,4999.0
35,10500.0,2.9166666666666665,0.0,0.0,0.0,0.0,0.0,0.0,0.00010067523892748124,0.12459574061174364,0.1268806864494211,0.12646857436455008,0.1265345509917909,0.12758779119095634,0.12649110640673517,0.12649110640673517,0.12649110640673517,0.0,0.0,0.0,0.0,0.0,0.0,0.2529947421921744,0.2581431007667318,0.2773423609699747,3.249328664035722e-10,0.00011606860922545844,0.0014402176894105605,0.0,0.0,0.0,1.2838619254233425e-09,0.0005284049806441278,0.005720953555411402,0.0,0.0,0.0,0.0,0.0,0.0,0.0,0.0,0.0,0.0,0.0,0.0,4999.0,4999.0,4999.0
36,10800.0,3.0,0.0,0.0,0.0,0.0,0.0,0.0,0.00010318341687645267,0.12478988641923716,0.12992529939415615,0.12646604668722947,0.12651815887627774,0.1275359196678102,0.12649110640673517,0.12649110640673517,0.12649110640673517,0.0,0.0,0.0,0.0,0.0,0.0,0.2529965397493714,0.2587858064771418,0.277346643892371,2.6731610243750256e-08,6.571717604766613e-05,0.003819128787305928,0.0,0.0,0.0,1.0515370636828667e-07,0.0002733586519289265,0.019295351858719036,0.0,0.0,0.0,0.0,0.0,0.0,0.0,0.0,0.0,0.0,0.0,0.0,4999.0,4999.0,4999.0
37,11100.0,3.0833333333333335,0.0,0.0,0.0,0.0,0.0,0.0,0.00010629446955955942,0.12485594207483057,0.1301700052944135,0.126464385768836,0.1265122385498132,0.1275628108648297,0.12649110640673517,0.12649110640673517,0.12649110640673517,0.0,0.0,0.0,0.0,0.0,0.0,0.2529955341620959,0.258367343357279,0.27732872562305183,1.752989797019409e-09,0.00011323565007235425,0.0041463159500055,0.0,0.0,0.0,6.906280238753524e-09,0.00046286078145063646,0.023475560222305267,0.0,0.0,0.0,0.0,0.0,0.0,0.0,0.0,0.0,0.0,0.0,0.0,4999.0,4999.0,4999.0
38,11400.0,3.1666666666666665,0.0,0.0,0.0,0.0,0.0,0.0,0.00010740802020786529,0.1253650135808112,0.12753302744609482,0.12646067177304376,0.12650669428849493,0.1275382608400279,0.12649110640673517,0.12649110640673517,0.12649110640673517,0.0,0.0,0.0,0.0,0.0,0.0,0.25299679706925876,0.25865040087573177,0.27802670860011697,2.1137637542469865e-10,0.0001695864949629621,0.0015546735208762194,0.0,0.0,0.0,8.355371823620689e-10,0.0007306255667120185,0.006180516739265508,0.0,0.0,0.0,0.0,0.0,0.0,0.0,0.0,0.0,0.0,0.0,0.0,4999.0,4999.0,4999.0
39,11700.0,3.25,0.0,0.0,0.0,0.0,0.0,0.0,0.00011133582020422012,0.1252690373320907,0.13067121459657122,0.1264578685294272,0.1265068472193487,0.12749860917260222,0.12649110640673517,0.12649110640673517,0.12649110640673517,0.0,0.0,0.0,0.0,0.0,0.0,0.25299662154785896,0.2590685100832887,0.27729865996730174,2.773730616470602e-07,7.972052916277458e-05,0.004718728992184732,0.0,0.0,0.0,1.0963762412726064e-06,0.0003284825126641587,0.019965143731687323,0.0,0.0,0.0,0.0,0.0,0.0,0.0,0.0,0.0,0.0,0.0,0.0,4998.0,4998.0,4998.0
40,12000.0,3.3333333333333335,0.0,0.0,0.0,0.0,0.0,0.0,0.00011447405724049971,0.1252483102903102,0.12851582010720597,0.12645597243055973,0.1265063083927499,0.12744320623721359,0.12649110640673517,0.12649110640673517,0.12649110640673517,0.0,0.0,0.0,0.0,0.0,0.0,0.252997373219653,0.2593319446873125,0.2773145939874485,1.5957966124611e-08,0.00011175481882889221,0.0030565427421254164,0.0,0.0,0.0,6.291694946768464e-08,0.00045951496576220887,0.02082601396525444,0.0,0.0,0.0,0.0,0.0,0.0,0.0,0.0,0.0,0.0,0.0,0.0,4998.0,4998.0,4998.0
41,12300.0,3.4166666666666665,0.0,0.0,0.0,0.0,0.0,0.0,0.00011679279447393768,0.1252236550298374,0.12692512448125262,0.1264566961745924,0.12650523652795678,0.12742978750168976,0.12649110640673517,0.12649110640673517,0.12649110640673517,0.0,0.0,0.0,0.0,0.0,0.0,0.2529971782548692,0.25943531132403874,0.2790054834209028,1.6001516479255784e-10,0.0001331378902760891,0.0019725786273164397,0.0,0.0,0.0,6.322928812950078e-10,0.0005679832632048997,0.007789001769989526,0.0,0.0,0.0,0.0,0.0,0.0,0.0,0.0,0.0,0.0,0.0,0.0,4998.0,4998.0,4998.0
42,12600.0,3.5,0.0,0.0,0.0,0.0,0.0,0.0,0.00011843309036926177,0.12575003296678508,0.12864835091677748,0.1264552116262353,0.12650462219015002,0.12741823344927378,0.12649110640673517,0.12649110640673517,0.12649110640673517,0.0,0.0,0.0,0.0,0.0,0.0,0.25299898729214076,0.25970821318776294,0.27936375758919624,2.6514070966277432e-08,0.00022208210572571577,0.002304453312913276,0.0,0.0,0.0,1.0487630530914278e-07,0.0009425580015602053,0.012816803584233465,0.0,0.0,0.0,0.0,0.0,0.0,0.0,0.0,0.0,0.0,0.0,0.0,4997.0,4997.0,4997.0
43,12900.0,3.5833333333333335,0.0,0.0,0.0,0.0,0.0,0.0,0.00012328790187243662,0.1256613987927483,0.12811598430077412,0.12645128351270454,0.1265042205909318,0.12733683620416,0.12649110640673517,0.12649110640673517,0.12649110640673517,0.0,0.0,0.0,0.0,0.0,0.0,0.2529989154955412,0.25999054533310056,0.27750943385604265,2.4651833347300543e-07,8.262506719840563e-05,0.003493536571981122,0.0,0.0,0.0,9.744384642441656e-07,0.000339636741782834,0.013884362777851012,0.0,0.0,0.0,0.0,0.0,0.0,0.0,0.0,0.0,0.0,0.0,0.0,4996.0,4996.0,4996.0
44,13200.0,3.6666666666666665,0.0,0.0,0.0,0.0,0.0,0.0,0.00012665213293867005,0.12556083083374045,0.12934304595243779,0.12644894695392905,0.1265035976125069,0.1272936982472946,0.12649110640673517,0.12649110640673517,0.12649110640673517,0.0,0.0,0.0,0.0,0.0,0.0,0.25299839792342915,0.2602307867759109,0.28040480170012844,1.4482528405909726e-08,6.291938638884914e-05,0.003242127030185277,0.0,0.0,0.0,5.7207795999338646e-08,0.0002612340625107599,0.012713867834263383,0.0,0.0,0.0,0.0,0.0,0.0,0.0,0.0,0.0,0.0,0.0,0.0,4996.0,4996.0,4996.0
45,13500.0,3.75,0.0,0.0,0.0,0.0,0.0,0.0,0.00013019659958981553,0.12536861431229196,0.127016407640298,0.12644522082650012,0.1265024385486024,0.12726219993366228,0.12649110640673517,0.12649110640673517,0.12649110640673517,0.0,0.0,0.0,0.0,0.0,0.0,0.2529984287884449,0.26042838217642955,0.2822517123349757,2.33648881361736e-08,0.00019606344772883416,0.0016465227235462692,0.0,0.0,0.0,9.219743673711111e-08,0.00083174076623422,0.006511716784783732,0.0,0.0,0.0,0.0,0.0,0.0,0.0,0.0,0.0,0.0,0.0,0.0,4995.0,4995.0,4995.0
46,13800.0,3.8333333333333335,0.0,0.0,0.0,0.0,0.0,0.0,0.00013333828872216024,0.12588488316695354,0.12815988889899754,0.1264388102848153,0.12650182534550428,0.12720176704109837,0.12649110640673517,0.12649110640673517,0.12649110640673517,0.0,0.0,0.0,0.0,0.0,0.0,0.2530001231147239,0.2602732053463052,0.2828198067475766,1.05945450099814e-08,0.0001936730802864274,0.0019079659566647769,0.0,0.0,0.0,4.180001445647576e-08,0.0008246071587673416,0.00748625519083974,0.0,0.0,0.0,0.0,0.0,0.0,0.0,0.0,0.0,0.0,0.0,0.0,4995.0,4995.0,4995.0
47,14100.0,3.9166666666666665,0.0,0.0,0.0,0.0,0.0,0.0,0.00013641306288253885,0.1259490932026699,0.12841109528714015,0.1264359288008199,0.12650093765999798,0.1271171722689063,0.12649110640673517,0.12649110640673517,0.12649110640673517,0.0,0.0,0.0,0.0,0.0,0.0,0.2529994738850303,0.26089378718385986,0.28174211504020985,2.3279829227942343e-07,0.0002025316817177249,0.0022796675294150678,0.0,0.0,0.0,9.201961830058699e-07,0.0008747500970408846,0.00893648519696989,0.0,0.0,0.0,0.0,0.0,0.0,0.0,0.0,0.0,0.0,0.0,0.0,4994.0,4994.0,4994.0
48,14400.0,4.0,0.0,0.0,0.0,0.0,0.0,0.0,0.0001374333735065376,0.12554011916505498,0.12775838490588506,0.1264306541382103,0.12650028590581291,0.1270680592254365,0.12649110640673517,0.12649110640673517,0.12649110640673517,0.0,0.0,0.0,0.0,0.0,0.0,0.2529978052872264,0.2612854096563033,0.2805237341823279,2.3081634599068836e-10,0.0002433674224306221,0.001628448058862093,0.0,0.0,0.0,9.117896802495559e-10,0.0010474516798775703,0.0064004987840358615,0.0,0.0,0.0,0.0,0.0,0.0,0.0,0.0,0.0,0.0,0.0,0.0,4994.0,4994.0,4994.0
49,14700.0,4.083333333333333,0.0,0.0,0.0,0.0,0.0,0.0,0.00014215703760078906,0.12557404599772884,0.12810080062790086,0.1264266959937146,0.12649932761762453,0.12701809567956726,0.12649110640673517,0.12649110640673517,0.12649110640673517,0.0,0.0,0.0,0.0,0.0,0.0,0.2529988529027684,0.2613258491906577,0.2796490045479467,6.129652388606532e-08,0.0002241970380218899,0.0017740296484469753,0.0,0.0,0.0,2.42462813762864e-07,0.00095664260761417,0.008488738175640685,0.0,0.0,0.0,0.0,0.0,0.0,0.0,0.0,0.0,0.0,0.0,0.0,4992.0,4992.0,4992.0
50,15000.0,4.166666666666667,0.0,0.0,0.0,0.0,0.0,0.0,0.00014773768022550418,0.12567117297863606,0.12719349166201485,0.12642302570654748,0.12649867379815172,0.1269427350098618,0.12649110640673517,0.12649110640673517,0.12649110640673517,0.0,0.0,0.0,0.0,0.0,0.0,0.2529986381837555,0.2612432309575594,0.2839233576663729,1.2714560690354393e-07,0.00015724334322957448,0.0045173875990412345,0.0,0.0,0.0,5.024777132040341e-07,0.0006263502020242137,0.01658726162425427,0.0,0.0,0.0,0.0,0.0,0.0,0.0,0.0,0.0,0.0,0.0,0.0,4991.0,4991.0,4991.0
51,15300.0,4.25,0.0,0.0,0.0,0.0,0.0,0.0,0.00015213317587503108,0.12618327658845957,0.12786994072005425,0.12641792734062765,0.12649813519295355,0.12686617093573008,0.12649110640673517,0.12649110640673517,0.12649110640673517,0.0,0.0,0.0,0.0,0.0,0.0,0.2530015764698501,0.2615980373050024,0.28462274434913537,3.448655183892568e-08,0.0002493273427804024,0.0024513548637020892,0.0,0.0,0.0,1.3626839984187336e-07,0.0010375592814907723,0.009598174293643829,0.0,0.0,0.0,0.0,0.0,0.0,0.0,0.0,0.0,0.0,0.0,0.0,4990.0,4990.0,4990.0
52,15600.0,4.333333333333333,0.0,0.0,0.0,0.0,0.0,0.0,0.00015690211656816015,0.1258465502033258,0.12792151057430123,0.1264129420936085,0.12649754503434207,0.1268249321972669,0.12649110640673517,0.12649110640673517,0.12649110640673517,0.0,0.0,0.0,0.0,0.0,0.0,0.2530006164479157,0.26190682888297584,0.28230229756128655,2.4793001934879037e-07,0.0001496078493496747,0.0023386752336614926,0.0,0.0,0.0,9.792563663678454e-07,0.0005920809532891806,0.009245648140131301,0.0,0.0,0.0,0.0,0.0,0.0,0.0,0.0,0.0,0.0,0.0,0.0,4989.0,4989.0,4989.0
53,15900.0,4.416666666666667,0.0,0.0,0.0,0.0,0.0,0.0,0.00016310407768202275,0.125627797667903,0.12778997162988104,0.12640965619618028,0.12649684279246193,0.12673492546959272,0.12649110640673517,0.12649110640673517,0.12649110640673517,0.0,0.0,0.0,0.0,0.0,0.0,0.2529985695463115,0.262270517623563,0.28457969731851174,5.711733287821184e-08,0.00024381279815273465,0.0013428326267820932,0.0,0.0,0.0,2.2563790796129338e-07,0.001040694378604229,0.006214074158796681,0.0,0.0,0.0,0.0,0.0,0.0,0.0,0.0,0.0,0.0,0.0,0.0,4986.0,4986.0,4986.0
54,16200.0,4.5,0.0,0.0,0.0,0.0,0.0,0.0,0.00017712497988586493,0.1258164101217342,0.12881277907097088,0.12640746137363687,0.12649641122893612,0.12666049281976235,0.12649110640673517,0.12649110640673517,0.12649110640673517,0.0,0.0,0.0,0.0,0.0,0.0,0.2530001205779423,0.2622669525665401,0.2855076683042122,2.0126299493947577e-07,0.000116823542577462,0.0037907864448667884,0.0,0.0,0.0,7.96703059854528e-07,0.0004812754003067653,0.014793435271871264,0.0,0.0,0.0,0.0,0.0,0.0,0.0,0.0,0.0,0.0,0.0,0.0,4947.0,4947.0,4947.0
55,16500.0,4.583333333333333,0.0,0.0,0.0,0.0,0.0,0.0,0.0001798904104361842,0.1260192692757999,0.1286562289511344,0.12640007626015887,0.12649636330123284,0.12665903771632375,0.12649110640673517,0.12649110640673517,0.12649110640673517,0.0,0.0,0.0,0.0,0.0,0.0,0.2530020268345055,0.2625782296862177,0.2852261197687906,3.520821207914927e-08,8.405450601817854e-05,0.0033937716766496828,0.0,0.0,0.0,1.385883675391956e-07,0.000348796638165546,0.013396716466880738,0.0,0.0,0.0,0.0,0.0,0.0,0.0,0.0,0.0,0.0,0.0,0.0,4947.0,4947.0,4947.0
56,16800.0,4.666666666666667,0.0,0.0,0.0,0.0,0.0,0.0,0.00018622544727213194,0.12570500669197918,0.12831358735670972,0.12639095429587646,0.12649589969482009,0.12665960973532367,0.12649110640673517,0.12649110640673517,0.12649110640673517,0.0,0.0,0.0,0.0,0.0,0.0,0.2529977548567499,0.26324304222392536,0.28469270256584434,1.2186071676476867e-07,0.00025608317709031826,0.003775906082999308,0.0,0.0,0.0,4.81260484263177e-07,0.001060742784422931,0.01489731930758101,0.0,0.0,0.0,0.0,0.0,0.0,0.0,0.0,0.0,0.0,0.0,0.0,4945.0,4945.0,4945.0
57,17100.0,4.75,0.0,0.0,0.0,0.0,0.0,0.0,0.00018941011422003902,0.12595299742600657,0.12829649842420005,0.12638510168335265,0.1264960137089707,0.1266681057235349,0.12649110640673517,0.12649110640673517,0.12649110640673517,0.0,0.0,0.0,0.0,0.0,0.0,0.25300118105778857,0.26306086570408116,0.28802712417323517,2.3316915771552682e-07,0.00013688172350873488,0.00288023494863098,0.0,0.0,0.0,9.216194443949164e-07,0.0005765459994131557,0.01134283985734281,0.0,0.0,0.0,0.0,0.0,0.0,0.0,0.0,0.0,0.0,0.0,0.0,4944.0,4944.0,4944.0
58,17400.0,4.833333333333333,0.0,0.0,0.0,0.0,0.0,0.0,0.0001831787601561605,0.1258128094099562,0.12842088745819222,0.12638262072535644,0.12649584574704675,0.1266612520544835,0.12649110640673517,0.12649110640673517,0.12649110640673517,0.0,0.0,0.0,0.0,0.0,0.0,0.25299996471612274,0.2636509186382206,0.2861014183452224,1.7203196570161549e-09,0.0001963534714484142,0.0040024890116940265,0.0,0.0,0.0,6.730346626084243e-09,0.0008181566997717396,0.01565234428670175,0.0,0.0,0.0,0.0,0.0,0.0,0.0,0.0,0.0,0.0,0.0,0.0,4944.0,4944.0,4944.0
59,17700.0,4.916666666666667,0.0,0.0,0.0,0.0,0.0,0.0,0.00018309870859816376,0.1260484881085845,0.12862293764950508,0.12638109834424355,0.1264955649213214,0.12665482005396322,0.12649110640673517,0.12649110640673517,0.12649110640673517,0.0,0.0,0.0,0.0,0.0,0.0,0.2530013190645718,0.263728100246241,0.2845083170726591,2.005120684082335e-07,0.0002403515436580905,0.0029034361530091484,0.0,0.0,0.0,7.925888533602517e-07,0.0009871440202476735,0.011437815822889214,0.0,0.0,0.0,0.0,0.0,0.0,0.0,0.0,0.0,0.0,0.0,0.0,4943.0,4943.0,4943.0
60,18000.0,5.0,0.0,0.0,0.0,0.0,0.0,0.0,0.00018956586664067333,0.12581767659411133,0.1287514091891407,0.1263787567430041,0.12649549011219088,0.12666618419796438,0.12649110640673517,0.12649110640673517,0.12649110640673517,0.0,0.0,0.0,0.0,0.0,0.0,0.25299841514443233,0.2641556811619474,0.28809355427309224,1.2490489633676864e-08,0.00028875898110805034,0.001860921401193505,0.0,0.0,0.0,4.8976590683335556e-08,0.0011747894903136838,0.007383999478946354,0.0,0.0,0.0,0.0,0.0,0.0,0.0,0.0,0.0,0.0,0.0,0.0,4943.0,4943.0,4943.0
61,18300.0,5.083333333333333,0.0,0.0,0.0,0.0,0.0,0.0,0.00019487249159423853,0.12611152037937384,0.1293801434609907,0.1263777344364592,0.12649529789570094,0.1266610085968108,0.12649110640673517,0.12649110640673517,0.12649110640673517,0.0,0.0,0.0,0.0,0.0,0.0,0.2530034163964947,0.2640734754949783,0.2894936541965497,1.1079713817534005e-07,0.00024913005479820446,0.0031525473051338573,0.0,0.0,0.0,4.3866616668938335e-07,0.0010427080754901936,0.01238720247069027,0.0,0.0,0.0,0.0,0.0,0.0,0.0,0.0,0.0,0.0,0.0,0.0,4941.0,4941.0,4941.0
62,18600.0,5.166666666666667,0.0,0.0,0.0,0.0,0.0,0.0,0.0001995853337222338,0.125888940552953,0.1280331435203638,0.12637897971170559,0.1264952962344325,0.12665847700207075,0.12649110640673517,0.12649110640673517,0.12649110640673517,0.0,0.0,0.0,0.0,0.0,0.0,0.25299813517874076,0.2645776563824076,0.28976980814166536,1.4719925103601738e-07,0.00027636327425022725,0.0024323527731420396,0.0,0.0,0.0,5.80759349513313e-07,0.0011085211294696619,0.009613391795500357,0.0,0.0,0.0,0.0,0.0,0.0,0.0,0.0,0.0,0.0,0.0,0.0,4938.0,4938.0,4938.0
63,18900.0,5.25,0.0,0.0,0.0,0.0,0.0,0.0,0.00020639167933222927,0.12602194232184205,0.12889524896221596,0.12637528119825991,0.1264952063182362,0.12665905320288262,0.12649110640673517,0.12649110640673517,0.12649110640673517,0.0,0.0,0.0,0.0,0.0,0.0,0.25300013210356287,0.2644095414609541,0.2899118675647697,3.5534986801515793e-07,0.0001997219623632221,0.0035192546155192197,0.0,0.0,0.0,1.4045104553352806e-06,0.0008024127125832181,0.01374426074285858,0.0,0.0,0.0,0.0,0.0,0.0,0.0,0.0,0.0,0.0,0.0,0.0,4936.0,4936.0,4936.0
64,19200.0,5.333333333333333,0.0,0.0,0.0,0.0,0.0,0.0,0.00020965166306946017,0.1261084159838199,0.12891239676671698,0.126371217630781,0.1264950092951205,0.12665465801786757,0.12649110640673517,0.12649110640673517,0.12649110640673517,0.0,0.0,0.0,0.0,0.0,0.0,0.25300154584511003,0.2647054999327492,0.29230385912841045,2.275839978663091e-07,0.0001910022403384914,0.0035177091063428546,0.0,0.0,0.0,8.995647517732546e-07,0.0007653439389612227,0.013811664978877805,0.0,0.0,0.0,0.0,0.0,0.0,0.0,0.0,0.0,0.0,0.0,0.0,4934.0,4934.0,4934.0
65,19500.0,5.416666666666667,0.0,0.0,0.0,0.0,0.0,0.0,0.00021644899393295783,0.1260712355680934,0.12935307392629483,0.12637004851563802,0.1264948331866538,0.12665266275748022,0.12649110640673517,0.12649110640673517,0.12649110640673517,0.0,0.0,0.0,0.0,0.0,0.0,0.25300166199803675,0.26481292786987565,0.2912524194601057,3.1509594539697635e-08,0.0002715249110284324,0.0019048544163236855,0.0,0.0,0.0,1.2439323424959353e-07,0.0010771974691872067,0.011838407119129772,0.0,0.0,0.0,0.0,0.0,0.0,0.0,0.0,0.0,0.0,0.0,0.0,4929.0,4929.0,4929.0
66,19800.0,5.5,0.0,0.0,0.0,0.0,0.0,0.0,0.00022317959508238658,0.1259813653653377,0.1287457107043504,0.12636054067078284,0.12649487254134734,0.12664863149635955,0.12649110640673517,0.12649110640673517,0.12649110640673517,0.0,0.0,0.0,0.0,0.0,0.0,0.2530020812977076,0.26513794470579855,0.28904304883896176,2.7804433617620935e-07,0.00016767144424844604,0.0028656885749934855,0.0,0.0,0.0,1.1162054651155743e-06,0.0007197358132814219,0.011213099532788694,0.0,0.0,0.0,0.0,0.0,0.0,0.0,0.0,0.0,0.0,0.0,0.0,4894.0,4894.0,4894.0
67,20100.0,5.583333333333333,0.0,0.0,0.0,0.0,0.0,0.0,0.000230071763244144,0.126008455792946,0.12824769060590516,0.12635739091523368,0.12649470686590797,0.12664598729362528,0.12649110640673517,0.12649110640673517,0.12649110640673517,0.0,0.0,0.0,0.0,0.0,0.0,0.25300239600729546,0.2653929190548421,0.29118735210449426,6.273136214601567e-08,0.0001616052802842949,0.0013805436680139158,0.0,0.0,0.0,2.4861448695104417e-07,0.0006552571700802143,0.00547320127156208,0.0,0.0,0.0,0.0,0.0,0.0,0.0,0.0,0.0,0.0,0.0,0.0,4892.0,4892.0,4892.0
68,20400.0,5.666666666666667,0.0,0.0,0.0,0.0,0.0,0.0,0.00023391119769220755,0.12611709492158696,0.12908893862406742,0.12635115561223723,0.12649447475300868,0.12664211144366003,0.12649110640673517,0.12649110640673517,0.12649110640673517,0.0,0.0,0.0,0.0,0.0,0.0,0.25300413015787127,0.265362934237483,0.2906876946868662,2.6763921863520846e-08,0.00015005720554842365,0.003401034393505996,0.0,0.0,0.0,1.0871261880270777e-07,0.0006013081880632476,0.013377087596713341,0.0,0.0,0.0,0.0,0.0,0.0,0.0,0.0,0.0,0.0,0.0,0.0,4891.0,4891.0,4891.0
69,20700.0,5.75,0.0,0.0,0.0,0.0,0.0,0.0,0.00023216383881963392,0.1261136562513162,0.13002386313273992,0.1263494840790037,0.12649435623698282,0.1266353452238355,0.12649110640673517,0.12649110640673517,0.12649110640673517,0.0,0.0,0.0,0.0,0.0,0.0,0.2530041539598728,0.26554813777834335,0.2926584138519882,4.6068540563858607e-07,0.00013730753509782332,0.0033951036265760007,0.0,0.0,0.0,1.850683548202053e-06,0.000543544624942586,0.013373712876672045,0.0,0.0,0.0,0.0,0.0,0.0,0.0,0.0,0.0,0.0,0.0,0.0,4889.0,4889.0,4889.0
70,21000.0,5.833333333333333,0.0,0.0,0.0,0.0,0.0,0.0,0.00023514338749151906,0.1261498833727511,0.12890967836150236,0.12634528512731294,0.12649426851696585,0.12663848620738044,0.12649110640673517,0.12649110640673517,0.12649110640673517,0.0,0.0,0.0,0.0,0.0,0.0,0.2530053625515437,0.26568425325581563,0.29267390617932987,6.048942808149511e-09,0.00010880532814288663,0.004173406581522092,0.0,0.0,0.0,2.3983632818929132e-08,0.0004479723867288351,0.016350167766722677,0.0,0.0,0.0,0.0,0.0,0.0,0.0,0.0,0.0,0.0,0.0,0.0,4889.0,4889.0,4889.0
71,21300.0,5.916666666666667,0.0,0.0,0.0,0.0,0.0,0.0,0.00024175471519536604,0.12609093653925152,0.12867570335576062,0.12634259966071315,0.12649406661347112,0.12663426766193173,0.12649110640673517,0.12649110640673517,0.12649110640673517,0.0,0.0,0.0,0.0,0.0,0.0,0.2530039655732085,0.26575120620652826,0.2925937209274168,3.04088031663482e-08,0.00027638076729102873,0.0024590928813722794,0.0,0.0,0.0,1.2034927003698293e-07,0.0011172390403890382,0.009575329198891612,0.0,0.0,0.0,0.0,0.0,0.0,0.0,0.0,0.0,0.0,0.0,0.0,4887.0,4887.0,4887.0
72,21600.0,6.0,0.0,0.0,0.0,0.0,0.0,0.0,0.0002469075893668391,0.1262075556224744,0.1298052997312879,0.12634017522824653,0.12649392528144768,0.12662868500952218,0.12649110640673517,0.12649110640673517,0.12649110640673517,0.0,0.0,0.0,0.0,0.0,0.0,0.2530074086987888,0.265792404410791,0.29472418500630837,2.5123359959110972e-08,0.00013004254625205439,0.0033754983311930723,0.0,0.0,0.0,9.967755553995676e-08,0.0005289251180427028,0.013266892530183864,0.0,0.0,0.0,0.0,0.0,0.0,0.0,0.0,0.0,0.0,0.0,0.0,4885.0,4885.0,4885.0
73,21900.0,6.083333333333333,0.0,0.0,0.0,0.0,0.0,0.0,0.00024886607722302305,0.1261818007681854,0.13051604182685753,0.126335634247414,0.12649385346164504,0.1266282226620917,0.12649110640673517,0.12649110640673517,0.12649110640673517,0.0,0.0,0.0,0.0,0.0,0.0,0.2530068458241421,0.2658621499236716,0.2962505972201948,4.26149510871957e-07,8.538031511049228e-05,0.00356766072484025,0.0,0.0,0.0,1.7218262803556884e-06,0.00034070406944378644,0.013882932764063874,0.0,0.0,0.0,0.0,0.0,0.0,0.0,0.0,0.0,0.0,0.0,0.0,4884.0,4884.0,4884.0
74,22200.0,6.166666666666667,0.0,0.0,0.0,0.0,0.0,0.0,0.00025318819732511946,0.12622680652558954,0.12910866313287236,0.1263348251086069,0.1264937451252493,0.12661630270416446,0.12649110640673517,0.12649110640673517,0.12649110640673517,0.0,0.0,0.0,0.0,0.0,0.0,0.2530066428689168,0.26610709713942243,0.29628337610047867,2.4564839013318372e-08,0.00010969591267023415,0.0025160928928254825,0.0,0.0,0.0,9.706366439652873e-08,0.0004405598900303968,0.009920556072361045,0.0,0.0,0.0,0.0,0.0,0.0,0.0,0.0,0.0,0.0,0.0,0.0,4880.0,4880.0,4880.0
75,22500.0,6.25,0.0,0.0,0.0,0.0,0.0,0.0,0.00027354223553020037,0.12626868893059578,0.12916561324720746,0.12631962681175157,0.12649368026826757,0.12661261185625844,0.12649110640673517,0.12649110640673517,0.12649110640673517,0.0,0.0,0.0,0.0,0.0,0.0,0.2530090600504017,0.26606389895721144,0.2959870137708801,3.1796678590726614e-08,7.688319253008523e-05,0.002128073891344684,0.0,0.0,0.0,1.2561637897389109e-07,0.00030346210742203123,0.008300746283532782,0.0,0.0,0.0,0.0,0.0,0.0,0.0,0.0,0.0,0.0,0.0,0.0,4840.0,4840.0,4840.0
76,22800.0,6.333333333333333,0.0,0.0,0.0,0.0,0.0,0.0,0.0002802841746879335,0.12627774684217777,0.13066170190617996,0.12631470074604867,0.12649359699480808,0.12661159275476178,0.12649110640673517,0.12649110640673517,0.12649110640673517,0.0,0.0,0.0,0.0,0.0,0.0,0.25300894072702645,0.26610907633544245,0.2963922085546878,4.853341519977844e-07,7.031964704080027e-05,0.003261611362480517,0.0,0.0,0.0,1.9374425851144825e-06,0.000286050032184906,0.01280741500713662,0.0,0.0,0.0,0.0,0.0,0.0,0.0,0.0,0.0,0.0,0.0,0.0,4839.0,4839.0,4839.0
77,23100.0,6.416666666666667,0.0,0.0,0.0,0.0,0.0,0.0,0.000283063307925549,0.12620249759083482,0.13062993894144045,0.12630939491058454,0.12649350690730646,0.12660816888564633,0.12649110640673517,0.12649110640673517,0.12649110640673517,0.0,0.0,0.0,0.0,0.0,0.0,0.25300975250823987,0.2665369562900783,0.2969956829116256,4.750666498317777e-07,0.00012833894006941584,0.0026018862614551486,0.0,0.0,0.0,1.914466183508789e-06,0.0005049011482820055,0.010306093852873212,0.0,0.0,0.0,0.0,0.0,0.0,0.0,0.0,0.0,0.0,0.0,0.0,4838.0,4838.0,4838.0
78,23400.0,6.5,0.0,0.0,0.0,0.0,0.0,0.0,0.00028388146337566384,0.12624965953225697,0.1288752715089699,0.12630078444423307,0.1264933834979501,0.12660417853540076,0.12649110640673517,0.12649110640673517,0.12649110640673517,0.0,0.0,0.0,0.0,0.0,0.0,0.25300948043463084,0.26663783679168584,0.29519939200117284,1.7912526151348768e-08,9.579069264375366e-05,0.0035229774293106765,0.0,0.0,0.0,7.118507110548505e-08,0.0003816487838392999,0.013782104845716094,0.0,0.0,0.0,0.0,0.0,0.0,0.0,0.0,0.0,0.0,0.0,0.0,4837.0,4837.0,4837.0
79,23700.0,6.583333333333333,0.0,0.0,0.0,0.0,0.0,0.0,0.00029104121137163723,0.12631332098353137,0.12987219958816493,0.12629491039490318,0.12649333281286945,0.12660375603994378,0.12649110640673517,0.12649110640673517,0.12649110640673517,0.0,0.0,0.0,0.0,0.0,0.0,0.25301054398179335,0.2668668741290107,0.2980073028681836,8.406455800913003e-08,0.00011962177070594786,0.003489564663368006,0.0,0.0,0.0,3.37208824870601e-07,0.00047258113580202237,0.013687820626325885,0.0,0.0,0.0,0.0,0.0,0.0,0.0,0.0,0.0,0.0,0.0,0.0,4836.0,4836.0,4836.0
80,24000.0,6.666666666666667,0.0,0.0,0.0,0.0,0.0,0.0,0.00029837116017012095,0.12634311239594462,0.13087037818250258,0.12628842381446548,0.12649328819146566,0.1265957739680995,0.12649110640673517,0.12649110640673517,0.12649110640673517,0.0,0.0,0.0,0.0,0.0,0.0,0.2530114400868545,0.2669765926146931,0.29588968297633106,2.2727675989137854e-08,6.862749099074184e-05,0.0038376562242571294,0.0,0.0,0.0,9.207189424325523e-08,0.00027282608214320266,0.015054087724925806,0.0,0.0,0.0,0.0,0.0,0.0,0.0,0.0,0.0,0.0,0.0,0.0,4832.0,4832.0,4832.0
81,24300.0,6.75,0.0,0.0,0.0,0.0,0.0,0.0,0.00030183212920627874,0.1263016647673511,0.13052004890807822,0.12628418683354264,0.1264931716301264,0.12659333373389653,0.12649110640673517,0.12649110640673517,0.12649110640673517,0.0,0.0,0.0,0.0,0.0,0.0,0.25301057812476047,0.26675412718521274,0.29782661078956363,4.496501002501704e-07,0.00010204644302538377,0.0038430728892511084,0.0,0.0,0.0,1.7979027205967746e-06,0.00039983231155420694,0.014919100270230625,0.0,0.0,0.0,0.0,0.0,0.0,0.0,0.0,0.0,0.0,0.0,0.0,4831.0,4831.0,4831.0
82,24600.0,6.833333333333333,0.0,0.0,0.0,0.0,0.0,0.0,0.00030707150482934,0.12630212370290594,0.12887767973579745,0.12627938351483334,0.12649313201414977,0.1265882746457863,0.12649110640673517,0.12649110640673517,0.12649110640673517,0.0,0.0,0.0,0.0,0.0,0.0,0.2530086240035141,0.26702142032469056,0.297184457652075,2.178015115669926e-08,0.00015300857104867704,0.0029053490050291414,0.0,0.0,0.0,8.615366165755559e-08,0.0005954380289401983,0.011396634940024882,0.0,0.0,0.0,0.0,0.0,0.0,0.0,0.0,0.0,0.0,0.0,0.0,4829.0,4829.0,4829.0
83,24900.0,6.916666666666667,0.0,0.0,0.0,0.0,0.0,0.0,0.0003166085632116373,0.12641328751235856,0.12975635877135078,0.12626853088375212,0.12649305208501935,0.12657958774191208,0.12649110640673517,0.12649110640673517,0.12649110640673517,0.0,0.0,0.0,0.0,0.0,0.0,0.25301326529005813,0.26701688977261046,0.2967939824749244,4.1623268752533007e-07,6.719410068959203e-05,0.001460595061336266,0.0,0.0,0.0,1.6705101466964967e-06,0.0002651945223894559,0.0057423380599799755,0.0,0.0,0.0,0.0,0.0,0.0,0.0,0.0,0.0,0.0,0.0,0.0,4828.0,4828.0,4828.0
84,25200.0,7.0,0.0,0.0,0.0,0.0,0.0,0.0,0.00034704220988518073,0.12640344716185914,0.13129327788988152,0.12624792493120005,0.1264929810380403,0.1265749798023708,0.12649110640673517,0.12649110640673517,0.12649110640673517,0.0,0.0,0.0,0.0,0.0,0.0,0.25301372447973336,0.267255847306924,0.299849956067809,2.0245807027913788e-08,0.00013270767268044303,0.003644302787124489,0.0,0.0,0.0,8.105649163465623e-08,0.0005240114239464891,0.014318482675540737,0.0,0.0,0.0,0.0,0.0,0.0,0.0,0.0,0.0,0.0,0.0,0.0,4789.0,4789.0,4789.0
85,25500.0,7.083333333333333,0.0,0.0,0.0,0.0,0.0,0.0,0.0003572266588072737,0.12635880219158377,0.13037050235575087,0.12623396606802523,0.1264928842192962,0.1265748848447937,0.12649110640673517,0.12649110640673517,0.12649110640673517,0.0,0.0,0.0,0.0,0.0,0.0,0.25301374818079186,0.2673836042251215,0.29589156830587227,1.620875016159978e-08,0.00011745966621985554,0.0030202537720600046,0.0,0.0,0.0,6.455841512958883e-08,0.0004590690027655887,0.011737096855642939,0.0,0.0,0.0,0.0,0.0,0.0,0.0,0.0,0.0,0.0,0.0,0.0,4784.0,4784.0,4784.0
86,25800.0,7.166666666666667,0.0,0.0,0.0,0.0,0.0,0.0,0.0003628965643507853,0.12638852313950397,0.12986592107819034,0.12622973982973182,0.12649278194060667,0.12657149687788238,0.12649110640673517,0.12649110640673517,0.12649110640673517,0.0,0.0,0.0,0.0,0.0,0.0,0.25301169026033077,0.2675150895589684,0.2987380774028449,1.897432211859192e-08,0.0001194864622767437,0.0034708007157626267,0.0,0.0,0.0,7.511744304464174e-08,0.0004640248330964763,0.013052505803509354,0.0,0.0,0.0,0.0,0.0,0.0,0.0,0.0,0.0,0.0,0.0,0.0,4783.0,4783.0,4783.0
87,26100.0,7.25,0.0,0.0,0.0,0.0,0.0,0.0,0.0003597645650263786,0.1264232650810281,0.1305197886642514,0.12622317639850286,0.12649267965498548,0.12656643866149944,0.12649110640673517,0.12649110640673517,0.12649110640673517,0.0,0.0,0.0,0.0,0.0,0.0,0.2530122309415787,0.26747870264777174,0.297076007403246,3.889653971601716e-09,0.00015361931257781025,0.003861086256416282,0.0,0.0,0.0,1.5504806399219595e-08,0.0006040737520650492,0.015084256764474467,0.0,0.0,0.0,0.0,0.0,0.0,0.0,0.0,0.0,0.0,0.0,0.0,4783.0,4783.0,4783.0
88,26400.0,7.333333333333333,0.0,0.0,0.0,0.0,0.0,0.0,0.00036731641718662603,0.12641717292780727,0.13123359817089503,0.1262128779710875,0.1264925084539383,0.1265648901967265,0.12649110640673517,0.12649110640673517,0.12649110640673517,0.0,0.0,0.0,0.0,0.0,0.0,0.25301386387171826,0.26771783841221647,0.29677958233341295,5.296816493922792e-07,9.450471556706009e-05,0.0030852467421455124,0.0,0.0,0.0,2.0879762478556177e-06,0.0003714893421864271,0.011985161818173554,0.0,0.0,0.0,0.0,0.0,0.0,0.0,0.0,0.0,0.0,0.0,0.0,4780.0,4780.0,4780.0
89,26700.0,7.416666666666667,0.0,0.0,0.0,0.0,0.0,0.0,0.00037161322249974597,0.126441153530301,0.129291722940976,0.12620868467441435,0.1264924012802412,0.12655894891862401,0.12649110640673517,0.12649110640673517,0.12649110640673517,0.0,0.0,0.0,0.0,0.0,0.0,0.25301183580851294,0.2679575192316586,0.2980180088974591,1.6152280673250388e-08,0.00012019077228872932,0.002556573958842435,0.0,0.0,0.0,6.389353035187e-08,0.00047361454664612563,0.010034023452868798,0.0,0.0,0.0,0.0,0.0,0.0,0.0,0.0,0.0,0.0,0.0,0.0,4778.0,4778.0,4778.0
90,27000.0,7.5,0.0,0.0,0.0,0.0,0.0,0.0,0.0003775647167109259,0.126441718756305,0.13093782824513925,0.12619154329764873,0.12649228038463944,0.1265537197830065,0.12649110640673517,0.12649110640673517,0.12649110640673517,0.0,0.0,0.0,0.0,0.0,0.0,0.2530136912357821,0.2679941509339866,0.29683099155796194,1.966637462280614e-07,5.668515979865707e-05,0.0016570037114027973,0.0,0.0,0.0,7.754876901322316e-07,0.00022375254939087304,0.006456023118391699,0.0,0.0,0.0,0.0,0.0,0.0,0.0,0.0,0.0,0.0,0.0,0.0,4774.0,4774.0,4774.0
91,27300.0,7.583333333333333,0.0,0.0,0.0,0.0,0.0,0.0,0.0003913788043529877,0.12647461494535278,0.1315572805697927,0.1261852154022349,0.12649216524671264,0.12654997413285393,0.12649110640673517,0.12649110640673517,0.12649110640673517,0.0,0.0,0.0,0.0,0.0,0.0,0.25301411860932355,0.26826780819326285,0.2977366418655064,1.83017242107988e-08,0.00011910676927494479,0.0034378261864456716,0.0,0.0,0.0,7.389658657794736e-08,0.0004648437643269709,0.013485109392800116,0.0,0.0,0.0,0.0,0.0,0.0,0.0,0.0,0.0,0.0,0.0,0.0,4773.0,4773.0,4773.0
92,27600.0,7.666666666666667,0.0,0.0,0.0,0.0,0.0,0.0,0.00039510500005399466,0.12646039781118473,0.12956901008864105,0.12616701860568194,0.12649211399768656,0.12654418974939807,0.12649110640673517,0.12649110640673517,0.12649110640673517,0.0,0.0,0.0,0.0,0.0,0.0,0.25301455504605413,0.2680498885355843,0.29823422571466296,7.990500062647346e-09,0.00011087115801449144,0.0020921026313742543,0.0,0.0,0.0,3.238521984655748e-08,0.0004354160191635971,0.008121864871818036,0.0,0.0,0.0,0.0,0.0,0.0,0.0,0.0,0.0,0.0,0.0,0.0,4769.0,4769.0,4769.0
93,27900.0,7.75,0.0,0.0,0.0,0.0,0.0,0.0,0.00042987427191260003,0.12644315559180802,0.1309559054113097,0.1261289294812038,0.12649202118769193,0.12654159589578715,0.12649110640673517,0.12649110640673517,0.12649110640673517,0.0,0.0,0.0,0.0,0.0,0.0,0.25301523320779185,0.26812563691148045,0.29872078138211117,1.3748324027117997e-08,0.00013805936794885097,0.0022693893148911376,0.0,0.0,0.0,5.536605462693065e-08,0.0005401331853140287,0.008828235509639024,0.0,0.0,0.0,0.0,0.0,0.0,0.0,0.0,0.0,0.0,0.0,0.0,4732.0,4732.0,4732.0
94,28200.0,7.833333333333333,0.0,0.0,0.0,0.0,0.0,0.0,0.0004513472397047225,0.12650864536718634,0.13183007466830168,0.12612796685549835,0.12649199249087392,0.1265374003235505,0.12649110640673517,0.12649110640673517,0.12649110640673517,0.0,0.0,0.0,0.0,0.0,0.0,0.2530168299514611,0.2681822392001908,0.2998781018363326,4.874180949083903e-08,0.00012103009914461304,0.0015800167018739546,0.0,0.0,0.0,1.9298041984456955e-07,0.00047588475791202935,0.006179032638952446,0.0,0.0,0.0,0.0,0.0,0.0,0.0,0.0,0.0,0.0,0.0,0.0,4731.0,4731.0,4731.0
95,28500.0,7.916666666666667,0.0,0.0,0.0,0.0,0.0,0.0,0.0004513553744690395,0.12651865426189002,0.13089630246515996,0.12609978665578095,0.12649196757438821,0.1265352721086776,0.12649110640673517,0.12649110640673517,0.12649110640673517,0.0,0.0,0.0,0.0,0.0,0.0,0.2530173170839704,0.2680345553721753,0.2985701521486362,1.83190380160287e-08,0.00012078996055540721,0.0019411272694743516,0.0,0.0,0.0,7.350951845047593e-08,0.00047652950600705413,0.007360992418449727,0.0,0.0,0.0,0.0,0.0,0.0,0.0,0.0,0.0,0.0,0.0,0.0,4727.0,4727.0,4727.0
96,28800.0,8.0,0.0,0.0,0.0,0.0,0.0,0.0,0.0004710287890423258,0.12648697339869683,0.1302539414667023,0.12607843439514127,0.12649195730211865,0.1265312225807581,0.12649110640673517,0.12649110640673517,0.12649110640673517,0.0,0.0,0.0,0.0,0.0,0.0,0.25301552265560967,0.26786212639362167,0.3003204457281825,1.6765400130769807e-08,8.217241565209061e-05,0.0035561276315460204,0.0,0.0,0.0,6.627100184580852e-08,0.0003249426442374838,0.013760219538919524,0.0,0.0,0.0,0.0,0.0,0.0,0.0,0.0,0.0,0.0,0.0,0.0,4724.0,4724.0,4724.0
97,29100.0,8.083333333333334,0.0,0.0,0.0,0.0,0.0,0.0,0.0004827436574274474,0.12651384663360143,0.1308057373563849,0.1260709742366949,0.12649194512050382,0.12652613301283125,0.12649110640673517,0.12649110640673517,0.12649110640673517,0.0,0.0,0.0,0.0,0.0,0.0,0.25301597529024683,0.2681733530304658,0.29921982366606503,2.6227904532065725e-08,0.00010762517255322483,0.0038841750551853738,0.0,0.0,0.0,1.0456781649397096e-07,0.00042531050471004587,0.015195224254737303,0.0,0.0,0.0,0.0,0.0,0.0,0.0,0.0,0.0,0.0,0.0,0.0,4724.0,4724.0,4724.0
98,29400.0,8.166666666666666,0.0,0.0,0.0,0.0,0.0,0.0,0.00048370022131180915,0.12653164628340619,0.13166739766619792,0.12605007026722412,0.12649193508388196,0.12652254426475662,0.12649110640673517,0.12649110640673517,0.12649110640673517,0.0,0.0,0.0,0.0,0.0,0.0,0.25301811314070277,0.2679540726038387,0.3005083860552962,1.4164869694151019e-08,5.748489565301371e-05,0.004794964608670717,0.0,0.0,0.0,5.639292650510928e-08,0.00022632274829338135,0.01853153173265563,0.0,0.0,0.0,0.0,0.0,0.0,0.0,0.0,0.0,0.0,0.0,0.0,4721.0,4721.0,4721.0
99,29700.0,8.25,0.0,0.0,0.0,0.0,0.0,0.0,0.0005109536769924466,0.1265125400734062,0.12926552626783222,0.12602173145710746,0.12649191313999014,0.12651763774436653,0.12649110640673517,0.12649110640673517,0.12649110640673517,0.0,0.0,0.0,0.0,0.0,0.0,0.2530171237635067,0.2681026188246291,0.3011711691427399,2.557206445479904e-08,0.00013206580296579233,0.0018668256363665275,0.0,0.0,0.0,1.011577424263904e-07,0.0005198181910007252,0.007315220046813483,0.0,0.0,0.0,0.0,0.0,0.0,0.0,0.0,0.0,0.0,0.0,0.0,4717.0,4717.0,4717.0
100,30000.0,8.333333333333334,0.0,0.0,0.0,0.0,0.0,0.0,0.0005209887459826306,0.12653817151323823,0.13207191956785846,0.1259959009782576,0.12649190613130398,0.1265155250341621,0.12649110640673517,0.12649110640673517,0.12649110640673517,0.0,0.0,0.0,0.0,0.0,0.0,0.25301896815649433,0.2681891999422441,0.29708805507126534,1.7136494718253278e-08,0.0001263489509428291,0.003959442062565045,0.0,0.0,0.0,6.88198677977367e-08,0.0005006939081910278,0.015334663675286872,0.0,0.0,0.0,0.0,0.0,0.0,0.0,0.0,0.0,0.0,0.0,0.0,4713.0,4713.0,4713.0
101,30300.0,8.416666666666666,0.0,0.0,0.0,0.0,0.0,0.0,0.0005712011241903225,0.1265454729695834,0.13120418088569535,0.12591793807340754,0.1264918925573779,0.12651169580768398,0.12649110640673517,0.12649110640673517,0.12649110640673517,0.0,0.0,0.0,0.0,0.0,0.0,0.25301792728988987,0.26819567421454216,0.30252787618749954,2.5366049791966187e-08,9.784357030021698e-05,0.0030102666141991305,0.0,0.0,0.0,1.021603894821335e-07,0.00038196900848947465,0.01179237398489978,0.0,0.0,0.0,0.0,0.0,0.0,0.0,0.0,0.0,0.0,0.0,0.0,4678.0,4678.0,4678.0
102,30600.0,8.5,0.0,0.0,0.0,0.0,0.0,0.0,0.000609000237129397,0.12656951744628894,0.1299269862143648,0.1258774933272117,0.1264918540073147,0.12650930397516869,0.12649110640673517,0.12649110640673517,0.12649110640673517,0.0,0.0,0.0,0.0,0.0,0.0,0.253019948537475,0.2683733466311553,0.30029714661584506,1.0548470058905352e-08,9.438142616366481e-05,0.0036558445270371766,0.0,0.0,0.0,4.1681286306830194e-08,0.0003729649123014126,0.01414333580499353,0.0,0.0,0.0,0.0,0.0,0.0,0.0,0.0,0.0,0.0,0.0,0.0,4675.0,4675.0,4675.0
103,30900.0,8.583333333333334,0.0,0.0,0.0,0.0,0.0,0.0,0.0006192713993155797,0.12654320332025057,0.1311137961960781,0.12583832573303644,0.1264918142262909,0.12650629879143857,0.12649110640673517,0.12649110640673517,0.12649110640673517,0.0,0.0,0.0,0.0,0.0,0.0,0.2530194422296319,0.26822313420742244,0.2995651304820146,2.4814278414389613e-08,0.00014386746840450143,0.002890670461288762,0.0,0.0,0.0,9.917890306472815e-08,0.0005673218795291351,0.01142722812160977,0.0,0.0,0.0,0.0,0.0,0.0,0.0,0.0,0.0,0.0,0.0,0.0,4673.0,4673.0,4673.0
104,31200.0,8.666666666666666,0.0,0.0,0.0,0.0,0.0,0.0,0.0006480429700486116,0.12660373242421483,0.13134201653224029,0.12579418049759877,0.12649177571194034,0.1265020974277073,0.12649110640673517,0.12649110640673517,0.12649110640673517,0.0,0.0,0.0,0.0,0.0,0.0,0.25301867226657415,0.2681223508232895,0.3022021497184477,1.249037796753419e-08,0.00012795408153117255,0.002259240108810107,0.0,0.0,0.0,5.071347952388163e-08,0.0005052581667073917,0.008856651075997828,0.0,0.0,0.0,0.0,0.0,0.0,0.0,0.0,0.0,0.0,0.0,0.0,4672.0,4672.0,4672.0
105,31500.0,8.75,0.0,0.0,0.0,0.0,0.0,0.0,0.0006725440937548253,0.12660557542445597,0.13004512866529747,0.1257433714759163,0.1264917315852834,0.126500100031872,0.12649110640673517,0.12649110640673517,0.12649110640673517,0.0,0.0,0.0,0.0,0.0,0.0,0.2530186620939633,0.2682943133872373,0.29730519126022265,1.3808287861374222e-08,0.00013517876326107545,0.0026577406400913875,0.0,0.0,0.0,5.4892549100128776e-08,0.0005254946192311423,0.010298464088271739,0.0,0.0,0.0,0.0,0.0,0.0,0.0,0.0,0.0,0.0,0.0,0.0,4666.0,4666.0,4666.0
106,31800.0,8.833333333333334,0.0,0.0,0.0,0.0,0.0,0.0,0.0007037697327514439,0.12657461591108343,0.13213658475892942,0.12568008826807064,0.12649163398565905,0.1264977139509971,0.12649110640673517,0.12649110640673517,0.12649110640673517,0.0,0.0,0.0,0.0,0.0,0.0,0.2530187820958464,0.26813058982394944,0.300471158198632,3.4027000123941836e-08,0.00017038378784286356,0.0020167337173864924,0.0,0.0,0.0,1.350949549581786e-07,0.0006735325452756257,0.007846959179797774,0.0,0.0,0.0,0.0,0.0,0.0,0.0,0.0,0.0,0.0,0.0,0.0,4663.0,4663.0,4663.0
107,32100.0,8.916666666666666,0.0,0.0,0.0,0.0,0.0,0.0,0.0007168555591166568,0.12660991103684524,0.13155884156319614,0.1256198555649402,0.12649156193158778,0.1264960538309643,0.12649110640673517,0.12649110640673517,0.12649110640673517,0.0,0.0,0.0,0.0,0.0,0.0,0.25301812542386126,0.2682498463228463,0.3013117762976957,1.6414756291472203e-08,0.00012236085713751777,0.0021734518174809938,0.0,0.0,0.0,6.588905026992327e-08,0.0004817707648261671,0.008073938375200363,0.0,0.0,0.0,0.0,0.0,0.0,0.0,0.0,0.0,0.0,0.0,0.0,4661.0,4661.0,4661.0
108,32400.0,9.0,0.0,0.0,0.0,0.0,0.0,0.0,0.0007852524525364271,0.12660585345524494,0.12946307688107522,0.12557217337260876,0.1264914734284192,0.12649540287381708,0.12649110640673517,0.12649110640673517,0.12649110640673517,0.0,0.0,0.0,0.0,0.0,0.0,0.25302104077540816,0.26827747193040813,0.29649143505939346,5.917458076159051e-08,0.00011888675948585809,0.001442234617365253,0.0,0.0,0.0,2.3416386869763235e-07,0.00046696963759936867,0.0056693144053235195,0.0,0.0,0.0,0.0,0.0,0.0,0.0,0.0,0.0,0.0,0.0,0.0,4656.0,4656.0,4656.0
109,32700.0,9.083333333333334,0.0,0.0,0.0,0.0,0.0,0.0,0.0008564809563842818,0.12661394059921652,0.13179845054856848,0.12531474223022387,0.12649129693226385,0.12649582042329116,0.12649110640673517,0.12649110640673517,0.12649110640673517,0.0,0.0,0.0,0.0,0.0,0.0,0.2530205860117154,0.26818384233347253,0.30128913751831826,9.402007950382484e-09,0.00010692512369413201,0.003183028870668352,0.0,0.0,0.0,3.7373675302219006e-08,0.0004199380268378457,0.01237449660990028,0.0,0.0,0.0,0.0,0.0,0.0,0.0,0.0,0.0,0.0,0.0,0.0,4623.0,4623.0,4623.0
110,33000.0,9.166666666666666,0.0,0.0,0.0,0.0,0.0,0.0,0.0009707294662861269,0.1266095553252297,0.13041633860499527,0.12516424396613546,0.12649111330259127,0.12649563516764822,0.12649110640673517,0.12649110640673517,0.12649110640673517,0.0,0.0,0.0,0.0,0.0,0.0,0.2530206534477578,0.2682904162938019,0.29817025996096763,2.952020116793588e-08,0.0001275018592935491,0.0015511188869886013,0.0,0.0,0.0,1.1800346420296507e-07,0.0005040504050754009,0.006074154032116321,0.0,0.0,0.0,0.0,0.0,0.0,0.0,0.0,0.0,0.0,0.0,0.0,4618.0,4618.0,4618.0
111,33300.0,9.25,0.0,0.0,0.0,0.0,0.0,0.0,0.0010129280385197214,0.1266555687976475,0.1302213162771032,0.12498292729040456,0.1264911083630036,0.12649613430846124,0.12649110640673517,0.12649110640673517,0.12649110640673517,0.0,0.0,0.0,0.0,0.0,0.0,0.2530238654756581,0.2679711015829452,0.2999958814334462,4.3666104436059154e-08,0.00013234373303388125,0.0023076862451424118,0.0,0.0,0.0,1.729628820355634e-07,0.0005226074485317977,0.0090478031953409,0.0,0.0,0.0,0.0,0.0,0.0,0.0,0.0,0.0,0.0,0.0,0.0,4616.0,4616.0,4616.0
112,33600.0,9.333333333333334,0.0,0.0,0.0,0.0,0.0,0.0,0.001146663830974131,0.12662501020320271,0.12999264254979984,0.12479446467807573,0.12649110940552855,0.1264960033112939,0.12649110640673517,0.12649110640673517,0.12649110640673517,0.0,0.0,0.0,0.0,0.0,0.0,0.25301844208933166,0.26795326848931544,0.3028642513053292,2.5113516822849237e-08,0.00016278976311978792,0.0043167297560866525,0.0,0.0,0.0,1.0000013836580554e-07,0.0006414219078067681,0.016919396854949757,0.0,0.0,0.0,0.0,0.0,0.0,0.0,0.0,0.0,0.0,0.0,0.0,4614.0,4614.0,4614.0
113,33900.0,9.416666666666666,0.0,0.0,0.0,0.0,0.0,0.0,0.0012469486435473253,0.12665903219535976,0.13108994547087421,0.12461666694175555,0.1264911077989001,0.12649635772013892,0.12649110640673517,0.12649110640673517,0.12649110640673517,0.0,0.0,0.0,0.0,0.0,0.0,0.2530231035764613,0.26785655740788145,0.29301324833713494,3.125747272806467e-07,0.00017394933729941592,0.0035232105149322016,0.0,0.0,0.0,1.2355277902938767e-06,0.0006867557922500085,0.013676177072448448,0.0,0.0,0.0,0.0,0.0,0.0,0.0,0.0,0.0,0.0,0.0,0.0,4611.0,4611.0,4611.0
114,34200.0,9.5,0.0,0.0,0.0,0.0,0.0,0.0,0.0014123611223298567,0.12665421700413543,0.1326174869585965,0.12431421524425007,0.12649110707995034,0.12649628457827633,0.12649110640673517,0.12649110640673517,0.12649110640673517,0.0,0.0,0.0,0.0,0.0,0.0,0.25302157738875763,0.26778898829942527,0.30117997800040247,1.6737051459697448e-07,8.487549205190006e-05,0.00497862667165358,0.0,0.0,0.0,6.624016495780513e-07,0.0003290879391902943,0.019056738313924525,0.0,0.0,0.0,0.0,0.0,0.0,0.0,0.0,0.0,0.0,0.0,0.0,4608.0,4608.0,4608.0
115,34500.0,9.583333333333334,0.0,0.0,0.0,0.0,0.0,0.0,0.0017263365237483203,0.12666369134728941,0.12924630890715083,0.12401096749221846,0.12649110669725183,0.1264965178264692,0.12649110640673517,0.12649110640673517,0.12649110640673517,0.0,0.0,0.0,0.0,0.0,0.0,0.25301853926720036,0.2676257821209702,0.2953178838796403,3.11348968481127e-08,0.00015758707247548668,0.0030044925863971787,0.0,0.0,0.0,1.2290704642489133e-07,0.0006229033677058523,0.011788134880770405,0.0,0.0,0.0,0.0,0.0,0.0,0.0,0.0,0.0,0.0,0.0,0.0,4602.0,4602.0,4602.0
116,34800.0,9.666666666666666,0.0,0.0,0.0,0.0,0.0,0.0,0.0022426487919351024,0.1266887103680685,0.1302762325349382,0.12258341613149971,0.12649110668191169,0.12649649895010492,0.12649110640673517,0.12649110640673517,0.12649110640673517,0.0,0.0,0.0,0.0,0.0,0.0,0.2530244809541635,0.2679164096113093,0.29062069138986757,9.902875309287688e-08,0.0002115006460200565,0.0033583006758330686,0.0,0.0,0.0,3.9097983259099955e-07,0.0008352404866770809,0.013011165185073868,0.0,0.0,0.0,0.0,0.0,0.0,0.0,0.0,0.0,0.0,0.0,0.0,4577.0,4577.0,4577.0
117,35100.0,9.75,0.0,0.0,0.0,0.0,0.0,0.0,0.0029765668466095294,0.12666428451391798,0.13137125193376895,0.12165525111535824,0.12649110645328066,0.12649663837390207,0.12649110640673517,0.12649110640673517,0.12649110640673517,0.0,0.0,0.0,0.0,0.0,0.0,0.2530219232845824,0.26798172553828475,0.29635246384648245,2.2902818677810017e-08,0.00010133660310365551,0.004912175088447022,0.0,0.0,0.0,9.443750438136513e-08,0.0003970973115927349,0.019460887340445574,0.0,0.0,0.0,0.0,0.0,0.0,0.0,0.0,0.0,0.0,0.0,0.0,4565.0,4565.0,4565.0
118,35400.0,9.833333333333334,0.0,0.0,0.0,0.0,0.0,0.0,0.00362022332851193,0.1266767731990758,0.13390242447070727,0.12165525067924875,0.1264911065129521,0.12649666886073482,0.12649110640673517,0.12649110640673517,0.12649110640673517,0.0,0.0,0.0,0.0,0.0,0.0,0.2530201516695636,0.26771088813485416,0.293963049477687,3.83048788171262e-08,0.00017099124906956305,0.003125779988947614,0.0,0.0,0.0,1.5161459794485797e-07,0.0006738891867747806,0.012259558050514876,0.0,0.0,0.0,0.0,0.0,0.0,0.0,0.0,0.0,0.0,0.0,0.0,4562.0,4562.0,4562.0
119,35700.0,9.916666666666666,0.0,0.0,0.0,0.0,0.0,0.0,0.004664201394312232,0.126693627832019,0.12983351522890202,0.12165525060598043,0.12649110643086525,0.12649688284954672,0.12649110640673517,0.12649110640673517,0.12649110640673517,0.0,0.0,0.0,0.0,0.0,0.0,0.253025561034316,0.26764162065684804,0.2910411826848414,5.863282041920609e-09,0.000128768520467488,0.002752510920330287,0.0,0.0,0.0,2.334861436856155e-08,0.0005110577059083706,0.010710437355341993,0.0,0.0,0.0,0.0,0.0,0.0,0.0,0.0,0.0,0.0,0.0,0.0,4559.0,4559.0,4559.0
120,36000.0,10.0,0.0,0.0,0.0,0.0,0.0,0.0,0.006463166060404717,0.12669662263377626,0.12999273146583182,0.12165525060736386,0.12649110645081152,0.12649684600531955,0.12649110640673517,0.12649110640673517,0.12649110640673517,0.0,0.0,0.0,0.0,0.0,0.0,0.2530215434020931,0.26775960698801393,0.2955309469660839,1.5392881779053953e-08,8.41927618546274e-05,0.002085601707782751,0.0,0.0,0.0,6.094998057577515e-08,0.00033210162497926616,0.008141225415521428,0.0,0.0,0.0,0.0,0.0,0.0,0.0,0.0,0.0,0.0,0.0,0.0,4556.0,4556.0,4556.0
121,36300.0,10.083333333333334,0.0,0.0,0.0,0.0,0.0,0.0,0.008823330308538772,0.12674074737194607,0.1286103828891605,0.12165525033033614,0.1264911065728269,0.12649746932317013,0.12649110640673517,0.12649110640673517,0.12649110640673517,0.0,0.0,0.0,0.0,0.0,0.0,0.2530209750342347,0.26753954254096374,0.2906543375694914,4.2120972112038e-08,0.00019416187617985343,0.0011531460721809301,0.0,0.0,0.0,1.666076521996165e-07,0.0007669741654060206,0.004534112268244594,0.0,0.0,0.0,0.0,0.0,0.0,0.0,0.0,0.0,0.0,0.0,0.0,4554.0,4554.0,4554.0
122,36600.0,10.166666666666666,0.0,0.0,0.0,0.0,0.0,0.0,0.010636886004979779,0.12670779575284857,0.128718119703172,0.12129653786960663,0.12649110648431075,0.12649749688793938,0.12649110640673517,0.12649110640673517,0.12649110640673517,0.0,0.0,0.0,0.0,0.0,0.0,0.2530209141967309,0.26760026823103433,0.297350329580898,4.2592072927905825e-08,0.00018333318552426816,0.0027322396946215083,0.0,0.0,0.0,1.6802519190467074e-07,0.0007241197178284348,0.01070665942448352,0.0,0.0,0.0,0.0,0.0,0.0,0.0,0.0,0.0,0.0,0.0,0.0,4548.0,4548.0,4548.0
123,36900.0,10.25,0.0,0.0,0.0,0.0,0.0,0.0,0.014177739489154139,0.126738592372812,0.1287920837279235,0.11982786922497526,0.12649110646833217,0.12649796926617177,0.12649110640673517,0.12649110640673517,0.12649110640673517,0.0,0.0,0.0,0.0,0.0,0.0,0.25302045606146795,0.2672662565249915,0.29388142716492693,2.452823247397845e-08,0.00014619806616197054,0.0007420323420184988,0.0,0.0,0.0,9.719682766501647e-08,0.0005780265773634584,0.0029193912470280503,0.0,0.0,0.0,0.0,0.0,0.0,0.0,0.0,0.0,0.0,0.0,0.0,4542.0,4542.0,4542.0
124,37200.0,10.333333333333334,0.0,0.0,0.0,0.0,0.0,0.0,0.020524680680844253,0.12672451186974332,0.13016928715239837,0.11662981289882939,0.12649110659096185,0.12649805691588853,0.12649110640673517,0.12649110640673517,0.12649110640673517,0.0,0.0,0.0,0.0,0.0,0.0,0.25302153821376006,0.2673867377841154,0.2972872894938796,1.636186579870015e-07,9.863934329916574e-05,0.00414442691114886,0.0,0.0,0.0,6.494241918623583e-07,0.0003934843616952853,0.016437168010714147,0.0,0.0,0.0,0.0,0.0,0.0,0.0,0.0,0.0,0.0,0.0,0.0,4513.0,4513.0,4513.0
125,37500.0,10.416666666666666,0.0,0.0,0.0,0.0,0.0,0.0,0.02544692933644851,0.1267089983152109,0.1292696668340133,0.11473514657882673,0.12649110649779866,0.126498385990352,0.12649110640673517,0.12649110640673517,0.12649110640673517,0.0,0.0,0.0,0.0,0.0,0.0,0.2530204725764844,0.2672601060234021,0.29682288916174254,8.115330548300523e-08,9.260266385737259e-05,0.0032644050219664436,0.0,0.0,0.0,3.199333399960023e-07,0.0003626839368660221,0.012874143255937314,0.0,0.0,0.0,0.0,0.0,0.0,0.0,0.0,0.0,0.0,0.0,0.0,4505.0,4505.0,4505.0
126,37800.0,10.5,0.0,0.0,0.0,0.0,0.0,0.0,0.02755316408929736,0.1267006422829035,0.12924870440375044,0.1127611267266501,0.12649110715788472,0.12649851885300198,0.12649110640673517,0.12649110640673517,0.12649110640673517,0.0,0.0,0.0,0.0,0.0,0.0,0.2530228982133008,0.2670695016931102,0.2916940147203366,5.334830209348357e-07,0.0001123225892301205,0.002672277800114051,0.0,0.0,0.0,2.108776791401732e-06,0.00044397767039639104,0.010473147837907117,0.0,0.0,0.0,0.0,0.0,0.0,0.0,0.0,0.0,0.0,0.0,0.0,4503.0,4503.0,4503.0
127,38100.0,10.583333333333334,0.0,0.0,0.0,0.0,0.0,0.0,0.03157984660100697,0.1267587623423762,0.1298120961501906,0.11073039641586263,0.1264911064320606,0.12649871614517613,0.12649110640673517,0.12649110640673517,0.12649110640673517,0.0,0.0,0.0,0.0,0.0,0.0,0.2530226752728222,0.2670256923322531,0.2932364458340878,2.209282040271736e-08,0.0001705543587821066,0.0024737874934643105,0.0,0.0,0.0,8.858144188345713e-08,0.0006737031031031683,0.009705849204346483,0.0,0.0,0.0,0.0,0.0,0.0,0.0,0.0,0.0,0.0,0.0,0.0,4499.0,4499.0,4499.0
128,38400.0,10.666666666666666,0.0,0.0,0.0,0.0,0.0,0.0,0.034145679397134907,0.12673610296074272,0.1292951277335216,0.10899747061259722,0.12649110645115114,0.12649878385148441,0.12649110640673517,0.12649110640673517,0.12649110640673517,0.0,0.0,0.0,0.0,0.0,0.0,0.2530180551945694,0.26662936697831763,0.29257650189429885,3.013319619577755e-08,0.0001862403665799836,0.001349730063999128,0.0,0.0,0.0,1.197903284928995e-07,0.000736150357450606,0.0053221342272850814,0.0,0.0,0.0,0.0,0.0,0.0,0.0,0.0,0.0,0.0,0.0,0.0,4498.0,4498.0,4498.0
129,38700.0,10.75,0.0,0.0,0.0,0.0,0.0,0.0,0.03650842211516952,0.12676114851472722,0.1294033757998239,0.10706624467531564,0.12649110664320018,0.12649893085591918,0.12649110640673517,0.12649110640673517,0.12649110640673517,0.0,0.0,0.0,0.0,0.0,0.0,0.2530180560675117,0.2668071689622563,0.2942272910709288,2.0459293988370476e-07,0.00018013263337478546,0.0026967435185940034,0.0,0.0,0.0,8.087246043751965e-07,0.0007118198047286376,0.010518196472860154,0.0,0.0,0.0,0.0,0.0,0.0,0.0,0.0,0.0,0.0,0.0,0.0,4491.0,4491.0,4491.0
130,39000.0,10.833333333333334,0.0,0.0,0.0,0.0,0.0,0.0,0.03832017189045095,0.12675671691802784,0.1295643349535082,0.10322870957472886,0.12649110669408384,0.1264986532806847,0.12649110640673517,0.12649110640673517,0.12649110640673517,0.0,0.0,0.0,0.0,0.0,0.0,0.2530202064593249,0.26667056779487386,0.29679661772058347,2.4279630622031705e-07,0.00013748678020923988,0.0022935939913234604,0.0,0.0,0.0,9.540449319219553e-07,0.000541633551761554,0.00901657909517261,0.0,0.0,0.0,0.0,0.0,0.0,0.0,0.0,0.0,0.0,0.0,0.0,4484.0,4484.0,4484.0
131,39300.0,10.916666666666666,0.0,0.0,0.0,0.0,0.0,0.0,0.04164018753111895,0.12677039910733143,0.12965487981826673,0.10091893623720956,0.12649110642641928,0.12649899297141579,0.12649110640673517,0.12649110640673517,0.12649110640673517,0.0,0.0,0.0,0.0,0.0,0.0,0.25301742860239285,0.266480861028351,0.29592075295343245,1.696362264251235e-08,0.00018695055572077128,0.0010663241345711244,0.0,0.0,0.0,6.70327555820316e-08,0.0007385053704142668,0.004175206097859717,0.0,0.0,0.0,0.0,0.0,0.0,0.0,0.0,0.0,0.0,0.0,0.0,4462.0,4462.0,4462.0
132,39600.0,11.0,0.0,0.0,0.0,0.0,0.0,0.0,0.0442030445450828,0.12677590187603527,0.1298771011342285,0.09655157271070754,0.1264911064675382,0.12649848473870817,0.12649110640673517,0.12649110640673517,0.12649110640673517,0.0,0.0,0.0,0.0,0.0,0.0,0.25302104404286174,0.26633295128100726,0.2957793179970987,6.447001305823896e-08,0.00015786372568779773,0.001783160325253037,0.0,0.0,0.0,2.548399899322592e-07,0.0006235714407220776,0.006988606534905183,0.0,0.0,0.0,0.0,0.0,0.0,0.0,0.0,0.0,0.0,0.0,0.0,4452.0,4452.0,4452.0
133,39900.0,11.083333333333334,0.0,0.0,0.0,0.0,0.0,0.0,0.04656639380705508,0.12676617373235327,0.13021533829734547,0.093629204738265,0.12649110640789818,0.12649932134988254,0.12649110640673517,0.12649110640673517,0.12649110640673517,0.0,0.0,0.0,0.0,0.0,0.0,0.2530168003058938,0.2659284547489792,0.29609624618144054,2.8244495663141436e-09,0.00018912886137729154,0.0007036344705574169,0.0,0.0,0.0,1.1162266073836967e-08,0.0007468016004237543,0.0027881545943948694,0.0,0.0,0.0,0.0,0.0,0.0,0.0,0.0,0.0,0.0,0.0,0.0,4446.0,4446.0,4446.0
134,40200.0,11.166666666666666,0.0,0.0,0.0,0.0,0.0,0.0,0.04900533320580487,0.12679119145436887,0.13029014017847698,0.08997859180724543,0.12649110652167447,0.12649908911045518,0.12649110640673517,0.12649110640673517,0.12649110640673517,0.0,0.0,0.0,0.0,0.0,0.0,0.25301795098373014,0.26608347666990084,0.29900106706314356,1.4966728968202566e-07,0.00025320412384504054,0.002299692143560302,0.0,0.0,0.0,5.912674901448059e-07,0.0010012622082648955,0.009037621799666934,0.0,0.0,0.0,0.0,0.0,0.0,0.0,0.0,0.0,0.0,0.0,0.0,4441.0,4441.0,4441.0
135,40500.0,11.25,0.0,0.0,0.0,0.0,0.0,0.0,0.05256629791604382,0.12677560702689378,0.12997587534734742,0.08679454876103423,0.1264911064176882,0.12649941089998823,0.12649110640673517,0.12649110640673517,0.12649110640673517,0.0,0.0,0.0,0.0,0.0,0.0,0.2530165753732613,0.265542284478327,0.2976360903918355,1.3690310963303244e-08,0.00020339864306060103,0.0015835708600789315,0.0,0.0,0.0,5.3907080348409e-08,0.0008034240101374627,0.006191761532506804,0.0,0.0,0.0,0.0,0.0,0.0,0.0,0.0,0.0,0.0,0.0,0.0,4438.0,4438.0,4438.0
136,40800.0,11.333333333333334,0.0,0.0,0.0,0.0,0.0,0.0,0.0545815554180881,0.1267980604707096,0.13032661251564137,0.08352526838838482,0.12649110662973773,0.1264995353706313,0.12649110640673517,0.12649110640673517,0.12649110640673517,0.0,0.0,0.0,0.0,0.0,0.0,0.2530185538566615,0.2651736475570998,0.29820183442487613,2.793464486545726e-07,0.00014660098019312343,0.00417708913136636,0.0,0.0,0.0,1.1016506564070962e-06,0.0005761685944351035,0.016397134600396747,0.0,0.0,0.0,0.0,0.0,0.0,0.0,0.0,0.0,0.0,0.0,0.0,4434.0,4434.0,4434.0
137,41100.0,11.416666666666666,0.0,0.0,0.0,0.0,0.0,0.0,0.05828681466763602,0.12680347189890362,0.13048427623803133,0.0797364460546417,0.12649110641347758,0.12649870078340966,0.12649110640673517,0.12649110640673517,0.12649110640673517,0.0,0.0,0.0,0.0,0.0,0.0,0.2530183057836851,0.2651179181140417,0.29478993130285447,4.464523190817945e-09,0.00024964545808273163,0.0013207720531716763,0.0,0.0,0.0,1.766074874541289e-08,0.0009863575134634612,0.0052472709104422885,0.0,0.0,0.0,0.0,0.0,0.0,0.0,0.0,0.0,0.0,0.0,0.0,4428.0,4428.0,4428.0
138,41400.0,11.5,0.0,0.0,0.0,0.0,0.0,0.0,0.06336608475765042,0.1267979408049889,0.13069002831299315,0.07228850914061939,0.12649110645537154,0.1264961277071019,0.12649110640673517,0.12649110640673517,0.12649110640673517,0.0,0.0,0.0,0.0,0.0,0.0,0.25302147870483926,0.26500886263640505,0.30067951650223557,4.7312213694107547e-08,0.00026444837658938134,0.001847147162229328,0.0,0.0,0.0,1.8701794202204175e-07,0.0010450209037942328,0.007271420510314376,0.0,0.0,0.0,0.0,0.0,0.0,0.0,0.0,0.0,0.0,0.0,0.0,4403.0,4403.0,4403.0
139,41700.0,11.583333333333334,0.0,0.0,0.0,0.0,0.0,0.0,0.06817870445379097,0.12680615611355048,0.1308213993597332,0.06753738358020205,0.12649110641516595,0.12649522160674898,0.12649110640673517,0.12649110640673517,0.12649110640673517,0.0,0.0,0.0,0.0,0.0,0.0,0.2530213338238114,0.26449976142581794,0.29849816773399185,1.2968680787951733e-08,0.0002328328952186718,0.0019988795179863516,0.0,0.0,0.0,5.1282098576819134e-08,0.000918893071070828,0.007953063901960234,0.0,0.0,0.0,0.0,0.0,0.0,0.0,0.0,0.0,0.0,0.0,0.0,4395.0,4395.0,4395.0
140,42000.0,11.666666666666666,0.0,0.0,0.0,0.0,0.0,0.0,0.07088733579440394,0.1267483022505127,0.130986291861848,0.06291491064235394,0.12649110644680842,0.12649526266395103,0.12649110640673517,0.12649110640673517,0.12649110640673517,0.0,0.0,0.0,0.0,0.0,0.0,0.2530189790128545,0.26424577467228544,0.2975323298076354,6.130445628206228e-08,0.00010732545378700832,0.005236956263052116,0.0,0.0,0.0,2.4211354329617076e-07,0.00042357614971578854,0.020068049158585483,0.0,0.0,0.0,0.0,0.0,0.0,0.0,0.0,0.0,0.0,0.0,0.0,4388.0,4388.0,4388.0
141,42300.0,11.75,0.0,0.0,0.0,0.0,0.0,0.0,0.07150861619041143,0.12682044872213433,0.13148925600827854,0.057882448604313644,0.1264911064168891,0.12649559443236563,0.12649110640673517,0.12649110640673517,0.12649110640673517,0.0,0.0,0.0,0.0,0.0,0.0,0.2530182291820961,0.26389911551133494,0.2959636102476159,1.332712970682275e-08,0.0002517247675434786,0.0018624645390363658,0.0,0.0,0.0,5.273671328585073e-08,0.0009952928822657406,0.007308551471896482,0.0,0.0,0.0,0.0,0.0,0.0,0.0,0.0,0.0,0.0,0.0,0.0,4386.0,4386.0,4386.0
142,42600.0,11.833333333333334,0.0,0.0,0.0,0.0,0.0,0.0,0.07214614238668204,0.12680178853124918,0.13155182315216427,0.05225311029151352,0.1264911064126797,0.12649114717529727,0.12649110640673517,0.12649110640673517,0.12649110640673517,0.0,0.0,0.0,0.0,0.0,0.0,0.25302056078936447,0.26352462971863344,0.3009716477581661,5.11421970555477e-09,0.0002426623689983274,0.0009200666720277907,0.0,0.0,0.0,2.0148773384712655e-08,0.0009564986133184113,0.003620121658452428,0.0,0.0,0.0,0.0,0.0,0.0,0.0,0.0,0.0,0.0,0.0,0.0,4380.0,4380.0,4380.0
143,42900.0,11.916666666666666,0.0,0.0,0.0,0.0,0.0,0.0,0.07724818408280339,0.1268295209563619,0.13145653630661003,0.04757209372129442,0.1264911066715496,0.12649137255667628,0.12649110640673517,0.12649110640673517,0.12649110640673517,0.0,0.0,0.0,0.0,0.0,0.0,0.2530188623239339,0.26298615986521334,0.29973811880012174,3.1514130034135937e-07,0.0002711698742440039,0.0016926479575594241,0.0,0.0,0.0,1.243247202354956e-06,0.0010698521307557834,0.0066448501160958325,0.0,0.0,0.0,0.0,0.0,0.0,0.0,0.0,0.0,0.0,0.0,0.0,4375.0,4375.0,4375.0
144,43200.0,12.0,0.0,0.0,0.0,0.0,0.0,0.0,0.08281986686245446,0.126828337038476,0.13172364320273014,0.04264167936105044,0.12649110664384342,0.12649116112377087,0.12649110640673517,0.12649110640673517,0.12649110640673517,0.0,0.0,0.0,0.0,0.0,0.0,0.2530192338911478,0.26292705461652427,0.29561603412402226,3.38673954391657e-07,0.00039533978800800046,0.0028255523377902023,0.0,0.0,0.0,1.3364651981845503e-06,0.0015580316687491486,0.01099083323280463,0.0,0.0,0.0,0.0,0.0,0.0,0.0,0.0,0.0,0.0,0.0,0.0,4370.0,4370.0,4370.0
145,43500.0,12.083333333333334,0.0,0.0,0.0,0.0,0.0,0.0,0.08814473167959622,0.12679076090201113,0.1319290147202676,0.03775488349791473,0.12649110679803846,0.12649293656487193,0.12649110640673517,0.12649110640673517,0.12649110640673517,0.0,0.0,0.0,0.0,0.0,0.0,0.2530207688943409,0.262995829139517,0.2959498032486807,4.280077265630232e-07,0.0003257539076390672,0.0019382749890689093,0.0,0.0,0.0,1.6914079181313699e-06,0.0012812299758813948,0.007565654203038382,0.0,0.0,0.0,0.0,0.0,0.0,0.0,0.0,0.0,0.0,0.0,0.0,4345.0,4345.0,4345.0
146,43800.0,12.166666666666666,0.0,0.0,0.0,0.0,0.0,0.0,0.09334394455808537,0.12680755821756412,0.13206424198492553,0.031980211557884525,0.12649110666883373,0.12649135569106928,0.12649110640673517,0.12649110640673517,0.12649110640673517,0.0,0.0,0.0,0.0,0.0,0.0,0.25302154653774983,0.26251053993778517,0.2983080455613429,3.1408008244836704e-07,0.0002854816648908825,0.002599778916729514,0.0,0.0,0.0,1.241510532223093e-06,0.0011279726682032565,0.010164181506079693,0.0,0.0,0.0,0.0,0.0,0.0,0.0,0.0,0.0,0.0,0.0,0.0,4337.0,4337.0,4337.0
147,44100.0,12.25,0.0,0.0,0.0,0.0,0.0,0.0,0.09671964598178513,0.1268076674706332,0.13227835340634742,0.029832576104433003,0.1264911066480087,0.1264913441503412,0.12649110640673517,0.12649110640673517,0.12649110640673517,0.0,0.0,0.0,0.0,0.0,0.0,0.2530174803406575,0.262011047841554,0.2956892924399003,3.0634636287048244e-07,0.0004143931687009172,0.0018693798311111914,0.0,0.0,0.0,1.2108962904196405e-06,0.001637034262053835,0.007439359815859061,0.0,0.0,0.0,0.0,0.0,0.0,0.0,0.0,0.0,0.0,0.0,0.0,4329.0,4329.0,4329.0
148,44400.0,12.333333333333334,0.0,0.0,0.0,0.0,0.0,0.0,0.0999002723065425,0.1267907117709222,0.1324873399107216,0.027473360523576018,0.1264911066068206,0.12649115651846393,0.12649110640673517,0.12649110640673517,0.12649110640673517,0.0,0.0,0.0,0.0,0.0,0.0,0.25302378739636566,0.26189271747207815,0.2909649636706084,4.0091294818603025e-07,0.00033058160983906297,0.0016611034032100946,0.0,0.0,0.0,1.5847475734971236e-06,0.0013034513405422736,0.0066015323079642715,0.0,0.0,0.0,0.0,0.0,0.0,0.0,0.0,0.0,0.0,0.0,0.0,4325.0,4325.0,4325.0
149,44700.0,12.416666666666666,0.0,0.0,0.0,0.0,0.0,0.0,0.10316365611736783,0.12681023985472345,0.13320820185350007,0.02367475959833091,0.12649110641922787,0.12649111182670789,0.12649110640673517,0.12649110640673517,0.12649110640673517,0.0,0.0,0.0,0.0,0.0,0.0,0.2530280163004992,0.2614916506144922,0.2960546679624777,2.6001131503218324e-08,0.0003630558351086732,0.0022498532410026584,0.0,0.0,0.0,1.0297605122063866e-07,0.0014318148674802445,0.008728837375371008,0.0,0.0,0.0,0.0,0.0,0.0,0.0,0.0,0.0,0.0,0.0,0.0,4320.0,4320.0,4320.0
150,45000.0,12.5,0.0,0.0,0.0,0.0,0.0,0.0,0.10435728923767307,0.12679648439720895,0.13311075985724782,0.021319932704280863,0.1264911066109374,0.12649116124892948,0.12649110640673517,0.12649110640673517,0.12649110640673517,0.0,0.0,0.0,0.0,0.0,0.0,0.25302522310124936,0.2612207187626721,0.29226967883517685,4.10404847682434e-07,0.0003075376555232288,0.0015107525518076807,0.0,0.0,0.0,1.622267600806024e-06,0.0012123712237650803,0.005927219986702016,0.0,0.0,0.0,0.0,0.0,0.0,0.0,0.0,0.0,0.0,0.0,0.0,4315.0,4315.0,4315.0
151,45300.0,12.583333333333334,0.0,0.0,0.0,0.0,0.0,0.0,0.10733249545793047,0.12679951625538666,0.13342293858900214,0.019558052240530994,0.1264911066920317,0.1264911729155441,0.12649110640673517,0.12649110640673517,0.12649110640673517,0.0,0.0,0.0,0.0,0.0,0.0,0.2530324277358282,0.26106701068266924,0.2906465476681427,4.55817422509248e-07,0.00035706417232763386,0.0023514507723825656,0.0,0.0,0.0,1.8017702085172733e-06,0.001401382114441969,0.009189478901490957,0.0,0.0,0.0,0.0,0.0,0.0,0.0,0.0,0.0,0.0,0.0,0.0,4305.0,4305.0,4305.0
152,45600.0,12.666666666666666,0.0,0.0,0.0,0.0,0.0,0.0,0.10948112339343954,0.12677780032778768,0.1331293370080014,0.01672810964709623,0.12649110660583798,0.12649113561959865,0.12649110640673517,0.12649110640673517,0.12649110640673517,0.0,0.0,0.0,0.0,0.0,0.0,0.2530463326082333,0.2609876723407674,0.2919204844622124,3.235261409766489e-07,0.0002697954780111719,0.001501388446736943,0.0,0.0,0.0,1.2788128763079664e-06,0.0010641486731523169,0.005881020093984838,0.0,0.0,0.0,0.0,0.0,0.0,0.0,0.0,0.0,0.0,0.0,0.0,4288.0,4288.0,4288.0
153,45900.0,12.75,0.0,0.0,0.0,0.0,0.0,0.0,0.11125444216864731,0.12678157190940564,0.13342516084367875,0.015720198560879684,0.12649110651477932,0.12649113177775784,0.12649110640673517,0.12649110640673517,0.12649110640673517,0.0,0.0,0.0,0.0,0.0,0.0,0.2530488295253775,0.2609232261439486,0.28849429101423874,1.9314034083342987e-07,0.0003405380047030059,0.001964598832557753,0.0,0.0,0.0,7.634542307039844e-07,0.0013451290877815574,0.007788800249711591,0.0,0.0,0.0,0.0,0.0,0.0,0.0,0.0,0.0,0.0,0.0,0.0,4277.0,4277.0,4277.0
154,46200.0,12.833333333333334,0.0,0.0,0.0,0.0,0.0,0.0,0.11231012356211774,0.12677568732697028,0.1334050407458848,0.014733783564161327,0.1264911066154142,0.1264911583268096,0.12649110640673517,0.12649110640673517,0.12649110640673517,0.0,0.0,0.0,0.0,0.0,0.0,0.2530554195099568,0.26061213265898764,0.2871626557249535,4.4852185713126995e-07,0.00025610282256751375,0.0017117750646352646,0.0,0.0,0.0,1.7735258097765145e-06,0.0010089501917800736,0.006788431212167933,0.0,0.0,0.0,0.0,0.0,0.0,0.0,0.0,0.0,0.0,0.0,0.0,4272.0,4272.0,4272.0
155,46500.0,12.916666666666666,0.0,0.0,0.0,0.0,0.0,0.0,0.11338504778816524,0.12678058676639453,0.13379024099991066,0.013660414108433296,0.12649110652152118,0.1264911388988825,0.12649110640673517,0.12649110640673517,0.12649110640673517,0.0,0.0,0.0,0.0,0.0,0.0,0.25306744697949707,0.26060755864212576,0.2848856622016968,2.808690742538136e-07,0.00034592180047571247,0.001962652736955749,0.0,0.0,0.0,1.1102324997495418e-06,0.0013582583078167122,0.007610480180903141,0.0,0.0,0.0,0.0,0.0,0.0,0.0,0.0,0.0,0.0,0.0,0.0,4264.0,4264.0,4264.0
156,46800.0,13.0,0.0,0.0,0.0,0.0,0.0,0.0,0.11392319425163516,0.12677500184967094,0.13393835548897992,0.013727426740766154,0.12649110662196247,0.1264911669931075,0.12649110640673517,0.12649110640673517,0.12649110640673517,0.0,0.0,0.0,0.0,0.0,0.0,0.2530886877785095,0.26031408932218636,0.2842868991581938,5.106037206214592e-07,0.0002592476427862498,0.0018685179431693968,0.0,0.0,0.0,2.017960444204486e-06,0.0010168626430124576,0.007295199469554978,0.0,0.0,0.0,0.0,0.0,0.0,0.0,0.0,0.0,0.0,0.0,0.0,4258.0,4258.0,4258.0
157,47100.0,13.083333333333334,0.0,0.0,0.0,0.0,0.0,0.0,0.11540800290217973,0.12679112438111062,0.13462064659680958,0.012127152958061767,0.12649110664073646,0.12649116215679104,0.12649110640673517,0.12649110640673517,0.12649110640673517,0.0,0.0,0.0,0.0,0.0,0.0,0.2530764031012567,0.2601187384391151,0.2829570790092549,4.69807585579105e-07,0.00041993172297869017,0.0017493609238391863,0.0,0.0,0.0,1.8582227793627935e-06,0.0016517348480875643,0.006948826788672106,0.0,0.0,0.0,0.0,0.0,0.0,0.0,0.0,0.0,0.0,0.0,0.0,4252.0,4252.0,4252.0
158,47400.0,13.166666666666666,0.0,0.0,0.0,0.0,0.0,0.0,0.11551754191025321,0.126773380223913,0.13463204748481392,0.011643500925332766,0.12649110668597996,0.12649115837642444,0.12649110640673517,0.12649110640673517,0.12649110640673517,0.0,0.0,0.0,0.0,0.0,0.0,0.2530991141583122,0.26022474569577275,0.28231041803733814,4.797119418937465e-07,0.0001664874366607292,0.0016734354390294933,0.0,0.0,0.0,1.8975288094554884e-06,0.0006547460865377047,0.006627004977934749,0.0,0.0,0.0,0.0,0.0,0.0,0.0,0.0,0.0,0.0,0.0,0.0,4242.0,4242.0,4242.0
159,47700.0,13.25,0.0,0.0,0.0,0.0,0.0,0.0,0.11646961514814227,0.1267752985086175,0.13447483953802167,0.010960349908279866,0.12649110685732662,0.12649140249441942,0.12649110640673517,0.12649110640673517,0.12649110640673517,0.0,0.0,0.0,0.0,0.0,0.0,0.25310293148079543,0.25998873737507167,0.2835482726993815,4.851140923723391e-07,0.00023576626051264297,0.0020868299070867387,0.0,0.0,0.0,1.917906365592613e-06,0.0009286549626194023,0.00814793027350945,0.0,0.0,0.0,0.0,0.0,0.0,0.0,0.0,0.0,0.0,0.0,0.0,4226.0,4226.0,4226.0
160,48000.0,13.333333333333334,0.0,0.0,0.0,0.0,0.0,0.0,0.11752729646522403,0.12680129097834014,0.13462616139486272,0.01028573475212613,0.12649110652356682,0.1264911353778386,0.12649110640673517,0.12649110640673517,0.12649110640673517,0.0,0.0,0.0,0.0,0.0,0.0,0.2531133902755701,0.25961157369474175,0.28304361452050064,2.7101906423148044e-07,0.000278926592558669,0.0014225135725566996,0.0,0.0,0.0,1.0714443501147871e-06,0.0010975976923826298,0.005629787570034722,0.0,0.0,0.0,0.0,0.0,0.0,0.0,0.0,0.0,0.0,0.0,0.0,4214.0,4214.0,4214.0
161,48300.0,13.416666666666666,0.0,0.0,0.0,0.0,0.0,0.0,0.11747300837072977,0.12680087350759153,0.13471269751315057,0.009857766956767378,0.1264911066280738,0.12649116442144487,0.12649110640673517,0.12649110640673517,0.12649110640673517,0.0,0.0,0.0,0.0,0.0,0.0,0.25311880823723826,0.25947143191503924,0.2831502539065028,4.973105302346099e-07,0.00024870351812895735,0.0017447970296319694,0.0,0.0,0.0,1.9765363214130035e-06,0.0009777297104508233,0.0068176552047718815,0.0,0.0,0.0,0.0,0.0,0.0,0.0,0.0,0.0,0.0,0.0,0.0,4209.0,4209.0,4209.0
162,48600.0,13.5,0.0,0.0,0.0,0.0,0.0,0.0,0.11818960585218348,0.12680499012163884,0.13484639657643988,0.009529872663547285,0.12649110646000378,0.126491123325996,0.12649110640673517,0.12649110640673517,0.12649110640673517,0.0,0.0,0.0,0.0,0.0,0.0,0.2531307177228418,0.259354120370303,0.2825766311616016,6.284405988978826e-08,0.00022231164297038586,0.002444438116455508,0.0,0.0,0.0,2.4848158951032306e-07,0.000875571428614413,0.009525400254218701,0.0,0.0,0.0,0.0,0.0,0.0,0.0,0.0,0.0,0.0,0.0,0.0,4204.0,4204.0,4204.0
163,48900.0,13.583333333333334,0.0,0.0,0.0,0.0,0.0,0.0,0.1182207054426105,0.1268173089237345,0.13498340019125085,0.009230756745401502,0.12649110662425747,0.12649116025167692,0.12649110640673517,0.12649110640673517,0.12649110640673517,0.0,0.0,0.0,0.0,0.0,0.0,0.2531346289919927,0.25935622012602827,0.28420124988676043,4.716947557845182e-07,0.00025025708290027387,0.0019379777442073054,0.0,0.0,0.0,1.8604996005841218e-06,0.0009841499844119503,0.007562696421339012,0.0,0.0,0.0,0.0,0.0,0.0,0.0,0.0,0.0,0.0,0.0,0.0,4195.0,4195.0,4195.0
164,49200.0,13.666666666666666,0.0,0.0,0.0,0.0,0.0,0.0,0.11900502572908085,0.12680440517898195,0.13507723222522947,0.008661863552752665,0.12649110668230965,0.12649116286537715,0.12649110640673517,0.12649110640673517,0.12649110640673517,0.0,0.0,0.0,0.0,0.0,0.0,0.2531451388426388,0.25910776857541856,0.28222119040880334,4.782504610521115e-07,0.0002460156511602437,0.0016637265856765972,0.0,0.0,0.0,1.890450397693785e-06,0.0009677602214383419,0.006488939115640547,0.0,0.0,0.0,0.0,0.0,0.0,0.0,0.0,0.0,0.0,0.0,0.0,4188.0,4188.0,4188.0
165,49500.0,13.75,0.0,0.0,0.0,0.0,0.0,0.0,0.11928103100772991,0.12682360055417763,0.13571216961852284,0.008350630496493665,0.12649110674822603,0.12649115741907627,0.12649110640673517,0.12649110640673517,0.12649110640673517,0.0,0.0,0.0,0.0,0.0,0.0,0.2531570855933809,0.2590739704453937,0.2834753736641443,4.865307540796982e-07,0.0002536616562141579,0.0024042602679708895,0.0,0.0,0.0,1.924054753053932e-06,0.0009955600555806607,0.009361864613895673,0.0,0.0,0.0,0.0,0.0,0.0,0.0,0.0,0.0,0.0,0.0,0.0,4173.0,4173.0,4173.0
166,49800.0,13.833333333333334,0.0,0.0,0.0,0.0,0.0,0.0,0.11961447007186042,0.12682801160324755,0.1359117792695439,0.008096962192652744,0.12649110647251163,0.1264911223379595,0.12649110640673517,0.12649110640673517,0.12649110640673517,0.0,0.0,0.0,0.0,0.0,0.0,0.25315968792227245,0.25889374726836256,0.28448445839636755,5.768480229520531e-08,0.0002881484976751992,0.001518411291508077,0.0,0.0,0.0,2.2868724248723688e-07,0.0011334749777588957,0.005933119272805848,0.0,0.0,0.0,0.0,0.0,0.0,0.0,0.0,0.0,0.0,0.0,0.0,4162.0,4162.0,4162.0
167,50100.0,13.916666666666666,0.0,0.0,0.0,0.0,0.0,0.0,0.1200768872918816,0.12683619954079883,0.135807994062242,0.007562325679830428,0.12649110665298385,0.12649115974119884,0.12649110640673517,0.12649110640673517,0.12649110640673517,0.0,0.0,0.0,0.0,0.0,0.0,0.2531757742277475,0.25898499824452276,0.2816343429899942,4.558196547742218e-07,0.00030035341222623394,0.0024542682679028725,0.0,0.0,0.0,1.8017861985891791e-06,0.001178440389565828,0.00956205905868824,0.0,0.0,0.0,0.0,0.0,0.0,0.0,0.0,0.0,0.0,0.0,0.0,4153.0,4153.0,4153.0
168,50400.0,14.0,0.0,0.0,0.0,0.0,0.0,0.0,0.1204196039044512,0.12684037288626007,0.13600601680742927,0.0071564163680841245,0.12649110647377002,0.12649112227314957,0.12649110640673517,0.12649110640673517,0.12649110640673517,0.0,0.0,0.0,0.0,0.0,0.0,0.25319366688431344,0.25865996166454097,0.2839648540641452,5.061010223495489e-08,0.00024777274662006016,0.0015260405288110201,0.0,0.0,0.0,2.00480506380193e-07,0.0009756424850492369,0.005963847479954337,0.0,0.0,0.0,0.0,0.0,0.0,0.0,0.0,0.0,0.0,0.0,0.0,4144.0,4144.0,4144.0
169,50700.0,14.083333333333334,0.0,0.0,0.0,0.0,0.0,0.0,0.12060876625213734,0.12686475905866915,0.13592273726941606,0.007051524402773941,0.12649110645766606,0.1264911206235908,0.12649110640673517,0.12649110640673517,0.12649110640673517,0.0,0.0,0.0,0.0,0.0,0.0,0.25320120130352897,0.25868971709122973,0.2824385381493705,4.0895037147918626e-08,0.00013842797400074127,0.0022193571774190676,0.0,0.0,0.0,1.616518276654053e-07,0.0005445274765075261,0.008798978988916007,0.0,0.0,0.0,0.0,0.0,0.0,0.0,0.0,0.0,0.0,0.0,0.0,4136.0,4136.0,4136.0
170,51000.0,14.166666666666666,0.0,0.0,0.0,0.0,0.0,0.0,0.12079388863539339,0.1268617294827602,0.13619579468720566,0.006707929308268117,0.12649110646296186,0.12649112193785605,0.12649110640673517,0.12649110640673517,0.12649110640673517,0.0,0.0,0.0,0.0,0.0,0.0,0.25319892344085004,0.25863415201629913,0.2828181185817764,4.5890551253345844e-08,0.00017998570012081673,0.0033510103204544756,0.0,0.0,0.0,1.8368116521027398e-07,0.0007082016634320891,0.013343835910917267,0.0,0.0,0.0,0.0,0.0,0.0,0.0,0.0,0.0,0.0,0.0,0.0,4128.0,4128.0,4128.0
171,51300.0,14.25,0.0,0.0,0.0,0.0,0.0,0.0,0.12098714626753071,0.12688135563057854,0.13623433250970218,0.006605616662089654,0.12649110648382694,0.1264911214802187,0.12649110640673517,0.12649110640673517,0.12649110640673517,0.0,0.0,0.0,0.0,0.0,0.0,0.25321103440489423,0.258533188871516,0.28251555598723777,4.419095006104624e-08,0.00021196005707502466,0.001783174822128834,0.0,0.0,0.0,1.7539194431083144e-07,0.0008301943316231981,0.006963006155288552,0.0,0.0,0.0,0.0,0.0,0.0,0.0,0.0,0.0,0.0,0.0,0.0,4118.0,4118.0,4118.0
172,51600.0,14.333333333333334,0.0,0.0,0.0,0.0,0.0,0.0,0.12127452233726257,0.1268836081543272,0.13641503700682442,0.006311532677584995,0.12649110645664735,0.1264911220208965,0.12649110640673517,0.12649110640673517,0.12649110640673517,0.0,0.0,0.0,0.0,0.0,0.0,0.25321643431608964,0.2585773878905478,0.28495960297219747,3.174741075014827e-08,0.0001305783874943453,0.00299275104142111,0.0,0.0,0.0,1.2570576895119477e-07,0.0005144264701109739,0.011899439482347706,0.0,0.0,0.0,0.0,0.0,0.0,0.0,0.0,0.0,0.0,0.0,0.0,4105.0,4105.0,4105.0
173,51900.0,14.416666666666666,0.0,0.0,0.0,0.0,0.0,0.0,0.12137287778454893,0.12688937656319613,0.1364994352470747,0.006162582737673282,0.12649110647691952,0.12649111887400646,0.12649110640673517,0.12649110640673517,0.12649110640673517,0.0,0.0,0.0,0.0,0.0,0.0,0.2532224697418606,0.25847367550640243,0.2823460795392781,4.0249857365516386e-08,0.00023560402742318787,0.00201087698262466,0.0,0.0,0.0,1.601704970305025e-07,0.0009242037543905111,0.007968203967559786,0.0,0.0,0.0,0.0,0.0,0.0,0.0,0.0,0.0,0.0,0.0,0.0,4092.0,4092.0,4092.0
174,52200.0,14.5,0.0,0.0,0.0,0.0,0.0,0.0,0.12156913964335345,0.12690128278507615,0.13744928388873748,0.005942772612265856,0.12649110645228168,0.12649111704859808,0.12649110640673517,0.12649110640673517,0.12649110640673517,0.0,0.0,0.0,0.0,0.0,0.0,0.25323108416462947,0.2583911495448785,0.28415415146389766,2.770823345597281e-08,0.00012090292730147144,0.003660296016710987,0.0,0.0,0.0,1.0974477301270762e-07,0.00047450092237322954,0.01419187596838588,0.0,0.0,0.0,0.0,0.0,0.0,0.0,0.0,0.0,0.0,0.0,0.0,4083.0,4083.0,4083.0
175,52500.0,14.583333333333334,0.0,0.0,0.0,0.0,0.0,0.0,0.1216554533560084,0.12691150658934275,0.13728094576695454,0.0057558676097229115,0.12649110644662578,0.12649111808406546,0.12649110640673517,0.12649110640673517,0.12649110640673517,0.0,0.0,0.0,0.0,0.0,0.0,0.2532396188240785,0.2585345591499343,0.28486565535847985,3.0674884846599966e-08,0.0002151506131161258,0.0016398011379435858,0.0,0.0,0.0,1.2177640765480616e-07,0.0008465279400300892,0.006475323060599648,0.0,0.0,0.0,0.0,0.0,0.0,0.0,0.0,0.0,0.0,0.0,0.0,4067.0,4067.0,4067.0
176,52800.0,14.666666666666666,0.0,0.0,0.0,0.0,0.0,0.0,0.1217979403693104,0.1269305100178583,0.13727663691173878,0.005559826541653486,0.12649110644122435,0.12649112378572275,0.12649110640673517,0.12649110640673517,0.12649110640673517,0.0,0.0,0.0,0.0,0.0,0.0,0.2532465667585628,0.2584236392216478,0.2816785758498251,3.154153097613485e-08,0.00017012269382904414,0.0038641429538614925,0.0,0.0,0.0,1.2440954227266924e-07,0.0006679455601461154,0.015435205474110323,0.0,0.0,0.0,0.0,0.0,0.0,0.0,0.0,0.0,0.0,0.0,0.0,4057.0,4057.0,4057.0
177,53100.0,14.75,0.0,0.0,0.0,0.0,0.0,0.0,0.1219543545258304,0.12693712638659702,0.13734100865325033,0.005395286846189012,0.1264911064270077,0.12649111099913204,0.12649110640673517,0.12649110640673517,0.12649110640673517,0.0,0.0,0.0,0.0,0.0,0.0,0.25326090978777394,0.2583698621383729,0.28308829233225874,2.057456661079598e-08,0.0001856481633214948,0.0018799322489001225,0.0,0.0,0.0,8.161721125707891e-08,0.0007292303086313726,0.007343176236835444,0.0,0.0,0.0,0.0,0.0,0.0,0.0,0.0,0.0,0.0,0.0,0.0,4037.0,4037.0,4037.0
178,53400.0,14.833333333333334,0.0,0.0,0.0,0.0,0.0,0.0,0.12214167018057157,0.1269444330936324,0.137243584403963,0.00518650323743744,0.12649110649952092,0.12649111925659387,0.12649110640673517,0.12649110640673517,0.12649110640673517,0.0,0.0,0.0,0.0,0.0,0.0,0.2532645674401218,0.2584371036581676,0.28135204267551184,5.7352189363855516e-08,0.00020984513154743005,0.0024104550750116264,0.0,0.0,0.0,2.2670443400651956e-07,0.0008214696984976326,0.009572793596346104,0.0,0.0,0.0,0.0,0.0,0.0,0.0,0.0,0.0,0.0,0.0,0.0,4027.0,4027.0,4027.0
179,53700.0,14.916666666666666,0.0,0.0,0.0,0.0,0.0,0.0,0.12224162004247736,0.1269449478612697,0.13746331042790633,0.005110826072666882,0.1264911064155555,0.1264911118231064,0.12649110640673517,0.12649110640673517,0.12649110640673517,0.0,0.0,0.0,0.0,0.0,0.0,0.25328167807228935,0.2582848189456806,0.28244995172267884,9.716836164076766e-09,0.00015746149135088323,0.0008871174063916007,0.0,0.0,0.0,3.873137296622302e-08,0.0006189499551066137,0.0034791490727494917,0.0,0.0,0.0,0.0,0.0,0.0,0.0,0.0,0.0,0.0,0.0,0.0,4019.0,4019.0,4019.0
180,54000.0,15.0,0.0,0.0,0.0,0.0,0.0,0.0,0.12243151269705149,0.126954334712574,0.13747455087819854,0.004953948712683999,0.1264911064392438,0.12649111175056157,0.12649110640673517,0.12649110640673517,0.12649110640673517,0.0,0.0,0.0,0.0,0.0,0.0,0.2532824253102413,0.25831036921613093,0.2814361199140377,2.082831009225777e-08,0.0001482584296250499,0.0017719920776087987,0.0,0.0,0.0,8.196040560567271e-08,0.0005825783920710193,0.00692501244206823,0.0,0.0,0.0,0.0,0.0,0.0,0.0,0.0,0.0,0.0,0.0,0.0,4010.0,4010.0,4010.0
181,54300.0,15.083333333333334,0.0,0.0,0.0,0.0,0.0,0.0,0.12247524859014927,0.1269575440812355,0.13759178246719098,0.004882360836260077,0.12649110642377595,0.1264911115673824,0.12649110640673517,0.12649110640673517,0.12649110640673517,0.0,0.0,0.0,0.0,0.0,0.0,0.2532880620643373,0.2583886081603666,0.2832135851065705,1.3843625133500963e-08,0.0001327891060663388,0.0013431088233219672,0.0,0.0,0.0,5.520703220748638e-08,0.0005228732697332074,0.005258869098062304,0.0,0.0,0.0,0.0,0.0,0.0,0.0,0.0,0.0,0.0,0.0,0.0,4001.0,4001.0,4001.0
182,54600.0,15.166666666666666,0.0,0.0,0.0,0.0,0.0,0.0,0.12265806446020244,0.12696407334565998,0.13758141309696426,0.004710950892002129,0.12649110641702788,0.1264911285630396,0.12649110640673517,0.12649110640673517,0.12649110640673517,0.0,0.0,0.0,0.0,0.0,0.0,0.2532939636836673,0.25837172750027854,0.28306424068592617,1.3080051569469983e-08,0.00016703919970383806,0.0010278478513080808,0.0,0.0,0.0,5.181279691958968e-08,0.0006558245417822822,0.004028718405247775,0.0,0.0,0.0,0.0,0.0,0.0,0.0,0.0,0.0,0.0,0.0,0.0,3989.0,3989.0,3989.0
183,54900.0,15.25,0.0,0.0,0.0,0.0,0.0,0.0,0.12273279041285734,0.12698937107198482,0.13832469545861129,0.004638051702363264,0.12649110641851072,0.12649111242826394,0.12649110640673517,0.12649110640673517,0.12649110640673517,0.0,0.0,0.0,0.0,0.0,0.0,0.25329703214273175,0.2581857708760078,0.2846459977450044,9.041047274348383e-09,0.00015539426278869637,0.00095681146009072,0.0,0.0,0.0,3.582977646917009e-08,0.0006112349267896262,0.0037521915624540597,0.0,0.0,0.0,0.0,0.0,0.0,0.0,0.0,0.0,0.0,0.0,0.0,3985.0,3985.0,3985.0
184,55200.0,15.333333333333334,0.0,0.0,0.0,0.0,0.0,0.0,0.12286884295095885,0.12699441641144,0.1381289833570859,0.0044853219518168844,0.1264911064250447,0.12649111282821496,0.12649110640673517,0.12649110640673517,0.12649110640673517,0.0,0.0,0.0,0.0,0.0,0.0,0.2533008732214996,0.2582241885524832,0.2831890940793625,1.406981909033135e-08,0.0001241304495235373,0.0014767148818655654,0.0,0.0,0.0,5.5483269691455154e-08,0.0004868442963705669,0.005781951492910731,0.0,0.0,0.0,0.0,0.0,0.0,0.0,0.0,0.0,0.0,0.0,0.0,3976.0,3976.0,3976.0
185,55500.0,15.416666666666666,0.0,0.0,0.0,0.0,0.0,0.0,0.12296054029750292,0.12700064619634077,0.13831224956475235,0.004415650100574041,0.1264911064197541,0.12649111325649687,0.12649110640673517,0.12649110640673517,0.12649110640673517,0.0,0.0,0.0,0.0,0.0,0.0,0.2533129060039009,0.2580604900616577,0.28201087481415665,1.991085298256462e-08,0.00012526501818584386,0.0010672985617347242,0.0,0.0,0.0,7.87270326123157e-08,0.000491383048540213,0.00418469091769419,0.0,0.0,0.0,0.0,0.0,0.0,0.0,0.0,0.0,0.0,0.0,0.0,3964.0,3964.0,3964.0
186,55800.0,15.5,0.0,0.0,0.0,0.0,0.0,0.0,0.12306905828826435,0.1270087048506295,0.13829970042423986,0.004303190124407318,0.12649110642359238,0.1264911375187565,0.12649110640673517,0.12649110640673517,0.12649110640673517,0.0,0.0,0.0,0.0,0.0,0.0,0.25332298332135084,0.2579313124282161,0.2814258101864725,1.960309321541334e-08,0.00014512879753198092,0.0006486391411746936,0.0,0.0,0.0,7.781349022929167e-08,0.0005703699926471789,0.0025467209819565583,0.0,0.0,0.0,0.0,0.0,0.0,0.0,0.0,0.0,0.0,0.0,0.0,3955.0,3955.0,3955.0
187,56100.0,15.583333333333334,0.0,0.0,0.0,0.0,0.0,0.0,0.12316802793948059,0.12702889744352291,0.1381934995097294,0.004213477234002209,0.1264911064609249,0.1264911564300823,0.12649110640673517,0.12649110640673517,0.12649110640673517,0.0,0.0,0.0,0.0,0.0,0.0,0.2533273120428868,0.257726802492072,0.2803530367377547,2.8789429322034176e-08,0.0001458416987595619,0.0007159106058762922,0.0,0.0,0.0,1.1495714902207937e-07,0.0005716574414148204,0.0028253576950214607,0.0,0.0,0.0,0.0,0.0,0.0,0.0,0.0,0.0,0.0,0.0,0.0,3946.0,3946.0,3946.0
188,56400.0,15.666666666666666,0.0,0.0,0.0,0.0,0.0,0.0,0.12323313117981025,0.1270213451569926,0.13841548398714587,0.004102377024114203,0.1264911064339349,0.1264911420426685,0.12649110640673517,0.12649110640673517,0.12649110640673517,0.0,0.0,0.0,0.0,0.0,0.0,0.25332587713973564,0.25765524146213237,0.2811471536209765,2.4231122052195315e-08,0.000187242004929287,0.0012279661625396409,0.0,0.0,0.0,9.660271502474822e-08,0.000728600466006337,0.004856224741075798,0.0,0.0,0.0,0.0,0.0,0.0,0.0,0.0,0.0,0.0,0.0,0.0,3938.0,3938.0,3938.0
189,56700.0,15.75,0.0,0.0,0.0,0.0,0.0,0.0,0.12333920690673343,0.12703594959645886,0.1384472764462269,0.0040159295087961126,0.12649110643536066,0.12649112758822806,0.12649110640673517,0.12649110640673517,0.12649110640673517,0.0,0.0,0.0,0.0,0.0,0.0,0.25333750538678385,0.25767072651738865,0.2792133869037956,6.68359133432614e-08,0.0001740810868962553,0.0011243937817715828,0.0,0.0,0.0,2.66081853999065e-07,0.0006810028457589078,0.004444675184196457,0.0,0.0,0.0,0.0,0.0,0.0,0.0,0.0,0.0,0.0,0.0,0.0,3928.0,3928.0,3928.0
190,57000.0,15.833333333333334,0.0,0.0,0.0,0.0,0.0,0.0,0.12342205725207744,0.1270317204699603,0.13858190437416354,0.003930348931520234,0.12649110641888478,0.12649112649511324,0.12649110640673517,0.12649110640673517,0.12649110640673517,0.0,0.0,0.0,0.0,0.0,0.0,0.253347366064621,0.25770034384859797,0.2831299793850276,2.955734447995523e-08,0.0001488235935023725,0.0010376367270943862,0.0,0.0,0.0,1.1805126113552143e-07,0.0005813759461541521,0.00410049794451106,0.0,0.0,0.0,0.0,0.0,0.0,0.0,0.0,0.0,0.0,0.0,0.0,3918.0,3918.0,3918.0
191,57300.0,15.916666666666666,0.0,0.0,0.0,0.0,0.0,0.0,0.12351362002761747,0.12704527338019253,0.13856228321314873,0.00383431328448661,0.12649110641292927,0.1264911366541458,0.12649110640673517,0.12649110640673517,0.12649110640673517,0.0,0.0,0.0,0.0,0.0,0.0,0.2533568198909945,0.2576585469526902,0.28307367192445887,1.5077090097478542e-08,0.0001258552082348114,0.0006410922720734832,0.0,0.0,0.0,6.038016295366912e-08,0.0004942627404326918,0.002529848774391258,0.0,0.0,0.0,0.0,0.0,0.0,0.0,0.0,0.0,0.0,0.0,0.0,3910.0,3910.0,3910.0
192,57600.0,16.0,0.0,0.0,0.0,0.0,0.0,0.0,0.12359814814921297,0.1270554282386818,0.13957355490382625,0.003758131388373814,0.12649110641199396,0.12649111631712903,0.12649110640673517,0.12649110640673517,0.12649110640673517,0.0,0.0,0.0,0.0,0.0,0.0,0.25335046314293463,0.257739669490482,0.2844255077316067,5.231665632623457e-09,0.0001875178623370767,0.0009923235866268433,0.0,0.0,0.0,2.1018569280889945e-08,0.0007379252146736543,0.003920923032174813,0.0,0.0,0.0,0.0,0.0,0.0,0.0,0.0,0.0,0.0,0.0,0.0,3899.0,3899.0,3899.0
193,57900.0,16.083333333333332,0.0,0.0,0.0,0.0,0.0,0.0,0.12367188886615918,0.12706275321512175,0.13944156398804938,0.0036830179973156413,0.1264911064440608,0.12649113790917552,0.12649110640673517,0.12649110640673517,0.12649110640673517,0.0,0.0,0.0,0.0,0.0,0.0,0.2533552885972552,0.25758951852320655,0.28442055940615873,1.262053898068185e-08,0.00018522590410245698,0.00106614761118393,0.0,0.0,0.0,4.983185107879624e-08,0.0007274979097844118,0.00421545466342608,0.0,0.0,0.0,0.0,0.0,0.0,0.0,0.0,0.0,0.0,0.0,0.0,3891.0,3891.0,3891.0
194,58200.0,16.166666666666668,0.0,0.0,0.0,0.0,0.0,0.0,0.1237645188164695,0.12707497643635376,0.13947119400125735,0.003615773905611637,0.12649110643565734,0.12649111693376636,0.12649110640673517,0.12649110640673517,0.12649110640673517,0.0,0.0,0.0,0.0,0.0,0.0,0.2533716800829935,0.25754983866350695,0.28395604343654546,4.241821141295945e-08,0.0001127491006403523,0.0006359396373963934,0.0,0.0,0.0,1.6906034052909426e-07,0.00044309255603531937,0.0024949171362821606,0.0,0.0,0.0,0.0,0.0,0.0,0.0,0.0,0.0,0.0,0.0,0.0,3879.0,3879.0,3879.0
195,58500.0,16.25,0.0,0.0,0.0,0.0,0.0,0.0,0.12381651680474942,0.1270746492452863,0.13964153652498934,0.0035557151312550464,0.12649110642922212,0.12649112638324791,0.12649110640673517,0.12649110640673517,0.12649110640673517,0.0,0.0,0.0,0.0,0.0,0.0,0.25337371516201085,0.25753492412532475,0.2824055006500068,3.791557401973622e-08,9.935663272415831e-05,0.0004544533127258715,0.0,0.0,0.0,1.5135907103658835e-07,0.00039139716501082367,0.0017620556946777834,0.0,0.0,0.0,0.0,0.0,0.0,0.0,0.0,0.0,0.0,0.0,0.0,3871.0,3871.0,3871.0
196,58800.0,16.333333333333332,0.0,0.0,0.0,0.0,0.0,0.0,0.12389321656410808,0.1270913472649162,0.13956577028006426,0.0034993749402096744,0.12649110645717837,0.12649119689767058,0.12649110640673517,0.12649110640673517,0.12649110640673517,0.0,0.0,0.0,0.0,0.0,0.0,0.2533781296218067,0.257561600066486,0.28069891880454,4.378889016121986e-08,9.935948362645252e-05,0.0008495016477612289,0.0,0.0,0.0,1.7405089871144688e-07,0.0003894673849580676,0.003334870031376402,0.0,0.0,0.0,0.0,0.0,0.0,0.0,0.0,0.0,0.0,0.0,0.0,3861.0,3861.0,3861.0
197,59100.0,16.416666666666668,0.0,0.0,0.0,0.0,0.0,0.0,0.1239849714723756,0.1270982107700767,0.13975920095606162,0.003420503348108742,0.1264911064946849,0.12649113208714763,0.12649110640673517,0.12649110640673517,0.12649110640673517,0.0,0.0,0.0,0.0,0.0,0.0,0.2533823746250704,0.25743515207412376,0.2801865880144279,8.840407964433095e-08,0.0001375750777453035,0.0005651141705026047,0.0,0.0,0.0,3.5083210101091505e-07,0.0005403705347575155,0.0021956197119813127,0.0,0.0,0.0,0.0,0.0,0.0,0.0,0.0,0.0,0.0,0.0,0.0,3851.0,3851.0,3851.0
198,59400.0,16.5,0.0,0.0,0.0,0.0,0.0,0.0,0.12403145519728012,0.127105154828058,0.13982028664303933,0.0033431827615553683,0.1264911064273946,0.12649114233115943,0.12649110640673517,0.12649110640673517,0.12649110640673517,0.0,0.0,0.0,0.0,0.0,0.0,0.25338864557359064,0.25748573894954163,0.2803074204108882,2.3144775793546222e-08,0.00010525797813272434,0.0004948138363620739,0.0,0.0,0.0,9.165697586580665e-08,0.0004129795912753578,0.0019463656498826863,0.0,0.0,0.0,0.0,0.0,0.0,0.0,0.0,0.0,0.0,0.0,0.0,3842.0,3842.0,3842.0
199,59700.0,16.583333333333332,0.0,0.0,0.0,0.0,0.0,0.0,0.12406869268793283,0.12710863069810302,0.13999604913419866,0.0032733122689640945,0.1264911064217211,0.12649113262336947,0.12649110640673517,0.12649110640673517,0.12649110640673517,0.0,0.0,0.0,0.0,0.0,0.0,0.2533899378703844,0.25752246067768353,0.2806704914314312,3.349527320362568e-08,0.00013757876920009987,0.0006752079785771098,0.0,0.0,0.0,1.332017595070157e-07,0.0005408263436615776,0.0026661460436722987,0.0,0.0,0.0,0.0,0.0,0.0,0.0,0.0,0.0,0.0,0.0,0.0,3834.0,3834.0,3834.0
200,60000.0,16.666666666666668,0.0,0.0,0.0,0.0,0.0,0.0,0.1241381914382524,0.1271151311095628,0.1400417652840691,0.003211586448719289,0.1264911064216553,0.1264911333598728,0.12649110640673517,0.12649110640673517,0.12649110640673517,0.0,0.0,0.0,0.0,0.0,0.0,0.2533900936903424,0.2575145599929677,0.28284814715418827,1.406035040667578e-08,0.00016601189400607304,0.0010318984376217768,0.0,0.0,0.0,5.5670089495075955e-08,0.0006535007156097008,0.0040805062882628244,0.0,0.0,0.0,0.0,0.0,0.0,0.0,0.0,0.0,0.0,0.0,0.0,3823.0,3823.0,3823.0
201,60300.0,16.75,0.0,0.0,0.0,0.0,0.0,0.0,0.12419654149018843,0.1271183984144973,0.14104013065193388,0.0031564002230282566,0.1264911064403081,0.12649114504660472,0.12649110640673517,0.12649110640673517,0.12649110640673517,0.0,0.0,0.0,0.0,0.0,0.0,0.253391148234163,0.25736907133745157,0.28489402365467975,1.828396661127465e-08,0.0001695413088328451,0.0010751134547478344,0.0,0.0,0.0,7.241654151216495e-08,0.0006640936141940998,0.004252683107068661,0.0,0.0,0.0,0.0,0.0,0.0,0.0,0.0,0.0,0.0,0.0,0.0,3814.0,3814.0,3814.0
202,60600.0,16.833333333333332,0.0,0.0,0.0,0.0,0.0,0.0,0.12426339014540953,0.12712662262485538,0.14126265577484998,0.0030382848832602805,0.12649110648076486,0.12649111159556795,0.12649110640673517,0.12649110640673517,0.12649110640673517,0.0,0.0,0.0,0.0,0.0,0.0,0.25339715684842334,0.2573734789855593,0.28437976143315313,2.2125052501826375e-08,0.00019226395270419806,0.0011837040759552207,0.0,0.0,0.0,8.71087955664341e-08,0.0007567284876228946,0.004684283406308535,0.0,0.0,0.0,0.0,0.0,0.0,0.0,0.0,0.0,0.0,0.0,0.0,3801.0,3801.0,3801.0
203,60900.0,16.916666666666668,0.0,0.0,0.0,0.0,0.0,0.0,0.12430982431254274,0.12712656946798848,0.14109834321082204,0.0029921605702623814,0.1264911064312979,0.12649111181302483,0.12649110640673517,0.12649110640673517,0.12649110640673517,0.0,0.0,0.0,0.0,0.0,0.0,0.2534030916160252,0.25724475281689174,0.28252572345719096,1.4288856610255756e-08,0.0001501961518166526,0.0009842110589981829,0.0,0.0,0.0,5.76532678909394e-08,0.0005888498466867805,0.0038927227096485833,0.0,0.0,0.0,0.0,0.0,0.0,0.0,0.0,0.0,0.0,0.0,0.0,3792.0,3792.0,3792.0
204,61200.0,17.0,0.0,0.0,0.0,0.0,0.0,0.0,0.12437743973070826,0.12713742276122877,0.14142898796784192,0.002938574529924078,0.12649110642102443,0.12649111508795005,0.12649110640673517,0.12649110640673517,0.12649110640673517,0.0,0.0,0.0,0.0,0.0,0.0,0.2534059612417825,0.2571285326162515,0.2840730904726003,8.692594771392192e-09,0.0001547594061332934,0.0008881448795433977,0.0,0.0,0.0,3.427299179023286e-08,0.000607276136174369,0.003511800849581633,0.0,0.0,0.0,0.0,0.0,0.0,0.0,0.0,0.0,0.0,0.0,0.0,3783.0,3783.0,3783.0
205,61500.0,17.083333333333332,0.0,0.0,0.0,0.0,0.0,0.0,0.12442988433756756,0.12714435933007526,0.14157575056582386,0.002890198017668234,0.1264911064262643,0.12649115553109846,0.12649110640673517,0.12649110640673517,0.12649110640673517,0.0,0.0,0.0,0.0,0.0,0.0,0.2534195530783845,0.25710509681937216,0.28356355714872805,1.2764025997748657e-08,0.000123962486052232,0.0008178806753650088,0.0,0.0,0.0,5.06383083503572e-08,0.00048716521986264514,0.0031811808549675057,0.0,0.0,0.0,0.0,0.0,0.0,0.0,0.0,0.0,0.0,0.0,0.0,3773.0,3773.0,3773.0
206,61800.0,17.166666666666668,0.0,0.0,0.0,0.0,0.0,0.0,0.12448895688890732,0.12715209723752605,0.14159731506304774,0.0028411465947298666,0.12649110643104655,0.12649112906306173,0.12649110640673517,0.12649110640673517,0.12649110640673517,0.0,0.0,0.0,0.0,0.0,0.0,0.2534210810848694,0.2570672314535985,0.2836421207812959,2.0600505977289937e-08,0.00013736428002406135,0.0006436676432252467,0.0,0.0,0.0,8.146739988351773e-08,0.0005394159238590634,0.002521347841232392,0.0,0.0,0.0,0.0,0.0,0.0,0.0,0.0,0.0,0.0,0.0,0.0,3762.0,3762.0,3762.0
207,62100.0,17.25,0.0,0.0,0.0,0.0,0.0,0.0,0.12454690007664238,0.1271650200195324,0.1415483621485771,0.0027872259948748318,0.1264911064378108,0.12649112577621105,0.12649110640673517,0.12649110640673517,0.12649110640673517,0.0,0.0,0.0,0.0,0.0,0.0,0.2534377513555914,0.2570897394384948,0.28354278577014014,4.011296251532259e-09,4.45796350353006e-05,0.0004815096654986609,0.0,0.0,0.0,1.5979904979436397e-08,0.00016974364567578555,0.0018922567957773849,0.0,0.0,0.0,0.0,0.0,0.0,0.0,0.0,0.0,0.0,0.0,0.0,3752.0,3752.0,3752.0
208,62400.0,17.333333333333332,0.0,0.0,0.0,0.0,0.0,0.0,0.12458482746442606,0.12715907789726225,0.14178296153789138,0.002731305073609943,0.12649110644205133,0.12649114755753393,0.12649110640673517,0.12649110640673517,0.12649110640673517,0.0,0.0,0.0,0.0,0.0,0.0,0.25343616465299795,0.25703376680962864,0.2840413750455513,1.8388733585478184e-08,0.00010474026328211027,0.0012848890704095632,0.0,0.0,0.0,7.380870018213463e-08,0.0004129614283516054,0.0050233967294382054,0.0,0.0,0.0,0.0,0.0,0.0,0.0,0.0,0.0,0.0,0.0,0.0,3741.0,3741.0,3741.0
209,62700.0,17.416666666666668,0.0,0.0,0.0,0.0,0.0,0.0,0.12464641186276712,0.1271884201776969,0.14184444469686874,0.0026897792706382286,0.12649110643361697,0.12649111736654534,0.12649110640673517,0.12649110640673517,0.12649110640673517,0.0,0.0,0.0,0.0,0.0,0.0,0.25344656590508213,0.25694165989567186,0.28416655509675215,4.6836794690328075e-09,6.498605722911324e-05,0.0007983353435484985,0.0,0.0,0.0,1.925080863410694e-08,0.00025591965432358236,0.003112370996645699,0.0,0.0,0.0,0.0,0.0,0.0,0.0,0.0,0.0,0.0,0.0,0.0,3732.0,3732.0,3732.0
210,63000.0,17.5,0.0,0.0,0.0,0.0,0.0,0.0,0.12469809908229454,0.12717387442080386,0.14197482247592944,0.0026390750007618314,0.1264911064293276,0.12649113853014138,0.12649110640673517,0.12649110640673517,0.12649110640673517,0.0,0.0,0.0,0.0,0.0,0.0,0.2534349247618433,0.25693716152822743,0.2844513560263213,9.670534908336019e-09,0.00013240196810883917,0.0009476031044541701,0.0,0.0,0.0,3.8323800974293806e-08,0.0005189080584570759,0.003714938254106866,0.0,0.0,0.0,0.0,0.0,0.0,0.0,0.0,0.0,0.0,0.0,0.0,3720.0,3720.0,3720.0
211,63300.0,17.583333333333332,0.0,0.0,0.0,0.0,0.0,0.0,0.12473602032462144,0.12720139833121874,0.14251891084177282,0.0025765253663403054,0.12649110642990824,0.12649111499858925,0.12649110640673517,0.12649110640673517,0.12649110640673517,0.0,0.0,0.0,0.0,0.0,0.0,0.2534467074084755,0.2568058075510251,0.2854202879589298,1.6067363843251386e-08,0.00010635032562961957,0.000747121085075855,0.0,0.0,0.0,6.379915118190965e-08,0.0004189380545755012,0.002912539234593071,0.0,0.0,0.0,0.0,0.0,0.0,0.0,0.0,0.0,0.0,0.0,0.0,3708.0,3708.0,3708.0
212,63600.0,17.666666666666668,0.0,0.0,0.0,0.0,0.0,0.0,0.12478853525941448,0.12720498591149593,0.14318984466222967,0.0025118241974135033,0.12649110647995296,0.12649112951165448,0.12649110640673517,0.12649110640673517,0.12649110640673517,0.0,0.0,0.0,0.0,0.0,0.0,0.2534404071824058,0.2567273853197044,0.2868057063417829,2.1067229104972035e-08,0.00016758894474568303,0.0010119562866248348,0.0,0.0,0.0,8.427193549264781e-08,0.000648142364778552,0.003963821199341198,0.0,0.0,0.0,0.0,0.0,0.0,0.0,0.0,0.0,0.0,0.0,0.0,3695.0,3695.0,3695.0
213,63900.0,17.75,0.0,0.0,0.0,0.0,0.0,0.0,0.12484258623909536,0.1272248058947954,0.14279847113585908,0.002471169751926292,0.12649110641349004,0.12649111132079585,0.12649110640673517,0.12649110640673517,0.12649110640673517,0.0,0.0,0.0,0.0,0.0,0.0,0.2534471013285978,0.2567456937598298,0.28600035232358534,4.301135309465697e-09,0.00011389374862425829,0.0008394168399460588,0.0,0.0,0.0,1.709865973116579e-08,0.00044516704208796083,0.0033090918031707583,0.0,0.0,0.0,0.0,0.0,0.0,0.0,0.0,0.0,0.0,0.0,0.0,3683.0,3683.0,3683.0
214,64200.0,17.833333333333332,0.0,0.0,0.0,0.0,0.0,0.0,0.12489986970518424,0.12725393901567955,0.1432174103184927,0.0024270269562948338,0.12649110652380047,0.1264911150190944,0.12649110640673517,0.12649110640673517,0.12649110640673517,0.0,0.0,0.0,0.0,0.0,0.0,0.2534531089222213,0.25673047550960343,0.2869060378456202,1.3703693489171464e-08,0.00010260031644495153,0.0009895018707997284,0.0,0.0,0.0,5.723528420777863e-08,0.00039943646156976345,0.0038985115964196397,0.0,0.0,0.0,0.0,0.0,0.0,0.0,0.0,0.0,0.0,0.0,0.0,3672.0,3672.0,3672.0
215,64500.0,17.916666666666668,0.0,0.0,0.0,0.0,0.0,0.0,0.12494102280991616,0.12725015721483685,0.14331826595479166,0.0023836377753257794,0.1264911064619385,0.12649112305082566,0.12649110640673517,0.12649110640673517,0.12649110640673517,0.0,0.0,0.0,0.0,0.0,0.0,0.2534587206862069,0.25679470107834734,0.28716620162985396,3.0808727274136844e-08,8.205732807989167e-05,0.0006164708809473934,0.0,0.0,0.0,1.2236767361689384e-07,0.00032245880396602854,0.002419532251543019,0.0,0.0,0.0,0.0,0.0,0.0,0.0,0.0,0.0,0.0,0.0,0.0,3663.0,3663.0,3663.0
216,64800.0,18.0,0.0,0.0,0.0,0.0,0.0,0.0,0.12495927870440193,0.1272674823975021,0.14340985243434398,0.0023529815863034247,0.12649110643657915,0.1264911283476513,0.12649110640673517,0.12649110640673517,0.12649110640673517,0.0,0.0,0.0,0.0,0.0,0.0,0.25346162646012455,0.2568042811318821,0.2873838028962191,3.1461083079189775e-08,0.00011123729582973616,0.0009204243751869577,0.0,0.0,0.0,1.2513208899200381e-07,0.0004334756387322262,0.003610144237360461,0.0,0.0,0.0,0.0,0.0,0.0,0.0,0.0,0.0,0.0,0.0,0.0,3654.0,3654.0,3654.0
217,65100.0,18.083333333333332,0.0,0.0,0.0,0.0,0.0,0.0,0.1250021947361655,0.1272678761215897,0.14338482007438336,0.0023158707181560566,0.12649110644657285,0.12649112424801565,0.12649110640673517,0.12649110640673517,0.12649110640673517,0.0,0.0,0.0,0.0,0.0,0.0,0.253463900346209,0.2567740382459651,0.28734144626517166,2.8533052320987987e-08,0.00012046641362497666,0.0006719398433006016,0.0,0.0,0.0,1.1336433511043197e-07,0.00047202909619325015,0.0026486397307924534,0.0,0.0,0.0,0.0,0.0,0.0,0.0,0.0,0.0,0.0,0.0,0.0,3645.0,3645.0,3645.0
218,65400.0,18.166666666666668,0.0,0.0,0.0,0.0,0.0,0.0,0.12503999458246792,0.12727446512179996,0.14332942635063092,0.0022752817267654444,0.12649110642845,0.12649111426944218,0.12649110640673517,0.12649110640673517,0.12649110640673517,0.0,0.0,0.0,0.0,0.0,0.0,0.2534605297283866,0.2567971476502744,0.28722411535993425,1.36908763952193e-08,0.00011392282175620311,0.0008038810228684525,0.0,0.0,0.0,5.455945104887259e-08,0.00044549333452476107,0.003169615795501379,0.0,0.0,0.0,0.0,0.0,0.0,0.0,0.0,0.0,0.0,0.0,0.0,3637.0,3637.0,3637.0
219,65700.0,18.25,0.0,0.0,0.0,0.0,0.0,0.0,0.1250632742773882,0.127275574212987,0.14347426608068986,0.002237844376847047,0.12649110642138506,0.12649112558342396,0.12649110640673517,0.12649110640673517,0.12649110640673517,0.0,0.0,0.0,0.0,0.0,0.0,0.2534610058803719,0.25675525607695976,0.2875491053074548,6.031137782959044e-09,8.550040869007032e-05,0.0005107547348508028,0.0,0.0,0.0,2.3953312432489533e-08,0.00033679417459111616,0.002015779621107863,0.0,0.0,0.0,0.0,0.0,0.0,0.0,0.0,0.0,0.0,0.0,0.0,3628.0,3628.0,3628.0
220,66000.0,18.333333333333332,0.0,0.0,0.0,0.0,0.0,0.0,0.125100342490073,0.127296559974604,0.14348670842865732,0.002208111363466177,0.1264911064167976,0.12649112209783486,0.12649110640673517,0.12649110640673517,0.12649110640673517,0.0,0.0,0.0,0.0,0.0,0.0,0.25346238482005234,0.25669753265515666,0.2875799175006768,1.5117456801430674e-08,7.96881740379306e-05,0.0008680031366918541,0.0,0.0,0.0,5.995829493148146e-08,0.00031291931936526545,0.003419605349357885,0.0,0.0,0.0,0.0,0.0,0.0,0.0,0.0,0.0,0.0,0.0,0.0,3618.0,3618.0,3618.0
221,66300.0,18.416666666666668,0.0,0.0,0.0,0.0,0.0,0.0,0.125122075057027,0.12730914770680307,0.1435647200922197,0.002181302612093352,0.12649110646067907,0.12649120003557154,0.12649110640673517,0.12649110640673517,0.12649110640673517,0.0,0.0,0.0,0.0,0.0,0.0,0.2534628613055513,0.2566924417782016,0.2877503014504226,1.991767597788713e-08,9.9909243029457e-05,0.0009239323668357978,0.0,0.0,0.0,7.917795656563984e-08,0.00039163915352724533,0.0036229109098127633,0.0,0.0,0.0,0.0,0.0,0.0,0.0,0.0,0.0,0.0,0.0,0.0,3610.0,3610.0,3610.0
222,66600.0,18.5,0.0,0.0,0.0,0.0,0.0,0.0,0.12515349686043992,0.127306677966186,0.14398047291298488,0.002136133019629343,0.12649110643854006,0.12649111283763653,0.12649110640673517,0.12649110640673517,0.12649110640673517,0.0,0.0,0.0,0.0,0.0,0.0,0.2534635479625492,0.25670896502252655,0.28847133363933586,4.736255453117511e-09,7.328604131967491e-05,0.0010647635947924588,0.0,0.0,0.0,1.9348336415691147e-08,0.0002798620306877809,0.004196633477763833,0.0,0.0,0.0,0.0,0.0,0.0,0.0,0.0,0.0,0.0,0.0,0.0,3597.0,3597.0,3597.0
223,66900.0,18.583333333333332,0.0,0.0,0.0,0.0,0.0,0.0,0.12519309830364028,0.12732998858872882,0.1444967897197603,0.0021072849425851224,0.1264911064853568,0.12649116380055528,0.12649110640673517,0.12649110640673517,0.12649110640673517,0.0,0.0,0.0,0.0,0.0,0.0,0.25346674188640583,0.2566858311835442,0.2895481686613056,1.4879823302134111e-08,7.422121610064638e-05,0.0012247822336105133,0.0,0.0,0.0,5.96162917166759e-08,0.0002915948934072445,0.004808795035052394,0.0,0.0,0.0,0.0,0.0,0.0,0.0,0.0,0.0,0.0,0.0,0.0,3587.0,3587.0,3587.0
224,67200.0,18.666666666666668,0.0,0.0,0.0,0.0,0.0,0.0,0.1252328758313479,0.12733009726968722,0.1440268926112049,0.0020762255328528037,0.1264911064177813,0.12649111151057157,0.12649110640673517,0.12649110640673517,0.12649110640673517,0.0,0.0,0.0,0.0,0.0,0.0,0.25345930925392557,0.25656445827532026,0.2885760302786798,2.516198276804875e-09,5.113190838027474e-05,0.0013319291038046575,0.0,0.0,0.0,1.0220128169504193e-08,0.0002017850253549214,0.0052178958064795266,0.0,0.0,0.0,0.0,0.0,0.0,0.0,0.0,0.0,0.0,0.0,0.0,3578.0,3578.0,3578.0
225,67500.0,18.75,0.0,0.0,0.0,0.0,0.0,0.0,0.12525725923223385,0.1273545305845047,0.14435766408682482,0.0020395180079596413,0.12649110646326583,0.12649111777680938,0.12649110640673517,0.12649110640673517,0.12649110640673517,0.0,0.0,0.0,0.0,0.0,0.0,0.25345513111119217,0.2565944910875758,0.28930480859209234,1.0044050178970402e-08,4.4626687862360864e-05,0.0012879921601839906,0.0,0.0,0.0,3.988238127798293e-08,0.00017110013401860222,0.005082416337915427,0.0,0.0,0.0,0.0,0.0,0.0,0.0,0.0,0.0,0.0,0.0,0.0,3570.0,3570.0,3570.0
226,67800.0,18.833333333333332,0.0,0.0,0.0,0.0,0.0,0.0,0.12527868957558946,0.12735746730954883,0.1444232734917364,0.002009246360873404,0.12649110646915743,0.12649113029576817,0.12649110640673517,0.12649110640673517,0.12649110640673517,0.0,0.0,0.0,0.0,0.0,0.0,0.2534642522710455,0.2567267593070221,0.2894863443419904,1.7412877660670137e-08,7.055056702229637e-05,0.001067164535821284,0.0,0.0,0.0,6.889929709018264e-08,0.00027762105452280487,0.004186975234511571,0.0,0.0,0.0,0.0,0.0,0.0,0.0,0.0,0.0,0.0,0.0,0.0,3560.0,3560.0,3560.0
227,68100.0,18.916666666666668,0.0,0.0,0.0,0.0,0.0,0.0,0.12531677814739361,0.1273663292067277,0.1444884451542928,0.0019798600747542106,0.12649110643275838,0.1264911467284453,0.12649110640673517,0.12649110640673517,0.12649110640673517,0.0,0.0,0.0,0.0,0.0,0.0,0.2534587897847146,0.256652700706192,0.28963394378221247,3.753268204912563e-09,4.0544035421915235e-05,0.0014807565788986705,0.0,0.0,0.0,1.5224585202805498e-08,0.00015906682794242967,0.005845500498648321,0.0,0.0,0.0,0.0,0.0,0.0,0.0,0.0,0.0,0.0,0.0,0.0,3548.0,3548.0,3548.0
228,68400.0,19.0,0.0,0.0,0.0,0.0,0.0,0.0,0.1253365567384319,0.12736605887286712,0.1444978352145691,0.0019428285926635172,0.12649110644576492,0.12649113553788988,0.12649110640673517,0.12649110640673517,0.12649110640673517,0.0,0.0,0.0,0.0,0.0,0.0,0.2534707447557687,0.25670532734317225,0.28967476434986594,1.4869338642958946e-08,8.251678161200085e-05,0.00158379309078789,0.0,0.0,0.0,5.947429339328176e-08,0.00032177428247360016,0.006206084700264827,0.0,0.0,0.0,0.0,0.0,0.0,0.0,0.0,0.0,0.0,0.0,0.0,3537.0,3537.0,3537.0
229,68700.0,19.083333333333332,0.0,0.0,0.0,0.0,0.0,0.0,0.12536535800487658,0.1273813417717169,0.14434906007293247,0.0019112276311337186,0.1264911064212263,0.1264911312046049,0.12649110640673517,0.12649110640673517,0.12649110640673517,0.0,0.0,0.0,0.0,0.0,0.0,0.25346765660033455,0.2566909782232999,0.2893864848803277,8.910233448319034e-09,6.021946370349203e-05,0.0009979352175536174,0.0,0.0,0.0,3.526756521378069e-08,0.00023155798062902982,0.003937135902397698,0.0,0.0,0.0,0.0,0.0,0.0,0.0,0.0,0.0,0.0,0.0,0.0,3530.0,3530.0,3530.0
230,69000.0,19.166666666666668,0.0,0.0,0.0,0.0,0.0,0.0,0.12538133920893793,0.12738064014939612,0.14431839233682067,0.00188930567904637,0.12649110642052325,0.12649111358735024,0.12649110640673517,0.12649110640673517,0.12649110640673517,0.0,0.0,0.0,0.0,0.0,0.0,0.25347258489284313,0.2568235602151956,0.28933351828906245,2.3988100900432703e-09,5.4800162089137573e-05,0.0015194327808525589,0.0,0.0,0.0,9.476338050228834e-09,0.00021585743981421184,0.005958630675839494,0.0,0.0,0.0,0.0,0.0,0.0,0.0,0.0,0.0,0.0,0.0,0.0,3522.0,3522.0,3522.0
231,69300.0,19.25,0.0,0.0,0.0,0.0,0.0,0.0,0.12541640671270257,0.12739298529169063,0.14429747619925137,0.001859307802784596,0.12649110641791816,0.1264911091768598,0.12649110640673517,0.12649110640673517,0.12649110640673517,0.0,0.0,0.0,0.0,0.0,0.0,0.25347116564631134,0.25672470856356056,0.28930217885143134,1.951026451205461e-09,3.792618147610393e-05,0.0011433808428662905,0.0,0.0,0.0,7.852416072005303e-09,0.00014921203402670855,0.004510198418807913,0.0,0.0,0.0,0.0,0.0,0.0,0.0,0.0,0.0,0.0,0.0,0.0,3509.0,3509.0,3509.0
232,69600.0,19.333333333333332,0.0,0.0,0.0,0.0,0.0,0.0,0.12544126904955558,0.1273950825502481,0.14430246222114373,0.0018374205600430338,0.12649110644759362,0.12649112175580246,0.12649110640673517,0.12649110640673517,0.12649110640673517,0.0,0.0,0.0,0.0,0.0,0.0,0.25347379840492096,0.256635145968593,0.28931975563998347,1.032360893130089e-08,3.0717418434740366e-05,0.0012793498088272837,0.0,0.0,0.0,4.1290014175788684e-08,0.00011802152178159764,0.005022227631903148,0.0,0.0,0.0,0.0,0.0,0.0,0.0,0.0,0.0,0.0,0.0,0.0,3501.0,3501.0,3501.0
233,69900.0,19.416666666666668,0.0,0.0,0.0,0.0,0.0,0.0,0.12545849679839866,0.1274037486517981,0.14423328383577586,0.0018161606941296319,0.12649110642147188,0.12649111445129235,0.12649110640673517,0.12649110640673517,0.12649110640673517,0.0,0.0,0.0,0.0,0.0,0.0,0.25346888547180046,0.2566161302548443,0.2891945319390199,2.6188463038530594e-09,2.6852189469509865e-05,0.0012949157143630284,0.0,0.0,0.0,1.0672322714412532e-08,0.00010502069507291811,0.005102076193796847,0.0,0.0,0.0,0.0,0.0,0.0,0.0,0.0,0.0,0.0,0.0,0.0,3491.0,3491.0,3491.0
234,70200.0,19.5,0.0,0.0,0.0,0.0,0.0,0.0,0.12548696323424402,0.12740230040910944,0.14405155313791093,0.0017649977463265686,0.12649110646166772,0.12649111463666132,0.12649110640673517,0.12649110640673517,0.12649110640673517,0.0,0.0,0.0,0.0,0.0,0.0,0.2534781204524793,0.2566153459163787,0.2888541580879844,6.402777569437961e-09,2.7277634213014862e-05,0.001440414489388189,0.0,0.0,0.0,2.571472939385503e-08,0.00010748378604726795,0.005654312111025815,0.0,0.0,0.0,0.0,0.0,0.0,0.0,0.0,0.0,0.0,0.0,0.0,3480.0,3480.0,3480.0
235,70500.0,19.583333333333332,0.0,0.0,0.0,0.0,0.0,0.0,0.12549910396791664,0.12741025975881548,0.14405569899135728,0.0017146418748779423,0.1264911064336965,0.12649111155306458,0.12649110640673517,0.12649110640673517,0.12649110640673517,0.0,0.0,0.0,0.0,0.0,0.0,0.2534747710205626,0.25650167170216304,0.2887924892725777,2.854148543924991e-09,3.685939517350081e-05,0.0018562435090215225,0.0,0.0,0.0,1.1606637187445912e-08,0.00013998854656304853,0.007271964324398941,0.0,0.0,0.0,0.0,0.0,0.0,0.0,0.0,0.0,0.0,0.0,0.0,3468.0,3468.0,3468.0
236,70800.0,19.666666666666668,0.0,0.0,0.0,0.0,0.0,0.0,0.12552492559270514,0.12742306907894085,0.14384179638551314,0.00168907359677456,0.12649110645467654,0.12649121993497836,0.12649110640673517,0.12649110640673517,0.12649110640673517,0.0,0.0,0.0,0.0,0.0,0.0,0.2534807385192211,0.25649698332634613,0.2884833580788131,2.3147693134525496e-09,2.8789069122407036e-05,0.001456983035993607,0.0,0.0,0.0,9.591515919733153e-09,0.00011267161294988066,0.005724793923607472,0.0,0.0,0.0,0.0,0.0,0.0,0.0,0.0,0.0,0.0,0.0,0.0,3460.0,3460.0,3460.0
237,71100.0,19.75,0.0,0.0,0.0,0.0,0.0,0.0,0.12555096406690477,0.12742095712513649,0.1437488983930556,0.001670554895897272,0.12649110644534323,0.12649113175889234,0.12649110640673517,0.12649110640673517,0.12649110640673517,0.0,0.0,0.0,0.0,0.0,0.0,0.2534762079911051,0.2564284035155818,0.2883144684242535,3.392176642554443e-09,3.222154834627107e-05,0.0021997535540238563,0.0,0.0,0.0,1.335473389479107e-08,0.00012444229554654036,0.008614038509908085,0.0,0.0,0.0,0.0,0.0,0.0,0.0,0.0,0.0,0.0,0.0,0.0,3448.0,3448.0,3448.0
238,71400.0,19.833333333333332,0.0,0.0,0.0,0.0,0.0,0.0,0.12557646719470753,0.1274309903017433,0.1436970383006688,0.0016532416277028218,0.12649110656732246,0.12649113311375462,0.12649110640673517,0.12649110640673517,0.12649110640673517,0.0,0.0,0.0,0.0,0.0,0.0,0.25347875580267887,0.2564235547364138,0.28817144321209565,1.4729896663940779e-08,3.981021625344207e-05,0.0016689224754884932,0.0,0.0,0.0,5.834266822056327e-08,0.00015695125524172138,0.006601124538691307,0.0,0.0,0.0,0.0,0.0,0.0,0.0,0.0,0.0,0.0,0.0,0.0,3437.0,3437.0,3437.0
239,71700.0,19.916666666666668,0.0,0.0,0.0,0.0,0.0,0.0,0.1255940038623054,0.1274250825875454,0.14366101156206373,0.0016346850359621958,0.1264911065118716,0.1264911438912023,0.12649110640673517,0.12649110640673517,0.12649110640673517,0.0,0.0,0.0,0.0,0.0,0.0,0.25348639835998915,0.25647900712304733,0.28806433892499955,4.6129772158971584e-08,5.141385958550677e-05,0.0017616503788113027,0.0,0.0,0.0,1.8224786878613517e-07,0.0002014349968337446,0.006909201327174061,0.0,0.0,0.0,0.0,0.0,0.0,0.0,0.0,0.0,0.0,0.0,0.0,3428.0,3428.0,3428.0
240,72000.0,20.0,0.0,0.0,0.0,0.0,0.0,0.0,0.12561261482539723,0.12743477368062073,0.14361548693221882,0.001607925659819122,0.1264911064331861,0.1264912145035029,0.12649110640673517,0.12649110640673517,0.12649110640673517,0.0,0.0,0.0,0.0,0.0,0.0,0.2534824373207778,0.2564532718273853,0.287985021786754,3.6703868434245056e-09,3.5179751192230256e-05,0.0015712312166306628,0.0,0.0,0.0,1.4592901000168092e-08,0.00013186552374321787,0.006217082940799477,0.0,0.0,0.0,0.0,0.0,0.0,0.0,0.0,0.0,0.0,0.0,0.0,3416.0,3416.0,3416.0
241,72300.0,20.083333333333332,0.0,0.0,0.0,0.0,0.0,0.0,0.12562172600613558,0.1274264965082453,0.14353391425991935,0.0015889311482197026,0.12649110646632966,0.1264911602761222,0.12649110640673517,0.12649110640673517,0.12649110640673517,0.0,0.0,0.0,0.0,0.0,0.0,0.2534862079838447,0.2565296080029807,0.2878300018231518,1.4237829284371175e-08,4.974283191634552e-05,0.0017317840389125217,0.0,0.0,0.0,5.648194029608275e-08,0.00019027062964735637,0.006797641298785131,0.0,0.0,0.0,0.0,0.0,0.0,0.0,0.0,0.0,0.0,0.0,0.0,3406.0,3406.0,3406.0
242,72600.0,20.166666666666668,0.0,0.0,0.0,0.0,0.0,0.0,0.12564265722324136,0.12744245337706583,0.14333843886498263,0.001560559415057321,0.12649110641701605,0.12649111069408792,0.12649110640673517,0.12649110640673517,0.12649110640673517,0.0,0.0,0.0,0.0,0.0,0.0,0.25348385982910615,0.25654278290158605,0.28751039459850586,3.891660101437305e-09,2.464189875552399e-05,0.001355634884328833,0.0,0.0,0.0,1.5438758244885314e-08,9.463718925287185e-05,0.005361325222278906,0.0,0.0,0.0,0.0,0.0,0.0,0.0,0.0,0.0,0.0,0.0,0.0,3396.0,3396.0,3396.0
243,72900.0,20.25,0.0,0.0,0.0,0.0,0.0,0.0,0.12566966797730714,0.1274535669060945,0.14323713544271702,0.0015507598902503408,0.12649110642939942,0.12649111893151443,0.12649110640673517,0.12649110640673517,0.12649110640673517,0.0,0.0,0.0,0.0,0.0,0.0,0.2534950277637269,0.2566041818335292,0.2873145710043622,1.8398325970486291e-09,2.3917507815289437e-05,0.0012213866944129532,0.0,0.0,0.0,7.474703508669517e-09,9.131282973815561e-05,0.0047993366106762626,0.0,0.0,0.0,0.0,0.0,0.0,0.0,0.0,0.0,0.0,0.0,0.0,3385.0,3385.0,3385.0
244,73200.0,20.333333333333332,0.0,0.0,0.0,0.0,0.0,0.0,0.12569058791671153,0.12745629960895244,0.14315349384843226,0.0015286684583228037,0.12649110643616449,0.1264911239174506,0.12649110640673517,0.12649110640673517,0.12649110640673517,0.0,0.0,0.0,0.0,0.0,0.0,0.2534855182155487,0.2565103416830351,0.287150527918982,3.850199422178917e-09,3.0836304936319936e-05,0.0013901448446655789,0.0,0.0,0.0,1.5360374822578487e-08,0.00012146871238328148,0.0054991257343957696,0.0,0.0,0.0,0.0,0.0,0.0,0.0,0.0,0.0,0.0,0.0,0.0,3377.0,3377.0,3377.0
245,73500.0,20.416666666666668,0.0,0.0,0.0,0.0,0.0,0.0,0.1257135420679708,0.1274527183762608,0.14311420591886118,0.001511376127703746,0.12649110647950135,0.12649119242696777,0.12649110640673517,0.12649110640673517,0.12649110640673517,0.0,0.0,0.0,0.0,0.0,0.0,0.2534932265160502,0.2565511201104829,0.2869968645252365,1.3378834247125683e-08,2.7933966706685294e-05,0.0012776562397960119,0.0,0.0,0.0,5.308383793707767e-08,0.00010598132032370184,0.005056080422476587,0.0,0.0,0.0,0.0,0.0,0.0,0.0,0.0,0.0,0.0,0.0,0.0,3369.0,3369.0,3369.0
246,73800.0,20.5,0.0,0.0,0.0,0.0,0.0,0.0,0.12572242601205036,0.12746587209275045,0.14316707922616587,0.001487493503875923,0.12649110641746403,0.12649112630654036,0.12649110640673517,0.12649110640673517,0.12649110640673517,0.0,0.0,0.0,0.0,0.0,0.0,0.253487813346125,0.2565598909056273,0.2869873942885599,3.242519656258447e-09,2.0205443723632457e-05,0.0013176544436087816,0.0,0.0,0.0,1.2968451944643031e-08,7.9389516306753e-05,0.005210751845285525,0.0,0.0,0.0,0.0,0.0,0.0,0.0,0.0,0.0,0.0,0.0,0.0,3359.0,3359.0,3359.0
247,74100.0,20.583333333333332,0.0,0.0,0.0,0.0,0.0,0.0,0.12573544178564838,0.12747177615113728,0.1433205684686208,0.001465806109127229,0.12649110642541717,0.1264911604005266,0.12649110640673517,0.12649110640673517,0.12649110640673517,0.0,0.0,0.0,0.0,0.0,0.0,0.25349539271846944,0.2565201017471768,0.287315147085189,6.39752165886603e-09,1.7166032955828392e-05,0.0011124579016696789,0.0,0.0,0.0,2.5512766260035386e-08,6.381201672157849e-05,0.004374567882493869,0.0,0.0,0.0,0.0,0.0,0.0,0.0,0.0,0.0,0.0,0.0,0.0,3348.0,3348.0,3348.0
248,74400.0,20.666666666666668,0.0,0.0,0.0,0.0,0.0,0.0,0.12573916735324273,0.12748005476601773,0.14405281324765365,0.00144820623885938,0.12649110643593248,0.1264911125474713,0.12649110640673517,0.12649110640673517,0.12649110640673517,0.0,0.0,0.0,0.0,0.0,0.0,0.2534920144146037,0.2565079276951033,0.28884683131799227,2.0930402394564008e-09,1.9486757648475475e-05,0.001990382378078735,0.0,0.0,0.0,8.478751342722259e-09,7.428200909411727e-05,0.0078038430087803605,0.0,0.0,0.0,0.0,0.0,0.0,0.0,0.0,0.0,0.0,0.0,0.0,3339.0,3339.0,3339.0
249,74700.0,20.75,0.0,0.0,0.0,0.0,0.0,0.0,0.125764765313886,0.12748179696929218,0.144590445695562,0.001433121726237174,0.1264911064408745,0.12649113444321,0.12649110640673517,0.12649110640673517,0.12649110640673517,0.0,0.0,0.0,0.0,0.0,0.0,0.25349636360588734,0.25650365287732163,0.28995977151077373,1.4538869020112831e-09,1.9194660706610567e-05,0.0012410330944668411,0.0,0.0,0.0,5.869078311930753e-09,7.506101461338519e-05,0.004879508569985761,0.0,0.0,0.0,0.0,0.0,0.0,0.0,0.0,0.0,0.0,0.0,0.0,3329.0,3329.0,3329.0
250,75000.0,20.833333333333332,0.0,0.0,0.0,0.0,0.0,0.0,0.1257742563419318,0.12748326024539763,0.14408928263288012,0.0014202907921501927,0.12649110643727127,0.12649111410638292,0.12649110640673517,0.12649110640673517,0.12649110640673517,0.0,0.0,0.0,0.0,0.0,0.0,0.2534969312117949,0.25644904422733433,0.28891186630859444,3.7333196425648486e-09,1.989847296663252e-05,0.0030196630329266377,0.0,0.0,0.0,1.486985244199311e-08,7.677467347591313e-05,0.01203921006243372,0.0,0.0,0.0,0.0,0.0,0.0,0.0,0.0,0.0,0.0,0.0,0.0,3320.0,3320.0,3320.0
251,75300.0,20.916666666666668,0.0,0.0,0.0,0.0,0.0,0.0,0.12580687503738203,0.12750782084181825,0.1445392428690602,0.0013912349008446633,0.12649110642740558,0.12649114733413852,0.12649110640673517,0.12649110640673517,0.12649110640673517,0.0,0.0,0.0,0.0,0.0,0.0,0.25350268574382673,0.25646754213968787,0.2898434638362695,1.306723607474006e-09,1.393222161164934e-05,0.001789090006126313,0.0,0.0,0.0,5.265998794746073e-09,5.329528950024443e-05,0.007067981429257304,0.0,0.0,0.0,0.0,0.0,0.0,0.0,0.0,0.0,0.0,0.0,0.0,3307.0,3307.0,3307.0
252,75600.0,21.0,0.0,0.0,0.0,0.0,0.0,0.0,0.12581584450332356,0.1274940586445572,0.1445637648564176,0.0013833037496100754,0.1264911064156751,0.12649111940759558,0.12649110640673517,0.12649110640673517,0.12649110640673517,0.0,0.0,0.0,0.0,0.0,0.0,0.2535028112078632,0.25639829846655865,0.2899258445417364,3.7101225933544897e-09,1.7065592534000805e-05,0.001982608061800554,0.0,0.0,0.0,1.4775760759930464e-08,6.563315295366005e-05,0.007780585320216992,0.0,0.0,0.0,0.0,0.0,0.0,0.0,0.0,0.0,0.0,0.0,0.0,3299.0,3299.0,3299.0
253,75900.0,21.083333333333332,0.0,0.0,0.0,0.0,0.0,0.0,0.12583012867383775,0.127523667134047,0.14443498377602565,0.001366133526546825,0.12649110642764305,0.1264911264672309,0.12649110640673517,0.12649110640673517,0.12649110640673517,0.0,0.0,0.0,0.0,0.0,0.0,0.25350668474770555,0.2564572975582211,0.289669745244854,2.2627108021793945e-09,1.8817970951325295e-05,0.0019041937727563218,0.0,0.0,0.0,9.10700526844206e-09,7.22078504096963e-05,0.007550738827561726,0.0,0.0,0.0,0.0,0.0,0.0,0.0,0.0,0.0,0.0,0.0,0.0,3291.0,3291.0,3291.0
254,76200.0,21.166666666666668,0.0,0.0,0.0,0.0,0.0,0.0,0.12583508235526053,0.12752288393978584,0.14447371916820034,0.0013532520127196815,0.12649110645178568,0.12649111923019493,0.12649110640673517,0.12649110640673517,0.12649110640673517,0.0,0.0,0.0,0.0,0.0,0.0,0.2535128272277324,0.25655454781631926,0.28975396618853777,5.304102297517173e-09,2.61061844195414e-05,0.0025321086504816698,0.0,0.0,0.0,2.1623161135941687e-08,0.00010195484390670716,0.009934757375027912,0.0,0.0,0.0,0.0,0.0,0.0,0.0,0.0,0.0,0.0,0.0,0.0,3281.0,3281.0,3281.0
255,76500.0,21.25,0.0,0.0,0.0,0.0,0.0,0.0,0.12585736092467073,0.1275319557905145,0.14447118361077965,0.0013387334695644367,0.12649110642062794,0.12649112437958576,0.12649110640673517,0.12649110640673517,0.12649110640673517,0.0,0.0,0.0,0.0,0.0,0.0,0.2535137004863024,0.25648912772507043,0.28975266204772787,1.6640304381827148e-09,1.706882530091814e-05,0.0015111566020426343,0.0,0.0,0.0,6.784803726424455e-09,6.606079949233394e-05,0.005991429008043932,0.0,0.0,0.0,0.0,0.0,0.0,0.0,0.0,0.0,0.0,0.0,0.0,3272.0,3272.0,3272.0
256,76800.0,21.333333333333332,0.0,0.0,0.0,0.0,0.0,0.0,0.12586606939689216,0.12752586487410192,0.14449713243028653,0.0013248895223232698,0.12649110647244144,0.12649113803067602,0.12649110640673517,0.12649110640673517,0.12649110640673517,0.0,0.0,0.0,0.0,0.0,0.0,0.2535133122183747,0.2565438230776011,0.2898312445841366,1.0369163409384663e-08,2.2638493063990575e-05,0.0015134994651427268,0.0,0.0,0.0,4.161302185993526e-08,8.940716518061108e-05,0.005946754900497943,0.0,0.0,0.0,0.0,0.0,0.0,0.0,0.0,0.0,0.0,0.0,0.0,3262.0,3262.0,3262.0
257,77100.0,21.416666666666668,0.0,0.0,0.0,0.0,0.0,0.0,0.12588462812964604,0.12755255508148378,0.1444466330592721,0.0013136191775298023,0.1264911064112601,0.12649111084924758,0.12649110640673517,0.12649110640673517,0.12649110640673517,0.0,0.0,0.0,0.0,0.0,0.0,0.2535164489083609,0.25662940884832997,0.2897378412062345,1.752065457287588e-09,8.348401666877487e-06,0.0009164290772194863,0.0,0.0,0.0,6.966515412644711e-09,3.26149212685823e-05,0.003624267941991413,0.0,0.0,0.0,0.0,0.0,0.0,0.0,0.0,0.0,0.0,0.0,0.0,3250.0,3250.0,3250.0
258,77400.0,21.5,0.0,0.0,0.0,0.0,0.0,0.0,0.12589775499850034,0.12754541111603881,0.14442988921765262,0.0013006310845451988,0.1264911064445955,0.12649113549811794,0.12649110640673517,0.12649110640673517,0.12649110640673517,0.0,0.0,0.0,0.0,0.0,0.0,0.2535181989393637,0.25678874599182006,0.2897108611317327,4.434826204823125e-09,9.167656885976635e-06,0.00034678759841401033,0.0,0.0,0.0,1.7621423922054274e-08,3.478237331267342e-05,0.0013681112610474289,0.0,0.0,0.0,0.0,0.0,0.0,0.0,0.0,0.0,0.0,0.0,0.0,3238.0,3238.0,3238.0
259,77700.0,21.583333333333332,0.0,0.0,0.0,0.0,0.0,0.0,0.12591137984319134,0.12756873113479464,0.1443844563493576,0.0012897836209618894,0.1264911064163261,0.1264911104148714,0.12649110640673517,0.12649110640673517,0.12649110640673517,0.0,0.0,0.0,0.0,0.0,0.0,0.25351997606345433,0.2567422454624102,0.28962541510506623,4.2721333333189885e-09,9.142755499012395e-06,0.0010186021861737986,0.0,0.0,0.0,1.7003924911078485e-08,3.569294760787604e-05,0.004029666402866764,0.0,0.0,0.0,0.0,0.0,0.0,0.0,0.0,0.0,0.0,0.0,0.0,3232.0,3232.0,3232.0
260,78000.0,21.666666666666668,0.0,0.0,0.0,0.0,0.0,0.0,0.125919944943701,0.12756271066391756,0.1443890092237764,0.0012782743218641831,0.1264911064298322,0.1264911275536003,0.12649110640673517,0.12649110640673517,0.12649110640673517,0.0,0.0,0.0,0.0,0.0,0.0,0.2535207757937534,0.25670504793050003,0.2896409352172241,1.0739511534261507e-08,1.4306288441548193e-05,0.0009607458163225898,0.0,0.0,0.0,4.278369736335806e-08,5.474221117206051e-05,0.0037774911740093412,0.0,0.0,0.0,0.0,0.0,0.0,0.0,0.0,0.0,0.0,0.0,0.0,3222.0,3222.0,3222.0
261,78300.0,21.75,0.0,0.0,0.0,0.0,0.0,0.0,0.125932428693569,0.12757564522840775,0.14437958246422694,0.0012644919946424242,0.12649110643056827,0.1264911288657563,0.12649110640673517,0.12649110640673517,0.12649110640673517,0.0,0.0,0.0,0.0,0.0,0.0,0.2535228077722604,0.25665004733354113,0.2896355578998516,3.593873139221274e-09,8.040984631584385e-06,0.0013542357109033478,0.0,0.0,0.0,1.4360879797233844e-08,3.0505659064458648e-05,0.0053617807218436795,0.0,0.0,0.0,0.0,0.0,0.0,0.0,0.0,0.0,0.0,0.0,0.0,3211.0,3211.0,3211.0
262,78600.0,21.833333333333332,0.0,0.0,0.0,0.0,0.0,0.0,0.12594347114747848,0.12757665754644756,0.14445644587068424,0.0012517660164049046,0.12649110642188938,0.12649112164645052,0.12649110640673517,0.12649110640673517,0.12649110640673517,0.0,0.0,0.0,0.0,0.0,0.0,0.2535241863550365,0.25672540481096995,0.2898428955671264,4.5653277643569455e-09,2.015643915664286e-05,0.0008039368626498695,0.0,0.0,0.0,1.8075705146024686e-08,7.930903749778565e-05,0.003165082391179377,0.0,0.0,0.0,0.0,0.0,0.0,0.0,0.0,0.0,0.0,0.0,0.0,3201.0,3201.0,3201.0
263,78900.0,21.916666666666668,0.0,0.0,0.0,0.0,0.0,0.0,0.12595423547058837,0.1275914104490691,0.1445182958859406,0.001239192739235486,0.12649110640757036,0.1264911114058079,0.12649110640673517,0.12649110640673517,0.12649110640673517,0.0,0.0,0.0,0.0,0.0,0.0,0.253524310411931,0.2566379595640557,0.28999467747435026,8.222442945601617e-10,1.5999199568685003e-05,0.001046555372085434,0.0,0.0,0.0,3.230477627400059e-09,6.0841753362004144e-05,0.004139516379944046,0.0,0.0,0.0,0.0,0.0,0.0,0.0,0.0,0.0,0.0,0.0,0.0,3190.0,3190.0,3190.0
264,79200.0,22.0,0.0,0.0,0.0,0.0,0.0,0.0,0.12596213626201383,0.12759341337658808,0.14465520038358246,0.001229056242375287,0.12649110649566353,0.12649111464958132,0.12649110640673517,0.12649110640673517,0.12649110640673517,0.0,0.0,0.0,0.0,0.0,0.0,0.25352952675547946,0.256732032747769,0.2903244116613601,5.140332553615086e-09,1.2907086968095064e-05,0.0006533046457105311,0.0,0.0,0.0,2.0535970335283324e-08,5.07996893653733e-05,0.002573383054127145,0.0,0.0,0.0,0.0,0.0,0.0,0.0,0.0,0.0,0.0,0.0,0.0,3182.0,3182.0,3182.0
265,79500.0,22.083333333333332,0.0,0.0,0.0,0.0,0.0,0.0,0.12598016024302772,0.12762241881587713,0.1443041697038819,0.0012179920819013945,0.12649110641914021,0.12649111550558334,0.12649110640673517,0.12649110640673517,0.12649110640673517,0.0,0.0,0.0,0.0,0.0,0.0,0.2535270062261253,0.256644843700925,0.2896126816011175,1.8620410519699296e-09,1.6728572265521428e-05,0.0014020433644120758,0.0,0.0,0.0,7.433579328849005e-09,6.22343415710129e-05,0.005561880697562811,0.0,0.0,0.0,0.0,0.0,0.0,0.0,0.0,0.0,0.0,0.0,0.0,3174.0,3174.0,3174.0
266,79800.0,22.166666666666668,0.0,0.0,0.0,0.0,0.0,0.0,0.1259926553540262,0.1276145251654589,0.14436847653430368,0.001211202945767337,0.12649110640678154,0.1264911271239226,0.12649110640673517,0.12649110640673517,0.12649110640673517,0.0,0.0,0.0,0.0,0.0,0.0,0.2535304956188011,0.2567406514242983,0.2897321650072463,2.532002610568678e-09,1.5250720845042683e-05,0.0007933402827701533,0.0,0.0,0.0,1.0249386435751711e-08,5.9885427428878356e-05,0.0031241931478555858,0.0,0.0,0.0,0.0,0.0,0.0,0.0,0.0,0.0,0.0,0.0,0.0,3163.0,3163.0,3163.0
267,80100.0,22.25,0.0,0.0,0.0,0.0,0.0,0.0,0.12600141756459607,0.12762829636712575,0.14427207070535988,0.0011986292672983387,0.1264911063994249,0.1264911125118796,0.12649110640673517,0.12649110640673517,0.12649110640673517,0.0,0.0,0.0,0.0,0.0,0.0,0.25353063462643943,0.25674886611359515,0.28956159926735325,1.993840200781837e-09,1.1624332364709689e-05,0.0018450071420458827,0.0,0.0,0.0,8.02416378399086e-09,4.515310044623766e-05,0.007226872643823071,0.0,0.0,0.0,0.0,0.0,0.0,0.0,0.0,0.0,0.0,0.0,0.0,3152.0,3152.0,3152.0
268,80400.0,22.333333333333332,0.0,0.0,0.0,0.0,0.0,0.0,0.12600651457198275,0.12762861067514306,0.14419083773559077,0.0011900596602512968,0.12649110640600858,0.12649118392857508,0.12649110640673517,0.12649110640673517,0.12649110640673517,0.0,0.0,0.0,0.0,0.0,0.0,0.25352976358778734,0.25678218923823404,0.2893749180762596,1.364967639939761e-09,1.1511894390569183e-05,0.0008404423663969023,0.0,0.0,0.0,5.46974351045358e-09,4.468323358802649e-05,0.003306158785130322,0.0,0.0,0.0,0.0,0.0,0.0,0.0,0.0,0.0,0.0,0.0,0.0,3145.0,3145.0,3145.0
269,80700.0,22.416666666666668,0.0,0.0,0.0,0.0,0.0,0.0,0.12602117105773236,0.12762684775654476,0.1441444308718245,0.0011799274080398015,0.1264911064115658,0.1264911345876218,0.12649110640673517,0.12649110640673517,0.12649110640673517,0.0,0.0,0.0,0.0,0.0,0.0,0.2535332570108688,0.2567949460264372,0.28928739171131757,9.055147803957985e-09,9.33453018985981e-06,0.0011243646231942608,0.0,0.0,0.0,3.5915618957539e-08,3.442477372356017e-05,0.004455487529466789,0.0,0.0,0.0,0.0,0.0,0.0,0.0,0.0,0.0,0.0,0.0,0.0,3136.0,3136.0,3136.0
270,81000.0,22.5,0.0,0.0,0.0,0.0,0.0,0.0,0.12603068629233166,0.12762546161235228,0.1441056654820335,0.0011681629926347309,0.1264911063726428,0.12649111404577865,0.12649110640673517,0.12649110640673517,0.12649110640673517,0.0,0.0,0.0,0.0,0.0,0.0,0.25353261881256023,0.25683547933869955,0.2892015273038861,4.047775723100436e-09,8.28773288309785e-06,0.001014076447324676,0.0,0.0,0.0,1.6152052246740302e-08,3.178296038698195e-05,0.003987045005626788,0.0,0.0,0.0,0.0,0.0,0.0,0.0,0.0,0.0,0.0,0.0,0.0,3128.0,3128.0,3128.0
271,81300.0,22.583333333333332,0.0,0.0,0.0,0.0,0.0,0.0,0.1260405323963822,0.12762845510153425,0.14401963259240885,0.001159118628947917,0.12649110635725755,0.12649112479243724,0.12649110640673517,0.12649110640673517,0.12649110640673517,0.0,0.0,0.0,0.0,0.0,0.0,0.25353534538132044,0.256826758291742,0.28904373887110507,7.34824943056263e-09,1.5453158690298748e-05,0.0016639341707415148,0.0,0.0,0.0,2.9258247780420502e-08,6.0244845005752864e-05,0.006403828061829047,0.0,0.0,0.0,0.0,0.0,0.0,0.0,0.0,0.0,0.0,0.0,0.0,3116.0,3116.0,3116.0
272,81600.0,22.666666666666668,0.0,0.0,0.0,0.0,0.0,0.0,0.12604718228394607,0.12763753085810417,0.14391175265543554,0.0011522452230750292,0.126491106361092,0.12649112075025137,0.12649110640673517,0.12649110640673517,0.12649110640673517,0.0,0.0,0.0,0.0,0.0,0.0,0.25353531249489003,0.25687629485048624,0.28881930101563325,4.214918159250802e-09,7.947476699446278e-06,0.0008602013553634182,0.0,0.0,0.0,1.674193717613838e-08,3.0099349755244512e-05,0.003383049375285754,0.0,0.0,0.0,0.0,0.0,0.0,0.0,0.0,0.0,0.0,0.0,0.0,3108.0,3108.0,3108.0
273,81900.0,22.75,0.0,0.0,0.0,0.0,0.0,0.0,0.1260604963143228,0.12762663003003194,0.14387538447529746,0.001145564522855426,0.1264911064065702,0.12649120026018376,0.12649110640673517,0.12649110640673517,0.12649110640673517,0.0,0.0,0.0,0.0,0.0,0.0,0.2535385179264023,0.256961929692789,0.288753085817128,1.9209311749912938e-09,7.357878009968645e-06,0.0009428864960552864,0.0,0.0,0.0,7.652143957539794e-09,2.8838379692430485e-05,0.003705003839788323,0.0,0.0,0.0,0.0,0.0,0.0,0.0,0.0,0.0,0.0,0.0,0.0,3100.0,3100.0,3100.0
274,82200.0,22.833333333333332,0.0,0.0,0.0,0.0,0.0,0.0,0.1260667148255114,0.12763626339106193,0.14375770258174253,0.001138480320132196,0.12649110638507402,0.12649112130062676,0.12649110640673517,0.12649110640673517,0.12649110640673517,0.0,0.0,0.0,0.0,0.0,0.0,0.25354344924203726,0.256950815735408,0.28851698386778846,8.193574383166362e-09,6.713111786324757e-06,0.000535215092596039,0.0,0.0,0.0,3.239435921505322e-08,2.567605566951476e-05,0.0021151779201067883,0.0,0.0,0.0,0.0,0.0,0.0,0.0,0.0,0.0,0.0,0.0,0.0,3090.0,3090.0,3090.0
275,82500.0,22.916666666666668,0.0,0.0,0.0,0.0,0.0,0.0,0.12607254268689863,0.12762608366971212,0.14369994546215092,0.0011315913268109036,0.12649110634347896,0.1264911130402144,0.12649110640673517,0.12649110640673517,0.12649110640673517,0.0,0.0,0.0,0.0,0.0,0.0,0.2535425758109239,0.2569878279960457,0.28838117625248644,6.994482764901434e-09,8.603580179451643e-06,0.0006884827632004743,0.0,0.0,0.0,2.7756435823695006e-08,3.3329936319162725e-05,0.0027076426581123356,0.0,0.0,0.0,0.0,0.0,0.0,0.0,0.0,0.0,0.0,0.0,0.0,3079.0,3079.0,3079.0
276,82800.0,23.0,0.0,0.0,0.0,0.0,0.0,0.0,0.1260884900124093,0.1276351821361574,0.14358247982195357,0.001115981025535099,0.12649110640038508,0.12649111404281416,0.12649110640673517,0.12649110640673517,0.12649110640673517,0.0,0.0,0.0,0.0,0.0,0.0,0.25354393171104794,0.2570072428593439,0.28817213671195424,4.094803836033677e-09,6.20971714102265e-06,0.00044433396827256655,0.0,0.0,0.0,1.6210272446672027e-08,2.3698362810026904e-05,0.0017563465698027766,0.0,0.0,0.0,0.0,0.0,0.0,0.0,0.0,0.0,0.0,0.0,0.0,3073.0,3073.0,3073.0
277,83100.0,23.083333333333332,0.0,0.0,0.0,0.0,0.0,0.0,0.12609419748014772,0.12762969686115508,0.14353558172178615,0.0011104370216968255,0.12649110639147185,0.12649111206187777,0.12649110640673517,0.12649110640673517,0.12649110640673517,0.0,0.0,0.0,0.0,0.0,0.0,0.2535441191410739,0.2569975519830653,0.2880654724594604,2.42149116822829e-09,5.13676664735044e-06,0.00023661392490381263,0.0,0.0,0.0,9.580338072952869e-09,1.980252809259137e-05,0.0009206488077523609,0.0,0.0,0.0,0.0,0.0,0.0,0.0,0.0,0.0,0.0,0.0,0.0,3063.0,3063.0,3063.0
278,83400.0,23.166666666666668,0.0,0.0,0.0,0.0,0.0,0.0,0.12610454502989762,0.127643048790289,0.14346181026619872,0.0011046873066084875,0.12649110635844366,0.12649111844461233,0.12649110640673517,0.12649110640673517,0.12649110640673517,0.0,0.0,0.0,0.0,0.0,0.0,0.2535475218995409,0.2570213073662578,0.2879195551032556,2.131525001414843e-09,6.029923203257135e-06,0.00044059304255653157,0.0,0.0,0.0,8.448722214630695e-09,2.3778869356474082e-05,0.001741621461535285,0.0,0.0,0.0,0.0,0.0,0.0,0.0,0.0,0.0,0.0,0.0,0.0,3053.0,3053.0,3053.0
279,83700.0,23.25,0.0,0.0,0.0,0.0,0.0,0.0,0.12611449092349905,0.12763150512795648,0.14339350347588747,0.0010980156408523427,0.12649110602380256,0.12649111664690274,0.12649110640673517,0.12649110640673517,0.12649110640673517,0.0,0.0,0.0,0.0,0.0,0.0,0.2535488070307068,0.2570552710767198,0.2878034670164076,1.6881657232738272e-08,5.081174727644187e-06,0.0003134313787375561,0.0,0.0,0.0,6.705162679017989e-08,1.979968657287724e-05,0.0012369217621372615,0.0,0.0,0.0,0.0,0.0,0.0,0.0,0.0,0.0,0.0,0.0,0.0,3042.0,3042.0,3042.0
280,84000.0,23.333333333333332,0.0,0.0,0.0,0.0,0.0,0.0,0.12612106042132643,0.12765435845228737,0.1433382783583205,0.0010897050921567022,0.12649110608454223,0.12649112016663538,0.12649110640673517,0.12649110640673517,0.12649110640673517,0.0,0.0,0.0,0.0,0.0,0.0,0.25354958503275143,0.25703180998718284,0.28772811997434555,3.3185399927326157e-09,7.4762059925876505e-06,0.00046952461602431893,0.0,0.0,0.0,1.321858631675173e-08,2.9094737953939827e-05,0.0018566372562674343,0.0,0.0,0.0,0.0,0.0,0.0,0.0,0.0,0.0,0.0,0.0,0.0,3036.0,3036.0,3036.0
281,84300.0,23.416666666666668,0.0,0.0,0.0,0.0,0.0,0.0,0.12612835690805055,0.12765455025307243,0.1432301538400654,0.0010812173375559179,0.12649110605311464,0.1264911372193375,0.12649110640673517,0.12649110640673517,0.12649110640673517,0.0,0.0,0.0,0.0,0.0,0.0,0.2535514716374493,0.2570396172794275,0.28755695295293937,8.031346645713424e-09,8.860799451116472e-06,0.000397380402589969,0.0,0.0,0.0,3.2046341228631134e-08,3.448746598395795e-05,0.0015679309185341634,0.0,0.0,0.0,0.0,0.0,0.0,0.0,0.0,0.0,0.0,0.0,0.0,3026.0,3026.0,3026.0
282,84600.0,23.5,0.0,0.0,0.0,0.0,0.0,0.0,0.12613526139818318,0.12768654633267018,0.1441244172057617,0.0010728752550142363,0.1264911058008159,0.1264911545209176,0.12649110640673517,0.12649110640673517,0.12649110640673517,0.0,0.0,0.0,0.0,0.0,0.0,0.25355664193093863,0.25696971726487444,0.28955432768283795,2.864154614540541e-09,8.974129053325663e-06,0.000849918679411607,0.0,0.0,0.0,1.145375331562254e-08,3.4275333368706385e-05,0.003363064151818757,0.0,0.0,0.0,0.0,0.0,0.0,0.0,0.0,0.0,0.0,0.0,0.0,3017.0,3017.0,3017.0
283,84900.0,23.583333333333332,0.0,0.0,0.0,0.0,0.0,0.0,0.1261417790816455,0.12768351640921002,0.14407709692209128,0.0010634452394284572,0.1264911056618049,0.12649115706488065,0.12649110640673517,0.12649110640673517,0.12649110640673517,0.0,0.0,0.0,0.0,0.0,0.0,0.2535557927594249,0.25699985038411993,0.28943531812077095,4.17633063327946e-09,7.061455815833998e-06,0.00044047358009051066,0.0,0.0,0.0,1.6669515396704278e-08,2.7703320806969174e-05,0.0017378577282035324,0.0,0.0,0.0,0.0,0.0,0.0,0.0,0.0,0.0,0.0,0.0,0.0,3006.0,3006.0,3006.0
284,85200.0,23.666666666666668,0.0,0.0,0.0,0.0,0.0,0.0,0.1261475942339469,0.12769444969186597,0.14403950471637011,0.001057327508542878,0.12649110462532476,0.12649112832111017,0.12649110640673517,0.12649110640673517,0.12649110640673517,0.0,0.0,0.0,0.0,0.0,0.0,0.2535595184413223,0.25700180613480494,0.28944047947987117,4.692488576907061e-09,4.319024975160805e-06,0.001148409933321276,0.0,0.0,0.0,1.8732870611994187e-08,1.687954401202847e-05,0.004555835732091191,0.0,0.0,0.0,0.0,0.0,0.0,0.0,0.0,0.0,0.0,0.0,0.0,3001.0,3001.0,3001.0
285,85500.0,23.75,0.0,0.0,0.0,0.0,0.0,0.0,0.12615813069102683,0.12767823564566788,0.14395261256975792,0.001052676108189422,0.1264911045431168,0.12649115948734924,0.12649110640673517,0.12649110640673517,0.12649110640673517,0.0,0.0,0.0,0.0,0.0,0.0,0.2535580614257224,0.2570992259149304,0.2892245807821495,1.0883576049449274e-08,1.1274568496901192e-05,0.0006839431734956835,0.0,0.0,0.0,4.347659537607502e-08,4.391243834368273e-05,0.002697032319452419,0.0,0.0,0.0,0.0,0.0,0.0,0.0,0.0,0.0,0.0,0.0,0.0,2992.0,2992.0,2992.0
286,85800.0,23.833333333333332,0.0,0.0,0.0,0.0,0.0,0.0,0.1261631733056744,0.12770588904607752,0.14383512938931048,0.0010445568082044546,0.12649110543901654,0.12649111589920692,0.12649110640673517,0.12649110640673517,0.12649110640673517,0.0,0.0,0.0,0.0,0.0,0.0,0.2535605466035262,0.2570275541687849,0.2891044158898406,2.6117967754121103e-09,7.50883942978444e-06,0.001994263898553152,0.0,0.0,0.0,1.0453487321074248e-08,2.9019441718311994e-05,0.0077499075981313365,0.0,0.0,0.0,0.0,0.0,0.0,0.0,0.0,0.0,0.0,0.0,0.0,2984.0,2984.0,2984.0
287,86100.0,23.916666666666668,0.0,0.0,0.0,0.0,0.0,0.0,0.12617080842747816,0.12770316173021895,0.14376363421041777,0.001037763203668248,0.12649110489452808,0.12649111183256867,0.12649110640673517,0.12649110640673517,0.12649110640673517,0.0,0.0,0.0,0.0,0.0,0.0,0.25356151469102883,0.25711184625665967,0.28888127983077017,5.877951789961777e-09,7.910646704984058e-06,0.0006579587029695869,0.0,0.0,0.0,2.3436436153219557e-08,3.0860429927981724e-05,0.002600178476278366,0.0,0.0,0.0,0.0,0.0,0.0,0.0,0.0,0.0,0.0,0.0,0.0,2973.0,2973.0,2973.0
288,86400.0,24.0,0.0,0.0,0.0,0.0,0.0,0.0,0.1261771011250329,0.12771098449474697,0.14362611104834283,0.0010326601671270385,0.12649110211298706,0.1264911195081378,0.12649110640673517,0.12649110640673517,0.12649110640673517,0.0,0.0,0.0,0.0,0.0,0.0,0.25356305294047343,0.25711076827163964,0.288654997334082,3.4687677242574407e-09,6.698229057125417e-06,0.0019547140228380463,0.0,0.0,0.0,1.3834335191582083e-08,2.6843466949609913e-05,0.007595869333810433,0.0,0.0,0.0,0.0,0.0,0.0,0.0,0.0,0.0,0.0,0.0,0.0,2963.0,2963.0,2963.0
