This is XeTeX, Version 3.141592653-2.6-0.999998 (TeX Live 2026) (preloaded format=xelatex 2026.5.25)  20 AUG 2026 09:58
entering extended mode
 restricted \write18 enabled.
 file:line:error style messages enabled.
 %&-line parsing enabled.
**c:/work/数模/集训模型2/paper/main
(c:/work/数模/集训模型2/paper/main.tex
LaTeX2e <2025-11-01>
L3 programming layer <2026-05-15>
(c:/texlive/2026/texmf-dist/tex/latex/ctex/ctexart.cls (c:/texlive/2026/texmf-dist/tex/latex/ctex/config/ctexbackend.cfg
File: ctexbackend.cfg 2022/07/14 v2.5.10 Backend configuration file (CTEX)
) (c:/texlive/2026/texmf-dist/tex/latex/l3kernel/expl3.sty
Package: expl3 2026-05-15 L3 programming layer (loader) 
 (c:/texlive/2026/texmf-dist/tex/latex/l3backend/l3backend-xetex.def
File: l3backend-xetex.def 2026-02-18 L3 backend support: XeTeX
\g__graphics_track_int=\count272
\g__pdfannot_backend_int=\count273
\g__pdfannot_backend_link_int=\count274
))
Document Class: ctexart 2022/07/14 v2.5.10 Chinese adapter for class article (CTEX)
(c:/texlive/2026/texmf-dist/tex/latex/ctex/ctexhook.sty
Package: ctexhook 2022/07/14 v2.5.10 Document and package hooks (CTEX)
) (c:/texlive/2026/texmf-dist/tex/latex/ctex/ctexpatch.sty
Package: ctexpatch 2022/07/14 v2.5.10 Patching commands (CTEX)
) (c:/texlive/2026/texmf-dist/tex/latex/base/fix-cm.sty
Package: fix-cm 2020/11/24 v1.1t fixes to LaTeX
 (c:/texlive/2026/texmf-dist/tex/latex/base/ts1enc.def
File: ts1enc.def 2001/06/05 v3.0e (jk/car/fm) Standard LaTeX file
LaTeX Font Info:    Redeclaring font encoding TS1 on input line 47.
LaTeX Encoding Info:    Redeclaring text command \capitalcedilla (encoding TS1) on input line 49.
LaTeX Encoding Info:    Redeclaring text command \capitalogonek (encoding TS1) on input line 52.
LaTeX Encoding Info:    Redeclaring text command \capitalgrave (encoding TS1) on input line 55.
LaTeX Encoding Info:    Redeclaring text command \capitalacute (encoding TS1) on input line 56.
LaTeX Encoding Info:    Redeclaring text command \capitalcircumflex (encoding TS1) on input line 57.
LaTeX Encoding Info:    Redeclaring text command \capitaltilde (encoding TS1) on input line 58.
LaTeX Encoding Info:    Redeclaring text command \capitaldieresis (encoding TS1) on input line 59.
LaTeX Encoding Info:    Redeclaring text command \capitalhungarumlaut (encoding TS1) on input line 60.
LaTeX Encoding Info:    Redeclaring text command \capitalring (encoding TS1) on input line 61.
LaTeX Encoding Info:    Redeclaring text command \capitalcaron (encoding TS1) on input line 62.
LaTeX Encoding Info:    Redeclaring text command \capitalbreve (encoding TS1) on input line 63.
LaTeX Encoding Info:    Redeclaring text command \capitalmacron (encoding TS1) on input line 64.
LaTeX Encoding Info:    Redeclaring text command \capitaldotaccent (encoding TS1) on input line 65.
LaTeX Encoding Info:    Redeclaring text command \t (encoding TS1) on input line 66.
LaTeX Encoding Info:    Redeclaring text command \capitaltie (encoding TS1) on input line 67.
LaTeX Encoding Info:    Redeclaring text command \newtie (encoding TS1) on input line 68.
LaTeX Encoding Info:    Redeclaring text command \capitalnewtie (encoding TS1) on input line 69.
LaTeX Encoding Info:    Redeclaring text symbol \textcapitalcompwordmark (encoding TS1) on input line 70.
LaTeX Encoding Info:    Redeclaring text symbol \textascendercompwordmark (encoding TS1) on input line 71.
LaTeX Encoding Info:    Redeclaring text symbol \textquotestraightbase (encoding TS1) on input line 72.
LaTeX Encoding Info:    Redeclaring text symbol \textquotestraightdblbase (encoding TS1) on input line 73.
LaTeX Encoding Info:    Redeclaring text symbol \texttwelveudash (encoding TS1) on input line 74.
LaTeX Encoding Info:    Redeclaring text symbol \textthreequartersemdash (encoding TS1) on input line 75.
LaTeX Encoding Info:    Redeclaring text symbol \textleftarrow (encoding TS1) on input line 76.
LaTeX Encoding Info:    Redeclaring text symbol \textrightarrow (encoding TS1) on input line 77.
LaTeX Encoding Info:    Redeclaring text symbol \textblank (encoding TS1) on input line 78.
LaTeX Encoding Info:    Redeclaring text symbol \textdollar (encoding TS1) on input line 79.
LaTeX Encoding Info:    Redeclaring text symbol \textquotesingle (encoding TS1) on input line 80.
LaTeX Encoding Info:    Redeclaring text command \textasteriskcentered (encoding TS1) on input line 81.
LaTeX Encoding Info:    Redeclaring text symbol \textdblhyphen (encoding TS1) on input line 92.
LaTeX Encoding Info:    Redeclaring text symbol \textfractionsolidus (encoding TS1) on input line 93.
LaTeX Encoding Info:    Redeclaring text symbol \textzerooldstyle (encoding TS1) on input line 94.
LaTeX Encoding Info:    Redeclaring text symbol \textoneoldstyle (encoding TS1) on input line 95.
LaTeX Encoding Info:    Redeclaring text symbol \texttwooldstyle (encoding TS1) on input line 96.
LaTeX Encoding Info:    Redeclaring text symbol \textthreeoldstyle (encoding TS1) on input line 97.
LaTeX Encoding Info:    Redeclaring text symbol \textfouroldstyle (encoding TS1) on input line 98.
LaTeX Encoding Info:    Redeclaring text symbol \textfiveoldstyle (encoding TS1) on input line 99.
LaTeX Encoding Info:    Redeclaring text symbol \textsixoldstyle (encoding TS1) on input line 100.
LaTeX Encoding Info:    Redeclaring text symbol \textsevenoldstyle (encoding TS1) on input line 101.
LaTeX Encoding Info:    Redeclaring text symbol \texteightoldstyle (encoding TS1) on input line 102.
LaTeX Encoding Info:    Redeclaring text symbol \textnineoldstyle (encoding TS1) on input line 103.
LaTeX Encoding Info:    Redeclaring text symbol \textlangle (encoding TS1) on input line 104.
LaTeX Encoding Info:    Redeclaring text symbol \textminus (encoding TS1) on input line 105.
LaTeX Encoding Info:    Redeclaring text symbol \textrangle (encoding TS1) on input line 106.
LaTeX Encoding Info:    Redeclaring text symbol \textmho (encoding TS1) on input line 107.
LaTeX Encoding Info:    Redeclaring text symbol \textbigcircle (encoding TS1) on input line 108.
LaTeX Encoding Info:    Redeclaring text command \textcircled (encoding TS1) on input line 109.
LaTeX Encoding Info:    Redeclaring text symbol \textohm (encoding TS1) on input line 115.
LaTeX Encoding Info:    Redeclaring text symbol \textlbrackdbl (encoding TS1) on input line 116.
LaTeX Encoding Info:    Redeclaring text symbol \textrbrackdbl (encoding TS1) on input line 117.
LaTeX Encoding Info:    Redeclaring text symbol \textuparrow (encoding TS1) on input line 118.
LaTeX Encoding Info:    Redeclaring text symbol \textdownarrow (encoding TS1) on input line 119.
LaTeX Encoding Info:    Redeclaring text symbol \textasciigrave (encoding TS1) on input line 120.
LaTeX Encoding Info:    Redeclaring text symbol \textborn (encoding TS1) on input line 121.
LaTeX Encoding Info:    Redeclaring text symbol \textdivorced (encoding TS1) on input line 122.
LaTeX Encoding Info:    Redeclaring text symbol \textdied (encoding TS1) on input line 123.
LaTeX Encoding Info:    Redeclaring text symbol \textleaf (encoding TS1) on input line 124.
LaTeX Encoding Info:    Redeclaring text symbol \textmarried (encoding TS1) on input line 125.
LaTeX Encoding Info:    Redeclaring text symbol \textmusicalnote (encoding TS1) on input line 126.
LaTeX Encoding Info:    Redeclaring text symbol \texttildelow (encoding TS1) on input line 127.
LaTeX Encoding Info:    Redeclaring text symbol \textdblhyphenchar (encoding TS1) on input line 128.
LaTeX Encoding Info:    Redeclaring text symbol \textasciibreve (encoding TS1) on input line 129.
LaTeX Encoding Info:    Redeclaring text symbol \textasciicaron (encoding TS1) on input line 130.
LaTeX Encoding Info:    Redeclaring text symbol \textacutedbl (encoding TS1) on input line 131.
LaTeX Encoding Info:    Redeclaring text symbol \textgravedbl (encoding TS1) on input line 132.
LaTeX Encoding Info:    Redeclaring text symbol \textdagger (encoding TS1) on input line 133.
LaTeX Encoding Info:    Redeclaring text symbol \textdaggerdbl (encoding TS1) on input line 134.
LaTeX Encoding Info:    Redeclaring text symbol \textbardbl (encoding TS1) on input line 135.
LaTeX Encoding Info:    Redeclaring text symbol \textperthousand (encoding TS1) on input line 136.
LaTeX Encoding Info:    Redeclaring text symbol \textbullet (encoding TS1) on input line 137.
LaTeX Encoding Info:    Redeclaring text symbol \textcelsius (encoding TS1) on input line 138.
LaTeX Encoding Info:    Redeclaring text symbol \textdollaroldstyle (encoding TS1) on input line 139.
LaTeX Encoding Info:    Redeclaring text symbol \textcentoldstyle (encoding TS1) on input line 140.
LaTeX Encoding Info:    Redeclaring text symbol \textflorin (encoding TS1) on input line 141.
LaTeX Encoding Info:    Redeclaring text symbol \textcolonmonetary (encoding TS1) on input line 142.
LaTeX Encoding Info:    Redeclaring text symbol \textwon (encoding TS1) on input line 143.
LaTeX Encoding Info:    Redeclaring text symbol \textnaira (encoding TS1) on input line 144.
LaTeX Encoding Info:    Redeclaring text symbol \textguarani (encoding TS1) on input line 145.
LaTeX Encoding Info:    Redeclaring text symbol \textpeso (encoding TS1) on input line 146.
LaTeX Encoding Info:    Redeclaring text symbol \textlira (encoding TS1) on input line 147.
LaTeX Encoding Info:    Redeclaring text symbol \textrecipe (encoding TS1) on input line 148.
LaTeX Encoding Info:    Redeclaring text symbol \textinterrobang (encoding TS1) on input line 149.
LaTeX Encoding Info:    Redeclaring text symbol \textinterrobangdown (encoding TS1) on input line 150.
LaTeX Encoding Info:    Redeclaring text symbol \textdong (encoding TS1) on input line 151.
LaTeX Encoding Info:    Redeclaring text symbol \texttrademark (encoding TS1) on input line 152.
LaTeX Encoding Info:    Redeclaring text symbol \textpertenthousand (encoding TS1) on input line 153.
LaTeX Encoding Info:    Redeclaring text symbol \textpilcrow (encoding TS1) on input line 154.
LaTeX Encoding Info:    Redeclaring text symbol \textbaht (encoding TS1) on input line 155.
LaTeX Encoding Info:    Redeclaring text symbol \textnumero (encoding TS1) on input line 156.
LaTeX Encoding Info:    Redeclaring text symbol \textdiscount (encoding TS1) on input line 157.
LaTeX Encoding Info:    Redeclaring text symbol \textestimated (encoding TS1) on input line 158.
LaTeX Encoding Info:    Redeclaring text symbol \textopenbullet (encoding TS1) on input line 159.
LaTeX Encoding Info:    Redeclaring text symbol \textservicemark (encoding TS1) on input line 160.
LaTeX Encoding Info:    Redeclaring text symbol \textlquill (encoding TS1) on input line 161.
LaTeX Encoding Info:    Redeclaring text symbol \textrquill (encoding TS1) on input line 162.
LaTeX Encoding Info:    Redeclaring text symbol \textcent (encoding TS1) on input line 163.
LaTeX Encoding Info:    Redeclaring text symbol \textsterling (encoding TS1) on input line 164.
LaTeX Encoding Info:    Redeclaring text symbol \textcurrency (encoding TS1) on input line 165.
LaTeX Encoding Info:    Redeclaring text symbol \textyen (encoding TS1) on input line 166.
LaTeX Encoding Info:    Redeclaring text symbol \textbrokenbar (encoding TS1) on input line 167.
LaTeX Encoding Info:    Redeclaring text symbol \textsection (encoding TS1) on input line 168.
LaTeX Encoding Info:    Redeclaring text symbol \textasciidieresis (encoding TS1) on input line 169.
LaTeX Encoding Info:    Redeclaring text symbol \textcopyright (encoding TS1) on input line 170.
LaTeX Encoding Info:    Redeclaring text symbol \textordfeminine (encoding TS1) on input line 171.
LaTeX Encoding Info:    Redeclaring text symbol \textcopyleft (encoding TS1) on input line 172.
LaTeX Encoding Info:    Redeclaring text symbol \textlnot (encoding TS1) on input line 173.
LaTeX Encoding Info:    Redeclaring text symbol \textcircledP (encoding TS1) on input line 174.
LaTeX Encoding Info:    Redeclaring text symbol \textregistered (encoding TS1) on input line 175.
LaTeX Encoding Info:    Redeclaring text symbol \textasciimacron (encoding TS1) on input line 176.
LaTeX Encoding Info:    Redeclaring text symbol \textdegree (encoding TS1) on input line 177.
LaTeX Encoding Info:    Redeclaring text symbol \textpm (encoding TS1) on input line 178.
LaTeX Encoding Info:    Redeclaring text symbol \texttwosuperior (encoding TS1) on input line 179.
LaTeX Encoding Info:    Redeclaring text symbol \textthreesuperior (encoding TS1) on input line 180.
LaTeX Encoding Info:    Redeclaring text symbol \textasciiacute (encoding TS1) on input line 181.
LaTeX Encoding Info:    Redeclaring text symbol \textmu (encoding TS1) on input line 182.
LaTeX Encoding Info:    Redeclaring text symbol \textparagraph (encoding TS1) on input line 183.
LaTeX Encoding Info:    Redeclaring text symbol \textperiodcentered (encoding TS1) on input line 184.
LaTeX Encoding Info:    Redeclaring text symbol \textreferencemark (encoding TS1) on input line 185.
LaTeX Encoding Info:    Redeclaring text symbol \textonesuperior (encoding TS1) on input line 186.
LaTeX Encoding Info:    Redeclaring text symbol \textordmasculine (encoding TS1) on input line 187.
LaTeX Encoding Info:    Redeclaring text symbol \textsurd (encoding TS1) on input line 188.
LaTeX Encoding Info:    Redeclaring text symbol \textonequarter (encoding TS1) on input line 189.
LaTeX Encoding Info:    Redeclaring text symbol \textonehalf (encoding TS1) on input line 190.
LaTeX Encoding Info:    Redeclaring text symbol \textthreequarters (encoding TS1) on input line 191.
LaTeX Encoding Info:    Redeclaring text symbol \texteuro (encoding TS1) on input line 192.
LaTeX Encoding Info:    Redeclaring text symbol \texttimes (encoding TS1) on input line 193.
LaTeX Encoding Info:    Redeclaring text symbol \textdiv (encoding TS1) on input line 194.
))
\l__ctex_tmp_int=\count275
\l__ctex_tmp_box=\box53
\l__ctex_tmp_dim=\dimen150
\g__ctex_section_depth_int=\count276
\g__ctex_font_size_int=\count277
 (c:/texlive/2026/texmf-dist/tex/latex/ctex/config/ctexopts.cfg
File: ctexopts.cfg 2022/07/14 v2.5.10 Option configuration file (CTEX)
) (c:/texlive/2026/texmf-dist/tex/latex/base/article.cls
Document Class: article 2025/01/22 v1.4n Standard LaTeX document class
(c:/texlive/2026/texmf-dist/tex/latex/base/size10.clo
File: size10.clo 2025/01/22 v1.4n Standard LaTeX file (size option)
)
\c@part=\count278
\c@section=\count279
\c@subsection=\count280
\c@subsubsection=\count281
\c@paragraph=\count282
\c@subparagraph=\count283
\c@figure=\count284
\c@table=\count285
\abovecaptionskip=\skip49
\belowcaptionskip=\skip50
\bibindent=\dimen151
) (c:/texlive/2026/texmf-dist/tex/latex/ctex/engine/ctex-engine-xetex.def
File: ctex-engine-xetex.def 2022/07/14 v2.5.10 XeLaTeX adapter (CTEX)
 (c:/texlive/2026/texmf-dist/tex/xelatex/xecjk/xeCJK.sty
Package: xeCJK 2022/08/05 v3.9.1 Typesetting CJK scripts with XeLaTeX
 (c:/texlive/2026/texmf-dist/tex/latex/l3packages/xtemplate/xtemplate.sty
Package: xtemplate 2025-10-09 L3 Experimental prototype document functions
)
\l__xeCJK_tmp_int=\count286
\l__xeCJK_tmp_box=\box54
\l__xeCJK_tmp_dim=\dimen152
\l__xeCJK_tmp_skip=\skip51
\g__xeCJK_space_factor_int=\count287
\l__xeCJK_begin_int=\count288
\l__xeCJK_end_int=\count289
\c__xeCJK_CJK_class_int=\XeTeXcharclass1
\c__xeCJK_FullLeft_class_int=\XeTeXcharclass2
\c__xeCJK_FullRight_class_int=\XeTeXcharclass3
\c__xeCJK_HalfLeft_class_int=\XeTeXcharclass4
\c__xeCJK_HalfRight_class_int=\XeTeXcharclass5
\c__xeCJK_NormalSpace_class_int=\XeTeXcharclass6
\c__xeCJK_CM_class_int=\XeTeXcharclass7
\c__xeCJK_HangulJamo_class_int=\XeTeXcharclass8
\l__xeCJK_last_skip=\skip52
\c__xeCJK_none_node=\count290
\g__xeCJK_node_int=\count291
\c__xeCJK_CJK_node_dim=\dimen153
\c__xeCJK_CJK-space_node_dim=\dimen154
\c__xeCJK_default_node_dim=\dimen155
\c__xeCJK_CJK-widow_node_dim=\dimen156
\c__xeCJK_normalspace_node_dim=\dimen157
\c__xeCJK_default-space_node_skip=\skip53
\l__xeCJK_ccglue_skip=\skip54
\l__xeCJK_ecglue_skip=\skip55
\l__xeCJK_punct_kern_skip=\skip56
\l__xeCJK_indent_box=\box55
\l__xeCJK_last_penalty_int=\count292
\l__xeCJK_last_bound_dim=\dimen158
\l__xeCJK_last_kern_dim=\dimen159
\l__xeCJK_widow_penalty_int=\count293

LaTeX template Info: Declaring template type 'xeCJK/punctuation' taking 0
(template)           argument(s) on line 2396.

\l__xeCJK_fixed_punct_width_dim=\dimen160
\l__xeCJK_mixed_punct_width_dim=\dimen161
\l__xeCJK_middle_punct_width_dim=\dimen162
\l__xeCJK_fixed_margin_width_dim=\dimen163
\l__xeCJK_mixed_margin_width_dim=\dimen164
\l__xeCJK_middle_margin_width_dim=\dimen165
\l__xeCJK_bound_punct_width_dim=\dimen166
\l__xeCJK_bound_margin_width_dim=\dimen167
\l__xeCJK_margin_minimum_dim=\dimen168
\l__xeCJK_kerning_total_width_dim=\dimen169
\l__xeCJK_same_align_margin_dim=\dimen170
\l__xeCJK_different_align_margin_dim=\dimen171
\l__xeCJK_kerning_margin_width_dim=\dimen172
\l__xeCJK_kerning_margin_minimum_dim=\dimen173
\l__xeCJK_bound_dim=\dimen174
\l__xeCJK_reverse_bound_dim=\dimen175
\l__xeCJK_margin_dim=\dimen176
\l__xeCJK_minimum_bound_dim=\dimen177
\l__xeCJK_kerning_margin_dim=\dimen178
\g__xeCJK_family_int=\count294
\l__xeCJK_fam_int=\count295
\g__xeCJK_fam_allocation_int=\count296
\l__xeCJK_verb_case_int=\count297
\l__xeCJK_verb_exspace_skip=\skip57
 (c:/texlive/2026/texmf-dist/tex/latex/fontspec/fontspec.sty (c:/texlive/2026/texmf-dist/tex/latex/l3packages/xparse/xparse.sty
Package: xparse 2025-10-09 L3 Experimental document command parser
)
Package: fontspec 2025/09/29 v2.9g Font selection for XeLaTeX and LuaLaTeX
 (c:/texlive/2026/texmf-dist/tex/latex/fontspec/fontspec-xetex.sty
Package: fontspec-xetex 2025/09/29 v2.9g Font selection for XeLaTeX and LuaLaTeX
\l__fontspec_script_int=\count298
\l__fontspec_language_int=\count299
\l__fontspec_strnum_int=\count300
\l__fontspec_tmp_int=\count301
\l__fontspec_tmpa_int=\count302
\l__fontspec_tmpb_int=\count303
\l__fontspec_tmpc_int=\count304
\l__fontspec_em_int=\count305
\l__fontspec_emdef_int=\count306
\l__fontspec_strong_int=\count307
\l__fontspec_strongdef_int=\count308
\l__fontspec_tmpa_dim=\dimen179
\l__fontspec_tmpb_dim=\dimen180
\l__fontspec_tmpc_dim=\dimen181
 (c:/texlive/2026/texmf-dist/tex/latex/base/fontenc.sty
Package: fontenc 2025/07/18 v2.1d Standard LaTeX package
) (c:/texlive/2026/texmf-dist/tex/latex/fontspec/fontspec.cfg))) (c:/texlive/2026/texmf-dist/tex/xelatex/xecjk/xeCJK.cfg
File: xeCJK.cfg 2022/08/05 v3.9.1 Configuration file for xeCJK package
))
\ccwd=\dimen182
\l__ctex_ccglue_skip=\skip58
)
\l__ctex_ziju_dim=\dimen183
 (c:/texlive/2026/texmf-dist/tex/latex/zhnumber/zhnumber.sty
Package: zhnumber 2022/07/14 v3.0 Typesetting numbers with Chinese glyphs
\l__zhnum_scale_int=\count309
\l__zhnum_tmp_int=\count310
 (c:/texlive/2026/texmf-dist/tex/latex/zhnumber/zhnumber-utf8.cfg
File: zhnumber-utf8.cfg 2022/07/14 v3.0 Chinese numerals with UTF8 encoding
))
\l__ctex_heading_skip=\skip59
 (c:/texlive/2026/texmf-dist/tex/latex/ctex/scheme/ctex-scheme-chinese-article.def
File: ctex-scheme-chinese-article.def 2022/07/14 v2.5.10 Chinese scheme for article (CTEX)
 (c:/texlive/2026/texmf-dist/tex/latex/ctex/config/ctex-name-utf8.cfg
File: ctex-name-utf8.cfg 2022/07/14 v2.5.10 Caption with encoding UTF-8 (CTEX)
)) (c:/texlive/2026/texmf-dist/tex/latex/ctex/ctex-c5size.clo
File: ctex-c5size.clo 2022/07/14 v2.5.10 c5size option (CTEX)
) (c:/texlive/2026/texmf-dist/tex/latex/ctex/fontset/ctex-fontset-windows.def
File: ctex-fontset-windows.def 2022/07/14 v2.5.10 Windows fonts definition (CTEX)

Package fontspec Info: 
(fontspec)             Could not resolve font "KaiTi/B" (it probably doesn't
(fontspec)             exist).


Package fontspec Info: 
(fontspec)             Could not resolve font "SimHei/I" (it probably doesn't
(fontspec)             exist).


Package fontspec Info: 
(fontspec)             Could not resolve font "SimSun/BI" (it probably doesn't
(fontspec)             exist).


Package fontspec Info: 
(fontspec)             Font family 'SimSun(0)' created for font 'SimSun' with
(fontspec)             options
(fontspec)             [Script={CJK},BoldFont={SimHei},ItalicFont={KaiTi}].
(fontspec)              
(fontspec)              This font family consists of the following NFSS
(fontspec)             series/shapes:
(fontspec)              
(fontspec)             - 'normal' (m/n) with NFSS spec.:
(fontspec)             <->"SimSun/OT:script=hani;language=dflt;"
(fontspec)             - 'bold' (b/n) with NFSS spec.:
(fontspec)             <->"SimHei/OT:script=hani;language=dflt;"
(fontspec)             - 'italic' (m/it) with NFSS spec.:
(fontspec)             <->"KaiTi/OT:script=hani;language=dflt;"

)) (c:/texlive/2026/texmf-dist/tex/latex/ctex/config/ctex.cfg
File: ctex.cfg 2022/07/14 v2.5.10 Configuration file (CTEX)
) (./shumo.sty (c:/texlive/2026/texmf-dist/tex/latex/base/textcomp.sty
Package: textcomp 2024/04/24 v2.1b Standard LaTeX package
) (c:/texlive/2026/texmf-dist/tex/latex/booktabs/booktabs.sty
Package: booktabs 2020/01/12 v1.61803398 Publication quality tables
\heavyrulewidth=\dimen184
\lightrulewidth=\dimen185
\cmidrulewidth=\dimen186
\belowrulesep=\dimen187
\belowbottomsep=\dimen188
\aboverulesep=\dimen189
\abovetopsep=\dimen190
\cmidrulesep=\dimen191
\cmidrulekern=\dimen192
\defaultaddspace=\dimen193
\@cmidla=\count311
\@cmidlb=\count312
\@aboverulesep=\dimen194
\@belowrulesep=\dimen195
\@thisruleclass=\count313
\@lastruleclass=\count314
\@thisrulewidth=\dimen196
) (c:/texlive/2026/texmf-dist/tex/latex/graphics/color.sty
Package: color 2025/01/14 v1.3e Standard LaTeX Color (DPC)
 (c:/texlive/2026/texmf-dist/tex/latex/graphics-cfg/color.cfg
File: color.cfg 2016/01/02 v1.6 sample color configuration
)
Package color Info: Driver file: xetex.def on input line 149.
 (c:/texlive/2026/texmf-dist/tex/latex/graphics-def/xetex.def
File: xetex.def 2025/11/01 v5.0p Graphics/color driver for xetex
) (c:/texlive/2026/texmf-dist/tex/latex/graphics/dvipsnam.def
File: dvipsnam.def 2016/06/17 v3.0m Driver-dependent file (DPC,SPQR)
) (c:/texlive/2026/texmf-dist/tex/latex/graphics/mathcolor.ltx)) (c:/texlive/2026/texmf-dist/tex/latex/colortbl/colortbl.sty
Package: colortbl 2026/05/01 v1.0l Color table columns (DPC)
 (c:/texlive/2026/texmf-dist/tex/latex/tools/array.sty
Package: array 2025/09/25 v2.6n Tabular extension package (FMi)
\col@sep=\dimen197
\ar@mcellbox=\box56
\extrarowheight=\dimen198
\NC@list=\toks17
\extratabsurround=\skip60
\backup@length=\skip61
\ar@cellbox=\box57
)
\everycr=\toks18
\minrowclearance=\skip62
\rownum=\count315
) (c:/texlive/2026/texmf-dist/tex/latex/arydshln/arydshln.sty
Package: arydshln 2019/02/21 v1.76 
\dashlinedash=\dimen199
\dashlinegap=\dimen256
\adl@box=\box58
\adl@height=\dimen257
\adl@heightsave=\dimen258
\adl@depth=\dimen259
\adl@depthsave=\dimen260
\adl@finaldepth=\dimen261
\adl@columns=\count316
\adl@ncol=\count317
\adl@currentcolumn=\count318
\adl@currentcolumnsave=\count319
\adl@totalheight=\count320
\adl@totalheightsave=\count321
\adl@dash=\count322
\adl@gap=\count323
\adl@cla=\count324
\adl@clb=\count325
\adl@everyvbox=\toks19
\adl@LTpagetotal=\dimen262
)
==> First Aid for arydshln.sty applied!
(c:/texlive/2026/texmf-dist/tex/latex/amsmath/amsmath.sty
Package: amsmath 2025/07/09 v2.17z AMS math features
\@mathmargin=\skip63

For additional information on amsmath, use the `?' option.
(c:/texlive/2026/texmf-dist/tex/latex/amsmath/amstext.sty
Package: amstext 2024/11/17 v2.01 AMS text
 (c:/texlive/2026/texmf-dist/tex/latex/amsmath/amsgen.sty
File: amsgen.sty 1999/11/30 v2.0 generic functions
\@emptytoks=\toks20
\ex@=\dimen263
)) (c:/texlive/2026/texmf-dist/tex/latex/amsmath/amsbsy.sty
Package: amsbsy 1999/11/29 v1.2d Bold Symbols
\pmbraise@=\dimen264
) (c:/texlive/2026/texmf-dist/tex/latex/amsmath/amsopn.sty
Package: amsopn 2022/04/08 v2.04 operator names
)
\inf@bad=\count326
LaTeX Info: Redefining \frac on input line 233.
\uproot@=\count327
\leftroot@=\count328
LaTeX Info: Redefining \overline on input line 398.
LaTeX Info: Redefining \colon on input line 409.
\classnum@=\count329
\DOTSCASE@=\count330
LaTeX Info: Redefining \ldots on input line 495.
LaTeX Info: Redefining \dots on input line 498.
LaTeX Info: Redefining \cdots on input line 619.
\Mathstrutbox@=\box59
\strutbox@=\box60
LaTeX Info: Redefining \big on input line 721.
LaTeX Info: Redefining \Big on input line 722.
LaTeX Info: Redefining \bigg on input line 723.
LaTeX Info: Redefining \Bigg on input line 724.
\big@size=\dimen265
LaTeX Font Info:    Redeclaring font encoding OML on input line 742.
LaTeX Font Info:    Redeclaring font encoding OMS on input line 743.
\macc@depth=\count331
LaTeX Info: Redefining \bmod on input line 904.
LaTeX Info: Redefining \pmod on input line 909.
LaTeX Info: Redefining \smash on input line 939.
LaTeX Info: Redefining \relbar on input line 969.
LaTeX Info: Redefining \Relbar on input line 970.
\c@MaxMatrixCols=\count332
\dotsspace@=\muskip17
\c@parentequation=\count333
\dspbrk@lvl=\count334
\tag@help=\toks21
\row@=\count335
\column@=\count336
\maxfields@=\count337
\andhelp@=\toks22
\eqnshift@=\dimen266
\alignsep@=\dimen267
\tagshift@=\dimen268
\tagwidth@=\dimen269
\totwidth@=\dimen270
\lineht@=\dimen271
\@envbody=\toks23
\multlinegap=\skip64
\multlinetaggap=\skip65
\mathdisplay@stack=\toks24
LaTeX Info: Redefining \[ on input line 2950.
LaTeX Info: Redefining \] on input line 2951.
) (c:/texlive/2026/texmf-dist/tex/latex/graphics/graphicx.sty
Package: graphicx 2024/12/31 v1.2e Enhanced LaTeX Graphics (DPC,SPQR)
 (c:/texlive/2026/texmf-dist/tex/latex/graphics/keyval.sty
Package: keyval 2022/05/29 v1.15 key=value parser (DPC)
\KV@toks@=\toks25
) (c:/texlive/2026/texmf-dist/tex/latex/graphics/graphics.sty
Package: graphics 2024/08/06 v1.4g Standard LaTeX Graphics (DPC,SPQR)
 (c:/texlive/2026/texmf-dist/tex/latex/graphics/trig.sty
Package: trig 2023/12/02 v1.11 sin cos tan (DPC)
) (c:/texlive/2026/texmf-dist/tex/latex/graphics-cfg/graphics.cfg
File: graphics.cfg 2016/06/04 v1.11 sample graphics configuration
)
Package graphics Info: Driver file: xetex.def on input line 106.
)
\Gin@req@height=\dimen272
\Gin@req@width=\dimen273
) (c:/texlive/2026/texmf-dist/tex/latex/options/options.sty
Package: options 2015/03/01, Daan Leijen, Provides convenient path-value (or key-value) options
 (c:/texlive/2026/texmf-dist/tex/latex/etoolbox/etoolbox.sty
Package: etoolbox 2025/10/02 v2.5m e-TeX tools for LaTeX (JAW)
\etb@tempcnta=\count338
) (c:/texlive/2026/texmf-dist/tex/latex/xcolor/xcolor.sty
Package: xcolor 2024/09/29 v3.02 LaTeX color extensions (UK)
 (c:/texlive/2026/texmf-dist/tex/latex/graphics-cfg/color.cfg
File: color.cfg 2016/01/02 v1.6 sample color configuration
)
Package xcolor Info: Driver file: xetex.def on input line 274.
LaTeX Info: Redefining \color on input line 762.
 (c:/texlive/2026/texmf-dist/tex/latex/graphics/mathcolor.ltx)
Package xcolor Info: Model `cmy' substituted by `cmy0' on input line 1349.
Package xcolor Info: Model `RGB' extended on input line 1365.
Package xcolor Info: Model `HTML' substituted by `rgb' on input line 1367.
Package xcolor Info: Model `Hsb' substituted by `hsb' on input line 1368.
Package xcolor Info: Model `tHsb' substituted by `hsb' on input line 1369.
Package xcolor Info: Model `HSB' substituted by `hsb' on input line 1370.
Package xcolor Info: Model `Gray' substituted by `gray' on input line 1371.
Package xcolor Info: Model `wave' substituted by `hsb' on input line 1372.
)
\opt@nesting=\count339
\opt@idx=\count340
\opt@choiceord=\count341
) (c:/texlive/2026/texmf-dist/tex/latex/geometry/geometry.sty
Package: geometry 2026/03/07 v6.0 Page Geometry
 (c:/texlive/2026/texmf-dist/tex/generic/iftex/ifvtex.sty
Package: ifvtex 2019/10/25 v1.7 ifvtex legacy package. Use iftex instead.
 (c:/texlive/2026/texmf-dist/tex/generic/iftex/iftex.sty
Package: iftex 2024/12/12 v1.0g TeX engine tests
))
\Gm@cnth=\count342
\Gm@cntv=\count343
\c@Gm@tempcnt=\count344
\Gm@bindingoffset=\dimen274
\Gm@wd@mp=\dimen275
\Gm@odd@mp=\dimen276
\Gm@even@mp=\dimen277
\Gm@layoutwidth=\dimen278
\Gm@layoutheight=\dimen279
\Gm@layouthoffset=\dimen280
\Gm@layoutvoffset=\dimen281
\Gm@dimlist=\toks26
) (c:/texlive/2026/texmf-dist/tex/latex/tools/verbatim.sty
Package: verbatim 2024-01-22 v1.5x LaTeX2e package for verbatim enhancements
\every@verbatim=\toks27
\verbatim@line=\toks28
\verbatim@in@stream=\read2
) (c:/texlive/2026/texmf-dist/tex/latex/float/float.sty
Package: float 2001/11/08 v1.3d Float enhancements (AL)
\c@float@type=\count345
\float@exts=\toks29
\float@box=\box61
\@float@everytoks=\toks30
\@floatcapt=\box62
) (c:/texlive/2026/texmf-dist/tex/latex/subfig/subfig.sty
Package: subfig 2005/06/28 ver: 1.3 subfig package
 (c:/texlive/2026/texmf-dist/tex/latex/caption/caption.sty
Package: caption 2023/08/05 v3.6o Customizing captions (AR)
 (c:/texlive/2026/texmf-dist/tex/latex/caption/caption3.sty
Package: caption3 2023/07/31 v2.4d caption3 kernel (AR)
\caption@tempdima=\dimen282
\captionmargin=\dimen283
\caption@leftmargin=\dimen284
\caption@rightmargin=\dimen285
\caption@width=\dimen286
\caption@indent=\dimen287
\caption@parindent=\dimen288
\caption@hangindent=\dimen289
Package caption Info: Standard document class detected.
)
\c@caption@flags=\count346
\c@continuedfloat=\count347
Package caption Info: float package is loaded.
)
\c@KVtest=\count348
\sf@farskip=\skip66
\sf@captopadj=\dimen290
\sf@capskip=\skip67
\sf@nearskip=\skip68
\c@subfigure=\count349
\c@subfigure@save=\count350
\c@lofdepth=\count351
\c@subtable=\count352
\c@subtable@save=\count353
\c@lotdepth=\count354
\sf@top=\skip69
\sf@bottom=\skip70
)

Package ctexhook Warning: Package `ctex' can not be loaded with `ctexart'.

LaTeX Info: Package 'ctex.sty' has been disabled.
            Load request ignored on input line 6.
(c:/texlive/2026/texmf-dist/tex/latex/titlesec/titlesec.sty
Package: titlesec 2025/01/04 v2.17 Sectioning titles
\ttl@box=\box63
\beforetitleunit=\skip71
\aftertitleunit=\skip72
\ttl@plus=\dimen291
\ttl@minus=\dimen292
\ttl@toksa=\toks31
\titlewidth=\dimen293
\titlewidthlast=\dimen294
\titlewidthfirst=\dimen295
) (c:/texlive/2026/texmf-dist/tex/latex/titlecaps/titlecaps.sty
Package: titlecaps 2022/04/12\ 1.3\ Routines for setting rich-text input into Titling Caps
 (c:/texlive/2026/texmf-dist/tex/latex/ifnextok/ifnextok.sty
Package: ifnextok 2011/06/27 v0.3 test next token (UL)
) (c:/texlive/2026/texmf-dist/tex/latex/base/ifthen.sty
Package: ifthen 2024/03/16 v1.1e Standard LaTeX ifthen package (DPC)
)
\c@lcword@index=\count355
\c@word@count=\count356
\c@lc@words=\count357
\c@dia@count=\count358
\c@arg@@@index=\count359
) (c:/texlive/2026/texmf-dist/tex/xelatex/xunicode/xunicode.sty
File: xunicode.sty 2011/09/09 v0.981 provides access to latin accents and many other characters in Unicode lower plane
 (c:/texlive/2026/texmf-dist/tex/latex/tipa/t3enc.def
File: t3enc.def 2001/12/31 T3 encoding

Package fontspec Info: 
(fontspec)             Could not resolve font "Microsoft YaHei Bold/I" (it
(fontspec)             probably doesn't exist).


Package fontspec Info: 
(fontspec)             Could not resolve font "Microsoft YaHei/I" (it probably
(fontspec)             doesn't exist).


Package fontspec Info: 
(fontspec)             Font family 'MicrosoftYaHei(0)' created for font
(fontspec)             'Microsoft YaHei' with options
(fontspec)             [Script={CJK},BoldFont={* Bold}].
(fontspec)              
(fontspec)              This font family consists of the following NFSS
(fontspec)             series/shapes:
(fontspec)              
(fontspec)             - 'normal' (m/n) with NFSS spec.: <->"Microsoft
(fontspec)             YaHei/OT:script=hani;language=dflt;"
(fontspec)             - 'bold' (b/n) with NFSS spec.: <->"Microsoft YaHei
(fontspec)             Bold/OT:script=hani;language=dflt;"
(fontspec)             - 'bold italic' (b/it) with NFSS spec.: <->"Microsoft
(fontspec)             YaHei/BI/OT:script=hani;language=dflt;"

)
\tipaTiiicode=\count360
\tipasavetokens=\toks32
\tipachecktokens=\toks33
LaTeX Encoding Info:    Redeclaring text command \nobreakspace (encoding TU) on input line 1725.
LaTeX Encoding Info:    Redeclaring text command \copyright (encoding TU) on input line 1739.
LaTeX Encoding Info:    Redeclaring text command \AA (encoding TU) on input line 1785.
LaTeX Encoding Info:    Redeclaring text command \aa (encoding TU) on input line 1842.
LaTeX Encoding Info:    Redeclaring text command \textrhookopeno (encoding TU) on input line 3119.
LaTeX Encoding Info:    Redeclaring text command \hbar (encoding TU) on input line 3636.
LaTeX Encoding Info:    Redeclaring text command \textaolig (encoding TU) on input line 3729.
) (c:/texlive/2026/texmf-dist/tex/latex/gensymb/gensymb.sty
Package: gensymb 2022/10/17 v1.0.2 (KJH)
) (c:/texlive/2026/texmf-dist/tex/latex/listings/listings.sty
\lst@mode=\count361
\lst@gtempboxa=\box64
\lst@token=\toks34
\lst@length=\count362
\lst@currlwidth=\dimen296
\lst@column=\count363
\lst@pos=\count364
\lst@lostspace=\dimen297
\lst@width=\dimen298
\lst@newlines=\count365
\lst@lineno=\count366
\lst@maxwidth=\dimen299
 (c:/texlive/2026/texmf-dist/tex/latex/listings/lstpatch.sty
File: lstpatch.sty 2025/11/14 1.11b (Carsten Heinz)
) (c:/texlive/2026/texmf-dist/tex/latex/listings/lstmisc.sty
File: lstmisc.sty 2025/11/14 1.11b (Carsten Heinz)
\c@lstnumber=\count367
\lst@skipnumbers=\count368
\lst@framebox=\box65
) (c:/texlive/2026/texmf-dist/tex/latex/listings/listings.cfg
File: listings.cfg 2025/11/14 1.11b listings configuration
))
Package: listings 2025/11/14 1.11b (Carsten Heinz)
 (c:/texlive/2026/texmf-dist/tex/xelatex/xecjk/xeCJK-listings.sty
Package: xeCJK-listings 2022/08/05 v3.9.1 xeCJK patch file for listings
\l__xeCJK_listings_max_char_int=\count369
\l__xeCJK_listings_flag_int=\count370
)
==> First Aid for listings.sty no longer applied!
    Expected:
        2024/09/23 1.10c (Carsten Heinz)
    but found:
        2025/11/14 1.11b (Carsten Heinz)
    so I'm assuming it got fixed.
(c:/texlive/2026/texmf-dist/tex/latex/type1cm/type1cm.sty
Package: type1cm 2002/09/05 v0.04 BlueSky/Y&Y Type1 CM font definitions (DPC, patched RF)
) (c:/texlive/2026/texmf-dist/tex/latex/fancyhdr/fancyhdr.sty
Package: fancyhdr 2025/02/07 v5.2 Extensive control of page headers and footers
\f@nch@headwidth=\skip73
\f@nch@offset@elh=\skip74
\f@nch@offset@erh=\skip75
\f@nch@offset@olh=\skip76
\f@nch@offset@orh=\skip77
\f@nch@offset@elf=\skip78
\f@nch@offset@erf=\skip79
\f@nch@offset@olf=\skip80
\f@nch@offset@orf=\skip81
\f@nch@height=\skip82
\f@nch@footalignment=\skip83
\f@nch@widthL=\skip84
\f@nch@widthC=\skip85
\f@nch@widthR=\skip86
\@temptokenb=\toks35
) (c:/texlive/2026/texmf-dist/tex/generic/babel/babel.sty
Package: babel 2026/05/20 v26.8 The multilingual framework for LuaLaTeX, pdfLaTeX and XeLaTeX
\babel@savecnt=\count371
LaTeX Encoding Info:    Redeclaring text command \ij (encoding OT1) on input line 2084.
LaTeX Encoding Info:    Redeclaring text command \IJ (encoding OT1) on input line 2086.
LaTeX Encoding Info:    Redeclaring text command \ij (encoding T1) on input line 2088.
LaTeX Encoding Info:    Redeclaring text command \IJ (encoding T1) on input line 2089.
LaTeX Encoding Info:    Ignoring declaration for text command \ij (encoding ?) on input line 2090.
LaTeX Encoding Info:    Ignoring declaration for text command \IJ (encoding ?) on input line 2092.
LaTeX Encoding Info:    Ignoring declaration for text command \SS (encoding ?) on input line 2117.
\U@D=\dimen300
\l@unhyphenated=\language91
 (c:/texlive/2026/texmf-dist/tex/generic/babel/xebabel.def)
\bbl@readstream=\read3
\bbl@dirlevel=\count372
Package babel Info: You haven't specified a language as a class or package
(babel)             option. I'll load 'nil'. Reported on input line 4287.
Package babel Info: Importing font and identification data for nil
(babel)             from babel-und-x-nil.ini. Reported on input line 4356.
 (c:/texlive/2026/texmf-dist/tex/generic/babel/nil.ldf
Language: nil 2026/05/20 v26.8 Nil language
\l@nil=\language92
)) (c:/texlive/2026/texmf-dist/tex/latex/threeparttable/threeparttable.sty
Package: threeparttable 2003/06/13  v 3.0
\@tempboxb=\box66
) (c:/texlive/2026/texmf-dist/tex/latex/titlesec/titletoc.sty
Package: titletoc 2025/01/04 v2.17 TOC entries
\ttl@leftsep=\dimen301
) (c:/texlive/2026/texmf-dist/tex/latex/enumitem/enumitem.sty
Package: enumitem 2025/02/06 v3.11 Customized lists
\labelindent=\skip87
\enit@outerparindent=\dimen302
\enit@toks=\toks36
\enit@inbox=\box67
\enit@count@id=\count373
\enitdp@description=\count374
) (c:/texlive/2026/texmf-dist/tex/latex/setspace/setspace.sty
Package: setspace 2022/12/04 v6.7b set line spacing
)) (c:/texlive/2026/texmf-dist/tex/latex/amsfonts/amssymb.sty
Package: amssymb 2013/01/14 v3.01 AMS font symbols
 (c:/texlive/2026/texmf-dist/tex/latex/amsfonts/amsfonts.sty
Package: amsfonts 2013/01/14 v3.01 Basic AMSFonts support
\symAMSa=\mathgroup4
\symAMSb=\mathgroup5
LaTeX Font Info:    Redeclaring math symbol \hbar on input line 98.
LaTeX Font Info:    Overwriting math alphabet `\mathfrak' in version `bold'
(Font)                  U/euf/m/n --> U/euf/b/n on input line 106.
)) (c:/texlive/2026/texmf-dist/tex/latex/multirow/multirow.sty
Package: multirow 2024/11/12 v2.9 Span multiple rows of a table
\multirow@colwidth=\skip88
\multirow@cntb=\count375
\multirow@dima=\skip89
\bigstrutjot=\dimen303
) (c:/texlive/2026/texmf-dist/tex/latex/tools/longtable.sty
Package: longtable 2025-10-13 v4.24 Multi-page Table package (DPC)
\LTleft=\skip90
\LTright=\skip91
\LTpre=\skip92
\LTpost=\skip93
\LTchunksize=\count376
\LTcapwidth=\dimen304
\LT@head=\box68
\LT@firsthead=\box69
\LT@foot=\box70
\LT@lastfoot=\box71
\LT@gbox=\box72
\LT@cols=\count377
\LT@rows=\count378
\c@LT@tables=\count379
\c@LT@chunks=\count380
\LT@p@ftn=\toks37
) (c:/texlive/2026/texmf-dist/tex/latex/url/url.sty
\Urlmuskip=\muskip18
Package: url 2013/09/16  ver 3.4  Verb mode for urls, etc.
) (c:/texlive/2026/texmf-dist/tex/latex/pgf/frontendlayer/tikz.sty (c:/texlive/2026/texmf-dist/tex/latex/pgf/basiclayer/pgf.sty (c:/texlive/2026/texmf-dist/tex/latex/pgf/utilities/pgfrcs.sty (c:/texlive/2026/texmf-dist/tex/generic/pgf/utilities/pgfutil-common.tex
\pgfutil@everybye=\toks38
\pgfutil@tempdima=\dimen305
\pgfutil@tempdimb=\dimen306
) (c:/texlive/2026/texmf-dist/tex/generic/pgf/utilities/pgfutil-latex.def
\pgfutil@abb=\box73
) (c:/texlive/2026/texmf-dist/tex/generic/pgf/utilities/pgfrcs.code.tex (c:/texlive/2026/texmf-dist/tex/generic/pgf/pgf.revision.tex)
Package: pgfrcs 2025-08-29 v3.1.11a (3.1.11a)
))
Package: pgf 2025-08-29 v3.1.11a (3.1.11a)
 (c:/texlive/2026/texmf-dist/tex/latex/pgf/basiclayer/pgfcore.sty (c:/texlive/2026/texmf-dist/tex/latex/pgf/systemlayer/pgfsys.sty (c:/texlive/2026/texmf-dist/tex/generic/pgf/systemlayer/pgfsys.code.tex
Package: pgfsys 2025-08-29 v3.1.11a (3.1.11a)
 (c:/texlive/2026/texmf-dist/tex/generic/pgf/utilities/pgfkeys.code.tex
\pgfkeys@pathtoks=\toks39
\pgfkeys@temptoks=\toks40
 (c:/texlive/2026/texmf-dist/tex/generic/pgf/utilities/pgfkeyslibraryfiltered.code.tex
\pgfkeys@tmptoks=\toks41
))
\pgf@x=\dimen307
\pgf@y=\dimen308
\pgf@xa=\dimen309
\pgf@ya=\dimen310
\pgf@xb=\dimen311
\pgf@yb=\dimen312
\pgf@xc=\dimen313
\pgf@yc=\dimen314
\pgf@xd=\dimen315
\pgf@yd=\dimen316
\w@pgf@writea=\write3
\r@pgf@reada=\read4
\c@pgf@counta=\count381
\c@pgf@countb=\count382
\c@pgf@countc=\count383
\c@pgf@countd=\count384
\t@pgf@toka=\toks42
\t@pgf@tokb=\toks43
\t@pgf@tokc=\toks44
\pgf@sys@id@count=\count385
 (c:/texlive/2026/texmf-dist/tex/generic/pgf/systemlayer/pgf.cfg
File: pgf.cfg 2025-08-29 v3.1.11a (3.1.11a)
)
Driver file for pgf: pgfsys-xetex.def
 (c:/texlive/2026/texmf-dist/tex/generic/pgf/systemlayer/pgfsys-xetex.def
File: pgfsys-xetex.def 2025-08-29 v3.1.11a (3.1.11a)
 (c:/texlive/2026/texmf-dist/tex/generic/pgf/systemlayer/pgfsys-dvipdfmx.def
File: pgfsys-dvipdfmx.def 2025-08-29 v3.1.11a (3.1.11a)
 (c:/texlive/2026/texmf-dist/tex/generic/pgf/systemlayer/pgfsys-common-pdf.def
File: pgfsys-common-pdf.def 2025-08-29 v3.1.11a (3.1.11a)
)
\pgfsys@objnum=\count386
))) (c:/texlive/2026/texmf-dist/tex/generic/pgf/systemlayer/pgfsyssoftpath.code.tex
File: pgfsyssoftpath.code.tex 2025-08-29 v3.1.11a (3.1.11a)
\pgfsyssoftpath@smallbuffer@items=\count387
\pgfsyssoftpath@bigbuffer@items=\count388
) (c:/texlive/2026/texmf-dist/tex/generic/pgf/systemlayer/pgfsysprotocol.code.tex
File: pgfsysprotocol.code.tex 2025-08-29 v3.1.11a (3.1.11a)
)) (c:/texlive/2026/texmf-dist/tex/generic/pgf/basiclayer/pgfcore.code.tex
Package: pgfcore 2025-08-29 v3.1.11a (3.1.11a)
 (c:/texlive/2026/texmf-dist/tex/generic/pgf/math/pgfmath.code.tex (c:/texlive/2026/texmf-dist/tex/generic/pgf/math/pgfmathutil.code.tex) (c:/texlive/2026/texmf-dist/tex/generic/pgf/math/pgfmathparser.code.tex
\pgfmath@dimen=\dimen317
\pgfmath@count=\count389
\pgfmath@box=\box74
\pgfmath@toks=\toks45
\pgfmath@stack@operand=\toks46
\pgfmath@stack@operation=\toks47
) (c:/texlive/2026/texmf-dist/tex/generic/pgf/math/pgfmathfunctions.code.tex) (c:/texlive/2026/texmf-dist/tex/generic/pgf/math/pgfmathfunctions.basic.code.tex) (c:/texlive/2026/texmf-dist/tex/generic/pgf/math/pgfmathfunctions.trigonometric.code.tex) (c:/texlive/2026/texmf-dist/tex/generic/pgf/math/pgfmathfunctions.random.code.tex) (c:/texlive/2026/texmf-dist/tex/generic/pgf/math/pgfmathfunctions.comparison.code.tex) (c:/texlive/2026/texmf-dist/tex/generic/pgf/math/pgfmathfunctions.base.code.tex) (c:/texlive/2026/texmf-dist/tex/generic/pgf/math/pgfmathfunctions.round.code.tex) (c:/texlive/2026/texmf-dist/tex/generic/pgf/math/pgfmathfunctions.misc.code.tex) (c:/texlive/2026/texmf-dist/tex/generic/pgf/math/pgfmathfunctions.integerarithmetics.code.tex) (c:/texlive/2026/texmf-dist/tex/generic/pgf/math/pgfmathcalc.code.tex) (c:/texlive/2026/texmf-dist/tex/generic/pgf/math/pgfmathfloat.code.tex
\c@pgfmathroundto@lastzeros=\count390
)) (c:/texlive/2026/texmf-dist/tex/generic/pgf/math/pgfint.code.tex) (c:/texlive/2026/texmf-dist/tex/generic/pgf/basiclayer/pgfcorepoints.code.tex
File: pgfcorepoints.code.tex 2025-08-29 v3.1.11a (3.1.11a)
\pgf@picminx=\dimen318
\pgf@picmaxx=\dimen319
\pgf@picminy=\dimen320
\pgf@picmaxy=\dimen321
\pgf@pathminx=\dimen322
\pgf@pathmaxx=\dimen323
\pgf@pathminy=\dimen324
\pgf@pathmaxy=\dimen325
\pgf@xx=\dimen326
\pgf@xy=\dimen327
\pgf@yx=\dimen328
\pgf@yy=\dimen329
\pgf@zx=\dimen330
\pgf@zy=\dimen331
) (c:/texlive/2026/texmf-dist/tex/generic/pgf/basiclayer/pgfcorepathconstruct.code.tex
File: pgfcorepathconstruct.code.tex 2025-08-29 v3.1.11a (3.1.11a)
\pgf@path@lastx=\dimen332
\pgf@path@lasty=\dimen333
) (c:/texlive/2026/texmf-dist/tex/generic/pgf/basiclayer/pgfcorepathusage.code.tex
File: pgfcorepathusage.code.tex 2025-08-29 v3.1.11a (3.1.11a)
\pgf@shorten@end@additional=\dimen334
\pgf@shorten@start@additional=\dimen335
) (c:/texlive/2026/texmf-dist/tex/generic/pgf/basiclayer/pgfcorescopes.code.tex
File: pgfcorescopes.code.tex 2025-08-29 v3.1.11a (3.1.11a)
\pgfpic=\box75
\pgf@hbox=\box76
\pgf@layerbox@main=\box77
\pgf@picture@serial@count=\count391
) (c:/texlive/2026/texmf-dist/tex/generic/pgf/basiclayer/pgfcoregraphicstate.code.tex
File: pgfcoregraphicstate.code.tex 2025-08-29 v3.1.11a (3.1.11a)
\pgflinewidth=\dimen336
) (c:/texlive/2026/texmf-dist/tex/generic/pgf/basiclayer/pgfcoretransformations.code.tex
File: pgfcoretransformations.code.tex 2025-08-29 v3.1.11a (3.1.11a)
\pgf@pt@x=\dimen337
\pgf@pt@y=\dimen338
\pgf@pt@temp=\dimen339
) (c:/texlive/2026/texmf-dist/tex/generic/pgf/basiclayer/pgfcorequick.code.tex
File: pgfcorequick.code.tex 2025-08-29 v3.1.11a (3.1.11a)
) (c:/texlive/2026/texmf-dist/tex/generic/pgf/basiclayer/pgfcoreobjects.code.tex
File: pgfcoreobjects.code.tex 2025-08-29 v3.1.11a (3.1.11a)
) (c:/texlive/2026/texmf-dist/tex/generic/pgf/basiclayer/pgfcorepathprocessing.code.tex
File: pgfcorepathprocessing.code.tex 2025-08-29 v3.1.11a (3.1.11a)
) (c:/texlive/2026/texmf-dist/tex/generic/pgf/basiclayer/pgfcorearrows.code.tex
File: pgfcorearrows.code.tex 2025-08-29 v3.1.11a (3.1.11a)
\pgfarrowsep=\dimen340
) (c:/texlive/2026/texmf-dist/tex/generic/pgf/basiclayer/pgfcoreshade.code.tex
File: pgfcoreshade.code.tex 2025-08-29 v3.1.11a (3.1.11a)
\pgf@max=\dimen341
\pgf@sys@shading@range@num=\count392
\pgf@shadingcount=\count393
) (c:/texlive/2026/texmf-dist/tex/generic/pgf/basiclayer/pgfcoreimage.code.tex
File: pgfcoreimage.code.tex 2025-08-29 v3.1.11a (3.1.11a)
) (c:/texlive/2026/texmf-dist/tex/generic/pgf/basiclayer/pgfcoreexternal.code.tex
File: pgfcoreexternal.code.tex 2025-08-29 v3.1.11a (3.1.11a)
\pgfexternal@startupbox=\box78
) (c:/texlive/2026/texmf-dist/tex/generic/pgf/basiclayer/pgfcorelayers.code.tex
File: pgfcorelayers.code.tex 2025-08-29 v3.1.11a (3.1.11a)
) (c:/texlive/2026/texmf-dist/tex/generic/pgf/basiclayer/pgfcoretransparency.code.tex
File: pgfcoretransparency.code.tex 2025-08-29 v3.1.11a (3.1.11a)
) (c:/texlive/2026/texmf-dist/tex/generic/pgf/basiclayer/pgfcorepatterns.code.tex
File: pgfcorepatterns.code.tex 2025-08-29 v3.1.11a (3.1.11a)
) (c:/texlive/2026/texmf-dist/tex/generic/pgf/basiclayer/pgfcorerdf.code.tex
File: pgfcorerdf.code.tex 2025-08-29 v3.1.11a (3.1.11a)
))) (c:/texlive/2026/texmf-dist/tex/generic/pgf/modules/pgfmoduleshapes.code.tex
File: pgfmoduleshapes.code.tex 2025-08-29 v3.1.11a (3.1.11a)
\pgfnodeparttextbox=\box79
) (c:/texlive/2026/texmf-dist/tex/generic/pgf/modules/pgfmoduleplot.code.tex
File: pgfmoduleplot.code.tex 2025-08-29 v3.1.11a (3.1.11a)
) (c:/texlive/2026/texmf-dist/tex/latex/pgf/compatibility/pgfcomp-version-0-65.sty
Package: pgfcomp-version-0-65 2025-08-29 v3.1.11a (3.1.11a)
\pgf@nodesepstart=\dimen342
\pgf@nodesepend=\dimen343
) (c:/texlive/2026/texmf-dist/tex/latex/pgf/compatibility/pgfcomp-version-1-18.sty
Package: pgfcomp-version-1-18 2025-08-29 v3.1.11a (3.1.11a)
)) (c:/texlive/2026/texmf-dist/tex/latex/pgf/utilities/pgffor.sty (c:/texlive/2026/texmf-dist/tex/latex/pgf/utilities/pgfkeys.sty (c:/texlive/2026/texmf-dist/tex/generic/pgf/utilities/pgfkeys.code.tex)) (c:/texlive/2026/texmf-dist/tex/latex/pgf/math/pgfmath.sty (c:/texlive/2026/texmf-dist/tex/generic/pgf/math/pgfmath.code.tex)) (c:/texlive/2026/texmf-dist/tex/generic/pgf/utilities/pgffor.code.tex
Package: pgffor 2025-08-29 v3.1.11a (3.1.11a)
\pgffor@iter=\dimen344
\pgffor@skip=\dimen345
\pgffor@stack=\toks48
\pgffor@toks=\toks49
)) (c:/texlive/2026/texmf-dist/tex/generic/pgf/frontendlayer/tikz/tikz.code.tex
Package: tikz 2025-08-29 v3.1.11a (3.1.11a)
 (c:/texlive/2026/texmf-dist/tex/generic/pgf/libraries/pgflibraryplothandlers.code.tex
File: pgflibraryplothandlers.code.tex 2025-08-29 v3.1.11a (3.1.11a)
\pgf@plot@mark@count=\count394
\pgfplotmarksize=\dimen346
)
\tikz@lastx=\dimen347
\tikz@lasty=\dimen348
\tikz@lastxsaved=\dimen349
\tikz@lastysaved=\dimen350
\tikz@lastmovetox=\dimen351
\tikz@lastmovetoy=\dimen352
\tikzleveldistance=\dimen353
\tikzsiblingdistance=\dimen354
\tikz@figbox=\box80
\tikz@figbox@bg=\box81
\tikz@tempbox=\box82
\tikz@tempbox@bg=\box83
\tikztreelevel=\count395
\tikznumberofchildren=\count396
\tikznumberofcurrentchild=\count397
\tikz@fig@count=\count398
 (c:/texlive/2026/texmf-dist/tex/generic/pgf/modules/pgfmodulematrix.code.tex
File: pgfmodulematrix.code.tex 2025-08-29 v3.1.11a (3.1.11a)
\pgfmatrixcurrentrow=\count399
\pgfmatrixcurrentcolumn=\count400
\pgf@matrix@numberofcolumns=\count401
)
\tikz@expandcount=\count402
 (c:/texlive/2026/texmf-dist/tex/generic/pgf/frontendlayer/tikz/libraries/tikzlibrarytopaths.code.tex
File: tikzlibrarytopaths.code.tex 2025-08-29 v3.1.11a (3.1.11a)
))) (c:/texlive/2026/texmf-dist/tex/latex/pgfplots/pgfplots.sty (c:/texlive/2026/texmf-dist/tex/generic/pgfplots/pgfplots.revision.tex)
Package: pgfplots 2025/08/14 v1.18.2 Data Visualization (1.18.2)
 (c:/texlive/2026/texmf-dist/tex/generic/pgfplots/pgfplots.code.tex (c:/texlive/2026/texmf-dist/tex/generic/pgfplots/pgfplotscore.code.tex
\t@pgfplots@toka=\toks50
\t@pgfplots@tokb=\toks51
\t@pgfplots@tokc=\toks52
\pgfplots@tmpa=\dimen355
\c@pgfplots@coordindex=\count403
\c@pgfplots@scanlineindex=\count404
 (c:/texlive/2026/texmf-dist/tex/generic/pgfplots/sys/pgfplotssysgeneric.code.tex)) (c:/texlive/2026/texmf-dist/tex/generic/pgfplots/libs/pgfplotslibrary.code.tex) (c:/texlive/2026/texmf-dist/tex/generic/pgfplots/oldpgfcompatib/pgfplotsoldpgfsupp_loader.code.tex (c:/texlive/2026/texmf-dist/tex/generic/pgf/libraries/pgflibraryfpu.code.tex) (c:/texlive/2026/texmf-dist/tex/generic/pgfplots/oldpgfcompatib/pgfplotsoldpgfsupp_pgfutil-common-lists.tex)) (c:/texlive/2026/texmf-dist/tex/generic/pgfplots/util/pgfplotsutil.code.tex (c:/texlive/2026/texmf-dist/tex/generic/pgfplots/liststructure/pgfplotsliststructure.code.tex) (c:/texlive/2026/texmf-dist/tex/generic/pgfplots/liststructure/pgfplotsliststructureext.code.tex) (c:/texlive/2026/texmf-dist/tex/generic/pgfplots/liststructure/pgfplotsarray.code.tex
\c@pgfplotsarray@tmp=\count405
) (c:/texlive/2026/texmf-dist/tex/generic/pgfplots/liststructure/pgfplotsmatrix.code.tex) (c:/texlive/2026/texmf-dist/tex/generic/pgfplots/numtable/pgfplotstableshared.code.tex
\c@pgfplotstable@counta=\count406
\t@pgfplotstable@a=\toks53
) (c:/texlive/2026/texmf-dist/tex/generic/pgfplots/liststructure/pgfplotsdeque.code.tex) (c:/texlive/2026/texmf-dist/tex/generic/pgfplots/util/pgfplotsbinary.code.tex (c:/texlive/2026/texmf-dist/tex/generic/pgfplots/util/pgfplotsbinary.data.code.tex)) (c:/texlive/2026/texmf-dist/tex/generic/pgfplots/util/pgfplotsutil.verb.code.tex) (c:/texlive/2026/texmf-dist/tex/generic/pgfplots/libs/pgflibrarypgfplots.surfshading.code.tex
\c@pgfplotslibrarysurf@no=\count407
 (c:/texlive/2026/texmf-dist/tex/generic/pgfplots/sys/pgflibrarypgfplots.surfshading.pgfsys-xetex.def (c:/texlive/2026/texmf-dist/tex/generic/pgfplots/sys/pgflibrarypgfplots.surfshading.pgfsys-dvipdfmx.def
\c@pgfplotslibrarysurf@streamlen=\count408
)))) (c:/texlive/2026/texmf-dist/tex/generic/pgfplots/util/pgfplotscolormap.code.tex (c:/texlive/2026/texmf-dist/tex/generic/pgfplots/util/pgfplotscolor.code.tex)) (c:/texlive/2026/texmf-dist/tex/generic/pgfplots/pgfplotsstackedplots.code.tex) (c:/texlive/2026/texmf-dist/tex/generic/pgfplots/pgfplotsplothandlers.code.tex (c:/texlive/2026/texmf-dist/tex/generic/pgfplots/pgfplotsmeshplothandler.code.tex (c:/texlive/2026/texmf-dist/tex/generic/pgfplots/pgfplotsmeshplotimage.code.tex))) (c:/texlive/2026/texmf-dist/tex/generic/pgfplots/pgfplots.scaling.code.tex) (c:/texlive/2026/texmf-dist/tex/generic/pgfplots/pgfplotscoordprocessing.code.tex) (c:/texlive/2026/texmf-dist/tex/generic/pgfplots/pgfplots.errorbars.code.tex) (c:/texlive/2026/texmf-dist/tex/generic/pgfplots/pgfplots.markers.code.tex) (c:/texlive/2026/texmf-dist/tex/generic/pgfplots/pgfplotsticks.code.tex) (c:/texlive/2026/texmf-dist/tex/generic/pgfplots/pgfplots.paths.code.tex) (c:/texlive/2026/texmf-dist/tex/generic/pgf/frontendlayer/tikz/libraries/tikzlibrarydecorations.code.tex (c:/texlive/2026/texmf-dist/tex/generic/pgf/modules/pgfmoduledecorations.code.tex
\pgfdecoratedcompleteddistance=\dimen356
\pgfdecoratedremainingdistance=\dimen357
\pgfdecoratedinputsegmentcompleteddistance=\dimen358
\pgfdecoratedinputsegmentremainingdistance=\dimen359
\pgf@decorate@distancetomove=\dimen360
\pgf@decorate@repeatstate=\count409
\pgfdecorationsegmentamplitude=\dimen361
\pgfdecorationsegmentlength=\dimen362
)
\tikz@lib@dec@box=\box84
) (c:/texlive/2026/texmf-dist/tex/generic/pgf/frontendlayer/tikz/libraries/tikzlibrarydecorations.pathmorphing.code.tex (c:/texlive/2026/texmf-dist/tex/generic/pgf/libraries/decorations/pgflibrarydecorations.pathmorphing.code.tex)) (c:/texlive/2026/texmf-dist/tex/generic/pgf/frontendlayer/tikz/libraries/tikzlibrarydecorations.pathreplacing.code.tex (c:/texlive/2026/texmf-dist/tex/generic/pgf/libraries/decorations/pgflibrarydecorations.pathreplacing.code.tex)) (c:/texlive/2026/texmf-dist/tex/generic/pgfplots/libs/tikzlibrarypgfplots.contourlua.code.tex)
\pgfplots@numplots=\count410
\pgfplots@xmin@reg=\dimen363
\pgfplots@xmax@reg=\dimen364
\pgfplots@ymin@reg=\dimen365
\pgfplots@ymax@reg=\dimen366
\pgfplots@zmin@reg=\dimen367
\pgfplots@zmax@reg=\dimen368
) (c:/texlive/2026/texmf-dist/tex/generic/pgf/frontendlayer/tikz/libraries/tikzlibraryplotmarks.code.tex
File: tikzlibraryplotmarks.code.tex 2025-08-29 v3.1.11a (3.1.11a)
 (c:/texlive/2026/texmf-dist/tex/generic/pgf/libraries/pgflibraryplotmarks.code.tex
File: pgflibraryplotmarks.code.tex 2025-08-29 v3.1.11a (3.1.11a)
))) (c:/texlive/2026/texmf-dist/tex/latex/hyperref/hyperref.sty
Package: hyperref 2026-04-24 v7.01q Hypertext links for LaTeX
 (c:/texlive/2026/texmf-dist/tex/latex/kvsetkeys/kvsetkeys.sty
Package: kvsetkeys 2022-10-05 v1.19 Key value parser (HO)
) (c:/texlive/2026/texmf-dist/tex/generic/kvdefinekeys/kvdefinekeys.sty
Package: kvdefinekeys 2019-12-19 v1.6 Define keys (HO)
) (c:/texlive/2026/texmf-dist/tex/generic/pdfescape/pdfescape.sty
Package: pdfescape 2019/12/09 v1.15 Implements pdfTeX's escape features (HO)
 (c:/texlive/2026/texmf-dist/tex/generic/ltxcmds/ltxcmds.sty
Package: ltxcmds 2023-12-04 v1.26 LaTeX kernel commands for general use (HO)
) (c:/texlive/2026/texmf-dist/tex/generic/pdftexcmds/pdftexcmds.sty
Package: pdftexcmds 2020-06-27 v0.33 Utility functions of pdfTeX for LuaTeX (HO)

(c:/texlive/2026/texmf-dist/tex/generic/infwarerr/infwarerr.sty
Package: infwarerr 2019/12/03 v1.5 Providing info/warning/error messages (HO)
)
Package pdftexcmds Info: \pdf@primitive is available.
Package pdftexcmds Info: \pdf@ifprimitive is available.
Package pdftexcmds Info: \pdfdraftmode not found.
)) (c:/texlive/2026/texmf-dist/tex/latex/hycolor/hycolor.sty
Package: hycolor 2020-01-27 v1.10 Color options for hyperref/bookmark (HO)
) (c:/texlive/2026/texmf-dist/tex/latex/hyperref/nameref.sty
Package: nameref 2026-01-29 v2.58 Cross-referencing by name of section
 (c:/texlive/2026/texmf-dist/tex/latex/refcount/refcount.sty
Package: refcount 2019/12/15 v3.6 Data extraction from label references (HO)
) (c:/texlive/2026/texmf-dist/tex/generic/gettitlestring/gettitlestring.sty
Package: gettitlestring 2019/12/15 v1.6 Cleanup title references (HO)
 (c:/texlive/2026/texmf-dist/tex/latex/kvoptions/kvoptions.sty
Package: kvoptions 2022-06-15 v3.15 Key value format for package options (HO)
))
\c@section@level=\count411
) (c:/texlive/2026/texmf-dist/tex/generic/stringenc/stringenc.sty
Package: stringenc 2019/11/29 v1.12 Convert strings between diff. encodings (HO)
)
\@linkdim=\dimen369
\Hy@linkcounter=\count412
\Hy@pagecounter=\count413
 (c:/texlive/2026/texmf-dist/tex/latex/hyperref/pd1enc.def
File: pd1enc.def 2026-04-24 v7.01q Hyperref: PDFDocEncoding definition (HO)
) (c:/texlive/2026/texmf-dist/tex/generic/intcalc/intcalc.sty
Package: intcalc 2019/12/15 v1.3 Expandable calculations with integers (HO)
)
\Hy@SavedSpaceFactor=\count414
 (c:/texlive/2026/texmf-dist/tex/latex/hyperref/puenc.def
File: puenc.def 2026-04-24 v7.01q Hyperref: PDF Unicode definition (HO)
 (c:/texlive/2026/texmf-dist/tex/latex/greek-fontenc/puenc-greek.def
File: puenc-greek.def 2023-09-12 2.5 Greek LICRs for PDF strings
 (c:/texlive/2026/texmf-dist/tex/latex/greek-fontenc/greek-fontenc.def
File: greek-fontenc.def 2023-09-12 2.5 Common Greek font encoding definitions
)
LaTeX Encoding Info:    Redeclaring text command \textmu (encoding PU) on input line 179.
)
LaTeX Encoding Info:    Redeclaring text command \textohm (encoding PU) on input line 1176.
)
Package hyperref Info: Option `unicode' set `true' on input line 4070.
Package hyperref Info: Hyper figures OFF on input line 4199.
Package hyperref Info: Link nesting OFF on input line 4204.
Package hyperref Info: Hyper index ON on input line 4207.
Package hyperref Info: Plain pages OFF on input line 4214.
Package hyperref Info: Backreferencing OFF on input line 4219.
Package hyperref Info: Implicit mode ON; LaTeX internals redefined.
Package hyperref Info: Bookmarks ON on input line 4466.
\c@Hy@tempcnt=\count415
LaTeX Info: Redefining \url on input line 4805.
\XeTeXLinkMargin=\dimen370
 (c:/texlive/2026/texmf-dist/tex/generic/bitset/bitset.sty
Package: bitset 2019/12/09 v1.3 Handle bit-vector datatype (HO)
 (c:/texlive/2026/texmf-dist/tex/generic/bigintcalc/bigintcalc.sty
Package: bigintcalc 2019/12/15 v1.5 Expandable calculations on big integers (HO)
))
\Fld@menulength=\count416
\Field@Width=\dimen371
\Fld@charsize=\dimen372
Package hyperref Info: Hyper figures OFF on input line 6091.
Package hyperref Info: Link nesting OFF on input line 6096.
Package hyperref Info: Hyper index ON on input line 6099.
Package hyperref Info: backreferencing OFF on input line 6106.
Package hyperref Info: Link coloring OFF on input line 6111.
Package hyperref Info: Link coloring with OCG OFF on input line 6116.
Package hyperref Info: PDF/A mode OFF on input line 6121.
\Hy@abspage=\count417
\c@Item=\count418
\c@Hfootnote=\count419
)
Package hyperref Info: Driver (autodetected): hxetex.
 (c:/texlive/2026/texmf-dist/tex/latex/hyperref/hxetex.def
File: hxetex.def 2026-04-24 v7.01q Hyperref driver for XeTeX
\pdfm@box=\box85
\c@Hy@AnnotLevel=\count420
\HyField@AnnotCount=\count421
\Fld@listcount=\count422
\c@bookmark@seq@number=\count423
 (c:/texlive/2026/texmf-dist/tex/latex/rerunfilecheck/rerunfilecheck.sty
Package: rerunfilecheck 2025-06-21 v1.11 Rerun checks for auxiliary files (HO)
 (c:/texlive/2026/texmf-dist/tex/generic/uniquecounter/uniquecounter.sty
Package: uniquecounter 2019/12/15 v1.4 Provide unlimited unique counter (HO)
)
Package uniquecounter Info: New unique counter `rerunfilecheck' on input line 284.
)
\Hy@SectionHShift=\skip94
) (c:/texlive/2026/texmf-dist/tex/generic/pgf/libraries/pgflibraryarrows.meta.code.tex
File: pgflibraryarrows.meta.code.tex 2025-08-29 v3.1.11a (3.1.11a)
\pgfarrowinset=\dimen373
\pgfarrowlength=\dimen374
\pgfarrowwidth=\dimen375
\pgfarrowlinewidth=\dimen376
) (c:/texlive/2026/texmf-dist/tex/generic/pgf/frontendlayer/tikz/libraries/tikzlibrarypositioning.code.tex
File: tikzlibrarypositioning.code.tex 2025-08-29 v3.1.11a (3.1.11a)
) (c:/texlive/2026/texmf-dist/tex/generic/pgf/frontendlayer/tikz/libraries/tikzlibraryshapes.geometric.code.tex
File: tikzlibraryshapes.geometric.code.tex 2025-08-29 v3.1.11a (3.1.11a)
 (c:/texlive/2026/texmf-dist/tex/generic/pgf/libraries/shapes/pgflibraryshapes.geometric.code.tex
File: pgflibraryshapes.geometric.code.tex 2025-08-29 v3.1.11a (3.1.11a)
)) (c:/texlive/2026/texmf-dist/tex/generic/pgf/frontendlayer/tikz/libraries/tikzlibraryfit.code.tex
File: tikzlibraryfit.code.tex 2025-08-29 v3.1.11a (3.1.11a)
) (c:/texlive/2026/texmf-dist/tex/generic/pgf/frontendlayer/tikz/libraries/tikzlibrarycalc.code.tex
File: tikzlibrarycalc.code.tex 2025-08-29 v3.1.11a (3.1.11a)
) (c:/texlive/2026/texmf-dist/tex/xelatex/xecjk/xunicode-addon.sty
Package: xunicode-addon 2022/08/05 v3.9.1 addon file for xunicode
\l__xunadd_tmp_coffin=\box86
\l__xunadd_circle_coffin=\box87
\l_xunadd_slot_int=\count424
) (c:/texlive/2026/texmf-dist/tex/xelatex/xunicode/xunicode.sty
File: xunicode.sty 2011/09/09 v0.981 provides access to latin accents and many other characters in Unicode lower plane

*** Reloading Xunicode for encoding 'TU' ***
LaTeX Encoding Info:    Redeclaring text command \textoverh (encoding TU) on input line 400.
LaTeX Encoding Info:    Redeclaring text command \textoverheng (encoding TU) on input line 402.
LaTeX Encoding Info:    Redeclaring text command \textoverj (encoding TU) on input line 404.
LaTeX Encoding Info:    Redeclaring text command \textoverh (encoding TU) on input line 406.
LaTeX Encoding Info:    Redeclaring text command \textoverw (encoding TU) on input line 408.
LaTeX Encoding Info:    Redeclaring text command \textovery (encoding TU) on input line 411.
LaTeX Encoding Info:    Redeclaring text command \textspleftarrow (encoding TU) on input line 417.
LaTeX Encoding Info:    Redeclaring text command \textsbleftarrow (encoding TU) on input line 423.
LaTeX Encoding Info:    Redeclaring text command \textgravedbl (encoding TU) on input line 428.
LaTeX Encoding Info:    Redeclaring text command \texttildebelow (encoding TU) on input line 429.
LaTeX Encoding Info:    Redeclaring text command \textopencorner (encoding TU) on input line 431.
LaTeX Encoding Info:    Redeclaring text command \textcorner (encoding TU) on input line 432.
LaTeX Encoding Info:    Redeclaring text command \textsubdoublearrow (encoding TU) on input line 440.
LaTeX Encoding Info:    Redeclaring text command \textrptr (encoding TU) on input line 441.
LaTeX Encoding Info:    Redeclaring text command \textsubrightarrow (encoding TU) on input line 442.
LaTeX Encoding Info:    Redeclaring text command \` (encoding TU) on input line 445.
LaTeX Encoding Info:    Redeclaring text command \capitalgrave (encoding TU) on input line 447.
LaTeX Encoding Info:    Redeclaring text command \' (encoding TU) on input line 448.
LaTeX Encoding Info:    Redeclaring text command \capitalacute (encoding TU) on input line 450.
LaTeX Encoding Info:    Redeclaring text command \^ (encoding TU) on input line 451.
LaTeX Encoding Info:    Redeclaring text command \capitalcircumflex (encoding TU) on input line 453.
LaTeX Encoding Info:    Redeclaring text command \~ (encoding TU) on input line 454.
LaTeX Encoding Info:    Redeclaring text command \capitaltilde (encoding TU) on input line 456.
LaTeX Encoding Info:    Redeclaring text command \= (encoding TU) on input line 457.
LaTeX Encoding Info:    Redeclaring text command \capitalmacron (encoding TU) on input line 459.
LaTeX Encoding Info:    Redeclaring text command \textoverline (encoding OT1) on input line 460.
LaTeX Encoding Info:    Redeclaring text command \textoverline (encoding TU) on input line 461.
LaTeX Encoding Info:    Redeclaring text command \u (encoding TU) on input line 462.
LaTeX Encoding Info:    Redeclaring text command \capitalbreve (encoding TU) on input line 464.
LaTeX Encoding Info:    Redeclaring text command \. (encoding TU) on input line 465.
LaTeX Encoding Info:    Redeclaring text command \capitaldotaccent (encoding TU) on input line 467.
LaTeX Encoding Info:    Redeclaring text command \" (encoding TU) on input line 468.
LaTeX Encoding Info:    Redeclaring text command \capitaldieresis (encoding TU) on input line 470.
LaTeX Encoding Info:    Redeclaring text command \m (encoding TU) on input line 472.
LaTeX Encoding Info:    Redeclaring text command \texthookabove (encoding OT1) on input line 473.
LaTeX Encoding Info:    Redeclaring text command \texthookabove (encoding TU) on input line 474.
LaTeX Encoding Info:    Redeclaring text command \r (encoding TU) on input line 475.
LaTeX Encoding Info:    Redeclaring text command \capitalring (encoding TU) on input line 477.
LaTeX Encoding Info:    Redeclaring text command \H (encoding TU) on input line 478.
LaTeX Encoding Info:    Redeclaring text command \capitalhungarumlaut (encoding TU) on input line 480.
LaTeX Encoding Info:    Redeclaring text command \v (encoding TU) on input line 481.
LaTeX Encoding Info:    Redeclaring text command \capitalcaron (encoding TU) on input line 483.
LaTeX Encoding Info:    Redeclaring text command \textvbaraccent (encoding TU) on input line 485.
LaTeX Encoding Info:    Redeclaring text command \textdoublevbaraccent (encoding TU) on input line 487.
LaTeX Encoding Info:    Redeclaring text command \U (encoding TU) on input line 489.
LaTeX Encoding Info:    Redeclaring text command \textdoublegrave (encoding TU) on input line 491.
LaTeX Encoding Info:    Redeclaring text command \G (encoding TU) on input line 493.
LaTeX Encoding Info:    Redeclaring text command \textdotbreve (encoding TU) on input line 495.
LaTeX Encoding Info:    Redeclaring text command \textroundcap (encoding TU) on input line 497.
LaTeX Encoding Info:    Redeclaring text command \newtie (encoding TU) on input line 499.
LaTeX Encoding Info:    Redeclaring text command \capitalnewtie (encoding TU) on input line 501.
LaTeX Encoding Info:    Redeclaring text command \textturncommaabove (encoding OT1) on input line 506.
LaTeX Encoding Info:    Redeclaring text command \textturncommaabove (encoding TU) on input line 507.
LaTeX Encoding Info:    Redeclaring text command \textcommaabove (encoding OT1) on input line 508.
LaTeX Encoding Info:    Redeclaring text command \textcommaabove (encoding TU) on input line 509.
LaTeX Encoding Info:    Redeclaring text command \textrevcommaabove (encoding OT1) on input line 510.
LaTeX Encoding Info:    Redeclaring text command \textrevcommaabove (encoding TU) on input line 511.
LaTeX Encoding Info:    Redeclaring text command \textcommaabover (encoding OT1) on input line 512.
LaTeX Encoding Info:    Redeclaring text command \textcommaabover (encoding TU) on input line 513.
LaTeX Encoding Info:    Redeclaring text command \textsubgrave (encoding TU) on input line 515.
LaTeX Encoding Info:    Redeclaring text command \textsubacute (encoding TU) on input line 517.
LaTeX Encoding Info:    Redeclaring text command \textadvancing (encoding TU) on input line 519.
LaTeX Encoding Info:    Redeclaring text command \textretracting (encoding TU) on input line 521.
LaTeX Encoding Info:    Redeclaring text command \textlangleabove (encoding OT1) on input line 522.
LaTeX Encoding Info:    Redeclaring text command \textlangleabove (encoding TU) on input line 523.
LaTeX Encoding Info:    Redeclaring text command \textrighthorn (encoding OT1) on input line 524.
LaTeX Encoding Info:    Redeclaring text command \textrighthorn (encoding TU) on input line 525.
LaTeX Encoding Info:    Redeclaring text command \textsublhalfring (encoding TU) on input line 527.
LaTeX Encoding Info:    Redeclaring text command \textraising (encoding TU) on input line 529.
LaTeX Encoding Info:    Redeclaring text command \textlowering (encoding TU) on input line 531.
LaTeX Encoding Info:    Redeclaring text command \textsubplus (encoding TU) on input line 533.
LaTeX Encoding Info:    Redeclaring text command \textsubminus (encoding TU) on input line 535.
LaTeX Encoding Info:    Redeclaring text command \textpalhookbelow (encoding OT1) on input line 536.
LaTeX Encoding Info:    Redeclaring text command \textpalhookbelow (encoding TU) on input line 537.
LaTeX Encoding Info:    Redeclaring text command \M (encoding TU) on input line 539.
LaTeX Encoding Info:    Redeclaring text command \textrethookbelow (encoding OT1) on input line 540.
LaTeX Encoding Info:    Redeclaring text command \textrethookbelow (encoding TU) on input line 541.
LaTeX Encoding Info:    Redeclaring text command \d (encoding TU) on input line 542.
LaTeX Encoding Info:    Redeclaring text command \textsubdot (encoding TU) on input line 544.
LaTeX Encoding Info:    Redeclaring text command \textsubumlaut (encoding TU) on input line 546.
LaTeX Encoding Info:    Redeclaring text command \textsubring (encoding TU) on input line 548.
LaTeX Encoding Info:    Redeclaring text command \textcommabelow (encoding OT1) on input line 549.
LaTeX Encoding Info:    Redeclaring text command \textcommabelow (encoding TU) on input line 550.
LaTeX Encoding Info:    Redeclaring text command \c (encoding TU) on input line 551.
LaTeX Encoding Info:    Redeclaring text command \capitalcedilla (encoding TU) on input line 553.
LaTeX Encoding Info:    Redeclaring text command \k (encoding TU) on input line 554.
LaTeX Encoding Info:    Redeclaring text command \capitalogonek (encoding TU) on input line 556.
LaTeX Encoding Info:    Redeclaring text command \textpolhook (encoding TU) on input line 558.
LaTeX Encoding Info:    Redeclaring text command \textsyllabic (encoding TU) on input line 560.
LaTeX Encoding Info:    Redeclaring text command \textsubbridge (encoding TU) on input line 562.
LaTeX Encoding Info:    Redeclaring text command \textsubw (encoding TU) on input line 565.
LaTeX Encoding Info:    Redeclaring text command \textsubwedge (encoding TU) on input line 567.
LaTeX Encoding Info:    Redeclaring text command \textsubcircum (encoding TU) on input line 569.
LaTeX Encoding Info:    Redeclaring text command \textundertie (encoding TU) on input line 571.
LaTeX Encoding Info:    Redeclaring text command \textsubarch (encoding TU) on input line 573.
LaTeX Encoding Info:    Redeclaring text command \textsubtilde (encoding TU) on input line 576.
LaTeX Encoding Info:    Redeclaring text command \textsubbar (encoding TU) on input line 578.
LaTeX Encoding Info:    Redeclaring text command \b (encoding TU) on input line 579.
LaTeX Encoding Info:    Redeclaring text command \subdoublebar (encoding TU) on input line 581.
LaTeX Encoding Info:    Redeclaring text command \textsuperimposetilde (encoding OT1) on input line 583.
LaTeX Encoding Info:    Redeclaring text command \textsuperimposetilde (encoding TU) on input line 584.
LaTeX Encoding Info:    Redeclaring text command \B (encoding TU) on input line 586.
LaTeX Encoding Info:    Redeclaring text command \textsstrokethru (encoding OT1) on input line 587.
LaTeX Encoding Info:    Redeclaring text command \textsstrokethru (encoding TU) on input line 588.
LaTeX Encoding Info:    Redeclaring text command \textlstrokethru (encoding OT1) on input line 589.
LaTeX Encoding Info:    Redeclaring text command \textlstrokethru (encoding TU) on input line 590.
LaTeX Encoding Info:    Redeclaring text command \textsstrikethru (encoding OT1) on input line 591.
LaTeX Encoding Info:    Redeclaring text command \textsstrikethru (encoding TU) on input line 592.
LaTeX Encoding Info:    Redeclaring text command \textlstrikethru (encoding OT1) on input line 593.
LaTeX Encoding Info:    Redeclaring text command \textlstrikethru (encoding TU) on input line 594.
LaTeX Encoding Info:    Redeclaring text command \textsubrhalfring (encoding TU) on input line 596.
LaTeX Encoding Info:    Redeclaring text command \textinvsubbridge (encoding TU) on input line 598.
LaTeX Encoding Info:    Redeclaring text command \textsubsquare (encoding TU) on input line 600.
LaTeX Encoding Info:    Redeclaring text command \textseagull (encoding TU) on input line 602.
LaTeX Encoding Info:    Redeclaring text command \textovercross (encoding TU) on input line 604.
LaTeX Encoding Info:    Redeclaring text command \textdoubleoverline (encoding TU) on input line 607.
LaTeX Encoding Info:    Redeclaring text command \overbridge (encoding TU) on input line 615.
LaTeX Encoding Info:    Redeclaring text command \subdoublevert (encoding TU) on input line 620.
LaTeX Encoding Info:    Redeclaring text command \subcorner (encoding TU) on input line 622.
LaTeX Encoding Info:    Redeclaring text command \crtilde (encoding TU) on input line 626.
LaTeX Encoding Info:    Redeclaring text command \dottedtilde (encoding TU) on input line 628.
LaTeX Encoding Info:    Redeclaring text command \doubletilde (encoding TU) on input line 630.
LaTeX Encoding Info:    Redeclaring text command \spreadlips (encoding TU) on input line 632.
LaTeX Encoding Info:    Redeclaring text command \whistle (encoding TU) on input line 634.
LaTeX Encoding Info:    Redeclaring text command \textgraphemejoin (encoding OT1) on input line 635.
LaTeX Encoding Info:    Redeclaring text command \textgraphemejoin (encoding TU) on input line 636.
LaTeX Encoding Info:    Redeclaring text command \textrightarrowhead (encoding OT1) on input line 637.
LaTeX Encoding Info:    Redeclaring text command \textrightarrowhead (encoding TU) on input line 638.
LaTeX Encoding Info:    Redeclaring text command \textlefthalfring (encoding OT1) on input line 639.
LaTeX Encoding Info:    Redeclaring text command \textlefthalfring (encoding TU) on input line 640.
LaTeX Encoding Info:    Redeclaring text command \sublptr (encoding TU) on input line 644.
LaTeX Encoding Info:    Redeclaring text command \subrptr (encoding TU) on input line 646.
LaTeX Encoding Info:    Redeclaring text command \textrightuparrowhead (encoding OT1) on input line 647.
LaTeX Encoding Info:    Redeclaring text command \textrightuparrowhead (encoding TU) on input line 648.
LaTeX Encoding Info:    Redeclaring text command \textrighthalfring (encoding OT1) on input line 649.
LaTeX Encoding Info:    Redeclaring text command \textrighthalfring (encoding TU) on input line 650.
LaTeX Encoding Info:    Redeclaring text command \textdoublebrevebelow (encoding TU) on input line 656.
LaTeX Encoding Info:    Redeclaring text command \textdoublebreve (encoding OT1) on input line 657.
LaTeX Encoding Info:    Redeclaring text command \textdoublebreve (encoding TU) on input line 658.
LaTeX Encoding Info:    Redeclaring text command \textdoublemacron (encoding OT1) on input line 659.
LaTeX Encoding Info:    Redeclaring text command \textdoublemacron (encoding TU) on input line 660.
LaTeX Encoding Info:    Redeclaring text command \textdoublemacronbelow (encoding OT1) on input line 661.
LaTeX Encoding Info:    Redeclaring text command \textdoublemacronbelow (encoding TU) on input line 662.
LaTeX Encoding Info:    Redeclaring text command \textdoubletilde (encoding OT1) on input line 663.
LaTeX Encoding Info:    Redeclaring text command \textdoubletilde (encoding TU) on input line 664.
LaTeX Encoding Info:    Redeclaring text command \t (encoding TU) on input line 666.
LaTeX Encoding Info:    Redeclaring text command \capitaltie (encoding TU) on input line 668.
LaTeX Encoding Info:    Redeclaring text command \texttoptiebar (encoding TU) on input line 670.
LaTeX Encoding Info:    Redeclaring text command \sliding (encoding TU) on input line 692.
LaTeX Encoding Info:    Redeclaring text command \texthighrise (encoding OT1) on input line 717.
LaTeX Encoding Info:    Redeclaring text command \texthighrise (encoding TU) on input line 718.
LaTeX Encoding Info:    Redeclaring text command \textlowrise (encoding OT1) on input line 719.
LaTeX Encoding Info:    Redeclaring text command \textlowrise (encoding TU) on input line 720.
LaTeX Encoding Info:    Redeclaring text command \textrisefall (encoding OT1) on input line 723.
LaTeX Encoding Info:    Redeclaring text command \textrisefall (encoding TU) on input line 724.
LaTeX Encoding Info:    Redeclaring text command \textfallrise (encoding OT1) on input line 725.
LaTeX Encoding Info:    Redeclaring text command \textfallrise (encoding TU) on input line 726.
LaTeX Encoding Info:    Redeclaring text command \textaolig (encoding TU) on input line 738.
LaTeX Encoding Info:    Redeclaring text command \bibridge (encoding TU) on input line 768.
LaTeX Encoding Info:    Redeclaring text command \textmidacute (encoding TU) on input line 770.
LaTeX Encoding Info:    Redeclaring text command \textgravemid (encoding TU) on input line 772.
LaTeX Encoding Info:    Redeclaring text command \textgravecircum (encoding TU) on input line 774.
LaTeX Encoding Info:    Redeclaring text command \textcircumacute (encoding TU) on input line 776.
LaTeX Encoding Info:    Redeclaring text command \textgravedot (encoding TU) on input line 778.
LaTeX Encoding Info:    Redeclaring text command \textdotacute (encoding TU) on input line 780.
LaTeX Encoding Info:    Redeclaring text command \textacutemacron (encoding TU) on input line 782.
LaTeX Encoding Info:    Redeclaring text command \textgravemacron (encoding TU) on input line 784.
LaTeX Encoding Info:    Redeclaring text command \textacutewedge (encoding TU) on input line 786.
LaTeX Encoding Info:    Redeclaring text command \textcircumdot (encoding TU) on input line 788.
LaTeX Encoding Info:    Redeclaring text command \texttildedot (encoding TU) on input line 790.
LaTeX Encoding Info:    Redeclaring text command \textringmacron (encoding TU) on input line 792.
LaTeX Encoding Info:    Redeclaring text command \textbrevemacron (encoding TU) on input line 794.
LaTeX Encoding Info:    Redeclaring text command \texthookcircum (encoding TU) on input line 797.
LaTeX Encoding Info:    Redeclaring text command \texttildecircum (encoding TU) on input line 799.
LaTeX Encoding Info:    Redeclaring text command \textdieresisoverline (encoding TU) on input line 801.
LaTeX Encoding Info:    Redeclaring text command \textdieresisacute (encoding TU) on input line 803.
LaTeX Encoding Info:    Redeclaring text command \textdieresisgrave (encoding TU) on input line 805.
LaTeX Encoding Info:    Redeclaring text command \textdieresiscaron (encoding TU) on input line 807.
LaTeX Encoding Info:    Redeclaring text command \texttildeoverline (encoding TU) on input line 809.
LaTeX Encoding Info:    Redeclaring text command \textdotoverline (encoding TU) on input line 811.
LaTeX Encoding Info:    Redeclaring text command \textringacute (encoding TU) on input line 813.
LaTeX Encoding Info:    Redeclaring text command \textcircumdotbelow (encoding TU) on input line 815.
LaTeX Encoding Info:    Redeclaring text command \textbreveacute (encoding TU) on input line 817.
LaTeX Encoding Info:    Redeclaring text command \textbrevegrave (encoding TU) on input line 819.
LaTeX Encoding Info:    Redeclaring text command \textbrevehook (encoding TU) on input line 821.
LaTeX Encoding Info:    Redeclaring text command \textbrevetilde (encoding TU) on input line 823.
LaTeX Encoding Info:    Redeclaring text command \textbrevedotbelow (encoding TU) on input line 825.
LaTeX Encoding Info:    Redeclaring text command \textacutehorn (encoding TU) on input line 827.
LaTeX Encoding Info:    Redeclaring text command \textgravehorn (encoding TU) on input line 829.
LaTeX Encoding Info:    Redeclaring text command \texthookhorn (encoding TU) on input line 831.
LaTeX Encoding Info:    Redeclaring text command \texttildehorn (encoding TU) on input line 833.
LaTeX Encoding Info:    Redeclaring text command \textdotbelowhorn (encoding TU) on input line 835.
LaTeX Encoding Info:    Redeclaring text command \textogonekoverline (encoding TU) on input line 837.
LaTeX Encoding Info:    Redeclaring text command \textmiddledot (encoding TU) on input line 840.
LaTeX Encoding Info:    Redeclaring text command \TIPAvertmacro (encoding TU) on input line 842.
LaTeX Encoding Info:    Redeclaring text command \textupstep (encoding TU) on input line 844.
LaTeX Encoding Info:    Redeclaring text command \textdownstep (encoding TU) on input line 845.
LaTeX Encoding Info:    Redeclaring text command \textquotedbl (encoding TU) on input line 1706.
LaTeX Encoding Info:    Redeclaring text command \texthash (encoding TU) on input line 1707.
LaTeX Encoding Info:    Redeclaring text command \textdollar (encoding TU) on input line 1708.
LaTeX Encoding Info:    Redeclaring text command \textpercent (encoding TU) on input line 1709.
LaTeX Encoding Info:    Redeclaring text command \textampersand (encoding TU) on input line 1710.
LaTeX Encoding Info:    Redeclaring text command \textquotesingle (encoding TU) on input line 1711.
LaTeX Encoding Info:    Redeclaring text command \textasteriskcentered (encoding TU) on input line 1712.
LaTeX Encoding Info:    Redeclaring text command \textless (encoding TU) on input line 1713.
LaTeX Encoding Info:    Redeclaring text command \textequals (encoding TU) on input line 1714.
LaTeX Encoding Info:    Redeclaring text command \textgreater (encoding TU) on input line 1715.
LaTeX Encoding Info:    Redeclaring text command \textbackslash (encoding TU) on input line 1716.
LaTeX Encoding Info:    Redeclaring text command \textasciicircum (encoding TU) on input line 1717.
LaTeX Encoding Info:    Redeclaring text command \textunderscore (encoding TU) on input line 1718.
LaTeX Encoding Info:    Redeclaring text command \textasciigrave (encoding TU) on input line 1719.
LaTeX Encoding Info:    Redeclaring text command \textg (encoding TU) on input line 1720.
LaTeX Encoding Info:    Redeclaring text command \textbraceleft (encoding TU) on input line 1721.
LaTeX Encoding Info:    Redeclaring text command \textbar (encoding TU) on input line 1722.
LaTeX Encoding Info:    Redeclaring text command \textbraceright (encoding TU) on input line 1723.
LaTeX Encoding Info:    Redeclaring text command \textasciitilde (encoding TU) on input line 1724.
LaTeX Encoding Info:    Redeclaring text command \textexclamdown (encoding TU) on input line 1726.
LaTeX Encoding Info:    Redeclaring text command \textcent (encoding TU) on input line 1727.
LaTeX Encoding Info:    Redeclaring text command \textsterling (encoding TU) on input line 1729.
LaTeX Encoding Info:    Redeclaring text command \textcurrency (encoding TU) on input line 1731.
LaTeX Encoding Info:    Redeclaring text command \textyen (encoding TU) on input line 1732.
LaTeX Encoding Info:    Redeclaring text command \textbrokenbar (encoding TU) on input line 1734.
LaTeX Encoding Info:    Redeclaring text command \textsection (encoding TU) on input line 1735.
LaTeX Encoding Info:    Redeclaring text command \textasciidieresis (encoding TU) on input line 1737.
LaTeX Encoding Info:    Redeclaring text command \textcopyright (encoding TU) on input line 1738.
LaTeX Encoding Info:    Redeclaring text command \copyright (encoding TU) on input line 1739.
LaTeX Encoding Info:    Redeclaring text command \textordfeminine (encoding TU) on input line 1740.
LaTeX Encoding Info:    Redeclaring text command \guillemotleft (encoding TU) on input line 1742.
LaTeX Encoding Info:    Redeclaring text command \textlogicalnot (encoding TU) on input line 1743.
LaTeX Encoding Info:    Redeclaring text command \textregistered (encoding TU) on input line 1746.
LaTeX Encoding Info:    Redeclaring text command \textasciimacron (encoding TU) on input line 1747.
LaTeX Encoding Info:    Redeclaring text command \textdegree (encoding TU) on input line 1748.
LaTeX Encoding Info:    Redeclaring text command \textpm (encoding TU) on input line 1749.
LaTeX Encoding Info:    Redeclaring text command \texttwosuperior (encoding TU) on input line 1751.
LaTeX Encoding Info:    Redeclaring text command \textthreesuperior (encoding TU) on input line 1753.
LaTeX Encoding Info:    Redeclaring text command \textasciiacute (encoding TU) on input line 1755.
LaTeX Encoding Info:    Redeclaring text command \textmu (encoding TU) on input line 1756.
LaTeX Encoding Info:    Redeclaring text command \textparagraph (encoding TU) on input line 1758.
LaTeX Encoding Info:    Redeclaring text command \textpilcrow (encoding TU) on input line 1759.
LaTeX Encoding Info:    Redeclaring text command \textcentereddot (encoding TU) on input line 1761.
LaTeX Encoding Info:    Redeclaring text command \textperiodcentered (encoding TU) on input line 1762.
LaTeX Encoding Info:    Redeclaring text command \textasciicedilla (encoding TU) on input line 1763.
LaTeX Encoding Info:    Redeclaring text command \textonesuperior (encoding TU) on input line 1764.
LaTeX Encoding Info:    Redeclaring text command \textordmasculine (encoding TU) on input line 1766.
LaTeX Encoding Info:    Redeclaring text command \guillemotright (encoding TU) on input line 1768.
LaTeX Encoding Info:    Redeclaring text command \textonequarter (encoding TU) on input line 1769.
LaTeX Encoding Info:    Redeclaring text command \textonehalf (encoding TU) on input line 1770.
LaTeX Encoding Info:    Redeclaring text command \textthreequarters (encoding TU) on input line 1771.
LaTeX Encoding Info:    Redeclaring text command \textquestiondown (encoding TU) on input line 1772.
LaTeX Encoding Info:    Redeclaring text command \AA (encoding TU) on input line 1785.
LaTeX Encoding Info:    Redeclaring text command \AE (encoding TU) on input line 1786.
LaTeX Encoding Info:    Redeclaring text command \DH (encoding TU) on input line 1806.
LaTeX Encoding Info:    Redeclaring text command \texttimes (encoding TU) on input line 1819.
LaTeX Encoding Info:    Redeclaring text command \O (encoding TU) on input line 1821.
LaTeX Encoding Info:    Redeclaring text command \TH (encoding TU) on input line 1832.
LaTeX Encoding Info:    Redeclaring text command \Thorn (encoding TU) on input line 1833.
LaTeX Encoding Info:    Redeclaring text command \ss (encoding TU) on input line 1834.
LaTeX Encoding Info:    Redeclaring text command \aa (encoding TU) on input line 1842.
LaTeX Encoding Info:    Redeclaring text command \ae (encoding TU) on input line 1843.
LaTeX Encoding Info:    Redeclaring text command \dh (encoding TU) on input line 1857.
LaTeX Encoding Info:    Redeclaring text command \textdiv (encoding TU) on input line 1864.
LaTeX Encoding Info:    Redeclaring text command \o (encoding TU) on input line 1866.
LaTeX Encoding Info:    Redeclaring text command \th (encoding TU) on input line 1872.
LaTeX Encoding Info:    Redeclaring text command \textthorn (encoding TU) on input line 1873.
LaTeX Encoding Info:    Redeclaring text command \textthornvari (encoding TU) on input line 1874.
LaTeX Encoding Info:    Redeclaring text command \textthornvarii (encoding TU) on input line 1875.
LaTeX Encoding Info:    Redeclaring text command \textthornvariii (encoding TU) on input line 1876.
LaTeX Encoding Info:    Redeclaring text command \textthornvariv (encoding TU) on input line 1877.
LaTeX Encoding Info:    Redeclaring text command \Aogonek (encoding TU) on input line 1887.
LaTeX Encoding Info:    Redeclaring text command \aogonek (encoding TU) on input line 1890.
LaTeX Encoding Info:    Redeclaring text command \DJ (encoding TU) on input line 1907.
LaTeX Encoding Info:    Redeclaring text command \dj (encoding TU) on input line 1909.
LaTeX Encoding Info:    Redeclaring text command \textcrd (encoding TU) on input line 1910.
LaTeX Encoding Info:    Redeclaring text command \textHbar (encoding TU) on input line 1943.
LaTeX Encoding Info:    Redeclaring text command \textcrh (encoding TU) on input line 1945.
LaTeX Encoding Info:    Redeclaring text command \texthbar (encoding TU) on input line 1946.
LaTeX Encoding Info:    Redeclaring text command \i (encoding TU) on input line 1965.
LaTeX Encoding Info:    Redeclaring text command \IJ (encoding TU) on input line 1966.
LaTeX Encoding Info:    Redeclaring text command \ij (encoding TU) on input line 1967.
LaTeX Encoding Info:    Redeclaring text command \textkra (encoding TU) on input line 1975.
LaTeX Encoding Info:    Redeclaring text command \Lcaron (encoding TU) on input line 1984.
LaTeX Encoding Info:    Redeclaring text command \lcaron (encoding TU) on input line 1986.
LaTeX Encoding Info:    Redeclaring text command \L (encoding TU) on input line 1990.
LaTeX Encoding Info:    Redeclaring text command \Lstroke (encoding TU) on input line 1991.
LaTeX Encoding Info:    Redeclaring text command \l (encoding TU) on input line 1993.
LaTeX Encoding Info:    Redeclaring text command \lstroke (encoding TU) on input line 1994.
LaTeX Encoding Info:    Redeclaring text command \textbarl (encoding TU) on input line 1995.
LaTeX Encoding Info:    Redeclaring text command \NG (encoding TU) on input line 2008.
LaTeX Encoding Info:    Redeclaring text command \ng (encoding TU) on input line 2010.
LaTeX Encoding Info:    Redeclaring text command \OE (encoding TU) on input line 2020.
LaTeX Encoding Info:    Redeclaring text command \oe (encoding TU) on input line 2021.
LaTeX Encoding Info:    Redeclaring text command \Racute (encoding TU) on input line 2024.
LaTeX Encoding Info:    Redeclaring text command \racute (encoding TU) on input line 2026.
LaTeX Encoding Info:    Redeclaring text command \Sacute (encoding TU) on input line 2035.
LaTeX Encoding Info:    Redeclaring text command \sacute (encoding TU) on input line 2037.
LaTeX Encoding Info:    Redeclaring text command \Scedilla (encoding TU) on input line 2043.
LaTeX Encoding Info:    Redeclaring text command \scedilla (encoding TU) on input line 2045.
LaTeX Encoding Info:    Redeclaring text command \Scaron (encoding TU) on input line 2048.
LaTeX Encoding Info:    Redeclaring text command \scaron (encoding TU) on input line 2050.
LaTeX Encoding Info:    Redeclaring text command \Tcaron (encoding TU) on input line 2056.
LaTeX Encoding Info:    Redeclaring text command \tcaron (encoding TU) on input line 2058.
LaTeX Encoding Info:    Redeclaring text command \textTstroke (encoding TU) on input line 2060.
LaTeX Encoding Info:    Redeclaring text command \textTbar (encoding TU) on input line 2061.
LaTeX Encoding Info:    Redeclaring text command \texttstroke (encoding TU) on input line 2063.
LaTeX Encoding Info:    Redeclaring text command \texttbar (encoding TU) on input line 2064.
LaTeX Encoding Info:    Redeclaring text command \Zdotaccent (encoding TU) on input line 2097.
LaTeX Encoding Info:    Redeclaring text command \zdotaccent (encoding TU) on input line 2099.
LaTeX Encoding Info:    Redeclaring text command \Zcaron (encoding TU) on input line 2102.
LaTeX Encoding Info:    Redeclaring text command \zcaron (encoding TU) on input line 2104.
LaTeX Encoding Info:    Redeclaring text command \textcrb (encoding TU) on input line 2107.
LaTeX Encoding Info:    Redeclaring text command \textBhook (encoding TU) on input line 2109.
LaTeX Encoding Info:    Redeclaring text command \textOopen (encoding TU) on input line 2115.
LaTeX Encoding Info:    Redeclaring text command \textChook (encoding TU) on input line 2117.
LaTeX Encoding Info:    Redeclaring text command \texthtc (encoding TU) on input line 2119.
LaTeX Encoding Info:    Redeclaring text command \textchook (encoding TU) on input line 2120.
LaTeX Encoding Info:    Redeclaring text command \textDafrican (encoding TU) on input line 2122.
LaTeX Encoding Info:    Redeclaring text command \textDhook (encoding TU) on input line 2124.
LaTeX Encoding Info:    Redeclaring text command \textEreversed (encoding TU) on input line 2128.
LaTeX Encoding Info:    Redeclaring text command \textEopen (encoding TU) on input line 2132.
LaTeX Encoding Info:    Redeclaring text command \textFhook (encoding TU) on input line 2134.
LaTeX Encoding Info:    Redeclaring text command \textflorin (encoding TU) on input line 2136.
LaTeX Encoding Info:    Redeclaring text command \textgamma (encoding TU) on input line 2139.
LaTeX Encoding Info:    Redeclaring text command \textGammaafrican (encoding TU) on input line 2140.
LaTeX Encoding Info:    Redeclaring text command \hv (encoding TU) on input line 2141.
LaTeX Encoding Info:    Redeclaring text command \texthvlig (encoding TU) on input line 2142.
LaTeX Encoding Info:    Redeclaring text command \textIotaafrican (encoding TU) on input line 2144.
LaTeX Encoding Info:    Redeclaring text command \textKhook (encoding TU) on input line 2150.
LaTeX Encoding Info:    Redeclaring text command \texthtk (encoding TU) on input line 2152.
LaTeX Encoding Info:    Redeclaring text command \textkhook (encoding TU) on input line 2153.
LaTeX Encoding Info:    Redeclaring text command \textbarl (encoding TU) on input line 2155.
LaTeX Encoding Info:    Redeclaring text command \textcrlambda (encoding TU) on input line 2157.
LaTeX Encoding Info:    Redeclaring text command \textNhookleft (encoding TU) on input line 2160.
LaTeX Encoding Info:    Redeclaring text command \textnrleg (encoding TU) on input line 2161.
LaTeX Encoding Info:    Redeclaring text command \Ohorn (encoding TU) on input line 2163.
LaTeX Encoding Info:    Redeclaring text command \ohorn (encoding TU) on input line 2165.
LaTeX Encoding Info:    Redeclaring text command \textPhook (encoding TU) on input line 2170.
LaTeX Encoding Info:    Redeclaring text command \texthtp (encoding TU) on input line 2172.
LaTeX Encoding Info:    Redeclaring text command \textphook (encoding TU) on input line 2173.
LaTeX Encoding Info:    Redeclaring text command \ESH (encoding TU) on input line 2177.
LaTeX Encoding Info:    Redeclaring text command \textEsh (encoding TU) on input line 2178.
LaTeX Encoding Info:    Redeclaring text command \textlooptoprevesh (encoding TU) on input line 2179.
LaTeX Encoding Info:    Redeclaring text command \textlhtlongi (encoding TU) on input line 2180.
LaTeX Encoding Info:    Redeclaring text command \textlhookt (encoding TU) on input line 2182.
LaTeX Encoding Info:    Redeclaring text command \textThook (encoding TU) on input line 2184.
LaTeX Encoding Info:    Redeclaring text command \texthtt (encoding TU) on input line 2186.
LaTeX Encoding Info:    Redeclaring text command \textthook (encoding TU) on input line 2187.
LaTeX Encoding Info:    Redeclaring text command \textTretroflexhook (encoding TU) on input line 2189.
LaTeX Encoding Info:    Redeclaring text command \Uhorn (encoding TU) on input line 2190.
LaTeX Encoding Info:    Redeclaring text command \uhorn (encoding TU) on input line 2192.
LaTeX Encoding Info:    Redeclaring text command \textupsilon (encoding TU) on input line 2194.
LaTeX Encoding Info:    Redeclaring text command \textVhook (encoding TU) on input line 2197.
LaTeX Encoding Info:    Redeclaring text command \textYhook (encoding TU) on input line 2199.
LaTeX Encoding Info:    Redeclaring text command \textyhook (encoding TU) on input line 2201.
LaTeX Encoding Info:    Redeclaring text command \Zbar (encoding TU) on input line 2203.
LaTeX Encoding Info:    Redeclaring text command \EZH (encoding TU) on input line 2206.
LaTeX Encoding Info:    Redeclaring text command \textEzh (encoding TU) on input line 2207.
LaTeX Encoding Info:    Redeclaring text command \textrevyogh (encoding TU) on input line 2211.
LaTeX Encoding Info:    Redeclaring text command \textbenttailyogh (encoding TU) on input line 2212.
LaTeX Encoding Info:    Redeclaring text command \textcrtwo (encoding TU) on input line 2214.
LaTeX Encoding Info:    Redeclaring text command \textcrinvglotstop (encoding TU) on input line 2217.
LaTeX Encoding Info:    Redeclaring text command \wynn (encoding TU) on input line 2218.
LaTeX Encoding Info:    Redeclaring text command \textpipe (encoding TU) on input line 2219.
LaTeX Encoding Info:    Redeclaring text command \textpipevar (encoding TU) on input line 2220.
LaTeX Encoding Info:    Redeclaring text command \textvertline (encoding TU) on input line 2221.
LaTeX Encoding Info:    Redeclaring text command \textdoublepipe (encoding TU) on input line 2223.
LaTeX Encoding Info:    Redeclaring text command \textdoublepipevar (encoding TU) on input line 2224.
LaTeX Encoding Info:    Redeclaring text command \textdoublebarpipe (encoding TU) on input line 2225.
LaTeX Encoding Info:    Redeclaring text command \textdoublebarpipevar (encoding TU) on input line 2226.
LaTeX Encoding Info:    Redeclaring text command \textrclick (encoding TU) on input line 2228.
LaTeX Encoding Info:    Redeclaring text command \LJ (encoding TU) on input line 2232.
LaTeX Encoding Info:    Redeclaring text command \Lj (encoding TU) on input line 2233.
LaTeX Encoding Info:    Redeclaring text command \lj (encoding TU) on input line 2234.
LaTeX Encoding Info:    Redeclaring text command \NJ (encoding TU) on input line 2235.
LaTeX Encoding Info:    Redeclaring text command \Nj (encoding TU) on input line 2236.
LaTeX Encoding Info:    Redeclaring text command \nj (encoding TU) on input line 2237.
LaTeX Encoding Info:    Redeclaring text command \inve (encoding TU) on input line 2268.
LaTeX Encoding Info:    Redeclaring text command \texteturned (encoding TU) on input line 2269.
LaTeX Encoding Info:    Redeclaring text command \textcrg (encoding TU) on input line 2282.
LaTeX Encoding Info:    Redeclaring text command \textEzh (encoding TU) on input line 2298.
LaTeX Encoding Info:    Redeclaring text command \textezh (encoding TU) on input line 2300.
LaTeX Encoding Info:    Redeclaring text command \DZ (encoding TU) on input line 2303.
LaTeX Encoding Info:    Redeclaring text command \Dz (encoding TU) on input line 2304.
LaTeX Encoding Info:    Redeclaring text command \dz (encoding TU) on input line 2305.
LaTeX Encoding Info:    Redeclaring text command \HV (encoding TU) on input line 2310.
LaTeX Encoding Info:    Redeclaring text command \WYNN (encoding TU) on input line 2311.
LaTeX Encoding Info:    Redeclaring text command \textwynn (encoding TU) on input line 2312.
LaTeX Encoding Info:    Redeclaring text command \YOGH (encoding TU) on input line 2353.
LaTeX Encoding Info:    Redeclaring text command \yogh (encoding TU) on input line 2354.
LaTeX Encoding Info:    Redeclaring text command \textctd (encoding TU) on input line 2361.
LaTeX Encoding Info:    Redeclaring text command \textcommatailz (encoding TU) on input line 2366.
LaTeX Encoding Info:    Redeclaring text command \textctl (encoding TU) on input line 2392.
LaTeX Encoding Info:    Redeclaring text command \textctn (encoding TU) on input line 2394.
LaTeX Encoding Info:    Redeclaring text command \textctt (encoding TU) on input line 2396.
LaTeX Encoding Info:    Redeclaring text command \textdotlessj (encoding TU) on input line 2397.
LaTeX Encoding Info:    Redeclaring text command \textdblig (encoding TU) on input line 2398.
LaTeX Encoding Info:    Redeclaring text command \textqplig (encoding TU) on input line 2399.
LaTeX Encoding Info:    Redeclaring text command \textstrokea (encoding TU) on input line 2400.
LaTeX Encoding Info:    Redeclaring text command \textstrokecapitalc (encoding TU) on input line 2401.
LaTeX Encoding Info:    Redeclaring text command \textstrokec (encoding TU) on input line 2402.
LaTeX Encoding Info:    Redeclaring text command \textbarcapitall (encoding TU) on input line 2403.
LaTeX Encoding Info:    Redeclaring text command \textstrokecapitalt (encoding TU) on input line 2404.
LaTeX Encoding Info:    Redeclaring text command \textrts (encoding TU) on input line 2405.
LaTeX Encoding Info:    Redeclaring text command \textrtz (encoding TU) on input line 2406.
LaTeX Encoding Info:    Redeclaring text command \textglotstopvari (encoding TU) on input line 2407.
LaTeX Encoding Info:    Redeclaring text command \textglotstopvarii (encoding TU) on input line 2408.
LaTeX Encoding Info:    Redeclaring text command \textbarcapitalb (encoding TU) on input line 2409.
LaTeX Encoding Info:    Redeclaring text command \textbarcapitalu (encoding TU) on input line 2410.
LaTeX Encoding Info:    Redeclaring text command \textturnedcapitalv (encoding TU) on input line 2411.
LaTeX Encoding Info:    Redeclaring text command \textstrokecapitale (encoding TU) on input line 2412.
LaTeX Encoding Info:    Redeclaring text command \textstrokee (encoding TU) on input line 2413.
LaTeX Encoding Info:    Redeclaring text command \textbarcapitalj (encoding TU) on input line 2414.
LaTeX Encoding Info:    Redeclaring text command \textbarj (encoding TU) on input line 2415.
LaTeX Encoding Info:    Redeclaring text command \texthtcapitalq (encoding TU) on input line 2416.
LaTeX Encoding Info:    Redeclaring text command \texthtq (encoding TU) on input line 2417.
LaTeX Encoding Info:    Redeclaring text command \textbarcapitalr (encoding TU) on input line 2418.
LaTeX Encoding Info:    Redeclaring text command \textbarr (encoding TU) on input line 2419.
LaTeX Encoding Info:    Redeclaring text command \textbarcapitaly (encoding TU) on input line 2420.
LaTeX Encoding Info:    Redeclaring text command \textbary (encoding TU) on input line 2421.
LaTeX Encoding Info:    Redeclaring text command \textturna (encoding TU) on input line 2426.
LaTeX Encoding Info:    Redeclaring text command \textscripta (encoding TU) on input line 2428.
LaTeX Encoding Info:    Redeclaring text command \textturnscripta (encoding TU) on input line 2430.
LaTeX Encoding Info:    Redeclaring text command \texthtb (encoding TU) on input line 2433.
LaTeX Encoding Info:    Redeclaring text command \textbhook (encoding TU) on input line 2434.
LaTeX Encoding Info:    Redeclaring text command \textopeno (encoding TU) on input line 2436.
LaTeX Encoding Info:    Redeclaring text command \textoopen (encoding TU) on input line 2437.
LaTeX Encoding Info:    Redeclaring text command \textctc (encoding TU) on input line 2439.
LaTeX Encoding Info:    Redeclaring text command \textrtaild (encoding TU) on input line 2441.
LaTeX Encoding Info:    Redeclaring text command \textdtail (encoding TU) on input line 2442.
LaTeX Encoding Info:    Redeclaring text command \texthtd (encoding TU) on input line 2444.
LaTeX Encoding Info:    Redeclaring text command \textdhook (encoding TU) on input line 2445.
LaTeX Encoding Info:    Redeclaring text command \textreve (encoding TU) on input line 2447.
LaTeX Encoding Info:    Redeclaring text command \schwa (encoding TU) on input line 2448.
LaTeX Encoding Info:    Redeclaring text command \textschwa (encoding TU) on input line 2449.
LaTeX Encoding Info:    Redeclaring text command \textrhookschwa (encoding TU) on input line 2452.
LaTeX Encoding Info:    Redeclaring text command \textepsilon (encoding TU) on input line 2454.
LaTeX Encoding Info:    Redeclaring text command \texteopen (encoding TU) on input line 2455.
LaTeX Encoding Info:    Redeclaring text command \textrevepsilon (encoding TU) on input line 2457.
LaTeX Encoding Info:    Redeclaring text command \textrhookrevepsilon (encoding TU) on input line 2460.
LaTeX Encoding Info:    Redeclaring text command \textcloserevepsilon (encoding TU) on input line 2462.
LaTeX Encoding Info:    Redeclaring text command \textbardotlessj (encoding TU) on input line 2464.
LaTeX Encoding Info:    Redeclaring text command \textObardotlessj (encoding TU) on input line 2465.
LaTeX Encoding Info:    Redeclaring text command \texthtg (encoding TU) on input line 2467.
LaTeX Encoding Info:    Redeclaring text command \textscriptg (encoding TU) on input line 2469.
LaTeX Encoding Info:    Redeclaring text command \textscg (encoding TU) on input line 2472.
LaTeX Encoding Info:    Redeclaring text command \textbabygamma (encoding TU) on input line 2474.
LaTeX Encoding Info:    Redeclaring text command \textgammalatinsmall (encoding TU) on input line 2475.
LaTeX Encoding Info:    Redeclaring text command \textramshorns (encoding TU) on input line 2476.
LaTeX Encoding Info:    Redeclaring text command \textturnh (encoding TU) on input line 2478.
LaTeX Encoding Info:    Redeclaring text command \texthth (encoding TU) on input line 2481.
LaTeX Encoding Info:    Redeclaring text command \texththeng (encoding TU) on input line 2483.
LaTeX Encoding Info:    Redeclaring text command \textbari (encoding TU) on input line 2485.
LaTeX Encoding Info:    Redeclaring text command \textiota (encoding TU) on input line 2487.
LaTeX Encoding Info:    Redeclaring text command \textiotalatin (encoding TU) on input line 2488.
LaTeX Encoding Info:    Redeclaring text command \textsci (encoding TU) on input line 2490.
LaTeX Encoding Info:    Redeclaring text command \textltilde (encoding TU) on input line 2492.
LaTeX Encoding Info:    Redeclaring text command \textbeltl (encoding TU) on input line 2494.
LaTeX Encoding Info:    Redeclaring text command \textrtaill (encoding TU) on input line 2496.
LaTeX Encoding Info:    Redeclaring text command \textlyoghlig (encoding TU) on input line 2498.
LaTeX Encoding Info:    Redeclaring text command \textOlyoghlig (encoding TU) on input line 2499.
LaTeX Encoding Info:    Redeclaring text command \textturnm (encoding TU) on input line 2501.
LaTeX Encoding Info:    Redeclaring text command \textturnmrleg (encoding TU) on input line 2503.
LaTeX Encoding Info:    Redeclaring text command \textltailm (encoding TU) on input line 2505.
LaTeX Encoding Info:    Redeclaring text command \textltailn (encoding TU) on input line 2507.
LaTeX Encoding Info:    Redeclaring text command \textnhookleft (encoding TU) on input line 2508.
LaTeX Encoding Info:    Redeclaring text command \textrtailn (encoding TU) on input line 2510.
LaTeX Encoding Info:    Redeclaring text command \textscn (encoding TU) on input line 2512.
LaTeX Encoding Info:    Redeclaring text command \textbaro (encoding TU) on input line 2514.
LaTeX Encoding Info:    Redeclaring text command \textscoelig (encoding TU) on input line 2516.
LaTeX Encoding Info:    Redeclaring text command \textcloseomega (encoding TU) on input line 2518.
LaTeX Encoding Info:    Redeclaring text command \textphi (encoding TU) on input line 2519.
LaTeX Encoding Info:    Redeclaring text command \textturnr (encoding TU) on input line 2521.
LaTeX Encoding Info:    Redeclaring text command \textturnlonglegr (encoding TU) on input line 2523.
LaTeX Encoding Info:    Redeclaring text command \textturnrrtail (encoding TU) on input line 2525.
LaTeX Encoding Info:    Redeclaring text command \textlonglegr (encoding TU) on input line 2527.
LaTeX Encoding Info:    Redeclaring text command \textrtailr (encoding TU) on input line 2529.
LaTeX Encoding Info:    Redeclaring text command \textfishhookr (encoding TU) on input line 2531.
LaTeX Encoding Info:    Redeclaring text command \textlhti (encoding TU) on input line 2532.
LaTeX Encoding Info:    Redeclaring text command \textlhtlongi (encoding TU) on input line 2533.
LaTeX Encoding Info:    Redeclaring text command \textscr (encoding TU) on input line 2536.
LaTeX Encoding Info:    Redeclaring text command \textinvscr (encoding TU) on input line 2538.
LaTeX Encoding Info:    Redeclaring text command \textrtails (encoding TU) on input line 2540.
LaTeX Encoding Info:    Redeclaring text command \esh (encoding TU) on input line 2542.
LaTeX Encoding Info:    Redeclaring text command \textesh (encoding TU) on input line 2543.
LaTeX Encoding Info:    Redeclaring text command \texthtbardotlessj (encoding TU) on input line 2546.
LaTeX Encoding Info:    Redeclaring text command \texthtObardotlessj (encoding TU) on input line 2547.
LaTeX Encoding Info:    Redeclaring text command \texthtbardotlessjvar (encoding TU) on input line 2548.
LaTeX Encoding Info:    Redeclaring text command \textvibyi (encoding TU) on input line 2550.
LaTeX Encoding Info:    Redeclaring text command \textctesh (encoding TU) on input line 2553.
LaTeX Encoding Info:    Redeclaring text command \textturnt (encoding TU) on input line 2555.
LaTeX Encoding Info:    Redeclaring text command \textrtailt (encoding TU) on input line 2557.
LaTeX Encoding Info:    Redeclaring text command \texttretroflexhook (encoding TU) on input line 2558.
LaTeX Encoding Info:    Redeclaring text command \textbaru (encoding TU) on input line 2560.
LaTeX Encoding Info:    Redeclaring text command \textscupsilon (encoding TU) on input line 2561.
LaTeX Encoding Info:    Redeclaring text command \textscriptv (encoding TU) on input line 2564.
LaTeX Encoding Info:    Redeclaring text command \textvhook (encoding TU) on input line 2565.
LaTeX Encoding Info:    Redeclaring text command \textturnv (encoding TU) on input line 2567.
LaTeX Encoding Info:    Redeclaring text command \textturnw (encoding TU) on input line 2569.
LaTeX Encoding Info:    Redeclaring text command \textturny (encoding TU) on input line 2571.
LaTeX Encoding Info:    Redeclaring text command \textscy (encoding TU) on input line 2573.
LaTeX Encoding Info:    Redeclaring text command \textrtailz (encoding TU) on input line 2575.
LaTeX Encoding Info:    Redeclaring text command \textctz (encoding TU) on input line 2577.
LaTeX Encoding Info:    Redeclaring text command \ezh (encoding TU) on input line 2579.
LaTeX Encoding Info:    Redeclaring text command \textezh (encoding TU) on input line 2580.
LaTeX Encoding Info:    Redeclaring text command \textyogh (encoding TU) on input line 2581.
LaTeX Encoding Info:    Redeclaring text command \textctyogh (encoding TU) on input line 2583.
LaTeX Encoding Info:    Redeclaring text command \textglotstop (encoding TU) on input line 2584.
LaTeX Encoding Info:    Redeclaring text command \textrevglotstop (encoding TU) on input line 2585.
LaTeX Encoding Info:    Redeclaring text command \textinvglotstop (encoding TU) on input line 2586.
LaTeX Encoding Info:    Redeclaring text command \textstretchc (encoding TU) on input line 2587.
LaTeX Encoding Info:    Redeclaring text command \textstretchcvar (encoding TU) on input line 2588.
LaTeX Encoding Info:    Redeclaring text command \textbullseye (encoding TU) on input line 2589.
LaTeX Encoding Info:    Redeclaring text command \textObullseye (encoding TU) on input line 2590.
LaTeX Encoding Info:    Redeclaring text command \textscb (encoding TU) on input line 2592.
LaTeX Encoding Info:    Redeclaring text command \textcloseepsilon (encoding TU) on input line 2594.
LaTeX Encoding Info:    Redeclaring text command \texthtscg (encoding TU) on input line 2596.
LaTeX Encoding Info:    Redeclaring text command \textsch (encoding TU) on input line 2598.
LaTeX Encoding Info:    Redeclaring text command \textctj (encoding TU) on input line 2600.
LaTeX Encoding Info:    Redeclaring text command \textctjvar (encoding TU) on input line 2601.
LaTeX Encoding Info:    Redeclaring text command \textturnk (encoding TU) on input line 2603.
LaTeX Encoding Info:    Redeclaring text command \textscl (encoding TU) on input line 2605.
LaTeX Encoding Info:    Redeclaring text command \texthtq (encoding TU) on input line 2607.
LaTeX Encoding Info:    Redeclaring text command \textbarglotstop (encoding TU) on input line 2609.
LaTeX Encoding Info:    Redeclaring text command \textbarrevglotstop (encoding TU) on input line 2611.
LaTeX Encoding Info:    Redeclaring text command \textdzlig (encoding TU) on input line 2612.
LaTeX Encoding Info:    Redeclaring text command \textdyoghlig (encoding TU) on input line 2613.
LaTeX Encoding Info:    Redeclaring text command \textdctzlig (encoding TU) on input line 2614.
LaTeX Encoding Info:    Redeclaring text command \texttslig (encoding TU) on input line 2615.
LaTeX Encoding Info:    Redeclaring text command \textteshlig (encoding TU) on input line 2616.
LaTeX Encoding Info:    Redeclaring text command \texttesh (encoding TU) on input line 2617.
LaTeX Encoding Info:    Redeclaring text command \texttctclig (encoding TU) on input line 2618.
LaTeX Encoding Info:    Redeclaring text command \textfenglig (encoding TU) on input line 2619.
LaTeX Encoding Info:    Redeclaring text command \textlslig (encoding TU) on input line 2620.
LaTeX Encoding Info:    Redeclaring text command \textlzlig (encoding TU) on input line 2621.
LaTeX Encoding Info:    Redeclaring text command \textlhtlongy (encoding TU) on input line 2625.
LaTeX Encoding Info:    Redeclaring text command \textvibyy (encoding TU) on input line 2627.
LaTeX Encoding Info:    Redeclaring text command \textsuph (encoding TU) on input line 2630.
LaTeX Encoding Info:    Redeclaring text command \textsuphth (encoding TU) on input line 2631.
LaTeX Encoding Info:    Redeclaring text command \textsupj (encoding TU) on input line 2632.
LaTeX Encoding Info:    Redeclaring text command \textsupr (encoding TU) on input line 2633.
LaTeX Encoding Info:    Redeclaring text command \textsupturnr (encoding TU) on input line 2634.
LaTeX Encoding Info:    Redeclaring text command \textsupturnrrtail (encoding TU) on input line 2635.
LaTeX Encoding Info:    Redeclaring text command \textsupinvscr (encoding TU) on input line 2636.
LaTeX Encoding Info:    Redeclaring text command \textsupw (encoding TU) on input line 2637.
LaTeX Encoding Info:    Redeclaring text command \textsupy (encoding TU) on input line 2638.
LaTeX Encoding Info:    Redeclaring text command \cprime (encoding TU) on input line 2639.
LaTeX Encoding Info:    Redeclaring text command \textceltpal (encoding TU) on input line 2640.
LaTeX Encoding Info:    Redeclaring text command \cdprime (encoding TU) on input line 2642.
LaTeX Encoding Info:    Redeclaring text command \textturncomma (encoding TU) on input line 2643.
LaTeX Encoding Info:    Redeclaring text command \rasp (encoding TU) on input line 2644.
LaTeX Encoding Info:    Redeclaring text command \lasp (encoding TU) on input line 2645.
LaTeX Encoding Info:    Redeclaring text command \textrevapostrophe (encoding TU) on input line 2646.
LaTeX Encoding Info:    Redeclaring text command \texthamza (encoding TU) on input line 2647.
LaTeX Encoding Info:    Redeclaring text command \textain (encoding TU) on input line 2648.
LaTeX Encoding Info:    Redeclaring text command \textraiseglotstop (encoding TU) on input line 2649.
LaTeX Encoding Info:    Redeclaring text command \textraiserevglotstop (encoding TU) on input line 2650.
LaTeX Encoding Info:    Redeclaring text command \textlptr (encoding TU) on input line 2651.
LaTeX Encoding Info:    Redeclaring text command \textrptr (encoding TU) on input line 2652.
LaTeX Encoding Info:    Redeclaring text command \textuptr (encoding TU) on input line 2653.
LaTeX Encoding Info:    Redeclaring text command \textdptr (encoding TU) on input line 2654.
LaTeX Encoding Info:    Redeclaring text command \textcircumaccent (encoding TU) on input line 2655.
LaTeX Encoding Info:    Redeclaring text command \textasciicaron (encoding TU) on input line 2656.
LaTeX Encoding Info:    Redeclaring text command \textcaronaccent (encoding TU) on input line 2657.
LaTeX Encoding Info:    Redeclaring text command \textprimstress (encoding TU) on input line 2658.
LaTeX Encoding Info:    Redeclaring text command \textmacronaccent (encoding TU) on input line 2659.
LaTeX Encoding Info:    Redeclaring text command \textmacron (encoding TU) on input line 2660.
LaTeX Encoding Info:    Redeclaring text command \textacuteaccent (encoding TU) on input line 2661.
LaTeX Encoding Info:    Redeclaring text command \textacute (encoding TU) on input line 2662.
LaTeX Encoding Info:    Redeclaring text command \textgraveaccent (encoding TU) on input line 2663.
LaTeX Encoding Info:    Redeclaring text command \textgrave (encoding TU) on input line 2664.
LaTeX Encoding Info:    Redeclaring text command \textsecstress (encoding TU) on input line 2665.
LaTeX Encoding Info:    Redeclaring text command \textlowmacron (encoding TU) on input line 2666.
LaTeX Encoding Info:    Redeclaring text command \textlowgrave (encoding TU) on input line 2667.
LaTeX Encoding Info:    Redeclaring text command \textlowacute (encoding TU) on input line 2668.
LaTeX Encoding Info:    Redeclaring text command \textlengthmark (encoding TU) on input line 2670.
LaTeX Encoding Info:    Redeclaring text command \texthalflength (encoding TU) on input line 2671.
LaTeX Encoding Info:    Redeclaring text command \textrhalfring (encoding TU) on input line 2672.
LaTeX Encoding Info:    Redeclaring text command \textlhalfring (encoding TU) on input line 2673.
LaTeX Encoding Info:    Redeclaring text command \textraised (encoding TU) on input line 2674.
LaTeX Encoding Info:    Redeclaring text command \textlowered (encoding TU) on input line 2675.
LaTeX Encoding Info:    Redeclaring text command \textadvanced (encoding TU) on input line 2676.
LaTeX Encoding Info:    Redeclaring text command \textretracted (encoding TU) on input line 2677.
LaTeX Encoding Info:    Redeclaring text command \textbreveaccent (encoding TU) on input line 2678.
LaTeX Encoding Info:    Redeclaring text command \textbreve (encoding TU) on input line 2679.
LaTeX Encoding Info:    Redeclaring text command \textasciibreve (encoding TU) on input line 2680.
LaTeX Encoding Info:    Redeclaring text command \textdotabove (encoding TU) on input line 2681.
LaTeX Encoding Info:    Redeclaring text command \textdotaccent (encoding TU) on input line 2682.
LaTeX Encoding Info:    Redeclaring text command \textringabove (encoding TU) on input line 2683.
LaTeX Encoding Info:    Redeclaring text command \textringaccent (encoding TU) on input line 2684.
LaTeX Encoding Info:    Redeclaring text command \textcedillaaccent (encoding TU) on input line 2685.
LaTeX Encoding Info:    Redeclaring text command \textogonek (encoding TU) on input line 2686.
LaTeX Encoding Info:    Redeclaring text command \texttildeaccent (encoding TU) on input line 2687.
LaTeX Encoding Info:    Redeclaring text command \textsmalltilde (encoding TU) on input line 2688.
LaTeX Encoding Info:    Redeclaring text command \textacutedbl (encoding TU) on input line 2689.
LaTeX Encoding Info:    Redeclaring text command \textdoubleacute (encoding TU) on input line 2690.
LaTeX Encoding Info:    Redeclaring text command \textrhoticity (encoding TU) on input line 2691.
LaTeX Encoding Info:    Redeclaring text command \ipacrossaccent (encoding TU) on input line 2692.
LaTeX Encoding Info:    Redeclaring text command \ipasupgamma (encoding TU) on input line 2693.
LaTeX Encoding Info:    Redeclaring text command \ipasupl (encoding TU) on input line 2694.
LaTeX Encoding Info:    Redeclaring text command \ipasups (encoding TU) on input line 2695.
LaTeX Encoding Info:    Redeclaring text command \ipasupx (encoding TU) on input line 2696.
LaTeX Encoding Info:    Redeclaring text command \ipasuprerglotstpp (encoding TU) on input line 2697.
LaTeX Encoding Info:    Redeclaring text command \tonebar (encoding TU) on input line 2789.
LaTeX Encoding Info:    Redeclaring text command \stonebar (encoding TU) on input line 2791.
LaTeX Encoding Info:    Redeclaring text command \rtonebar (encoding TU) on input line 2793.
LaTeX Encoding Info:    Redeclaring text command \tonebarextrahigh (encoding TU) on input line 2794.
LaTeX Encoding Info:    Redeclaring text command \tonebarhigh (encoding TU) on input line 2798.
LaTeX Encoding Info:    Redeclaring text command \tonebarmiddle (encoding TU) on input line 2802.
LaTeX Encoding Info:    Redeclaring text command \tonebarmid (encoding TU) on input line 2803.
LaTeX Encoding Info:    Redeclaring text command \tonebarlow (encoding TU) on input line 2807.
LaTeX Encoding Info:    Redeclaring text command \tonebarextralow (encoding TU) on input line 2811.
LaTeX Encoding Info:    Redeclaring text command \tonebaryindeparting (encoding TU) on input line 2815.
LaTeX Encoding Info:    Redeclaring text command \tonebaryangdeparting (encoding TU) on input line 2816.
LaTeX Encoding Info:    Redeclaring text command \ipavoicing (encoding TU) on input line 2818.
LaTeX Encoding Info:    Redeclaring text command \ipaunaspirated (encoding TU) on input line 2819.
LaTeX Encoding Info:    Redeclaring text command \textAlpha (encoding TU) on input line 2885.
LaTeX Encoding Info:    Redeclaring text command \textBeta (encoding TU) on input line 2886.
LaTeX Encoding Info:    Redeclaring text command \textGamma (encoding TU) on input line 2887.
LaTeX Encoding Info:    Redeclaring text command \textDelta (encoding TU) on input line 2888.
LaTeX Encoding Info:    Redeclaring text command \textEpsilon (encoding TU) on input line 2889.
LaTeX Encoding Info:    Redeclaring text command \textZeta (encoding TU) on input line 2890.
LaTeX Encoding Info:    Redeclaring text command \textEta (encoding TU) on input line 2891.
LaTeX Encoding Info:    Redeclaring text command \textTheta (encoding TU) on input line 2892.
LaTeX Encoding Info:    Redeclaring text command \textIota (encoding TU) on input line 2893.
LaTeX Encoding Info:    Redeclaring text command \textKappa (encoding TU) on input line 2894.
LaTeX Encoding Info:    Redeclaring text command \textLambda (encoding TU) on input line 2895.
LaTeX Encoding Info:    Redeclaring text command \textMu (encoding TU) on input line 2896.
LaTeX Encoding Info:    Redeclaring text command \textNu (encoding TU) on input line 2897.
LaTeX Encoding Info:    Redeclaring text command \textXi (encoding TU) on input line 2898.
LaTeX Encoding Info:    Redeclaring text command \textOmicron (encoding TU) on input line 2899.
LaTeX Encoding Info:    Redeclaring text command \textPi (encoding TU) on input line 2900.
LaTeX Encoding Info:    Redeclaring text command \textRho (encoding TU) on input line 2901.
LaTeX Encoding Info:    Redeclaring text command \textSigma (encoding TU) on input line 2903.
LaTeX Encoding Info:    Redeclaring text command \textTau (encoding TU) on input line 2904.
LaTeX Encoding Info:    Redeclaring text command \textUpsilon (encoding TU) on input line 2905.
LaTeX Encoding Info:    Redeclaring text command \textPhi (encoding TU) on input line 2906.
LaTeX Encoding Info:    Redeclaring text command \textChi (encoding TU) on input line 2907.
LaTeX Encoding Info:    Redeclaring text command \textPsi (encoding TU) on input line 2908.
LaTeX Encoding Info:    Redeclaring text command \textOmega (encoding TU) on input line 2909.
LaTeX Encoding Info:    Redeclaring text command \textalpha (encoding TU) on input line 2911.
LaTeX Encoding Info:    Redeclaring text command \textbeta (encoding TU) on input line 2912.
LaTeX Encoding Info:    Redeclaring text command \textgrgamma (encoding TU) on input line 2913.
LaTeX Encoding Info:    Redeclaring text command \textdelta (encoding TU) on input line 2914.
LaTeX Encoding Info:    Redeclaring text command \textzeta (encoding TU) on input line 2916.
LaTeX Encoding Info:    Redeclaring text command \texteta (encoding TU) on input line 2917.
LaTeX Encoding Info:    Redeclaring text command \texttheta (encoding TU) on input line 2918.
LaTeX Encoding Info:    Redeclaring text command \textgriota (encoding TU) on input line 2919.
LaTeX Encoding Info:    Redeclaring text command \textkappa (encoding TU) on input line 2920.
LaTeX Encoding Info:    Redeclaring text command \textlambda (encoding TU) on input line 2921.
LaTeX Encoding Info:    Redeclaring text command \textmu (encoding TU) on input line 2922.
LaTeX Encoding Info:    Redeclaring text command \textnu (encoding TU) on input line 2923.
LaTeX Encoding Info:    Redeclaring text command \textxi (encoding TU) on input line 2924.
LaTeX Encoding Info:    Redeclaring text command \textomicron (encoding TU) on input line 2925.
LaTeX Encoding Info:    Redeclaring text command \textpi (encoding TU) on input line 2926.
LaTeX Encoding Info:    Redeclaring text command \textrho (encoding TU) on input line 2927.
LaTeX Encoding Info:    Redeclaring text command \textgrsigma (encoding TU) on input line 2928.
LaTeX Encoding Info:    Redeclaring text command \textsigma (encoding TU) on input line 2929.
LaTeX Encoding Info:    Redeclaring text command \texttau (encoding TU) on input line 2930.
LaTeX Encoding Info:    Redeclaring text command \textupsilon (encoding TU) on input line 2931.
LaTeX Encoding Info:    Redeclaring text command \textgrphi (encoding TU) on input line 2932.
LaTeX Encoding Info:    Redeclaring text command \textchi (encoding TU) on input line 2933.
LaTeX Encoding Info:    Redeclaring text command \textpsi (encoding TU) on input line 2934.
LaTeX Encoding Info:    Redeclaring text command \textomega (encoding TU) on input line 2935.
LaTeX Encoding Info:    Redeclaring text command \textsoftsign (encoding TU) on input line 2937.
LaTeX Encoding Info:    Redeclaring text command \texthardsign (encoding TU) on input line 2938.
LaTeX Encoding Info:    Redeclaring text command \textalef (encoding TU) on input line 2940.
LaTeX Encoding Info:    Redeclaring text command \textbet (encoding TU) on input line 2941.
LaTeX Encoding Info:    Redeclaring text command \textgimel (encoding TU) on input line 2942.
LaTeX Encoding Info:    Redeclaring text command \textdalet (encoding TU) on input line 2943.
LaTeX Encoding Info:    Redeclaring text command \textbaht (encoding TU) on input line 2945.
LaTeX Encoding Info:    Redeclaring text command \textsca (encoding TU) on input line 2947.
LaTeX Encoding Info:    Redeclaring text command \textsce (encoding TU) on input line 2954.
LaTeX Encoding Info:    Redeclaring text command \textscj (encoding TU) on input line 2957.
LaTeX Encoding Info:    Redeclaring text command \textsck (encoding TU) on input line 2958.
LaTeX Encoding Info:    Redeclaring text command \textscm (encoding TU) on input line 2960.
LaTeX Encoding Info:    Redeclaring text command \textscp (encoding TU) on input line 2971.
LaTeX Encoding Info:    Redeclaring text command \textrevscr (encoding TU) on input line 2972.
LaTeX Encoding Info:    Redeclaring text command \textsct (encoding TU) on input line 2974.
LaTeX Encoding Info:    Redeclaring text command \textscu (encoding TU) on input line 2975.
LaTeX Encoding Info:    Redeclaring text command \textscv (encoding TU) on input line 2979.
LaTeX Encoding Info:    Redeclaring text command \textscw (encoding TU) on input line 2980.
LaTeX Encoding Info:    Redeclaring text command \textscz (encoding TU) on input line 2981.
LaTeX Encoding Info:    Redeclaring text command \textscezh (encoding TU) on input line 2982.
LaTeX Encoding Info:    Redeclaring text command \textain (encoding TU) on input line 2984.
LaTeX Encoding Info:    Redeclaring text command \textscgamma (encoding TU) on input line 2985.
LaTeX Encoding Info:    Redeclaring text command \textsclambda (encoding TU) on input line 2986.
LaTeX Encoding Info:    Redeclaring text command \textscpi (encoding TU) on input line 2987.
LaTeX Encoding Info:    Redeclaring text command \textscrho (encoding TU) on input line 2988.
LaTeX Encoding Info:    Redeclaring text command \textscpsi (encoding TU) on input line 2989.
LaTeX Encoding Info:    Redeclaring text command \textscel (encoding TU) on input line 2990.
LaTeX Encoding Info:    Redeclaring text command \textlhookb (encoding TU) on input line 3071.
LaTeX Encoding Info:    Redeclaring text command \textlhookd (encoding TU) on input line 3073.
LaTeX Encoding Info:    Redeclaring text command \textlhookf (encoding TU) on input line 3075.
LaTeX Encoding Info:    Redeclaring text command \textlhookg (encoding TU) on input line 3077.
LaTeX Encoding Info:    Redeclaring text command \textlhookk (encoding TU) on input line 3079.
LaTeX Encoding Info:    Redeclaring text command \textlhookl (encoding TU) on input line 3081.
LaTeX Encoding Info:    Redeclaring text command \textlhookm (encoding TU) on input line 3083.
LaTeX Encoding Info:    Redeclaring text command \textlhookn (encoding TU) on input line 3085.
LaTeX Encoding Info:    Redeclaring text command \textlhookp (encoding TU) on input line 3087.
LaTeX Encoding Info:    Redeclaring text command \textlhookr (encoding TU) on input line 3089.
LaTeX Encoding Info:    Redeclaring text command \textlhooks (encoding TU) on input line 3091.
LaTeX Encoding Info:    Redeclaring text command \textlhookesh (encoding TU) on input line 3093.
LaTeX Encoding Info:    Redeclaring text command \textlhookv (encoding TU) on input line 3095.
LaTeX Encoding Info:    Redeclaring text command \textlhookx (encoding TU) on input line 3097.
LaTeX Encoding Info:    Redeclaring text command \textlhookz (encoding TU) on input line 3099.
LaTeX Encoding Info:    Redeclaring text command \textrhooka (encoding TU) on input line 3101.
LaTeX Encoding Info:    Redeclaring text command \textrhookalpha (encoding TU) on input line 3103.
LaTeX Encoding Info:    Redeclaring text command \texthtrtaild (encoding TU) on input line 3105.
LaTeX Encoding Info:    Redeclaring text command \textrhooke (encoding TU) on input line 3107.
LaTeX Encoding Info:    Redeclaring text command \textrhookepsilon (encoding TU) on input line 3110.
LaTeX Encoding Info:    Redeclaring text command \textrhookturne (encoding TU) on input line 3115.
LaTeX Encoding Info:    Redeclaring text command \textrhooki (encoding TU) on input line 3117.
LaTeX Encoding Info:    Redeclaring text command \textrhookopeno (encoding TU) on input line 3119.
LaTeX Encoding Info:    Redeclaring text command \textrhookesh (encoding TU) on input line 3121.
LaTeX Encoding Info:    Redeclaring text command \textrhooku (encoding TU) on input line 3123.
LaTeX Encoding Info:    Redeclaring text command \textrhookezh (encoding TU) on input line 3125.
LaTeX Encoding Info:    Redeclaring text command \textthreequartersemdash (encoding TU) on input line 3518.
LaTeX Encoding Info:    Redeclaring text command \textendash (encoding TU) on input line 3519.
LaTeX Encoding Info:    Redeclaring text command \textemdash (encoding TU) on input line 3520.
LaTeX Encoding Info:    Redeclaring text command \texttwelveudash (encoding TU) on input line 3521.
LaTeX Encoding Info:    Redeclaring text command \textbardbl (encoding TU) on input line 3522.
LaTeX Encoding Info:    Redeclaring text command \textdoublevertline (encoding TU) on input line 3523.
LaTeX Encoding Info:    Redeclaring text command \textquoteleft (encoding TU) on input line 3525.
LaTeX Encoding Info:    Redeclaring text command \textquoteright (encoding TU) on input line 3526.
LaTeX Encoding Info:    Redeclaring text command \quotesinglbase (encoding TU) on input line 3527.
LaTeX Encoding Info:    Redeclaring text command \textquotestraightbase (encoding TU) on input line 3528.
LaTeX Encoding Info:    Redeclaring text command \textquotedblleft (encoding TU) on input line 3530.
LaTeX Encoding Info:    Redeclaring text command \textquotedblright (encoding TU) on input line 3531.
LaTeX Encoding Info:    Redeclaring text command \quotedblbase (encoding TU) on input line 3532.
LaTeX Encoding Info:    Redeclaring text command \textquotestraightdblbase (encoding TU) on input line 3533.
LaTeX Encoding Info:    Redeclaring text command \textdagger (encoding TU) on input line 3535.
LaTeX Encoding Info:    Redeclaring text command \textdaggerdbl (encoding TU) on input line 3536.
LaTeX Encoding Info:    Redeclaring text command \textbullet (encoding TU) on input line 3537.
LaTeX Encoding Info:    Redeclaring text command \textellipsis (encoding TU) on input line 3538.
LaTeX Encoding Info:    Redeclaring text command \textperthousand (encoding TU) on input line 3539.
LaTeX Encoding Info:    Redeclaring text command \textpertenthousand (encoding TU) on input line 3540.
LaTeX Encoding Info:    Redeclaring text command \textpermille (encoding TU) on input line 3541.
LaTeX Encoding Info:    Redeclaring text command \textcaret (encoding TU) on input line 3542.
LaTeX Encoding Info:    Redeclaring text command \guilsinglleft (encoding TU) on input line 3543.
LaTeX Encoding Info:    Redeclaring text command \guilsinglright (encoding TU) on input line 3544.
LaTeX Encoding Info:    Redeclaring text command \textreferencemark (encoding TU) on input line 3545.
LaTeX Encoding Info:    Redeclaring text command \textinterrobang (encoding TU) on input line 3547.
LaTeX Encoding Info:    Redeclaring text command \textbottomtiebar (encoding TU) on input line 3548.
LaTeX Encoding Info:    Redeclaring text command \textasterism (encoding TU) on input line 3549.
LaTeX Encoding Info:    Redeclaring text command \textfractionsolidus (encoding TU) on input line 3550.
LaTeX Encoding Info:    Redeclaring text command \textlquill (encoding TU) on input line 3551.
LaTeX Encoding Info:    Redeclaring text command \textrquill (encoding TU) on input line 3552.
LaTeX Encoding Info:    Redeclaring text command \textdiscount (encoding TU) on input line 3557.
LaTeX Encoding Info:    Redeclaring text command \textcolonmonetary (encoding TU) on input line 3611.
LaTeX Encoding Info:    Redeclaring text command \textlira (encoding TU) on input line 3614.
LaTeX Encoding Info:    Redeclaring text command \textnaira (encoding TU) on input line 3616.
LaTeX Encoding Info:    Redeclaring text command \textwon (encoding TU) on input line 3619.
LaTeX Encoding Info:    Redeclaring text command \textdong (encoding TU) on input line 3621.
LaTeX Encoding Info:    Redeclaring text command \texteuro (encoding TU) on input line 3622.
LaTeX Encoding Info:    Redeclaring text command \textpeso (encoding TU) on input line 3627.
LaTeX Encoding Info:    Redeclaring text command \textcelsius (encoding TU) on input line 3634.
LaTeX Encoding Info:    Redeclaring text command \textnumero (encoding TU) on input line 3637.
LaTeX Encoding Info:    Redeclaring text command \textcircledP (encoding TU) on input line 3638.
LaTeX Encoding Info:    Redeclaring text command \textrecipe (encoding TU) on input line 3639.
LaTeX Encoding Info:    Redeclaring text command \textservicemark (encoding TU) on input line 3640.
LaTeX Encoding Info:    Redeclaring text command \texttrademark (encoding TU) on input line 3641.
LaTeX Encoding Info:    Redeclaring text command \textohm (encoding TU) on input line 3643.
LaTeX Encoding Info:    Redeclaring text command \textmho (encoding TU) on input line 3644.
LaTeX Encoding Info:    Redeclaring text command \textestimated (encoding TU) on input line 3647.
LaTeX Encoding Info:    Redeclaring text command \textleftarrow (encoding TU) on input line 3680.
LaTeX Encoding Info:    Redeclaring text command \textuparrow (encoding TU) on input line 3681.
LaTeX Encoding Info:    Redeclaring text command \textupfullarrow (encoding TU) on input line 3683.
LaTeX Encoding Info:    Redeclaring text command \textrightarrow (encoding TU) on input line 3684.
LaTeX Encoding Info:    Redeclaring text command \textdownarrow (encoding TU) on input line 3685.
LaTeX Encoding Info:    Redeclaring text command \textdownfullarrow (encoding TU) on input line 3687.
LaTeX Encoding Info:    Redeclaring text command \textleftrightarrow (encoding TU) on input line 3688.
LaTeX Encoding Info:    Redeclaring text command \textupdownarrow (encoding TU) on input line 3689.
LaTeX Encoding Info:    Redeclaring text command \textnwarrow (encoding TU) on input line 3690.
LaTeX Encoding Info:    Redeclaring text command \textglobrise (encoding TU) on input line 3691.
LaTeX Encoding Info:    Redeclaring text command \textnearrow (encoding TU) on input line 3692.
LaTeX Encoding Info:    Redeclaring text command \textsearrow (encoding TU) on input line 3693.
LaTeX Encoding Info:    Redeclaring text command \textglobfall (encoding TU) on input line 3694.
LaTeX Encoding Info:    Redeclaring text command \textswarrow (encoding TU) on input line 3695.
LaTeX Encoding Info:    Redeclaring text command \textminus (encoding TU) on input line 3697.
LaTeX Encoding Info:    Redeclaring text command \textsurd (encoding TU) on input line 3699.
LaTeX Encoding Info:    Redeclaring text command \textblank (encoding TU) on input line 3702.
LaTeX Encoding Info:    Redeclaring text command \textvisiblespace (encoding TU) on input line 3703.
LaTeX Encoding Info:    Redeclaring text command \textopenbullet (encoding TU) on input line 3704.
LaTeX Encoding Info:    Redeclaring text command \textfemale (encoding TU) on input line 3705.
LaTeX Encoding Info:    Redeclaring text command \textmusicalnote (encoding TU) on input line 3706.
LaTeX Encoding Info:    Redeclaring text command \textmarried (encoding TU) on input line 3707.
LaTeX Encoding Info:    Redeclaring text command \textdivorced (encoding TU) on input line 3708.
LaTeX Encoding Info:    Redeclaring text command \textuncrfemale (encoding TU) on input line 3709.
LaTeX Encoding Info:    Redeclaring text command \textlhookfour (encoding TU) on input line 3714.
LaTeX Encoding Info:    Redeclaring text command \textcapitalheng (encoding TU) on input line 3717.
LaTeX Encoding Info:    Redeclaring text command \textheng (encoding TU) on input line 3718.
LaTeX Encoding Info:    Redeclaring text command \textcapitaltzlig (encoding TU) on input line 3720.
LaTeX Encoding Info:    Redeclaring text command \texttzlig (encoding TU) on input line 3721.
LaTeX Encoding Info:    Redeclaring text command \textcapitaltresillo (encoding TU) on input line 3722.
LaTeX Encoding Info:    Redeclaring text command \texttresillo (encoding TU) on input line 3723.
LaTeX Encoding Info:    Redeclaring text command \textscf (encoding TU) on input line 3724.
LaTeX Encoding Info:    Redeclaring text command \textscs (encoding TU) on input line 3725.
LaTeX Encoding Info:    Redeclaring text command \textcapitalaalig (encoding TU) on input line 3726.
LaTeX Encoding Info:    Redeclaring text command \textaalig (encoding TU) on input line 3727.
LaTeX Encoding Info:    Redeclaring text command \textcapitalaolig (encoding TU) on input line 3728.
LaTeX Encoding Info:    Redeclaring text command \textaolig (encoding TU) on input line 3729.
LaTeX Encoding Info:    Redeclaring text command \textcapitalaulig (encoding TU) on input line 3730.
LaTeX Encoding Info:    Redeclaring text command \textaulig (encoding TU) on input line 3731.
LaTeX Encoding Info:    Redeclaring text command \textcapitalavlig (encoding TU) on input line 3732.
LaTeX Encoding Info:    Redeclaring text command \textavlig (encoding TU) on input line 3733.
LaTeX Encoding Info:    Redeclaring text command \textbarcapitalavlig (encoding TU) on input line 3734.
LaTeX Encoding Info:    Redeclaring text command \textbaravlig (encoding TU) on input line 3735.
LaTeX Encoding Info:    Redeclaring text command \textcapitalaylig (encoding TU) on input line 3736.
LaTeX Encoding Info:    Redeclaring text command \textaylig (encoding TU) on input line 3737.
LaTeX Encoding Info:    Redeclaring text command \textcapitalrevcdot (encoding TU) on input line 3738.
LaTeX Encoding Info:    Redeclaring text command \textrevcdot (encoding TU) on input line 3739.
LaTeX Encoding Info:    Redeclaring text command \textcapitalinsd (encoding TU) on input line 3741.
LaTeX Encoding Info:    Redeclaring text command \textinsd (encoding TU) on input line 3742.
LaTeX Encoding Info:    Redeclaring text command \textcapitalinsf (encoding TU) on input line 3743.
LaTeX Encoding Info:    Redeclaring text command \textinsf (encoding TU) on input line 3744.
LaTeX Encoding Info:    Redeclaring text command \textcapitalinsg (encoding TU) on input line 3745.
LaTeX Encoding Info:    Redeclaring text command \textcapitalturninsg (encoding TU) on input line 3746.
LaTeX Encoding Info:    Redeclaring text command \textturninsg (encoding TU) on input line 3747.
LaTeX Encoding Info:    Redeclaring text command \textcapitalturnl (encoding TU) on input line 3748.
LaTeX Encoding Info:    Redeclaring text command \textturnl (encoding TU) on input line 3749.
LaTeX Encoding Info:    Redeclaring text command \textcapitalinsr (encoding TU) on input line 3750.
LaTeX Encoding Info:    Redeclaring text command \textinsr (encoding TU) on input line 3751.
LaTeX Encoding Info:    Redeclaring text command \textcapitalinss (encoding TU) on input line 3752.
LaTeX Encoding Info:    Redeclaring text command \textinss (encoding TU) on input line 3753.
LaTeX Encoding Info:    Redeclaring text command \textcapitalinst (encoding TU) on input line 3754.
LaTeX Encoding Info:    Redeclaring text command \textinst (encoding TU) on input line 3755.
LaTeX Encoding Info:    Redeclaring text command \textcapitalsaltillo (encoding TU) on input line 3756.
LaTeX Encoding Info:    Redeclaring text command \textsaltillo (encoding TU) on input line 3757.
) (c:/texlive/2026/texmf-dist/tex/xelatex/xecjk/xunicode-extra.def
File: xunicode-extra.def 2022/08/05 v3.9.1 extra definition for xunicode
LaTeX Encoding Info:    Redeclaring text command \textsuperscript (encoding TU) on input line 37.
LaTeX Encoding Info:    Redeclaring text command \textsubscript (encoding TU) on input line 38.
LaTeX Encoding Info:    Redeclaring text command \textsbleftarrow (encoding TU) on input line 38.
LaTeX Encoding Info:    Redeclaring text command \` (encoding TU) on input line 39.
LaTeX Encoding Info:    Redeclaring text command \capitalgrave (encoding TU) on input line 40.
LaTeX Encoding Info:    Redeclaring text command \' (encoding TU) on input line 41.
LaTeX Encoding Info:    Redeclaring text command \capitalacute (encoding TU) on input line 42.
LaTeX Encoding Info:    Redeclaring text command \^ (encoding TU) on input line 43.
LaTeX Encoding Info:    Redeclaring text command \capitalcircumflex (encoding TU) on input line 44.
LaTeX Encoding Info:    Redeclaring text command \~ (encoding TU) on input line 45.
LaTeX Encoding Info:    Redeclaring text command \capitaltilde (encoding TU) on input line 46.
LaTeX Encoding Info:    Redeclaring text command \= (encoding TU) on input line 47.
LaTeX Encoding Info:    Redeclaring text command \capitalmacron (encoding TU) on input line 48.
LaTeX Encoding Info:    Redeclaring text command \textoverline (encoding TU) on input line 49.
LaTeX Encoding Info:    Redeclaring text command \u (encoding TU) on input line 50.
LaTeX Encoding Info:    Redeclaring text command \capitalbreve (encoding TU) on input line 51.
LaTeX Encoding Info:    Redeclaring text command \. (encoding TU) on input line 52.
LaTeX Encoding Info:    Redeclaring text command \capitaldotaccent (encoding TU) on input line 53.
LaTeX Encoding Info:    Redeclaring text command \" (encoding TU) on input line 54.
LaTeX Encoding Info:    Redeclaring text command \capitaldieresis (encoding TU) on input line 55.
LaTeX Encoding Info:    Redeclaring text command \m (encoding TU) on input line 56.
LaTeX Encoding Info:    Redeclaring text command \texthookabove (encoding TU) on input line 57.
LaTeX Encoding Info:    Redeclaring text command \r (encoding TU) on input line 58.
LaTeX Encoding Info:    Redeclaring text command \capitalring (encoding TU) on input line 59.
LaTeX Encoding Info:    Redeclaring text command \H (encoding TU) on input line 60.
LaTeX Encoding Info:    Redeclaring text command \capitalhungarumlaut (encoding TU) on input line 61.
LaTeX Encoding Info:    Redeclaring text command \v (encoding TU) on input line 62.
LaTeX Encoding Info:    Redeclaring text command \capitalcaron (encoding TU) on input line 63.
LaTeX Encoding Info:    Redeclaring text command \textvbaraccent (encoding TU) on input line 64.
LaTeX Encoding Info:    Redeclaring text command \textdoublevbaraccent (encoding TU) on input line 65.
LaTeX Encoding Info:    Redeclaring text command \U (encoding TU) on input line 66.
LaTeX Encoding Info:    Redeclaring text command \textdoublegrave (encoding TU) on input line 67.
LaTeX Encoding Info:    Redeclaring text command \G (encoding TU) on input line 68.
LaTeX Encoding Info:    Redeclaring text command \textdotbreve (encoding TU) on input line 69.
LaTeX Encoding Info:    Redeclaring text command \textroundcap (encoding TU) on input line 70.
LaTeX Encoding Info:    Redeclaring text command \newtie (encoding TU) on input line 71.
LaTeX Encoding Info:    Redeclaring text command \capitalnewtie (encoding TU) on input line 72.
LaTeX Encoding Info:    Redeclaring text command \textturncommaabove (encoding TU) on input line 73.
LaTeX Encoding Info:    Redeclaring text command \textcommaabove (encoding TU) on input line 74.
LaTeX Encoding Info:    Redeclaring text command \textrevcommaabove (encoding TU) on input line 75.
LaTeX Encoding Info:    Redeclaring text command \overbridge (encoding TU) on input line 76.
LaTeX Encoding Info:    Redeclaring text command \crtilde (encoding TU) on input line 77.
LaTeX Encoding Info:    Redeclaring text command \dottedtilde (encoding TU) on input line 78.
LaTeX Encoding Info:    Redeclaring text command \doubletilde (encoding TU) on input line 79.
LaTeX Encoding Info:    Redeclaring text command \textrightarrowhead (encoding TU) on input line 80.
LaTeX Encoding Info:    Redeclaring text command \textlefthalfring (encoding TU) on input line 81.
LaTeX Encoding Info:    Redeclaring text command \textrighthalfring (encoding TU) on input line 82.
LaTeX Encoding Info:    Redeclaring text command \textdoublebrevebelow (encoding TU) on input line 83.
LaTeX Encoding Info:    Redeclaring text command \textdoublebreve (encoding TU) on input line 84.
LaTeX Encoding Info:    Redeclaring text command \textdoublemacron (encoding TU) on input line 85.
LaTeX Encoding Info:    Redeclaring text command \textdoublemacronbelow (encoding TU) on input line 86.
LaTeX Encoding Info:    Redeclaring text command \textdoubletilde (encoding TU) on input line 87.
LaTeX Encoding Info:    Redeclaring text command \t (encoding TU) on input line 88.
LaTeX Encoding Info:    Redeclaring text command \capitaltie (encoding TU) on input line 89.
LaTeX Encoding Info:    Redeclaring text command \texttoptiebar (encoding TU) on input line 90.
LaTeX Encoding Info:    Redeclaring text command \sliding (encoding TU) on input line 91.
LaTeX Encoding Info:    Redeclaring text command \t (encoding TU) on input line 92.
LaTeX Encoding Info:    Redeclaring text command \capitaltie (encoding TU) on input line 93.
LaTeX Encoding Info:    Redeclaring text command \texttoptiebar (encoding TU) on input line 94.
LaTeX Encoding Info:    Redeclaring text command \sliding (encoding TU) on input line 95.
LaTeX Encoding Info:    Redeclaring text command \texthighrise (encoding TU) on input line 96.
LaTeX Encoding Info:    Redeclaring text command \textlowrise (encoding TU) on input line 97.
LaTeX Encoding Info:    Redeclaring text command \textrisefall (encoding TU) on input line 98.
LaTeX Encoding Info:    Redeclaring text command \textfallrise (encoding TU) on input line 99.
LaTeX Encoding Info:    Redeclaring text command \textaolig (encoding TU) on input line 100.
LaTeX Encoding Info:    Redeclaring text command \textgimel (encoding TU) on input line 107.
LaTeX Encoding Info:    Redeclaring text command \textbigcircle (encoding TU) on input line 112.
LaTeX Encoding Info:    Redeclaring text command \textlnot (encoding TU) on input line 273.
LaTeX Encoding Info:    Redeclaring text command \j (encoding TU) on input line 304.
LaTeX Encoding Info:    Redeclaring text command \texttildelow (encoding TU) on input line 317.
LaTeX Encoding Info:    Redeclaring text command \textcompwordmark (encoding TU) on input line 668.
LaTeX Encoding Info:    Redeclaring text command \textguarani (encoding TU) on input line 721.
LaTeX Encoding Info:    Redeclaring text command \textlangle (encoding TU) on input line 1064.
LaTeX Encoding Info:    Redeclaring text command \textrangle (encoding TU) on input line 1065.
LaTeX Encoding Info:    Redeclaring text command \textlbrackdbl (encoding TU) on input line 1269.
LaTeX Encoding Info:    Redeclaring text command \textrbrackdbl (encoding TU) on input line 1270.
LaTeX Encoding Info:    Redeclaring text command \textinterrobangdown (encoding TU) on input line 1406.
) (./main.aux)
\openout1 = `main.aux'.

LaTeX Font Info:    Checking defaults for OML/cmm/m/it on input line 37.
LaTeX Font Info:    ... okay on input line 37.
LaTeX Font Info:    Checking defaults for OMS/cmsy/m/n on input line 37.
LaTeX Font Info:    ... okay on input line 37.
LaTeX Font Info:    Checking defaults for OT1/cmr/m/n on input line 37.
LaTeX Font Info:    ... okay on input line 37.
LaTeX Font Info:    Checking defaults for T1/cmr/m/n on input line 37.
LaTeX Font Info:    ... okay on input line 37.
LaTeX Font Info:    Checking defaults for TS1/cmr/m/n on input line 37.
LaTeX Font Info:    ... okay on input line 37.
LaTeX Font Info:    Checking defaults for TU/lmr/m/n on input line 37.
LaTeX Font Info:    ... okay on input line 37.
LaTeX Font Info:    Checking defaults for OMX/cmex/m/n on input line 37.
LaTeX Font Info:    ... okay on input line 37.
LaTeX Font Info:    Checking defaults for U/cmr/m/n on input line 37.
LaTeX Font Info:    ... okay on input line 37.
LaTeX Font Info:    Checking defaults for T3/cmr/m/n on input line 37.
LaTeX Font Info:    Trying to load font information for T3+cmr on input line 37.
 (c:/texlive/2026/texmf-dist/tex/latex/tipa/t3cmr.fd
File: t3cmr.fd 2001/12/31 TIPA font definitions
)
LaTeX Font Info:    ... okay on input line 37.
LaTeX Font Info:    Checking defaults for PD1/pdf/m/n on input line 37.
LaTeX Font Info:    ... okay on input line 37.
LaTeX Font Info:    Checking defaults for PU/pdf/m/n on input line 37.
LaTeX Font Info:    ... okay on input line 37.

Package fontspec Info: 
(fontspec)             Adjusting the maths setup (use [no-math] to avoid
(fontspec)             this).

\symlegacymaths=\mathgroup6
LaTeX Font Info:    Overwriting symbol font `legacymaths' in version `bold'
(Font)                  OT1/cmr/m/n --> OT1/cmr/bx/n on input line 37.
LaTeX Font Info:    Redeclaring math accent \acute on input line 37.
LaTeX Font Info:    Redeclaring math accent \grave on input line 37.
LaTeX Font Info:    Redeclaring math accent \ddot on input line 37.
LaTeX Font Info:    Redeclaring math accent \tilde on input line 37.
LaTeX Font Info:    Redeclaring math accent \bar on input line 37.
LaTeX Font Info:    Redeclaring math accent \breve on input line 37.
LaTeX Font Info:    Redeclaring math accent \check on input line 37.
LaTeX Font Info:    Redeclaring math accent \hat on input line 37.
LaTeX Font Info:    Redeclaring math accent \dot on input line 37.
LaTeX Font Info:    Redeclaring math accent \mathring on input line 37.
LaTeX Font Info:    Redeclaring math symbol \Gamma on input line 37.
LaTeX Font Info:    Redeclaring math symbol \Delta on input line 37.
LaTeX Font Info:    Redeclaring math symbol \Theta on input line 37.
LaTeX Font Info:    Redeclaring math symbol \Lambda on input line 37.
LaTeX Font Info:    Redeclaring math symbol \Xi on input line 37.
LaTeX Font Info:    Redeclaring math symbol \Pi on input line 37.
LaTeX Font Info:    Redeclaring math symbol \Sigma on input line 37.
LaTeX Font Info:    Redeclaring math symbol \Upsilon on input line 37.
LaTeX Font Info:    Redeclaring math symbol \Phi on input line 37.
LaTeX Font Info:    Redeclaring math symbol \Psi on input line 37.
LaTeX Font Info:    Redeclaring math symbol \Omega on input line 37.
LaTeX Font Info:    Redeclaring math symbol \mathdollar on input line 37.
LaTeX Font Info:    Redeclaring symbol font `operators' on input line 37.
LaTeX Font Info:    Encoding `OT1' has changed to `TU' for symbol font
(Font)              `operators' in the math version `normal' on input line 37.
LaTeX Font Info:    Overwriting symbol font `operators' in version `normal'
(Font)                  OT1/cmr/m/n --> TU/lmr/m/n on input line 37.
LaTeX Font Info:    Encoding `OT1' has changed to `TU' for symbol font
(Font)              `operators' in the math version `bold' on input line 37.
LaTeX Font Info:    Overwriting symbol font `operators' in version `bold'
(Font)                  OT1/cmr/bx/n --> TU/lmr/m/n on input line 37.
LaTeX Font Info:    Overwriting symbol font `operators' in version `normal'
(Font)                  TU/lmr/m/n --> TU/lmr/m/n on input line 37.
LaTeX Font Info:    Overwriting math alphabet `\mathit' in version `normal'
(Font)                  OT1/cmr/m/it --> TU/lmr/m/it on input line 37.
LaTeX Font Info:    Overwriting math alphabet `\mathbf' in version `normal'
(Font)                  OT1/cmr/bx/n --> TU/lmr/b/n on input line 37.
LaTeX Font Info:    Overwriting math alphabet `\mathsf' in version `normal'
(Font)                  OT1/cmss/m/n --> TU/lmss/m/n on input line 37.
LaTeX Font Info:    Overwriting math alphabet `\mathtt' in version `normal'
(Font)                  OT1/cmtt/m/n --> TU/lmtt/m/n on input line 37.
LaTeX Font Info:    Overwriting symbol font `operators' in version `bold'
(Font)                  TU/lmr/m/n --> TU/lmr/b/n on input line 37.
LaTeX Font Info:    Overwriting math alphabet `\mathit' in version `bold'
(Font)                  OT1/cmr/bx/it --> TU/lmr/b/it on input line 37.
LaTeX Font Info:    Overwriting math alphabet `\mathsf' in version `bold'
(Font)                  OT1/cmss/bx/n --> TU/lmss/b/n on input line 37.
LaTeX Font Info:    Overwriting math alphabet `\mathtt' in version `bold'
(Font)                  OT1/cmtt/m/n --> TU/lmtt/b/n on input line 37.

*geometry* driver: auto-detecting
*geometry* detected driver: xetex
*geometry* verbose mode - [ preamble ] result:
* driver: xetex
* paper: a4paper
* layout: <same size as paper>
* layoutoffset:(h,v)=(0.0pt,0.0pt)
* modes: 
* h-part:(L,W,R)=(71.13188pt, 455.24411pt, 71.13188pt)
* v-part:(T,H,B)=(71.13188pt, 702.78308pt, 71.13188pt)
* \paperwidth=597.50787pt
* \paperheight=845.04684pt
* \textwidth=455.24411pt
* \textheight=702.78308pt
* \oddsidemargin=-1.1381pt
* \evensidemargin=-1.1381pt
* \topmargin=-38.1381pt
* \headheight=12.0pt
* \headsep=25.0pt
* \topskip=10.0pt
* \footskip=30.0pt
* \marginparwidth=65.0pt
* \marginparsep=11.0pt
* \columnsep=10.0pt
* \skip\footins=9.0pt plus 4.0pt minus 2.0pt
* \hoffset=0.0pt
* \voffset=0.0pt
* \mag=1000
* \@twocolumnfalse
* \@twosidefalse
* \@mparswitchfalse
* \@reversemarginfalse
* (1in=72.27pt=25.4mm, 1cm=28.453pt)

Package caption Info: Begin \AtBeginDocument code.
Package caption Info: subfig package v1.3 is loaded.
Package caption Info: hyperref package is loaded.
Package caption Info: listings package is loaded.
Package caption Info: longtable package is loaded.
(c:/texlive/2026/texmf-dist/tex/latex/caption/ltcaption.sty
Package: ltcaption 2021/01/08 v1.4c longtable captions (AR)
)
Package caption Info: threeparttable package is loaded.
Package caption Info: End \AtBeginDocument code.
\symgns@font=\mathgroup7
LaTeX Font Info:    Overwriting symbol font `gns@font' in version `bold'
(Font)                  TS1/lmr/m/n --> TS1/lmr/b/n on input line 37.
Package gensymb Info: Math companion symbols declared on input line 37.
LaTeX Info: Redefining \degree on input line 37.
LaTeX Info: Redefining \celsius on input line 37.
Package gensymb Info: Using text companion symbols for \degree, \celsius and \perthousand on input line 37.
LaTeX Info: Redefining \ohm on input line 37.
Package gensymb Info: Using \textohm for \ohm on input line 37.
Package gensymb Info: Using \textmu for \micro on input line 37.
\c@lstlisting=\count425

Package pgfplots notification 'compat/show suggested version=true': document has been generated with the most recent feature set (\pgfplotsset{compat=1.18}).

Package hyperref Info: Link coloring OFF on input line 37.
(./main.out) (./main.out)
\@outlinefile=\write4
\openout4 = `main.out'.

LaTeX Font Info:    Calculating math sizes for size <12.1> on input line 44.
 [1

]

Package fontspec Info: 
(fontspec)             Could not resolve font "SimHei/BI" (it probably doesn't
(fontspec)             exist).


Package fontspec Info: 
(fontspec)             Could not resolve font "SimHei/B" (it probably doesn't
(fontspec)             exist).


Package fontspec Info: 
(fontspec)             Could not resolve font "SimHei/I" (it probably doesn't
(fontspec)             exist).


Package fontspec Info: 
(fontspec)             Font family 'SimHei(0)' created for font 'SimHei' with
(fontspec)             options [Script={CJK}].
(fontspec)              
(fontspec)              This font family consists of the following NFSS
(fontspec)             series/shapes:
(fontspec)              
(fontspec)             - 'normal' (m/n) with NFSS spec.:
(fontspec)             <->"SimHei/OT:script=hani;language=dflt;"

 (./main.toc)
\tf@toc=\write5
\openout5 = `main.toc'.

 [2] [3] [4]
Underfull \hbox (badness 10000) in paragraph at lines 159--159
[]|\TU/SimSun(0)/m/n/7.52812 连 续 状
 []


Underfull \hbox (badness 10000) in paragraph at lines 160--160
[]|\TU/SimSun(0)/m/n/7.52812 连 续 控
 []

[5] [6]
Underfull \hbox (badness 10000) in paragraph at lines 255--255
[]|\TU/lmr/m/n/10.53937 1200 \TU/SimSun(0)/m/n/10.53937 轮，|  种 子
 []

[7]
File: figures_oht/network_topology.png Graphic file (type bmp)
<figures_oht/network_topology.png>
 [8] [9] [10] [11] [12] [13] [14]
File: figures_oht/vehicle_workload.png Graphic file (type bmp)
<figures_oht/vehicle_workload.png>

Underfull \hbox (badness 10000) in paragraph at lines 584--584
\TU/SimSun(0)/m/n/10.53937 插 入 擅 长 修 复 任 务
 []

[15]
Package pgfplots info on input line 608: Using 'lua backend=false' for axis: x coord trafo unsupported.
File: figures_oht/time_distribution_and_completion.png Graphic file (type bmp)
<figures_oht/time_distribution_and_completion.png>
 [16]
File: figures_oht/arrival_curves.png Graphic file (type bmp)
<figures_oht/arrival_curves.png>
 [17] [18]
Underfull \hbox (badness 10000) in paragraph at lines 719--719
[]|\TU/SimSun(0)/m/n/10.53937 滚 动 时 域
 []


Underfull \hbox (badness 10000) in paragraph at lines 719--719
[]|\TU/SimSun(0)/m/n/10.53937 能 显 式 处 理 短 期 预
 []


Underfull \hbox (badness 2818) in paragraph at lines 719--720
\TU/SimSun(0)/m/n/10.53937 题 决 策 频 率 下 计 算 负 担
 []


Underfull \hbox (badness 10000) in paragraph at lines 720--720
\TU/SimSun(0)/m/n/10.53937 从 大 量 场 景 学 习 非
 []


Underfull \hbox (badness 2818) in paragraph at lines 720--721
[]|\TU/SimSun(0)/m/n/10.53937 缺 少 训 练 样 本 与 可 认 证
 []


Underfull \hbox (badness 10000) in paragraph at lines 721--721
[]|\TU/SimSun(0)/m/n/10.53937 只 使 用 当 前 可 见 信
 []


Underfull \hbox (badness 2818) in paragraph at lines 721--722
[]|\TU/SimSun(0)/m/n/10.53937 与 在 线 信 息 约 束 和 实 时
 []

[19]
File: figures_oht/candidate_comparisons.png Graphic file (type bmp)
<figures_oht/candidate_comparisons.png>
 [20] [21]
Underfull \hbox (badness 10000) in paragraph at lines 835--835
[]|\TU/SimSun(0)/m/n/10.53937 可 快 速 估 计 负 载 率
 []


Underfull \hbox (badness 10000) in paragraph at lines 835--835
[]|\TU/SimSun(0)/m/n/10.53937 难 表 达 有 向 路 径、|
 []


Underfull \hbox (badness 1681) in paragraph at lines 835--835
\TU/lmr/m/n/10.53937 Carrier \TU/SimSun(0)/m/n/10.53937 前 序 及 瞬 时
 []


Underfull \hbox (badness 7667) in paragraph at lines 835--836
[]|\TU/SimSun(0)/m/n/10.53937 用 于 式[]的 负 载 诊 断，|
 []


Underfull \hbox (badness 3260) in paragraph at lines 836--836
[]|\TU/SimSun(0)/m/n/10.53937 滚 动 时 域 整 数 规
 []


Underfull \hbox (badness 10000) in paragraph at lines 837--837
\TU/SimSun(0)/m/n/10.53937 复 用 已 验 证 底 层 控
 []


Underfull \hbox (badness 2818) in paragraph at lines 837--838
[]|\TU/SimSun(0)/m/n/10.53937 四 候 选 中 唯 一 通 过 连 续
 []

[22] [23]
File: figures_oht/time_components.png Graphic file (type bmp)
<figures_oht/time_components.png>
 [24]
File: figures_oht/priority_transfer_scatter.png Graphic file (type bmp)
<figures_oht/priority_transfer_scatter.png>
 [25] [26]
Underfull \hbox (badness 10000) in paragraph at lines 1019--1019
[]|\TU/lmr/m/n/10.53937 Port \TU/SimSun(0)/m/n/10.53937 所 在
 []


Underfull \hbox (badness 2735) in paragraph at lines 1021--1021
[]|\TU/SimSun(0)/m/n/10.53937 参 考 点 距 离 到 车 身 净 空 换
 []


Underfull \hbox (badness 2073) in paragraph at lines 1021--1021
[]|\TU/SimSun(0)/m/n/10.53937 统 一 使 用 式[]并 独 立 重
 []


Underfull \hbox (badness 2735) in paragraph at lines 1022--1022
[]|\TU/SimSun(0)/m/n/10.53937 端 点 采 样 可 能 漏 掉 步 内 最
 []


Underfull \hbox (badness 2735) in paragraph at lines 1023--1023
[]|\TU/SimSun(0)/m/n/10.53937 改 变 搜 索 路 径 并 可 能 陷 入
 []

[27] [28] [29]

Package fontspec Info: 
(fontspec)             Could not resolve font "FangSong/BI" (it probably
(fontspec)             doesn't exist).


Package fontspec Info: 
(fontspec)             Could not resolve font "FangSong/B" (it probably
(fontspec)             doesn't exist).


Package fontspec Info: 
(fontspec)             Could not resolve font "FangSong/I" (it probably
(fontspec)             doesn't exist).


Package fontspec Info: 
(fontspec)             Font family 'FangSong(0)' created for font 'FangSong'
(fontspec)             with options [Script={CJK}].
(fontspec)              
(fontspec)              This font family consists of the following NFSS
(fontspec)             series/shapes:
(fontspec)              
(fontspec)             - 'normal' (m/n) with NFSS spec.:
(fontspec)             <->"FangSong/OT:script=hani;language=dflt;"

 [30] (./main.aux)
 ***********
LaTeX2e <2025-11-01>
L3 programming layer <2022/08/05>
 ***********
Package rerunfilecheck Info: File `main.out' has not changed.
(rerunfilecheck)             Checksum: 8C0A43518D55B00A2D31E804C08C56AD;5012.
 ) 
Here is how much of TeX's memory you used:
 50982 strings out of 467983
 1188460 string characters out of 5432881
 1675974 words of memory out of 5000000
 79090 multiletter control sequences out of 15000+600000
 645663 words of font info for 156 fonts, out of 8000000 for 9000
 1348 hyphenation exceptions out of 8191
 93i,14n,120p,1244b,2320s stack positions out of 10000i,1000n,20000p,200000b,200000s

Output written on main.pdf (30 pages).
