step,time_hours,attempt_index,stage,accepted,converged,message,failure_reason,preconditioner,outer_aitken_initial,coupling_iterations,picard_iterations,gmres_iterations,ice_residual,gmres_residual,coupling_residual,water_residual,helmholtz_residual,attempt_total_seconds,outer_coupling_seconds,coupling_overhead_seconds,ice_solve_seconds,matrix_assembly_seconds,preconditioner_build_seconds,gmres_seconds,ice_residual_evaluation_seconds,ocean_solve_seconds,thickness_transport_seconds,force_budget_seconds,postprocess_seconds,ilu_builds,ilu_reuses,ilu_rebuilds,preconditioner_fallbacks,initial_guess_strategy,initial_guess_fallback_reason,outer_acceleration,acceleration_fallbacks,acceleration_history_clears,acceleration_clear_reasons,cache_invalidation_reason,active_center_count_before,active_center_count_after,active_center_mask_changes,active_u_mask_changes,active_v_mask_changes
1,0.08333333333333333,1,standard,True,True,converged,,ilu,0.5,12,45,166,6.797705523207648e-05,1.939521022839053e-10,2.6366652589214614e-06,4.126569395181527e-09,1.1117678284064567e-14,1.6932859999942593,1.6750301999854855,0.012701600091531873,1.5409064998966642,0.7329422001494095,0.3655806998722255,0.06967669993173331,0.353133000084199,0.12142209999728948,0.00023700000019744039,0.016960699984338135,0.00020650000078603625,44,1,32,0,previous_accepted_state,insufficient_accepted_history,protected_anderson,4,3,coupling_residual_increased|coupling_residual_increased|coupling_residual_increased,no_cache_phase1,800,800,0,0,0
2,0.16666666666666666,1,standard,True,True,converged,,ilu,0.5,13,31,117,6.710683479612005e-05,1.289799735773969e-10,6.002234039434344e-06,9.147341472586706e-10,2.1180871779878767e-14,1.1494008000008762,1.1362659000442363,0.012718999874778092,1.014390700031072,0.47550499998033047,0.23815889976685867,0.047142600058577955,0.2383880999404937,0.10915620013838634,0.00022230000467970967,0.011519199993927032,9.589997353032231e-05,31,0,18,0,two_state_linear_predictor,,protected_anderson,5,4,coupling_residual_increased|coupling_residual_increased|coupling_residual_increased|coupling_residual_increased,no_cache_phase1,800,800,0,0,0
3,0.25,1,standard,True,True,converged,,ilu,0.5,13,27,96,8.109326808985632e-05,3.444299676243733e-10,5.9048742977524255e-06,1.2819277887122678e-09,2.51299240254434e-14,0.9711167000350542,0.9597842000075616,0.014984600071329623,0.8366611999226734,0.41282109991880134,0.16599040006985888,0.037746200046967715,0.2081925002275966,0.10813840001355857,0.00018350000027567148,0.010287999990396202,9.270000737160444e-05,22,5,9,0,two_state_linear_predictor,,protected_anderson,3,2,coupling_residual_increased|coupling_residual_increased,no_cache_phase1,800,800,0,0,0
4,0.3333333333333333,1,standard,True,True,converged,,ilu,0.5,21,53,175,8.05314626093952e-05,2.6599587828554194e-10,9.990954815447799e-06,2.25499776991394e-09,2.764223378341708e-14,1.8825039000366814,1.8734454000368714,0.02736809995258227,1.6516176000004634,0.809249899990391,0.32943719992181286,0.07316410035127774,0.4157749000005424,0.19445970008382574,0.00011939997784793377,0.008184700040146708,8.630001684650779e-05,41,12,20,0,two_state_linear_predictor,,protected_anderson,8,7,anderson_step_guard|anderson_step_guard|anderson_step_guard|anderson_step_guard|anderson_step_guard|anderson_step_guard|anderson_step_guard,no_cache_phase1,800,800,0,0,0
5,0.4166666666666667,1,standard,True,True,converged,,ilu,0.5,16,27,94,7.3688909243564e-05,2.1243142900197272e-10,7.824602901014233e-06,1.9133415787706962e-09,2.7005763470557482e-14,1.125937199976761,1.1143207999994047,0.02395449997857213,0.943841699976474,0.43156080006156117,0.2124634999781847,0.04482830018969253,0.23913089995039627,0.14652460004435852,0.00013729999773204327,0.010591200029011816,0.00011639995500445366,26,1,10,0,two_state_linear_predictor,,protected_anderson,1,0,,no_cache_phase1,800,800,0,0,0
6,0.5,1,standard,True,True,converged,,ilu,0.5,11,22,88,0.00012763900636276026,4.265930650542373e-10,8.275656337957387e-06,8.98532349431248e-10,2.4636423893391908e-14,0.8476006999844685,0.8370133999851532,0.013282999920193106,0.7248288000118919,0.3522432000609115,0.1303825001232326,0.0399735999526456,0.19042289996286854,0.09890160005306825,0.0001275999820791185,0.009564900014083833,9.320001117885113e-05,16,6,5,0,two_state_linear_predictor,,protected_anderson,2,1,coupling_residual_increased,no_cache_phase1,800,800,0,0,0
7,0.5833333333333334,1,standard,True,True,converged,,ilu,0.5,12,17,71,0.00018915369806685466,7.41727638179669e-10,8.849399323109741e-06,1.1454270164636832e-09,2.5407418821605427e-14,0.6956647000042722,0.6845196000067517,0.011131200066301972,0.5674171999562532,0.27952670003287494,0.10513020015787333,0.030205899965949357,0.14284810004755855,0.10597119998419657,0.0001309000072069466,0.010223400022368878,9.180000051856041e-05,14,3,2,0,two_state_linear_predictor,,protected_anderson,4,3,coupling_residual_increased|coupling_residual_increased|coupling_residual_increased,no_cache_phase1,800,800,0,0,0
8,0.6666666666666666,1,standard,True,True,converged,,ilu,0.5,10,13,51,9.531231009367457e-05,5.233266274683866e-10,8.60160259312896e-06,6.220010157999174e-10,2.1995386212719182e-14,0.5225491999881342,0.5109809000277892,0.010879399895202368,0.41490820003673434,0.18949389993213117,0.09352150000631809,0.022747500042896718,0.10160489991540089,0.08519330009585246,0.00023639999562874436,0.010279999987687916,0.00011089997133240104,12,1,2,0,two_state_linear_predictor,,protected_anderson,2,1,coupling_residual_increased,no_cache_phase1,800,800,0,0,0
9,0.75,1,standard,True,True,converged,,ilu,0.5,9,12,40,7.42344686231267e-05,7.417915121039828e-09,9.030435173452537e-06,7.266084900736018e-10,2.1864498170504673e-14,0.5112780999625102,0.5014669999945909,0.009814499935600907,0.41779060004046187,0.19354199996450916,0.10190689982846379,0.018463500018697232,0.0964959998964332,0.0738619000185281,0.00015549996169283986,0.008703999978024513,8.999998681247234e-05,12,0,3,0,two_state_linear_predictor,,protected_anderson,1,0,,no_cache_phase1,800,800,0,0,0
10,0.8333333333333334,1,standard,True,True,converged,,ilu,0.5,10,12,41,6.271531494382799e-05,6.471616476918268e-09,8.882262898374913e-06,9.401308097004407e-09,2.2571551821306082e-14,0.4919436000054702,0.4818301000050269,0.010763600061181933,0.38961170002585277,0.18182830000296235,0.08580379991326481,0.01735229999758303,0.0969090000144206,0.0814547999179922,0.00013230001786723733,0.009205699956510216,9.169999975711107e-05,11,1,1,0,two_state_linear_predictor,,protected_anderson,2,1,coupling_residual_increased,no_cache_phase1,800,800,0,0,0
11,0.9166666666666666,1,standard,True,True,converged,,ilu,0.5,12,12,38,4.1404316638139596e-05,2.9180493612522384e-09,5.231270249885327e-06,3.187239667919627e-09,2.481720195206419e-14,0.5029119999962859,0.493750799971167,0.013426800083834678,0.39193130005151033,0.1987919999519363,0.08228089998010546,0.015467200137209147,0.08840540004894137,0.08839269983582199,0.00012169999536126852,0.008283300034236163,8.460000390186906e-05,12,0,0,0,two_state_linear_predictor,,protected_anderson,1,0,,no_cache_phase1,800,800,0,0,0
12,1.0,1,standard,True,True,converged,,ilu,0.5,9,11,37,3.931378609948531e-05,9.992503149711946e-09,6.30004902851703e-06,1.88256891477651e-09,2.5460597327509144e-14,0.4015480999951251,0.3919700999977067,0.007939900213386863,0.3182418998912908,0.15346930001396686,0.06236529990565032,0.014898200053721666,0.08160640008281916,0.06578829989302903,0.00017960002878680825,0.008576799998991191,8.639995940029621e-05,9,2,0,0,two_state_linear_predictor,,protected_anderson,2,1,coupling_residual_increased,no_cache_phase1,800,800,0,0,0
13,1.0833333333333333,1,standard,True,True,converged,,ilu,0.5,9,11,39,3.249815105673773e-05,7.806541659348574e-09,5.320253501712757e-06,4.124721604818941e-09,2.4082727320144735e-14,0.4177081999951042,0.40793649997795,0.006673899886664003,0.33672500000102445,0.16699149989290163,0.06491650018142536,0.016806199972052127,0.08204000006662682,0.06453760009026155,0.00012610002886503935,0.008902699977625161,9.06999921426177e-05,9,2,0,0,two_state_linear_predictor,,protected_anderson,2,1,coupling_residual_increased,no_cache_phase1,800,800,0,0,0
14,1.1666666666666667,1,standard,True,True,converged,,ilu,0.5,11,12,38,3.102120026052123e-05,6.687437046949123e-09,6.9736532480270894e-06,3.8403398282647515e-09,2.6683532582904966e-14,0.4591636000550352,0.44827779999468476,0.009287199936807156,0.3623265998903662,0.18037630000617355,0.07797550002578646,0.01499229995533824,0.08237460005329922,0.0766640001675114,0.00016629998572170734,0.009866800042800605,8.85000335983932e-05,11,1,0,0,two_state_linear_predictor,,protected_anderson,2,1,coupling_residual_increased,no_cache_phase1,800,800,0,0,0
15,1.25,1,standard,True,True,converged,,ilu,0.5,10,13,43,6.603694501402213e-05,6.4134927644371985e-09,7.360044705934682e-06,2.1437785575951924e-09,2.4363903569945808e-14,0.48794180003460497,0.47282470000209287,0.00835029996233061,0.3875732999877073,0.1906838000868447,0.0771177998976782,0.01639379997504875,0.09661810018587857,0.07690110005205497,0.00022749998606741428,0.013703099975828081,9.710004087537527e-05,11,2,1,0,two_state_linear_predictor,,protected_anderson,3,2,coupling_residual_increased|coupling_residual_increased,no_cache_phase1,800,800,0,0,0
16,1.3333333333333333,1,standard,True,True,converged,,ilu,0.5,11,16,50,4.26964151215049e-05,3.1821857676246236e-09,4.761716616049825e-06,5.96698785210655e-10,2.402349205188676e-14,0.7999814999639057,0.785352100036107,0.01174950017593801,0.657641299883835,0.3268593001412228,0.12158129987074062,0.030942600045818835,0.16576920013176277,0.11596129997633398,0.00012499996228143573,0.01363810000475496,0.000145500001963228,13,3,2,0,two_state_linear_predictor,,protected_anderson,5,4,coupling_residual_increased|coupling_residual_increased|coupling_residual_increased|coupling_residual_increased,no_cache_phase1,800,800,0,0,0
17,1.4166666666666667,1,standard,True,True,converged,,ilu,0.5,11,16,50,1.6442948037363517e-05,2.2807175637411694e-09,3.8675542264506205e-06,1.3835602036415688e-09,2.2915400259572456e-14,0.5989119000150822,0.5851010999758728,0.009990400227252394,0.4783312998479232,0.2360070999711752,0.09545320004690439,0.01971620012773201,0.11839110002620146,0.09677939990069717,0.00018350000027567148,0.012448499968741089,0.00013409997336566448,13,3,2,0,two_state_linear_predictor,,protected_anderson,5,4,coupling_residual_increased|coupling_residual_increased|coupling_residual_increased|coupling_residual_increased,no_cache_phase1,800,800,0,0,0
18,1.5,1,standard,True,True,converged,,ilu,0.5,9,16,47,5.938532375430836e-06,2.235645128129577e-09,3.738150905647272e-06,1.9409440787869195e-09,2.5875914667005984e-14,0.5406869999715127,0.5298138999496587,0.010033000144176185,0.4505855999304913,0.21374650014331564,0.08591769973281771,0.020129600074142218,0.1233306999783963,0.06919529987499118,0.00019450002582743764,0.009662299999035895,9.200000204145908e-05,12,4,3,0,two_state_linear_predictor,,protected_anderson,1,0,,no_cache_phase1,800,800,0,0,0
19,1.5833333333333333,1,standard,True,True,converged,,ilu,0.5,9,17,48,2.756525146368302e-05,1.3420852991771352e-09,9.704364436979723e-06,2.023240869082201e-09,2.2185454448414406e-14,0.5765462000272237,0.5641387000214309,0.005808699759654701,0.48922860011225566,0.2516578001668677,0.08619379985611886,0.019829300115816295,0.12430649989983067,0.06910140014952049,0.00011969998013228178,0.011355799972079694,0.0001629000180400908,12,5,3,0,two_state_linear_predictor,,protected_anderson,2,1,coupling_residual_increased,no_cache_phase1,800,800,0,0,0
20,1.6666666666666667,1,standard,True,True,converged,,ilu,0.5,9,17,49,4.503651530224294e-05,1.7303838767497194e-09,7.939741254551868e-06,2.0012893773733653e-09,2.299265550109505e-14,0.5838424999965355,0.5740281000034884,0.007938599970657378,0.5000817999825813,0.25424649991327897,0.08905810018768534,0.021734000009018928,0.1264721000334248,0.0660077000502497,0.00013260002015158534,0.008467699983157218,8.710002293810248e-05,12,5,3,0,two_state_linear_predictor,,protected_anderson,2,1,coupling_residual_increased,no_cache_phase1,800,800,0,0,0
21,1.75,1,standard,True,True,converged,,ilu,0.5,8,15,45,0.0002579022015207053,4.621674136756331e-09,5.783241105981422e-06,2.056975603760116e-09,2.408943212230069e-14,0.5102863000356592,0.49755809997441247,0.0070035000098869205,0.43061360000865534,0.20446059986716136,0.08765790000325069,0.019591899996157736,0.1114780999487266,0.05994099995587021,0.00012179999612271786,0.011821799969766289,0.00013840000610798597,11,4,3,0,two_state_linear_predictor,,protected_anderson,1,0,,no_cache_phase1,800,800,0,0,0
22,1.8333333333333333,1,standard,True,True,converged,,ilu,0.5,9,32,94,9.650449552990815e-06,1.8926524744582005e-09,1.5843402689582329e-06,2.1356089201283664e-09,2.5207219498610188e-14,1.006912199954968,0.9960040999576449,0.010213200002908707,0.9203204999794252,0.4455693999771029,0.16129099990939721,0.04462489997968078,0.2548649000818841,0.06547039997531101,0.00011960003757849336,0.010043299989774823,8.939998224377632e-05,21,11,12,0,two_state_linear_predictor,,protected_anderson,1,0,,no_cache_phase1,800,800,0,0,0
23,1.9166666666666667,1,standard,True,True,converged,,ilu,0.5,4,57,159,0.0009416298775982702,5.615880823804607e-09,9.824057857931343e-06,2.1780564760635557e-09,2.418861557478099e-14,1.6354067000211217,1.6251046999823302,0.0034216000349260867,1.59417910000775,0.8255664999596775,0.25312709994614124,0.07225970015861094,0.4232856997405179,0.027503999939654022,0.00013280002167448401,0.009316599986050278,9.099999442696571e-05,30,27,26,0,two_state_linear_predictor,,protected_anderson,1,0,,no_cache_phase1,800,800,0,0,0
24,2.0,1,standard,True,True,converged,,ilu,0.5,7,31,83,0.0002771390030353626,1.5568822993218958e-09,9.601742140140752e-06,2.208696752720414e-09,2.3472155345955386e-14,0.9733509999932721,0.955449300003238,0.005820600199513137,0.8990200998960063,0.4553343994775787,0.1497539000120014,0.04005669994512573,0.24162840005010366,0.0506085999077186,0.00018720002844929695,0.01687110000057146,0.00011270004324615002,18,13,11,0,two_state_linear_predictor,,protected_anderson,2,1,coupling_residual_increased,no_cache_phase1,800,800,0,0,0
25,2.0833333333333335,1,standard,True,True,converged,,ilu,0.5,12,23,65,1.423483198803629e-05,3.5624332885557307e-09,7.693980024513935e-06,2.2638114930633196e-09,2.2739886988076384e-14,0.8238113000406884,0.8124107000185177,0.010994800017215312,0.7003773000324145,0.3608168999198824,0.12449350010138005,0.02862459991592914,0.17515610007103533,0.10103859996888787,0.00012470001820474863,0.01032100000884384,0.00010360003216192126,17,6,5,0,two_state_linear_predictor,,protected_anderson,2,1,anderson_step_guard,no_cache_phase1,800,800,0,0,0
26,2.1666666666666665,1,standard,True,True,converged,,ilu,0.5,10,15,41,0.00014940202008712072,5.053329932774776e-09,9.615143189401095e-06,2.3353009969286448e-09,2.4444387282227292e-14,0.5432720999815501,0.5330699000041932,0.007947599980980158,0.44846530008362606,0.2233017000835389,0.08440660004271194,0.01853649999247864,0.11450969992438331,0.07665699993958697,0.00012229999992996454,0.009108700032811612,0.00020589999621734023,12,3,2,0,two_state_linear_predictor,,protected_anderson,2,1,coupling_residual_increased,no_cache_phase1,800,800,0,0,0
27,2.25,1,standard,True,True,converged,,ilu,0.5,14,15,40,0.00011980403494370245,1.9876698670470894e-09,8.353632682423551e-06,2.4001937851032234e-09,2.307791857434139e-14,0.5723546000081114,0.5633593000238761,0.009726800140924752,0.45209949993295595,0.21181070007150993,0.09830529999453574,0.017993199813645333,0.11505770002258942,0.10153299994999543,0.0001238000113517046,0.008129900030326098,8.480000542476773e-05,14,1,0,0,two_state_linear_predictor,,protected_anderson,4,3,coupling_residual_increased|coupling_residual_increased|coupling_residual_increased,no_cache_phase1,800,800,0,0,0
28,2.3333333333333335,1,standard,True,True,converged,,ilu,0.5,11,11,25,3.9023324137794305e-05,2.705765377874804e-09,6.89345889888718e-06,2.452426384472536e-09,2.3338714463121156e-14,0.42600550001952797,0.4152999999932945,0.01220260001718998,0.3213238999596797,0.15249389997916296,0.07487899990519509,0.011479000037070364,0.07612239982699975,0.0817735000164248,0.00012179999612271786,0.009825700020883232,0.0001018000184558332,11,0,0,0,two_state_linear_predictor,,protected_anderson,2,1,coupling_residual_increased,no_cache_phase1,800,800,0,0,0
29,2.4166666666666665,1,standard,True,True,converged,,ilu,0.5,17,19,46,0.00022016680585441352,1.6440815570528375e-09,8.758236160976447e-06,2.502189438065901e-09,2.3892303781501456e-14,0.7611171000171453,0.7473920999909751,0.01117340027121827,0.5969287997577339,0.2867772999452427,0.12789949990110472,0.021032700198702514,0.15034370007924736,0.1392898999620229,0.00018779997481033206,0.012480599980335683,0.0001466000103391707,17,2,0,0,two_state_linear_predictor,,protected_anderson,7,6,coupling_residual_increased|coupling_residual_increased|coupling_residual_increased|coupling_residual_increased|anderson_step_guard|coupling_residual_increased,no_cache_phase1,800,800,0,0,0
30,2.5,1,standard,True,True,converged,,ilu,0.5,15,40,110,0.0003664192962260728,5.931596638292612e-09,9.05015331853289e-06,2.5595491875192757e-09,2.377861264586656e-14,1.2855099000153132,1.2752550999866799,0.010936399979982525,1.1525293001323007,0.5849356999970041,0.19325900002149865,0.048638800042681396,0.307882999884896,0.11178939987439662,0.00021009996999055147,0.008916900027543306,9.470002260059118e-05,27,13,12,0,two_state_linear_predictor,,protected_anderson,5,4,anderson_step_guard|coupling_residual_increased|coupling_residual_increased|coupling_residual_increased,no_cache_phase1,800,800,0,0,0
31,2.5833333333333335,1,standard,True,True,converged,,ilu,0.5,14,31,86,0.00020921059424053315,1.7808386146770515e-09,7.142813832767672e-06,2.6271579801356576e-09,2.3964145892179742e-14,1.144566000031773,1.1337003999506123,0.01194759993813932,1.0021277000196278,0.49416659987764433,0.17636730015510693,0.0453982999897562,0.2692225001519546,0.11962509999284521,0.00015890004578977823,0.00988090003374964,9.410001803189516e-05,22,9,8,0,two_state_linear_predictor,,protected_anderson,5,4,anderson_step_guard|coupling_residual_increased|coupling_residual_increased|coupling_residual_increased,no_cache_phase1,800,800,0,0,0
32,2.6666666666666665,1,standard,True,True,converged,,ilu,0.5,10,20,57,6.492188745979753e-05,1.1991585182489757e-09,6.2465333794114e-06,2.7015656070334634e-09,2.4188486914593624e-14,0.6933736000210047,0.6828922999557108,0.007023399928584695,0.5993800000287592,0.29061860009096563,0.11116800032323226,0.028177699947264045,0.15903699985938147,0.07648889999836683,0.0001317000132985413,0.009567499975673854,9.099999442696571e-05,15,5,5,0,two_state_linear_predictor,,protected_anderson,2,1,coupling_residual_increased,no_cache_phase1,800,800,0,0,0
33,2.75,1,standard,True,True,converged,,ilu,0.5,10,22,61,5.8022163102820734e-05,1.0222905260861741e-09,8.235040459858645e-06,2.776964071919623e-09,2.4028068195679747e-14,0.8155352000030689,0.8036087999935262,0.00885389995528385,0.7088289999519475,0.34647950006183237,0.12872930016601458,0.033828800020273775,0.18783739994978532,0.08592590008629486,0.00016850000247359276,0.01093419996323064,9.06999921426177e-05,15,7,5,0,two_state_linear_predictor,,protected_anderson,2,1,coupling_residual_increased,no_cache_phase1,800,800,0,0,0
34,2.8333333333333335,1,standard,True,True,converged,,ilu,0.5,8,20,62,0.0001689369845070596,1.8786987565504335e-09,9.443028420538674e-06,2.8491198291217295e-09,2.471735210702309e-14,0.7175145000219345,0.7070040000253357,0.007344300043769181,0.6312924999510869,0.3198234998853877,0.10856730013620108,0.032311700109858066,0.16018290002830327,0.06836720003047958,0.0001686000032350421,0.009550000017043203,0.0001097000204026699,13,7,5,0,two_state_linear_predictor,,protected_anderson,2,1,coupling_residual_increased,no_cache_phase1,800,800,0,0,0
35,2.9166666666666665,1,standard,True,True,converged,,ilu,0.5,13,31,85,0.0001245629028932109,4.132971555059579e-10,5.9118426802168435e-06,2.9171561880679874e-09,2.5577640346202342e-14,1.0373523000162095,1.0269381999969482,0.009837199992034584,0.9178051999770105,0.4472286000964232,0.16049050010042265,0.03876799996942282,0.2565802999888547,0.09929580002790317,0.0001370999962091446,0.008931299962569028,9.929999941959977e-05,22,9,9,0,two_state_linear_predictor,,protected_anderson,4,3,coupling_residual_increased|coupling_residual_increased|coupling_residual_increased,no_cache_phase1,800,800,0,0,0
36,3.0,1,standard,True,True,converged,,ilu,0.5,12,25,68,0.0001325820788882606,1.0821586210158915e-09,5.809967172288409e-06,2.993858445887356e-09,2.338767301669895e-14,0.8434249999700114,0.8338404999813065,0.00808530009817332,0.7371550999232568,0.3759084001649171,0.12274219992104918,0.031100300140678883,0.19548390002455562,0.08860009995987639,0.0002036000369116664,0.00852510001277551,8.559995330870152e-05,18,7,6,0,two_state_linear_predictor,,protected_anderson,4,3,coupling_residual_increased|coupling_residual_increased|coupling_residual_increased,no_cache_phase1,800,800,0,0,0
37,3.0833333333333335,1,standard,True,True,converged,,ilu,0.5,12,27,72,0.00011077390495344072,1.2108589415412095e-09,6.353515836687469e-06,3.0994778008915574e-09,2.3294851402127395e-14,0.9051429000101052,0.8947603999986313,0.007334400026593357,0.7890457000466995,0.39541310007916763,0.1363605999504216,0.03184819995658472,0.21296660002553836,0.09838029992533848,0.00015679997159168124,0.00935329997446388,0.00013650004984810948,19,8,7,0,two_state_linear_predictor,,protected_anderson,5,4,anderson_step_guard|coupling_residual_increased|coupling_residual_increased|coupling_residual_increased,no_cache_phase1,800,800,0,0,0
38,3.1666666666666665,1,standard,True,True,converged,,ilu,0.5,16,36,95,0.0001696713561503299,2.1888135870901466e-09,8.080023151244011e-06,3.2282089270522264e-09,2.3937440998388048e-14,1.2082368999836035,1.1990265999920666,0.012277600239031017,1.052490999805741,0.5308245999040082,0.17995050002355129,0.04210389999207109,0.28259510005591437,0.1342579999472946,0.00012199999764561653,0.008260599977802485,8.769996929913759e-05,24,12,8,0,two_state_linear_predictor,,protected_anderson,6,5,coupling_residual_increased|anderson_step_guard|coupling_residual_increased|anderson_step_guard|coupling_residual_increased,no_cache_phase1,800,800,0,0,0
39,3.25,1,standard,True,True,converged,,ilu,0.5,11,20,51,8.57754479709791e-05,1.2595264583792633e-09,7.778361641672767e-06,3.3497229530647956e-09,2.44509448644561e-14,0.6785613999818452,0.6658421999891289,0.009969400009140372,0.5686839999980293,0.2805736002046615,0.10556620004354045,0.02126730012241751,0.15080980001948774,0.08718879998195916,0.00015460001304745674,0.011555499979294837,0.00012039998546242714,15,5,4,0,two_state_linear_predictor,,protected_anderson,3,2,anderson_step_guard|coupling_residual_increased,no_cache_phase1,800,800,0,0,0
40,3.3333333333333335,1,standard,True,True,converged,,ilu,0.5,14,25,65,0.00018371889251897678,1.4691837616616775e-09,7.496339532187557e-06,3.4458341043438798e-09,2.254477007108425e-14,0.8771152999834158,0.8672723000054248,0.011013900104444474,0.7440255999099463,0.38702040014322847,0.1282734001870267,0.02648639987455681,0.19068649999098852,0.11223279999103397,0.00016759999562054873,0.008704800042323768,8.589995559304953e-05,18,7,4,0,two_state_linear_predictor,,protected_anderson,3,2,coupling_residual_increased|coupling_residual_increased,no_cache_phase1,800,800,0,0,0
41,3.4166666666666665,1,standard,True,True,converged,,ilu,0.5,13,14,35,0.00016414635670152324,1.157695423281794e-09,8.495194071195094e-06,3.522648107436711e-09,2.288573776779857e-14,0.5511055000242777,0.5385047000017948,0.011365800106432289,0.4243058998254128,0.2067697000456974,0.08777269988786429,0.014717400015797466,0.10663750005187467,0.10283300006994978,0.00020049995509907603,0.011234100034926087,9.250000584870577e-05,13,1,0,0,two_state_linear_predictor,,protected_anderson,2,1,coupling_residual_increased,no_cache_phase1,800,800,0,0,0
42,3.5,1,standard,True,True,converged,,ilu,0.5,11,11,25,7.558719814300918e-05,1.3870031145250759e-09,3.4005817682392987e-06,3.592943996586524e-09,2.489536495583441e-14,0.4081084000063129,0.3971858999575488,0.007921699900180101,0.308008199906908,0.14323310018517077,0.06926679995376617,0.011265000037383288,0.0778369001345709,0.08125600015046075,0.00011790002463385463,0.009923000005073845,0.00020589999621734023,11,0,0,0,two_state_linear_predictor,,protected_anderson,1,0,,no_cache_phase1,800,800,0,0,0
43,3.5833333333333335,1,standard,True,True,converged,,ilu,0.5,10,10,24,3.8116633923367554e-05,1.595818990125105e-09,9.638238274778553e-06,3.6621530575271913e-09,2.463385388230932e-14,0.3903306000283919,0.38080089999129996,0.008413099974859506,0.29909240000415593,0.14962810004362836,0.06427709996933118,0.009548199945129454,0.06993890000740066,0.07329540001228452,0.00014249997911974788,0.008576099993661046,8.480000542476773e-05,10,0,0,0,two_state_linear_predictor,,protected_anderson,1,0,,no_cache_phase1,800,800,0,0,0
44,3.6666666666666665,1,standard,True,True,converged,,ilu,0.5,10,10,24,3.927310015584108e-05,9.72158794041869e-10,9.430490646415882e-06,3.729176338892753e-09,2.4314361802356428e-14,0.39546500000869855,0.3854538000305183,0.007801100087817758,0.3007319999160245,0.14095629996154457,0.06750559998909011,0.010644200025126338,0.07504050014540553,0.07692070002667606,0.00013399997260421515,0.009096399997361004,0.0001200000406242907,10,0,0,0,two_state_linear_predictor,,protected_anderson,1,0,,no_cache_phase1,800,800,0,0,0
45,3.75,1,standard,True,True,converged,,ilu,0.5,12,13,34,0.00010273970683253378,1.9315249046148777e-09,6.876129891167268e-06,3.790890701006413e-09,2.4138842821329434e-14,0.4830418999772519,0.47300220001488924,0.010460699908435345,0.37529719999292865,0.176305599801708,0.07759579987032339,0.015516600105911493,0.09881039999891073,0.08724430011352524,0.00012820004485547543,0.009010099980514497,8.939998224377632e-05,12,1,0,0,two_state_linear_predictor,,protected_anderson,3,2,coupling_residual_increased|coupling_residual_increased,no_cache_phase1,800,800,0,0,0
46,3.8333333333333335,1,standard,True,True,converged,,ilu,0.5,11,16,41,0.00016584567459410862,7.628033867716099e-10,7.811968506581215e-06,3.846851248153154e-09,2.4045716601604023e-14,0.6284446999779902,0.6186428000219166,0.010167599888518453,0.5111379001173191,0.25200500019127503,0.09697589988354594,0.020088800112716854,0.1325418998603709,0.0973373000160791,0.00012560002505779266,0.008908000017981976,9.060004958882928e-05,13,3,2,0,two_state_linear_predictor,,protected_anderson,2,1,coupling_residual_increased,no_cache_phase1,800,800,0,0,0
47,3.9166666666666665,1,standard,True,True,converged,,ilu,0.5,12,18,48,0.0003042686572970666,7.035892367127652e-10,9.5391378627221e-06,3.900706405277229e-09,2.4317384144176288e-14,0.6397335000219755,0.6297819000319578,0.00782419997267425,0.5294957000296563,0.2627648002235219,0.10829790000570938,0.020926399796735495,0.12877309985924512,0.09246200002962723,0.00026790000265464187,0.008715400006622076,8.700002217665315e-05,15,3,3,0,two_state_linear_predictor,,protected_anderson,5,4,anderson_step_guard|coupling_residual_increased|coupling_residual_increased|coupling_residual_increased,no_cache_phase1,800,800,0,0,0
48,4.0,1,standard,True,True,converged,,ilu,0.5,14,20,52,0.0002033103517110257,1.1852638136562946e-09,8.066974357039547e-06,3.954894418951232e-09,2.341287502522683e-14,0.7304108000244014,0.7194622000097297,0.009293399925809354,0.5962406999897212,0.2877913000411354,0.11699560022680089,0.022087199904490262,0.15909140015719458,0.11392810009419918,0.0001941000227816403,0.010005399992223829,9.159999899566174e-05,17,3,3,0,two_state_linear_predictor,,protected_anderson,6,5,coupling_residual_increased|coupling_residual_increased|coupling_residual_increased|coupling_residual_increased|coupling_residual_increased,no_cache_phase1,800,800,0,0,0
49,4.083333333333333,1,standard,True,True,converged,,ilu,0.5,13,24,65,0.0001371259453008897,7.161034004011752e-10,8.8557682038339e-06,4.01336284000304e-09,2.4422851977167354e-14,0.8237230000086129,0.8139066000003368,0.009959200047887862,0.7057893999735825,0.35595599992666394,0.12857919983798638,0.02788820001296699,0.18133380002109334,0.09815799997886643,0.00012400001287460327,0.008922100008931011,9.290000889450312e-05,18,6,5,0,two_state_linear_predictor,,protected_anderson,5,4,anderson_step_guard|coupling_residual_increased|coupling_residual_increased|anderson_step_guard,no_cache_phase1,800,800,0,0,0
50,4.166666666666667,1,standard,True,True,converged,,ilu,0.5,8,20,58,0.0002075073974385447,2.299607169836242e-09,8.881244992269356e-06,4.0741861604315064e-09,2.310617228312527e-14,0.6606308000045829,0.6510484000318684,0.004737400216981769,0.5899949998129159,0.2994200000539422,0.09914169990224764,0.025317899766378105,0.15699920000042766,0.05631600000197068,0.00014159997226670384,0.008623500005342066,8.759996853768826e-05,13,7,5,0,two_state_linear_predictor,,protected_anderson,2,1,coupling_residual_increased,no_cache_phase1,800,800,0,0,0
51,4.25,1,standard,True,True,converged,,ilu,0.5,9,22,62,0.0002985829705998277,6.018093992699625e-10,6.295431532633397e-06,4.1316784366265544e-09,2.4046391705771318e-14,0.7151679999660701,0.7042406999971718,0.00582549994578585,0.627440600132104,0.32196770003065467,0.10629490000428632,0.024799299892038107,0.16532380017451942,0.0709745999192819,0.00011969998013228178,0.010059899999760091,9.180000051856041e-05,15,7,6,0,two_state_linear_predictor,,protected_anderson,3,2,coupling_residual_increased|coupling_residual_increased,no_cache_phase1,800,800,0,0,0
52,4.333333333333333,1,standard,True,True,converged,,ilu,0.5,18,50,130,0.0003991659215789423,8.389575318311087e-10,9.913221141570523e-06,4.1798639067942064e-09,2.224239392391216e-14,1.6175848999992013,1.6014701999956742,0.012216900067869574,1.4518322998192161,0.7596313998801634,0.2389359998051077,0.05684770015068352,0.37525250017642975,0.1374210001085885,0.0002166999620385468,0.014898699999321252,0.0001569000305607915,34,16,16,0,two_state_linear_predictor,,protected_anderson,8,7,anderson_step_guard|coupling_residual_increased|anderson_step_guard|anderson_step_guard|anderson_step_guard|anderson_step_guard|anderson_step_guard,no_cache_phase1,800,800,0,0,0
53,4.416666666666667,1,standard,True,True,converged,,ilu,0.5,31,53,121,0.00021029381545955656,1.918603996138666e-10,9.764494073061516e-06,4.214286183897494e-09,2.1958173649067034e-14,1.8098046000231989,1.7992031999747269,0.020169599913060665,1.5416745998663828,0.7603232996189035,0.2949588000192307,0.056997200241312385,0.40178910008398816,0.23735900019528344,0.00013200001558288932,0.009398199967108667,9.430001955479383e-05,42,11,11,0,two_state_linear_predictor,,protected_anderson,21,20,anderson_step_guard|coupling_residual_increased|anderson_step_guard|coupling_residual_increased|anderson_step_guard|coupling_residual_increased|anderson_step_guard|anderson_step_guard|anderson_step_guard|anderson_step_guard|anderson_step_guard|anderson_step_guard|anderson_step_guard|anderson_step_guard|anderson_step_guard|anderson_step_guard|anderson_step_guard|anderson_step_guard|anderson_step_guard|anderson_step_guard,no_cache_phase1,800,800,0,0,0
54,4.5,1,standard,True,True,converged,,ilu,0.5,9,22,56,0.00034798229096634573,4.247887047026692e-10,7.369178631224283e-06,4.2386508249288954e-09,2.3110700594962737e-14,0.7249207999557257,0.7148729999898933,0.005715299863368273,0.6364449000684544,0.3205815999535844,0.10651829990092665,0.02703960007056594,0.17182389996014535,0.07271280005807057,0.00018199998885393143,0.008842999988701195,8.849997539073229e-05,15,7,6,0,two_state_linear_predictor,,protected_anderson,3,2,coupling_residual_increased|coupling_residual_increased,no_cache_phase1,800,800,0,0,0
55,4.583333333333333,1,standard,True,True,converged,,ilu,0.5,10,34,92,0.0003499739444490819,6.002634625165206e-10,8.722562601365884e-06,4.262848078397796e-09,2.3568591874228866e-14,1.1390646999934688,1.1225954999681562,0.00716919987462461,1.0204333001747727,0.529749600100331,0.1519819999812171,0.041131399862933904,0.2826502002426423,0.09499299991875887,0.0001993000041693449,0.015280499996151775,0.00015959999291226268,21,13,11,0,two_state_linear_predictor,,protected_anderson,3,2,coupling_residual_increased|coupling_residual_increased,no_cache_phase1,800,800,0,0,0
56,4.666666666666667,1,standard,True,True,converged,,ilu,0.5,13,27,68,0.0004131849669251999,6.368542178731595e-10,9.77605724195155e-06,4.297405886859476e-09,2.312850988961821e-14,0.9351070999982767,0.9232118999934755,0.007771700096782297,0.8110289999749511,0.41280590009409934,0.13555030024144799,0.03173599997535348,0.2179753999807872,0.10441119992174208,0.000971800007391721,0.009419200010597706,0.0002019999665208161,19,8,6,0,two_state_linear_predictor,,protected_anderson,5,4,anderson_step_guard|coupling_residual_increased|coupling_residual_increased|coupling_residual_increased,no_cache_phase1,800,800,0,0,0
57,4.75,1,standard,True,True,converged,,ilu,0.5,12,24,60,0.00025577705890945934,7.051626668715947e-10,5.728582097587587e-06,4.350189432490733e-09,2.3609860435879233e-14,0.8546975000062957,0.8436797999893315,0.008868600125424564,0.7285264999372885,0.36344220011960715,0.1265646998072043,0.026804500026628375,0.199769799830392,0.10628469992661849,0.00013040000339969993,0.00992819998646155,0.000103199970908463,17,7,5,0,two_state_linear_predictor,,protected_anderson,3,2,coupling_residual_increased|coupling_residual_increased,no_cache_phase1,800,800,0,0,0
58,4.833333333333333,1,standard,True,True,converged,,ilu,0.5,10,23,59,0.00012043479003608812,1.403467370094374e-09,8.48463628395318e-06,4.425798463090571e-09,2.3284578645519908e-14,0.7850243999855593,0.7734684000024572,0.0079857999808155,0.6890038999845274,0.3455189998494461,0.11694180016638711,0.028798699844628572,0.18649589986307546,0.07647870003711432,0.0001330999657511711,0.01062620000448078,9.649997809901834e-05,16,7,6,0,two_state_linear_predictor,,protected_anderson,2,1,coupling_residual_increased,no_cache_phase1,800,800,0,0,0
59,4.916666666666667,1,standard,True,True,converged,,ilu,0.5,10,30,79,0.0005158189041473298,4.258006874815316e-09,9.062675061718504e-06,4.517087563579144e-09,2.295210241427925e-14,1.020887800026685,1.0055770999751985,0.008376299869269133,0.915354699944146,0.46558719989843667,0.1570928000146523,0.03619450016412884,0.24267679965123534,0.0818461001617834,0.00020000000949949026,0.014079099986702204,0.00015169999096542597,20,10,10,0,two_state_linear_predictor,,protected_anderson,4,3,anderson_step_guard|coupling_residual_increased|coupling_residual_increased,no_cache_phase1,800,800,0,0,0
60,5.0,1,standard,True,True,converged,,ilu,0.5,7,21,57,0.000833019148414112,3.5750171700099997e-09,9.316307096473924e-06,4.602773215686892e-09,2.3447567546663602e-14,0.7227609999827109,0.711030300008133,0.005495599936693907,0.642929500027094,0.31666170014068484,0.10837369994260371,0.0282897999859415,0.1789929000660777,0.06260520004434511,0.00022579997312277555,0.01031360001070425,9.679998038336635e-05,14,7,7,0,two_state_linear_predictor,,protected_anderson,2,1,coupling_residual_increased,no_cache_phase1,800,800,0,0,0
61,5.083333333333333,1,standard,True,True,converged,,ilu,0.5,7,26,68,0.0008800642974833122,2.6741303242652157e-09,8.710036809772378e-06,4.670693298398177e-09,2.370048034351607e-14,0.89649690000806,0.8859462000546046,0.00578600016888231,0.8186740999808535,0.42569590016501024,0.12835649983026087,0.03232889994978905,0.2207161002443172,0.06148609990486875,0.0001545000122860074,0.009597700031008571,8.979998528957367e-05,16,10,9,0,two_state_linear_predictor,,protected_anderson,2,1,coupling_residual_increased,no_cache_phase1,800,800,0,0,0
62,5.166666666666667,1,standard,True,True,converged,,ilu,0.5,11,20,55,0.0006393795946661997,1.1376718505583682e-09,8.529925224826284e-06,4.723736244156002e-09,2.284121103956897e-14,0.7496003999840468,0.7327262000180781,0.008449600078165531,0.632515599951148,0.31236929987790063,0.11963209992973134,0.025925600086338818,0.16367309988709167,0.09176099998876452,0.00028579996433109045,0.015472600003704429,0.00013239996042102575,15,5,4,0,two_state_linear_predictor,,protected_anderson,4,3,anderson_step_guard|coupling_residual_increased|coupling_residual_increased,no_cache_phase1,800,800,0,0,0
63,5.25,1,standard,True,True,converged,,ilu,0.5,10,15,40,0.0003230980445141496,9.122979916847006e-10,7.653248136015764e-06,4.767983119585442e-09,2.2865550436356637e-14,0.5711239000083879,0.5603032999788411,0.006566800002474338,0.47817039996152744,0.23633109993534163,0.0871647999738343,0.01870250003412366,0.1277422999846749,0.07556610001483932,0.0001330000231973827,0.00965259998338297,0.00010160001693293452,12,3,2,0,two_state_linear_predictor,,protected_anderson,3,2,coupling_residual_increased|coupling_residual_increased,no_cache_phase1,800,800,0,0,0
64,5.333333333333333,1,standard,True,True,converged,,ilu,0.5,9,18,47,0.00037910186153207215,1.7671840833177632e-09,9.143662512253932e-06,4.808317043430049e-09,2.3663658400633715e-14,0.5987439000164159,0.588066499971319,0.0066229000221937895,0.5162603998905979,0.2621025001280941,0.08715469995513558,0.020518899895250797,0.1374582999269478,0.06518320005852729,0.00012669997522607446,0.009763500012923032,9.039998985826969e-05,13,5,4,0,two_state_linear_predictor,,protected_anderson,3,2,coupling_residual_increased|coupling_residual_increased,no_cache_phase1,800,800,0,0,0
65,5.416666666666667,1,standard,True,True,converged,,ilu,0.5,13,27,70,0.0003865752218895299,9.600520770368696e-10,8.884722812412768e-06,4.8494175110951704e-09,2.3859011647114686e-14,0.9251117999665439,0.9151890999637544,0.008866000280249864,0.7955412998562679,0.4022316999034956,0.1360335999634117,0.030743299867026508,0.21401789999799803,0.11078179982723668,0.00014329998521134257,0.008887399977538735,8.719996549189091e-05,19,8,6,0,two_state_linear_predictor,,protected_anderson,5,4,coupling_residual_increased|coupling_residual_increased|coupling_residual_increased|anderson_step_guard,no_cache_phase1,800,800,0,0,0
66,5.5,1,standard,True,True,converged,,ilu,0.5,9,19,49,0.00024149347975826988,6.116817284070935e-10,7.969469183315913e-06,4.895112163938635e-09,2.2520490311025573e-14,0.6683001999626867,0.6581665999838151,0.006294199905823916,0.5797080000047572,0.2970830998965539,0.10436090006260201,0.02279319998342544,0.1456886999658309,0.07216440007323399,0.00012640003114938736,0.00925999996252358,8.919998072087765e-05,14,5,5,0,two_state_linear_predictor,,protected_anderson,3,2,coupling_residual_increased|coupling_residual_increased,no_cache_phase1,800,800,0,0,0
67,5.583333333333333,1,standard,True,True,converged,,ilu,0.5,9,20,52,0.0002305638030986474,1.5284338903535294e-09,7.79807362365337e-06,4.946158004359938e-09,2.2279264305376346e-14,0.6801455999957398,0.6695683000143617,0.007033699890598655,0.5858316001249477,0.29870910005411133,0.10647660010727122,0.02231640013633296,0.14899420022265986,0.07670299999881536,0.0001267999759875238,0.009639099997002631,9.290000889450312e-05,14,6,5,0,two_state_linear_predictor,,protected_anderson,3,2,coupling_residual_increased|coupling_residual_increased,no_cache_phase1,800,800,0,0,0
68,5.666666666666667,1,standard,True,True,converged,,ilu,0.5,8,18,49,0.0001714576639353808,1.879926766049533e-09,6.1547886270416286e-06,4.999375743596944e-09,2.3679281183715828e-14,0.617156199994497,0.6021938000340015,0.005813100025989115,0.5339401000528596,0.27056670014280826,0.09512230026302859,0.020695399784017354,0.13919120014179498,0.06244059995515272,0.0001246000174432993,0.013954300025943667,0.00015119998715817928,13,5,5,0,two_state_linear_predictor,,protected_anderson,2,1,coupling_residual_increased,no_cache_phase1,800,800,0,0,0
69,5.75,1,standard,True,True,converged,,ilu,0.5,12,16,42,0.0002663390704119785,2.034183354800375e-09,6.508069302120985e-06,5.051374967233131e-09,2.337582618286957e-14,0.6175264000194147,0.6062679999740794,0.007183899928350002,0.5112448999425396,0.25185599987162277,0.10083920031320304,0.01954769983422011,0.1300299999420531,0.0878392001031898,0.00013390003005042672,0.010081399988848716,9.42000187933445e-05,13,3,1,0,two_state_linear_predictor,,protected_anderson,5,4,anderson_step_guard|coupling_residual_increased|coupling_residual_increased|coupling_residual_increased,no_cache_phase1,800,800,0,0,0
70,5.833333333333333,1,standard,True,True,converged,,ilu,0.5,13,17,45,0.0003969712313688314,1.478567946399451e-09,7.4052738850014155e-06,5.0995761145524056e-09,2.22184061321853e-14,0.5902621999848634,0.5811289999983273,0.008623400004580617,0.47486590000335127,0.22805669996887445,0.09683900000527501,0.018738599901553243,0.12177999998675659,0.09763969999039546,0.00012590002734214067,0.008231999992858618,8.210004307329655e-05,14,3,1,0,two_state_linear_predictor,,protected_anderson,5,4,anderson_step_guard|coupling_residual_increased|coupling_residual_increased|coupling_residual_increased,no_cache_phase1,800,800,0,0,0
71,5.916666666666667,1,standard,True,True,converged,,ilu,0.5,13,14,36,0.00045388859140194776,1.8432136210957846e-09,9.686429188030559e-06,5.141987734835726e-09,2.279389764410849e-14,0.5470945999841206,0.537126499984879,0.009622000099625438,0.4257354998262599,0.20986660005291924,0.09156559995608404,0.015877700003329664,0.10035210009664297,0.1017690000589937,0.00015129998791962862,0.009066900005564094,9.049999061971903e-05,13,1,0,0,two_state_linear_predictor,,protected_anderson,3,2,anderson_step_guard|coupling_residual_increased,no_cache_phase1,800,800,0,0,0
72,6.0,1,standard,True,True,converged,,ilu,0.5,15,16,40,0.00031506693504760247,1.2861257291949824e-09,8.645894767833591e-06,5.176790326699741e-09,2.2781875606739174e-14,0.6168913000146858,0.6058722999878228,0.01060100004542619,0.4804998000035994,0.23428889986826107,0.10266760009108111,0.016971100063528866,0.11755510017974302,0.1147714999387972,0.00012039998546242714,0.010148200031835586,9.079999290406704e-05,15,1,0,0,two_state_linear_predictor,,protected_anderson,4,3,coupling_residual_increased|coupling_residual_increased|coupling_residual_increased,no_cache_phase1,800,800,0,0,0
73,6.083333333333333,1,standard,True,True,converged,,ilu,0.5,13,14,35,0.00021161819076842984,9.006943261390737e-10,7.116656098977538e-06,5.2039348105860694e-09,2.2889289818334686e-14,0.5443251000251621,0.5336228999658488,0.010414299846161157,0.42269400000805035,0.20540490007260814,0.08535390009637922,0.015763499890454113,0.10762059991247952,0.10051460011163726,0.00012119999155402184,0.009781199973076582,8.720002369955182e-05,13,1,0,0,two_state_linear_predictor,,protected_anderson,2,1,coupling_residual_increased,no_cache_phase1,800,800,0,0,0
74,6.166666666666667,1,standard,True,True,converged,,ilu,0.5,13,14,36,0.00011531429796863496,1.0203391080087781e-09,4.580701587234283e-06,5.224587439590074e-09,2.4043382420574137e-14,0.5079548999783583,0.49887589999707416,0.009225500107277185,0.4008232999476604,0.18824119999771938,0.08382930012885481,0.015914400049950927,0.10436089994618669,0.08882709994213656,0.0001241000136360526,0.0082288000266999,8.339999476447701e-05,13,1,0,0,two_state_linear_predictor,,protected_anderson,2,1,coupling_residual_increased,no_cache_phase1,800,800,0,0,0
75,6.25,1,standard,True,True,converged,,ilu,0.5,11,14,36,0.00021120870693551813,1.8710663087643904e-09,5.699523034151929e-06,5.241944129270392e-09,2.3792724628629224e-14,0.539066199969966,0.5287817000062205,0.009422499919310212,0.4423911000485532,0.2066890998976305,0.09495650010649115,0.019214099971577525,0.11278330010827631,0.07696810003835708,0.00012499996228143573,0.009051700006239116,8.670001989230514e-05,12,2,1,0,two_state_linear_predictor,,protected_anderson,2,1,anderson_step_guard,no_cache_phase1,800,800,0,0,0
76,6.333333333333333,1,standard,True,True,converged,,ilu,0.5,11,19,53,0.0003406963656592793,3.474475578983942e-09,9.347765397556059e-06,5.25943526398169e-09,2.2852827002645256e-14,0.6756668000016361,0.6662023999961093,0.010314299957826734,0.5744742000242695,0.2784658000455238,0.11437089997343719,0.02513850008836016,0.14677730010589585,0.08141390001401305,0.0001343999756500125,0.008591399993747473,8.790002902969718e-05,15,4,4,0,two_state_linear_predictor,,protected_anderson,2,1,coupling_residual_increased,no_cache_phase1,800,800,0,0,0
77,6.416666666666667,1,standard,True,True,converged,,ilu,0.5,10,22,59,0.0002978959022418023,1.2387603660779105e-09,9.458804924851505e-06,5.279730683413457e-09,2.2022346740436695e-14,0.7493193999980576,0.7367497000377625,0.007485700189135969,0.6510668998816982,0.33905309991678223,0.10898370004724711,0.02369850012473762,0.16893070004880428,0.07819709996692836,0.00014289998216554523,0.01114009995944798,0.00014050002209842205,16,6,6,0,two_state_linear_predictor,,protected_anderson,3,2,coupling_residual_increased|coupling_residual_increased,no_cache_phase1,800,800,0,0,0
78,6.5,1,standard,True,True,converged,,ilu,0.5,11,18,49,0.0002723543384776306,2.0692241070132356e-09,9.650858990256191e-06,5.304081783503794e-09,2.374125623732991e-14,0.6285358000313863,0.6180121000506915,0.009502400062046945,0.5230393000529148,0.25150679994840175,0.09877560014137998,0.021730000036768615,0.14127249998273328,0.0854703999357298,0.0001319999573752284,0.009214400022756308,0.000159099989105016,14,4,3,0,two_state_linear_predictor,,protected_anderson,2,1,coupling_residual_increased,no_cache_phase1,800,800,0,0,0
79,6.583333333333333,1,standard,True,True,converged,,ilu,0.5,12,22,60,0.00017257371376499438,1.6827324183850968e-09,8.978484247978794e-06,5.334014675447184e-09,2.3004044121600265e-14,0.7331150000100024,0.7231432999833487,0.009485999937169254,0.6187333000125363,0.31605469988426194,0.11349379987223074,0.025243600131943822,0.15297939989250153,0.0949240000336431,0.0001270999782718718,0.009060699958354235,9.019998833537102e-05,17,5,5,0,two_state_linear_predictor,,protected_anderson,3,2,coupling_residual_increased|anderson_step_guard,no_cache_phase1,800,800,0,0,0
80,6.666666666666667,1,standard,True,True,converged,,ilu,0.5,18,31,82,0.0001958111556209499,3.274944636745914e-09,9.775476109841072e-06,5.380994690975271e-09,2.275981547177359e-14,1.0505112999817356,1.039446200011298,0.012159799865912646,0.8842559001059271,0.4492848999216221,0.15649799996754155,0.03287220012862235,0.23108379991026595,0.14303050003945827,0.00015979999443516135,0.009856599965132773,0.00013299996498972178,23,8,5,0,two_state_linear_predictor,,protected_anderson,7,6,coupling_residual_increased|coupling_residual_increased|coupling_residual_increased|anderson_step_guard|coupling_residual_increased|anderson_step_guard,no_cache_phase1,800,800,0,0,0
81,6.75,1,standard,True,True,converged,,ilu,0.5,14,39,108,0.0002596277073861301,1.6271197839608056e-09,8.531826021101759e-06,5.45140177949531e-09,2.24631273987944e-14,1.2587365999934264,1.2468827999546193,0.0099920000648126,1.1283274999586865,0.5665683001861908,0.19847729994216934,0.04802620015107095,0.29795450007077307,0.10856329993112013,0.00014140002895146608,0.010127299989107996,0.00010489998385310173,26,13,12,0,two_state_linear_predictor,,protected_anderson,6,5,coupling_residual_increased|coupling_residual_increased|coupling_residual_increased|coupling_residual_increased|anderson_step_guard,no_cache_phase1,800,800,0,0,0
82,6.833333333333333,1,standard,True,True,converged,,ilu,0.5,7,23,67,0.0006151795578216252,4.717672816611004e-09,9.877104681141407e-06,5.525171790263871e-09,2.2477397456594835e-14,0.7300244000507519,0.7165612999815494,0.005714199913199991,0.6481410000706092,0.3272586000384763,0.11102449998725206,0.028116800007410347,0.17222040001070127,0.06270609999774024,0.00021229998674243689,0.012169699999503791,0.00013890000991523266,15,8,8,0,two_state_linear_predictor,,protected_anderson,2,1,coupling_residual_increased,no_cache_phase1,800,800,0,0,0
83,6.916666666666667,1,standard,True,True,converged,,ilu,0.5,11,21,58,0.0003097228024121529,5.1791080616164416e-09,8.947957982967163e-06,5.584332855556638e-09,2.277890001304485e-14,0.7323823999613523,0.7217968999757431,0.009826600085943937,0.6329851999180391,0.3163375999429263,0.11385779996635392,0.0267728001344949,0.1652790000080131,0.07898509997176006,0.00012670003343373537,0.009702500014100224,9.889999637380242e-05,16,5,5,0,two_state_linear_predictor,,protected_anderson,3,2,coupling_residual_increased|anderson_step_guard,no_cache_phase1,800,800,0,0,0
84,7.0,1,standard,True,True,converged,,ilu,0.5,16,27,69,0.0003411627552929441,3.1240751082989115e-09,9.151299092300102e-06,5.631569478099891e-09,2.2427469074055302e-14,0.9672698000213131,0.9561364999972284,0.009732699894811958,0.8172759001608938,0.40444720000959933,0.14582320005865768,0.032486400043126196,0.22047629993176088,0.12912789994152263,0.00014349998673424125,0.009917399962432683,9.250000584870577e-05,21,6,5,0,two_state_linear_predictor,,protected_anderson,7,6,anderson_step_guard|coupling_residual_increased|coupling_residual_increased|coupling_residual_increased|coupling_residual_increased|coupling_residual_increased,no_cache_phase1,800,800,0,0,0
85,7.083333333333333,1,standard,True,True,converged,,ilu,0.5,10,28,72,0.00040610348952566875,2.1251047327677184e-09,8.326207980885926e-06,5.6758207363061836e-09,2.217009735398144e-14,0.9112117000040598,0.8987350999959745,0.008590899989940226,0.8041345000965521,0.41714780020993203,0.12976290012011304,0.030616199888754636,0.21443360013654456,0.08600969990948215,0.00011980003910139203,0.011539200029801577,9.950000094249845e-05,18,10,8,0,two_state_linear_predictor,,protected_anderson,3,2,coupling_residual_increased|coupling_residual_increased,no_cache_phase1,800,800,0,0,0
86,7.166666666666667,1,standard,True,True,converged,,ilu,0.5,10,36,93,0.00040317325906586874,2.0904747665829654e-09,6.904026238717072e-06,5.722187043399609e-09,2.223383946203388e-14,1.093724700040184,1.0847107999725267,0.006750000058673322,1.002109099936206,0.507726899755653,0.16340099996887147,0.04083770012948662,0.27356130030239,0.07585169997764751,0.0001221999991685152,0.008083699969574809,8.66000191308558e-05,22,14,12,0,two_state_linear_predictor,,protected_anderson,3,2,coupling_residual_increased|coupling_residual_increased,no_cache_phase1,800,800,0,0,0
87,7.25,1,standard,True,True,converged,,ilu,0.5,9,17,43,0.00040810680002961676,1.2770360710637001e-09,8.14533904198674e-06,5.769031383218422e-09,2.361651728444809e-14,0.5919789000181481,0.5819679999840446,0.006393599964212626,0.507661999843549,0.265967299870681,0.08184160001110286,0.0195215999847278,0.13117430004058406,0.06791240017628297,0.0001246000174432993,0.009005900006741285,8.9899986051023e-05,12,5,3,0,two_state_linear_predictor,,protected_anderson,3,2,coupling_residual_increased|coupling_residual_increased,no_cache_phase1,800,800,0,0,0
88,7.333333333333333,1,standard,True,True,converged,,ilu,0.5,7,22,62,0.0006158339461312858,1.6757686054309158e-10,9.102493942065127e-06,5.812964319015989e-09,2.246266833555882e-14,0.7336067999713123,0.7226277000154369,0.0054607000784017146,0.6571356999338605,0.327377199777402,0.10453670006245375,0.028299599885940552,0.18723770009819418,0.06003130000317469,0.00013950001448392868,0.010026800038758665,9.130005491897464e-05,14,8,7,0,two_state_linear_predictor,,protected_anderson,2,1,coupling_residual_increased,no_cache_phase1,800,800,0,0,0
89,7.416666666666667,1,standard,True,True,converged,,ilu,0.5,7,32,87,0.0006859125959995248,3.1261938537745764e-09,7.118161489571658e-06,5.852681350601098e-09,2.2649339899422054e-14,0.9895955999963917,0.973225999972783,0.0050771000678651035,0.913567399897147,0.4877418997348286,0.1396977000986226,0.03636230021947995,0.238141099747736,0.054581500007770956,0.00017060001846402884,0.014949999982491136,0.00021389999892562628,19,13,12,0,two_state_linear_predictor,,protected_anderson,2,1,coupling_residual_increased,no_cache_phase1,800,800,0,0,0
90,7.5,1,standard,True,True,converged,,ilu,0.5,10,16,40,0.000566302069928572,1.7544040540362556e-09,9.149671853812864e-06,5.888304622059335e-09,2.2206021581406284e-14,0.5693361000157893,0.5562103999545798,0.006620599830057472,0.4638372999615967,0.2267142000491731,0.08481369994115084,0.01739700004691258,0.12687309988541529,0.08575250016292557,0.00012420001439750195,0.012016699998639524,0.00010190001921728253,13,3,3,0,two_state_linear_predictor,,protected_anderson,3,2,coupling_residual_increased|coupling_residual_increased,no_cache_phase1,800,800,0,0,0
91,7.583333333333333,1,standard,True,True,converged,,ilu,0.5,10,11,30,0.0005895025835525643,4.305240115596086e-09,9.760494565495998e-06,5.918584830466956e-09,2.153826392442845e-14,0.42091039998922497,0.4112559999921359,0.006963599938899279,0.33600240014493465,0.1646191999898292,0.06567209999775514,0.013168499921448529,0.08607169997412711,0.06828999990830198,0.00021470000501722097,0.008590799989178777,8.79999715834856e-05,10,1,0,0,two_state_linear_predictor,,protected_anderson,2,1,anderson_step_guard,no_cache_phase1,800,800,0,0,0
92,7.666666666666667,1,standard,True,True,converged,,ilu,0.5,10,14,38,0.0007138062881137593,3.4290128406900065e-09,7.413992919000898e-06,5.942876339442392e-09,2.3762294814465214e-14,0.49539400002686307,0.48523450002539903,0.006003000191412866,0.4005468998802826,0.19775040011154488,0.07321559987030923,0.01696149999042973,0.10509309993358329,0.07868459995370358,0.00012089998926967382,0.009293099981732666,8.730002446100116e-05,11,3,1,0,two_state_linear_predictor,,protected_anderson,4,3,anderson_step_guard|coupling_residual_increased|coupling_residual_increased,no_cache_phase1,800,800,0,0,0
93,7.75,1,standard,True,True,converged,,ilu,0.5,6,14,38,0.0008112408122958978,4.363244527158637e-09,8.728888329722261e-06,5.961462851133757e-09,2.3203827162248705e-14,0.47432759997900575,0.46426809998229146,0.0046793000074103475,0.41449649998685345,0.2150609000818804,0.07092130003729835,0.016567900078371167,0.10571280005387962,0.04509229998802766,0.0001294999965466559,0.009069499967154115,0.0001449999981559813,9,5,3,0,two_state_linear_predictor,,protected_anderson,2,1,coupling_residual_increased,no_cache_phase1,800,800,0,0,0
94,7.833333333333333,1,standard,True,True,converged,,ilu,0.5,8,15,41,0.0006847367344548183,3.812850395510878e-09,6.954536278606882e-06,5.97368234188424e-09,2.157257676109022e-14,0.504776599991601,0.49384559999452904,0.006754700094461441,0.42248209996614605,0.2026565000996925,0.07857869990402833,0.017490499943960458,0.11631169990869239,0.06460879993392155,0.00012310000602155924,0.00999810005305335,9.079999290406704e-05,11,4,3,0,two_state_linear_predictor,,protected_anderson,2,1,coupling_residual_increased,no_cache_phase1,800,800,0,0,0
95,7.916666666666667,1,standard,True,True,converged,,ilu,0.5,12,13,34,0.0003194834891544762,2.6698901819438295e-09,8.3444039233943e-06,5.979001226700102e-09,2.2255545232896817e-14,0.48869000002741814,0.4772771999705583,0.010137300007045269,0.3787897000438534,0.18405939993681386,0.07736500015016645,0.016713399905711412,0.09269570012111217,0.08835019991965964,0.00012959999730810523,0.010245700017549098,0.00014780001947656274,12,1,0,0,two_state_linear_predictor,,protected_anderson,2,1,anderson_step_guard,no_cache_phase1,800,800,0,0,0
96,8.0,1,standard,True,True,converged,,ilu,0.5,12,15,38,0.00024116585505314472,3.2258104324526824e-09,5.850625243056164e-06,5.975968864649828e-09,2.2754987604656752e-14,0.5589877999736927,0.5495834000175819,0.008098499733023345,0.45283110009040684,0.20948430005228147,0.09449569979915395,0.01853469992056489,0.12209180003264919,0.0886538001941517,0.0001267999759875238,0.008516700007021427,8.579995483160019e-05,13,2,1,0,two_state_linear_predictor,,protected_anderson,2,1,coupling_residual_increased,no_cache_phase1,800,800,0,0,0
97,8.083333333333334,1,standard,True,True,converged,,ilu,0.5,12,23,65,0.00041487901436009183,5.322721105905376e-09,9.379810821236544e-06,5.9633537870483795e-09,2.2166448522181034e-14,0.762982300017029,0.7516198999946937,0.011584199965000153,0.6436430001049303,0.31951440003467724,0.11357039998983964,0.027275800006464124,0.17246920004254207,0.09639269992476329,0.00012400001287460327,0.010484200029168278,9.630003478378057e-05,17,6,5,0,two_state_linear_predictor,,protected_anderson,3,2,anderson_step_guard|anderson_step_guard,no_cache_phase1,800,800,0,0,0
98,8.166666666666666,1,standard,True,True,converged,,ilu,0.5,17,23,60,0.0002512606633184393,6.001761185873196e-09,7.878561635063963e-06,5.942778213806273e-09,2.2186912019889962e-14,0.8675429000286385,0.8506477999617346,0.009321300138253719,0.7087438999442384,0.34207409992814064,0.14674839994404465,0.02978480007732287,0.17735120019642636,0.13258259987924248,0.0003577999887056649,0.01549469999736175,9.220000356435776e-05,20,3,3,0,two_state_linear_predictor,,protected_anderson,7,6,anderson_step_guard|coupling_residual_increased|coupling_residual_increased|coupling_residual_increased|anderson_step_guard|coupling_residual_increased,no_cache_phase1,800,800,0,0,0
99,8.25,1,standard,True,True,converged,,ilu,0.5,8,11,30,0.0002293704118711303,4.357144367046771e-09,9.573068719777035e-06,5.918286344353486e-09,2.3323213071071452e-14,0.422232500044629,0.41139389999443665,0.004985900013707578,0.3381074000499211,0.16613329981919378,0.060614799964241683,0.013132400054018945,0.09147049993043765,0.06830059993080795,0.00014220003504306078,0.009503900015261024,0.00023420003708451986,9,2,1,0,two_state_linear_predictor,,protected_anderson,2,1,coupling_residual_increased,no_cache_phase1,800,800,0,0,0
100,8.333333333333334,1,standard,True,True,converged,,ilu,0.5,7,22,58,0.00042308529797855797,5.159972326081586e-09,9.543348290074185e-06,5.8952853104117835e-09,2.3136360685650606e-14,0.6936411000206135,0.6828843000112101,0.004593000048771501,0.6276335999136791,0.32646090001799166,0.0990002000471577,0.025558900088071823,0.1675180000020191,0.05065770004875958,0.0001248999615199864,0.009490199969150126,9.699998190626502e-05,14,8,7,0,two_state_linear_predictor,,protected_anderson,2,1,coupling_residual_increased,no_cache_phase1,800,800,0,0,0
101,8.416666666666666,1,standard,True,True,converged,,ilu,0.5,7,23,69,0.0003923068740671176,8.444355749457718e-09,9.622711054752706e-06,5.876176129219531e-09,2.1775718961389547e-14,0.7289582000230439,0.7195169999613427,0.006269599951338023,0.6607335999724455,0.3415983999148011,0.1045964999939315,0.02963169984286651,0.17519630008609965,0.05251380003755912,0.0001268000341951847,0.00856970000313595,8.440000237897038e-05,14,9,7,0,two_state_linear_predictor,,protected_anderson,1,0,,no_cache_phase1,800,800,0,0,0
102,8.5,1,standard,True,True,converged,,ilu,0.5,12,26,81,0.00022616606611902356,1.0772550121138281e-10,7.165387611134822e-06,5.866640981404407e-09,2.3030402850001735e-14,0.8643837999552488,0.8537058000219986,0.007906099897809327,0.7464689000044018,0.36076719989068806,0.12739729997701943,0.03560920007294044,0.21033609996084124,0.09933080011978745,0.00011979998089373112,0.00973570003407076,0.0001360000460408628,19,7,7,0,two_state_linear_predictor,,protected_anderson,4,3,coupling_residual_increased|coupling_residual_increased|coupling_residual_increased,no_cache_phase1,800,800,0,0,0
103,8.583333333333334,1,standard,True,True,converged,,ilu,0.5,14,35,107,0.00025352444945030464,1.2435772127731444e-10,9.965791839108777e-06,5.8851878397590356e-09,2.200665897026488e-14,1.1489535000291653,1.139159100013785,0.009665999910794199,1.0112750999396667,0.507215500168968,0.17236209975089878,0.046617899904958904,0.2688386999652721,0.11821800016332418,0.00013130001025274396,0.008868700009770691,8.490000618621707e-05,24,11,10,0,two_state_linear_predictor,,protected_anderson,6,5,anderson_step_guard|coupling_residual_increased|anderson_step_guard|coupling_residual_increased|anderson_step_guard,no_cache_phase1,800,800,0,0,0
104,8.666666666666666,1,standard,True,True,converged,,ilu,0.5,12,30,87,0.00031692449652816185,6.228880268201947e-11,9.442085466723568e-06,5.937182613191129e-09,2.2025705738985053e-14,0.9191605999949388,0.9032815999817103,0.008545600110664964,0.8102657999843359,0.4194329000893049,0.13000739976996556,0.03719930007355288,0.21012709999922663,0.08447019988670945,0.00012019998393952847,0.01461589999962598,0.00012959999730810523,20,10,8,0,two_state_linear_predictor,,protected_anderson,4,3,anderson_step_guard|coupling_residual_increased|coupling_residual_increased,no_cache_phase1,800,800,0,0,0
105,8.75,1,standard,True,True,converged,,ilu,0.5,9,21,62,0.00021845954478516094,6.3313276225403135e-09,6.818484861704775e-06,5.994348853235018e-09,2.206920455765662e-14,0.8824014000128955,0.8720073000295088,0.009617699950467795,0.7493927999748848,0.3911946997977793,0.12197450012899935,0.030724799842573702,0.19241240003611892,0.11299680010415614,0.0001674999948590994,0.008781799988355488,9.049999061971903e-05,14,7,5,0,two_state_linear_predictor,,protected_anderson,2,1,coupling_residual_increased,no_cache_phase1,800,800,0,0,0
106,8.833333333333334,1,standard,True,True,converged,,ilu,0.5,15,31,93,0.00025623377658451634,9.815212139317574e-11,9.941993939399822e-06,6.042659681551042e-09,2.3121845514788065e-14,1.1943199999514036,1.177208699984476,0.012743999890517443,1.0262810999993235,0.5123738000402227,0.17471390002174303,0.04539119981927797,0.2767398998257704,0.13818360009463504,0.00025079998886212707,0.015601899998728186,0.0001509999856352806,23,8,8,0,two_state_linear_predictor,,protected_anderson,6,5,coupling_residual_increased|coupling_residual_increased|anderson_step_guard|coupling_residual_increased|anderson_step_guard,no_cache_phase1,800,800,0,0,0
107,8.916666666666666,1,standard,True,True,converged,,ilu,0.5,9,22,66,0.0003120398318414505,9.714001310202603e-11,9.922447687867113e-06,6.081515771042991e-09,2.234005135553323e-14,1.2545944000012241,1.2350883000181057,0.010029900120571256,1.106042300001718,0.5571773000992835,0.1571466998429969,0.09714069991605356,0.2769304999965243,0.1190160998958163,0.00033760000951588154,0.01773920003324747,0.00018779997481033206,15,7,6,0,two_state_linear_predictor,,protected_anderson,2,1,anderson_step_guard,no_cache_phase1,800,800,0,0,0
108,9.0,1,standard,True,True,converged,,ilu,0.5,12,13,39,0.00034639097366731124,7.4745877900926e-11,9.2245402014648e-06,6.117911154984417e-09,2.2821342901285258e-14,0.9116460999939591,0.8938032999867573,0.013155799941159785,0.7141270999563858,0.35457380005391315,0.12729640008183196,0.03127490007318556,0.1866938000312075,0.16652040008921176,0.0002787999692372978,0.01583689998369664,0.0001648000325076282,12,1,0,0,two_state_linear_predictor,,protected_anderson,3,2,anderson_step_guard|coupling_residual_increased,no_cache_phase1,800,800,0,0,0
109,9.083333333333334,1,standard,True,True,converged,,ilu,0.5,12,13,34,0.0003405444034641724,7.651290819883144e-09,8.043633492616482e-06,6.157649522636894e-09,2.3460370107530755e-14,0.8823315000045113,0.8620208000065759,0.0139046999393031,0.6801501000882126,0.3342545000487007,0.1274163001216948,0.028630699904169887,0.17515929997898638,0.16796599997906014,0.00030519999563694,0.018400400003883988,0.0002525999443605542,12,1,0,0,two_state_linear_predictor,,protected_anderson,3,2,anderson_step_guard|coupling_residual_increased,no_cache_phase1,800,800,0,0,0
110,9.166666666666666,1,standard,True,True,converged,,ilu,0.5,11,11,26,0.00023932021782258235,2.4927003784413997e-09,5.930084550660031e-06,6.199499766291882e-09,2.2723555177749626e-14,0.7932184000383131,0.77165219996823,0.010841399896889925,0.6099718000041321,0.3009009998640977,0.11803360003978014,0.02054270007647574,0.15824100008467212,0.15083900006720796,0.0002901999978348613,0.019608700007665902,0.0001721000298857689,11,0,0,0,two_state_linear_predictor,,protected_anderson,2,1,coupling_residual_increased,no_cache_phase1,800,800,0,0,0
111,9.25,1,standard,True,True,converged,,ilu,0.5,8,8,24,0.00017165873009457235,5.7661948390073346e-11,7.3631012850096e-06,6.2396064284940165e-09,2.2320434316069807e-14,0.5886393000255339,0.5637609999976121,0.008239699935074896,0.4401587000465952,0.2166264000115916,0.08455139998113737,0.017807999916840345,0.11129640002036467,0.11536260001594201,0.000354300020262599,0.022798199963290244,0.0002229000092484057,8,0,0,0,two_state_linear_predictor,,protected_anderson,1,0,,no_cache_phase1,800,800,0,0,0
112,9.333333333333334,1,standard,True,True,converged,,ilu,0.5,9,22,67,0.0003246336550600282,7.628498588285365e-11,8.431186376686255e-06,6.274044431478777e-09,2.0791121667984404e-14,1.281056800042279,1.2565021000336856,0.010411599883809686,1.1253781000268646,0.5848641999182291,0.1741490998538211,0.04947390005690977,0.2987289000302553,0.12071240012301132,0.0003002999583259225,0.018894399981945753,0.0001897999900393188,15,7,6,0,two_state_linear_predictor,,protected_anderson,3,2,coupling_residual_increased|coupling_residual_increased,no_cache_phase1,800,800,0,0,0
113,9.416666666666666,1,standard,True,True,converged,,ilu,0.5,11,32,99,0.0003539726153694826,5.786093678872388e-09,9.558689214356496e-06,6.302882211734598e-09,2.1889342937477056e-14,1.8911586999893188,1.8705110999871977,0.014659399865195155,1.6901153001235798,0.8791149001335725,0.24797189986566082,0.08057949994690716,0.455948100076057,0.1657363999984227,0.0002635999699123204,0.018768700014334172,0.00016739999409765005,21,11,10,0,two_state_linear_predictor,,protected_anderson,4,3,coupling_residual_increased|coupling_residual_increased|anderson_step_guard,no_cache_phase1,800,800,0,0,0
114,9.5,1,standard,True,True,converged,,ilu,0.5,8,16,41,0.0004939314108949681,5.7407255604418765e-09,9.950536106657773e-06,6.324779241141491e-09,2.2197025567288537e-14,0.9367253999807872,0.9169905000017025,0.009174399951007217,0.7972097000456415,0.4189355999114923,0.11895960004767403,0.030879799800459296,0.21538589999545366,0.11060640000505373,0.0002875999780371785,0.01776889996835962,0.00024369999300688505,11,5,3,0,two_state_linear_predictor,,protected_anderson,2,1,coupling_residual_increased,no_cache_phase1,800,800,0,0,0
115,9.583333333333334,1,standard,True,True,converged,,ilu,0.5,8,17,53,0.0004879894528691121,2.8336125423116643e-11,9.06444562171272e-06,6.3376832676798765e-09,2.1349809609349133e-14,1.0536874000099488,1.0321591999963857,0.009371900116093457,0.9022255999152549,0.4664772998658009,0.14038699999218807,0.03895250003552064,0.24312350014224648,0.1205616999650374,0.00022500002523884177,0.019775299995671958,0.0001781000173650682,12,5,4,0,two_state_linear_predictor,,protected_anderson,1,0,,no_cache_phase1,800,800,0,0,0
116,9.666666666666666,1,standard,True,True,converged,,ilu,0.5,10,20,61,0.00048603499310774983,3.656295469665427e-11,7.443674897599672e-06,6.338403563681193e-09,2.2361338097158783e-14,1.1724850999889895,1.1508974999887869,0.010372200049459934,1.0054633999825455,0.5259003000683151,0.15316509996773675,0.04367649991763756,0.2663174999761395,0.13506189995678142,0.00026619998971000314,0.01919429999543354,0.00018479995196685195,14,6,4,0,two_state_linear_predictor,,protected_anderson,3,2,coupling_residual_increased|coupling_residual_increased,no_cache_phase1,800,800,0,0,0
117,9.75,1,standard,True,True,converged,,ilu,0.5,10,29,80,0.00048732105016737306,5.0610844800940475e-11,9.810666542053288e-06,6.323627277653909e-09,2.1769573706318125e-14,1.5919098999584094,1.5701798999798484,0.013047299871686846,1.4116651000222191,0.7387673001503572,0.21210000006249174,0.05984659999376163,0.3803703999728896,0.14546750008594245,0.0002429999876767397,0.01976019999710843,0.00019269995391368866,19,10,9,0,two_state_linear_predictor,,protected_anderson,1,0,,no_cache_phase1,800,800,0,0,0
118,9.833333333333334,1,standard,True,True,converged,,ilu,0.5,11,20,51,0.00041172966095863407,3.3602648297720852e-09,6.4858330089340005e-06,6.2937647767995354e-09,2.280505801480476e-14,1.171961200016085,1.1603237999952398,0.010877599939703941,0.9969531000242569,0.5076547000790015,0.159225000126753,0.039805199892725796,0.2737013000296429,0.15249310003127903,0.00014700001338496804,0.010167000000365078,0.00010000000474974513,15,5,4,0,two_state_linear_predictor,,protected_anderson,4,3,anderson_step_guard|coupling_residual_increased|coupling_residual_increased,no_cache_phase1,800,800,0,0,0
119,9.916666666666666,1,standard,True,True,converged,,ilu,0.5,10,26,66,0.0004041198461954155,9.343945722816968e-09,6.673159684961242e-06,6.253289207879676e-09,2.2258708401206762e-14,1.387358799984213,1.3671716999961063,0.011197800107765943,1.2257931000203826,0.6301521000568755,0.18648570007644594,0.049251999880652875,0.34111379995010793,0.13018079986795783,0.00026379997143521905,0.01817500003380701,0.00019779999274760485,18,8,8,0,two_state_linear_predictor,,protected_anderson,2,1,coupling_residual_increased,no_cache_phase1,800,800,0,0,0
120,10.0,1,standard,True,True,converged,,ilu,0.5,10,16,37,0.0006292080814907068,7.783002586850985e-09,8.811910486032801e-06,6.212040338902186e-09,2.1478018281359833e-14,0.9726484999991953,0.9556893000262789,0.009605399973224849,0.8112464000005275,0.4125147999729961,0.1381718999473378,0.0265594000229612,0.2209075998980552,0.1348375000525266,0.00015679997159168124,0.015330800029914826,0.00018959998851642013,13,3,3,0,two_state_linear_predictor,,protected_anderson,2,1,anderson_step_guard,no_cache_phase1,800,800,0,0,0
121,10.083333333333334,1,standard,True,True,converged,,ilu,0.5,7,23,63,0.0006667558560906358,5.6374364351008845e-09,8.925087077469853e-06,6.174493331106273e-09,2.2028094037664313e-14,1.2321922999690287,1.2113124000024982,0.008096199890132993,1.108160900126677,0.5690291998907924,0.1648839000845328,0.04872809979133308,0.30950999999186024,0.09505529998568818,0.00028000003658235073,0.01895120000699535,0.00017339998157694936,15,8,8,0,two_state_linear_predictor,,protected_anderson,2,1,coupling_residual_increased,no_cache_phase1,800,800,0,0,0
122,10.166666666666666,1,standard,True,True,converged,,ilu,0.5,9,24,77,0.0004057416417723141,6.916597771733312e-11,5.008486903996377e-06,6.139117408171663e-09,2.2165361468975433e-14,1.3278324999846518,1.3115834000054747,0.008749300031922758,1.186061299929861,0.6128338001435623,0.1770892997737974,0.05323740019230172,0.3255904999678023,0.11677280004369095,0.0002682000049389899,0.014456400007475168,0.00011239998275414109,16,8,7,0,two_state_linear_predictor,,protected_anderson,3,2,coupling_residual_increased|coupling_residual_increased,no_cache_phase1,800,800,0,0,0
123,10.25,1,standard,True,True,converged,,ilu,0.5,10,22,62,0.00019157104052162295,2.9314477242493033e-09,4.192773068280013e-06,6.10268233871262e-09,2.205365872435377e-14,1.213176499994006,1.1947099000099115,0.009090500185266137,1.043348899926059,0.5201179000432603,0.16507479996653274,0.04679330001818016,0.2943574999808334,0.14227049989858642,0.00024749996373429894,0.017030299990437925,0.0001954999752342701,15,7,5,0,two_state_linear_predictor,,protected_anderson,3,2,coupling_residual_increased|coupling_residual_increased,no_cache_phase1,800,800,0,0,0
124,10.333333333333334,1,standard,True,True,converged,,ilu,0.5,8,15,46,0.0003448878954549672,7.619040956088604e-11,9.44382589216844e-06,6.063543644888468e-09,2.1553820093524374e-14,0.8630581000470556,0.8431041999720037,0.007090100029017776,0.7245389000163414,0.3731516998959705,0.12056910013779998,0.037505799962673336,0.1823009000509046,0.11147519992664456,0.0002376000047661364,0.01809609995689243,0.00019779999274760485,11,4,3,0,two_state_linear_predictor,,protected_anderson,2,1,coupling_residual_increased,no_cache_phase1,800,800,0,0,0
125,10.416666666666666,1,standard,True,True,converged,,ilu,0.5,10,32,99,0.00036156609469201477,1.5294918603510723e-10,7.480464027405687e-06,6.03265792105714e-09,2.1601965245693096e-14,1.6724673000280745,1.651442300004419,0.010075599828269333,1.5170055000926368,0.79251270001987,0.23049450002145022,0.06652089999988675,0.4054605998680927,0.12436120008351281,0.0002709999680519104,0.019044899963773787,0.0002052999916486442,21,11,11,0,two_state_linear_predictor,,protected_anderson,3,2,coupling_residual_increased|coupling_residual_increased,no_cache_phase1,800,800,0,0,0
126,10.5,1,standard,True,True,converged,,ilu,0.5,14,64,202,0.0003074995733204936,1.6961781357691921e-10,8.755588323393065e-06,6.038681253353256e-09,2.172438385388541e-14,3.256158000032883,3.235844799957704,0.013633999915327877,3.0364364001434296,1.6145680998452008,0.41932329966221005,0.13550750020658597,0.8252971000620164,0.18577439989894629,0.00023970002075657248,0.01845199998933822,0.0002028000308200717,38,26,24,0,two_state_linear_predictor,,protected_anderson,6,5,anderson_step_guard|coupling_residual_increased|coupling_residual_increased|anderson_step_guard|anderson_step_guard,no_cache_phase1,800,800,0,0,0
127,10.583333333333334,1,standard,True,True,converged,,ilu,0.5,8,24,72,0.00021050370870197204,7.618690072125288e-09,8.903826623295964e-06,6.07071207923595e-09,2.0674546096020778e-14,1.273866800009273,1.2595790000050329,0.00855190004222095,1.1491012999322265,0.6124500997830182,0.1631995000061579,0.049525200156494975,0.30763780005509034,0.10192580003058538,0.00027959997532889247,0.012348700023721904,0.00011190003715455532,15,9,7,0,two_state_linear_predictor,,protected_anderson,2,1,coupling_residual_increased,no_cache_phase1,800,800,0,0,0
128,10.666666666666666,1,standard,True,True,converged,,ilu,0.5,7,37,114,0.0004395025015678337,1.0004522972867284e-10,9.66558659895138e-06,6.095190387486048e-09,2.1542451049429797e-14,1.8745655000093393,1.860821100010071,0.008479800075292587,1.7611636999063194,0.9351978998747654,0.2401398000656627,0.07535380008630455,0.4870393999153748,0.09117760002845898,0.00019370001973584294,0.012271700019482523,0.0001824999926611781,21,16,14,0,two_state_linear_predictor,,protected_anderson,2,1,coupling_residual_increased,no_cache_phase1,800,800,0,0,0
129,10.75,1,standard,True,True,converged,,ilu,0.5,13,27,81,0.00033411928098856615,2.3401465857458963e-10,9.290283633493509e-06,6.104099728665611e-09,2.2100116540407964e-14,1.5621447999728844,1.5411657999502495,0.012073300138581544,1.3494997998932377,0.701267099881079,0.20988549996400252,0.05708040023455396,0.3602186999632977,0.1795926999184303,0.0002734999870881438,0.018862700031604618,0.00018400000408291817,19,8,6,0,two_state_linear_predictor,,protected_anderson,5,4,coupling_residual_increased|coupling_residual_increased|coupling_residual_increased|anderson_step_guard,no_cache_phase1,800,800,0,0,0
130,10.833333333333334,1,standard,True,True,converged,,ilu,0.5,12,13,39,0.00031168125060220437,9.271263817391068e-11,8.993806412152544e-06,6.105008966437811e-09,2.1083837074766804e-14,0.8337419999879785,0.8127951000351459,0.010657599952537566,0.6450007000821643,0.3089575000340119,0.12079510005423799,0.02720979996956885,0.17584909999277443,0.15713680000044405,0.00026650005020201206,0.019082100014202297,0.0001914000022225082,12,1,0,0,two_state_linear_predictor,,protected_anderson,3,2,anderson_step_guard|coupling_residual_increased,no_cache_phase1,800,800,0,0,0
131,10.916666666666666,1,standard,True,True,converged,,ilu,0.5,9,10,30,0.00030004687403748165,1.1243112666037126e-10,7.96973149852452e-06,6.10460131632042e-09,2.1166809812835663e-14,0.6412234000163153,0.6262030000216328,0.009294800111092627,0.5024795999052003,0.2576188000966795,0.08412750001298264,0.020434800011571497,0.13047280005412176,0.11442860000533983,0.000152900000102818,0.013328599976375699,0.00019300001440569758,9,1,0,0,two_state_linear_predictor,,protected_anderson,1,0,,no_cache_phase1,800,800,0,0,0
132,11.0,1,standard,True,True,converged,,ilu,0.5,7,8,24,0.00031279738971217195,1.2456985329506603e-10,9.820742056197059e-06,6.10438395714893e-09,2.2321705316681602e-14,0.4996442000265233,0.4837330000009388,0.006267499993555248,0.38568170001963153,0.2002915000775829,0.06943900004262105,0.01695840002503246,0.09143319999566302,0.09178379998775199,0.0002730999840423465,0.013972100045066327,0.00011249998351559043,7,1,0,0,two_state_linear_predictor,,protected_anderson,1,0,,no_cache_phase1,800,800,0,0,0
133,11.083333333333334,1,standard,True,True,converged,,ilu,0.5,8,8,22,0.00020564519340203534,8.925137631903505e-11,5.046622169138779e-06,6.1040580219866525e-09,2.0669247681006683e-14,0.56410150002921,0.5452280000317842,0.0072993001085706055,0.4239190999651328,0.21847209997940809,0.0765368000138551,0.014894199965056032,0.10417009994853288,0.1140095999580808,0.00021280004875734448,0.017461000010371208,0.00018309999722987413,8,0,0,0,two_state_linear_predictor,,protected_anderson,1,0,,no_cache_phase1,800,800,0,0,0
134,11.166666666666666,1,standard,True,True,converged,,ilu,0.5,7,7,16,0.00018603309356351964,4.13564885138745e-09,8.45630873070698e-06,6.102455481227513e-09,2.009028457527129e-14,0.46899419999681413,0.45210759999463335,0.0066491999314166605,0.3577326000086032,0.17820489988662302,0.06886200001463294,0.012093900004401803,0.0913229999714531,0.0877258000546135,0.00015390000771731138,0.015300199971534312,0.00019910000264644623,7,0,0,0,two_state_linear_predictor,,protected_anderson,1,0,,no_cache_phase1,800,800,0,0,0
135,11.25,1,standard,True,True,converged,,ilu,0.5,7,7,18,0.00019136815632464203,5.2148292863900535e-11,9.859451421292628e-06,6.0976923663056214e-09,2.114104482971626e-14,0.4669063999899663,0.44615720002911985,0.006453200068790466,0.35399769991636276,0.17391809989931062,0.06961300002876669,0.013057200005277991,0.09039879991905764,0.08570630004396662,0.00028059998294338584,0.018800400022882968,0.00018319999799132347,7,0,0,0,two_state_linear_predictor,,protected_anderson,1,0,,no_cache_phase1,800,800,0,0,0
136,11.333333333333334,1,standard,True,True,converged,,ilu,0.5,8,8,24,0.00017512457563898052,6.06111086597317e-11,8.633314036849446e-06,6.087282317069725e-09,2.191048192772028e-14,0.5469611000153236,0.5268032000167295,0.007082399970386177,0.41271880007116124,0.20409869990544394,0.07928869995521381,0.017686299979686737,0.10377579991472885,0.10700199997518212,0.00026679999427869916,0.018314800050575286,0.00016870000399649143,8,0,0,0,two_state_linear_predictor,,protected_anderson,1,0,,no_cache_phase1,800,800,0,0,0
137,11.416666666666666,1,standard,True,True,converged,,ilu,0.5,8,8,22,0.00020878047540687808,3.124187719939239e-11,8.959286274726543e-06,6.0693308628960866e-09,2.119529399677883e-14,0.5608232999802567,0.5404568000230938,0.008606200164649636,0.41869529988616705,0.20142210001358762,0.08246820012573153,0.017221599991898984,0.10899360006442294,0.11315529997227713,0.00025859999004751444,0.018387299962341785,0.00019789999350905418,8,0,0,0,two_state_linear_predictor,,protected_anderson,1,0,,no_cache_phase1,800,800,0,0,0
138,11.5,1,standard,True,True,converged,,ilu,0.5,8,8,19,0.00029092630913421215,5.061615617049487e-09,9.814897046089736e-06,6.042791348194226e-09,2.1475269543660608e-14,0.5482069000136107,0.5282955000293441,0.008404700027313083,0.4120123999309726,0.19325679988833144,0.0850148000754416,0.014833400025963783,0.11086860008072108,0.10787840007105842,0.0003147000097669661,0.018072099948767573,0.00017870002193376422,8,0,0,0,two_state_linear_predictor,,protected_anderson,1,0,,no_cache_phase1,800,800,0,0,0
139,11.583333333333334,1,standard,True,True,converged,,ilu,0.5,10,11,27,0.000409125213331434,3.205445564873181e-11,8.581650164234404e-06,6.008979042560393e-09,2.0742112028408784e-14,0.7209120999905281,0.7009601999889128,0.010500799980945885,0.5528871000278741,0.2689342001103796,0.10096669988706708,0.021896600141189992,0.1504114000708796,0.1375722999800928,0.00027139997109770775,0.018131399992853403,0.00017659994773566723,10,1,0,0,two_state_linear_predictor,,protected_anderson,2,1,anderson_step_guard,no_cache_phase1,800,800,0,0,0
140,11.666666666666666,1,standard,True,True,converged,,ilu,0.5,10,16,48,0.00044052326432362116,9.951822015568619e-11,7.5580265683467864e-06,5.973083092738982e-09,2.1224763699583826e-14,0.9872928999830037,0.9740923999925144,0.008396799734327942,0.8282837001606822,0.41021709999768063,0.14624460006598383,0.03680429980158806,0.2222572001046501,0.13741190009750426,0.00025619997177273035,0.011524800036568195,0.00011259998427703977,13,3,3,0,two_state_linear_predictor,,protected_anderson,3,2,coupling_residual_increased|coupling_residual_increased,no_cache_phase1,800,800,0,0,0
141,11.75,1,standard,True,True,converged,,ilu,0.5,9,17,51,0.0004489552134736995,1.3905585382019767e-10,8.640614068500196e-06,5.938061992604305e-09,2.0995226659291723e-14,0.9795341000426561,0.9601325999828987,0.007390899991150945,0.8362076999619603,0.4258974000113085,0.13056209991918877,0.03783749998547137,0.22864350001327693,0.11653400002978742,0.00027110002702102065,0.017855700047221035,0.00019580003572627902,12,5,3,0,two_state_linear_predictor,,protected_anderson,3,2,coupling_residual_increased|coupling_residual_increased,no_cache_phase1,800,800,0,0,0
142,11.833333333333334,1,standard,True,True,converged,,ilu,0.5,10,16,48,0.0003938424800692144,1.5459824064268328e-10,7.320287207588592e-06,5.90477703475424e-09,2.129654558725166e-14,0.9645064999931492,0.9488707999698818,0.009738199994899333,0.8078918000683188,0.4238413998973556,0.13168910006061196,0.03218630002811551,0.20777049992466345,0.1312407999066636,0.00016240001423284411,0.013965099991764873,0.0002004000125452876,13,3,3,0,two_state_linear_predictor,,protected_anderson,2,1,anderson_step_guard,no_cache_phase1,800,800,0,0,0
143,11.916666666666666,1,standard,True,True,converged,,ilu,0.5,7,20,59,0.0002939586166934727,5.691908040242726e-09,9.8019317904116e-06,5.874436331694076e-09,2.1429644649655037e-14,1.0855606000404805,1.0650959000340663,0.009834300028160214,0.9487956999801099,0.4957418999983929,0.13757479994092137,0.04144840018125251,0.2593237000401132,0.10646590002579615,0.00023830001009628177,0.018579699972178787,0.00020710000535473228,13,7,6,0,two_state_linear_predictor,,protected_anderson,2,1,coupling_residual_increased,no_cache_phase1,800,800,0,0,0
144,12.0,1,standard,True,True,converged,,ilu,0.5,9,23,74,0.0002793437103501488,1.692868163946005e-10,5.970380275905787e-06,5.8444805568768275e-09,2.074805092597896e-14,1.2743813000270166,1.2541746000060812,0.00701219990151003,1.1288016000180505,0.5808049999759533,0.17191469995304942,0.05310350010404363,0.30525399977341294,0.11836080008652061,0.00027279998175799847,0.018301200005225837,0.0001784000196494162,16,7,7,0,two_state_linear_predictor,,protected_anderson,3,2,coupling_residual_increased|coupling_residual_increased,no_cache_phase1,800,800,0,0,0
145,12.083333333333334,1,standard,True,True,converged,,ilu,0.5,8,28,90,0.0005590392868001389,4.644851879267351e-11,9.617807234911156e-06,5.8096466909645195e-09,2.066348413974158e-14,1.5247000000090338,1.5044848999823444,0.006283099879510701,1.3877116001094691,0.73688340006629,0.18376969988457859,0.06018120009684935,0.38693359994795173,0.11049019999336451,0.0002683000057004392,0.018358300032559782,0.00019890000112354755,18,10,10,0,two_state_linear_predictor,,protected_anderson,3,2,coupling_residual_increased|coupling_residual_increased,no_cache_phase1,800,800,0,0,0
146,12.166666666666666,1,standard,True,True,converged,,ilu,0.5,10,35,109,0.0004812714735743683,1.6950981752988152e-10,7.709774517394786e-06,5.769641487779913e-09,2.042128167842073e-14,1.8383563999668695,1.8159735000226647,0.00895530020352453,1.6847305999253877,0.8871794997830875,0.23832159978337586,0.07714440004201606,0.45785709988558665,0.12228759989375249,0.000255799968726933,0.02047420002054423,0.00020109995966777205,22,13,12,0,two_state_linear_predictor,,protected_anderson,3,2,coupling_residual_increased|coupling_residual_increased,no_cache_phase1,800,800,0,0,0
147,12.25,1,standard,True,True,converged,,ilu,0.5,11,46,140,0.00047173679988875175,2.1347099474000232e-10,8.744400756558252e-06,5.738439557823627e-09,2.1578733813261902e-14,2.3582360000000335,2.3377341000013985,0.008849700156133622,2.1839565999107435,1.1676736997906119,0.30577730026561767,0.08772289991611615,0.5934209000552073,0.14492779993452132,0.00025780004216358066,0.018689400050789118,0.0002004000125452876,28,18,17,0,two_state_linear_predictor,,protected_anderson,4,3,coupling_residual_increased|coupling_residual_increased|coupling_residual_increased,no_cache_phase1,800,800,0,0,0
148,12.333333333333334,1,standard,True,True,converged,,ilu,0.5,9,68,218,0.00046124764116674716,7.546631238226462e-10,9.497710130706108e-06,5.7407411169322e-09,2.167958338860814e-14,3.3815219999523833,3.3665874000289477,0.009628899919334799,3.2450224000494927,1.7401222999906167,0.43156879994785413,0.14245320006739348,0.8879232000326738,0.11193610006012022,0.00026709999656304717,0.013103700010105968,0.00011350004933774471,38,30,29,0,two_state_linear_predictor,,protected_anderson,3,2,anderson_step_guard|coupling_residual_increased,no_cache_phase1,800,800,0,0,0
149,12.416666666666666,1,standard,True,True,converged,,ilu,0.5,9,36,111,0.0003730318635961079,7.670970919887262e-09,4.298076833701144e-06,5.756481778488072e-09,2.0906667655352312e-14,1.9012611000216566,1.8857572000124492,0.009131000086199492,1.753847599902656,0.919365200039465,0.24379539990331978,0.08022540021920577,0.4858425999409519,0.12277860002359375,0.0002720999764278531,0.013985599973239005,0.00018689996795728803,22,14,13,0,two_state_linear_predictor,,protected_anderson,3,2,coupling_residual_increased|coupling_residual_increased,no_cache_phase1,800,800,0,0,0
150,12.5,1,standard,True,True,converged,,ilu,0.5,8,43,131,0.0005490377244961654,2.521667274072023e-10,7.495569864927348e-06,5.760529212264773e-09,2.0833078835741195e-14,2.2120587999816053,2.1904334000428207,0.007175900042057037,2.0737990999477915,1.0794241999974474,0.29068980005104095,0.0902583000715822,0.5861415000399575,0.10945840005297214,0.00027059996500611305,0.01967269997112453,0.00017469999147579074,25,18,17,0,two_state_linear_predictor,,protected_anderson,3,2,anderson_step_guard|coupling_residual_increased,no_cache_phase1,800,800,0,0,0
151,12.583333333333334,1,standard,True,True,converged,,ilu,0.5,10,24,72,0.00030913967039180104,2.3061479247252875e-10,5.71777092939245e-06,5.752878192724168e-09,2.081865544070289e-14,1.3531879999791272,1.3304176999954507,0.008195099944714457,1.1892249000957236,0.6072057001874782,0.17822759988484904,0.0689574999269098,0.31630780012346804,0.13299769995501265,0.0002770000137388706,0.02079869998851791,0.00017549999756738544,16,8,6,0,two_state_linear_predictor,,protected_anderson,3,2,coupling_residual_increased|coupling_residual_increased,no_cache_phase1,800,800,0,0,0
152,12.666666666666666,1,standard,True,True,converged,,ilu,0.5,10,21,63,0.0003580747323580655,9.583603560212026e-11,5.172406956043004e-06,5.739929084048532e-09,2.069907210450997e-14,1.2469992999685928,1.2260435000061989,0.011245599947869778,1.0740633000386879,0.552707199996803,0.17471750016557053,0.04654279997339472,0.2829640001291409,0.14073460001964122,0.0002846000134013593,0.019135700014885515,0.00017610000213608146,15,6,5,0,two_state_linear_predictor,,protected_anderson,3,2,coupling_residual_increased|coupling_residual_increased,no_cache_phase1,800,800,0,0,0
153,12.75,1,standard,True,True,converged,,ilu,0.5,12,16,47,0.0004709248153270068,7.755860304041382e-11,5.723639112724115e-06,5.726047268184958e-09,2.056032444277715e-14,0.9563724999898113,0.9359900000272319,0.01164829992922023,0.7673989000613801,0.3852486998657696,0.1268115999409929,0.03244579996680841,0.2087925000814721,0.15694280003663152,0.00028499995823949575,0.018430299998726696,0.0001716000260785222,13,3,1,0,two_state_linear_predictor,,protected_anderson,3,2,anderson_step_guard|coupling_residual_increased,no_cache_phase1,800,800,0,0,0
154,12.833333333333334,1,standard,True,True,converged,,ilu,0.5,10,11,29,0.0005366231748919459,8.669117454337328e-11,7.168758230002462e-06,5.710639309465058e-09,2.1648471833036364e-14,0.6914878000388853,0.6744643999845721,0.009428899909835309,0.5391871000174433,0.26276740012690425,0.09193829976720735,0.022010300017427653,0.152526100166142,0.12584840005729347,0.00015650002751499414,0.015423899982124567,0.00019560003420338035,10,1,0,0,two_state_linear_predictor,,protected_anderson,2,1,anderson_step_guard,no_cache_phase1,800,800,0,0,0
155,12.916666666666666,1,standard,True,True,converged,,ilu,0.5,9,12,35,0.0004796801515530368,6.687354627695605e-11,8.929526684868504e-06,5.689622842225925e-09,2.083977285383715e-14,0.7787075000233017,0.7578336999868043,0.008915199898183346,0.6104632000206038,0.3093248000368476,0.10569170000962913,0.025729100161697716,0.15879810001933947,0.1384553000680171,0.0002734999870881438,0.018906200013589114,0.0002104000304825604,10,2,1,0,two_state_linear_predictor,,protected_anderson,2,1,anderson_step_guard,no_cache_phase1,800,800,0,0,0
156,13.0,1,standard,True,True,converged,,ilu,0.5,7,8,24,0.00039738885144209287,9.329205887100532e-11,8.46583778527445e-06,5.66038341212973e-09,1.981703335893448e-14,0.5311114999931306,0.5095667000277899,0.006378000020049512,0.40429729997413233,0.19999759987695143,0.07117350009502843,0.018084400100633502,0.10735160001786426,0.09889140003360808,0.0002655000425875187,0.019498199981171638,0.00023970002075657248,7,1,0,0,two_state_linear_predictor,,protected_anderson,1,0,,no_cache_phase1,800,800,0,0,0
157,13.083333333333334,1,standard,True,True,converged,,ilu,0.5,8,8,24,0.0002797253357813664,1.0321868135043714e-10,6.449520438693241e-06,5.62195514598663e-09,2.02661143508127e-14,0.5114966999972239,0.4937174000078812,0.007045400037895888,0.38017909991322085,0.17630809993715957,0.07359750010073185,0.0171005999436602,0.10594970011152327,0.10649290005676448,0.0003205999964848161,0.016189899994060397,0.00019859999883919954,8,0,0,0,two_state_linear_predictor,,protected_anderson,1,0,,no_cache_phase1,800,800,0,0,0
158,13.166666666666666,1,standard,True,True,converged,,ilu,0.5,11,13,37,0.00024269919294050683,9.682330131917823e-11,5.099552574597536e-06,5.575593904599736e-09,2.1170298270787805e-14,0.8543228000053205,0.8344340000185184,0.010404699947685003,0.6767341000959277,0.33811069978401065,0.11535110004479066,0.02876240003388375,0.18151439994107932,0.1472951999749057,0.00027109996881335974,0.01753770001232624,0.00019420002354308963,11,2,0,0,two_state_linear_predictor,,protected_anderson,3,2,coupling_residual_increased|coupling_residual_increased,no_cache_phase1,800,800,0,0,0
159,13.25,1,standard,True,True,converged,,ilu,0.5,10,11,31,0.00035580791174242096,9.130845364506535e-09,7.493166480993487e-06,5.523185701003371e-09,2.0284430557236573e-14,0.7437913000467233,0.7234919999609701,0.010124800028279424,0.5723080999450758,0.28657979995477945,0.10058130003744736,0.022024899953976274,0.15075010008877143,0.1410590999876149,0.00027110002702102065,0.018354400002863258,0.00019420002354308963,10,1,0,0,two_state_linear_predictor,,protected_anderson,2,1,anderson_step_guard,no_cache_phase1,800,800,0,0,0
160,13.333333333333334,1,standard,True,True,converged,,ilu,0.5,10,11,33,0.0003662020106971265,1.5116079096488406e-10,6.002793710794332e-06,5.466927704365256e-09,2.0770368399007584e-14,0.7185792000382207,0.6992393999826163,0.01063189998967573,0.5571712999953888,0.27231330005452037,0.10119549999944866,0.024441300076432526,0.14844670007005334,0.13143619999755174,0.0002476000227034092,0.017608199967071414,0.0001105000264942646,10,1,0,0,two_state_linear_predictor,,protected_anderson,2,1,anderson_step_guard,no_cache_phase1,800,800,0,0,0
161,13.416666666666666,1,standard,True,True,converged,,ilu,0.5,10,11,33,0.00033880793534989687,1.4394971128875384e-10,6.455711197184593e-06,5.408052775235947e-09,1.9549255203999456e-14,0.7207820999901742,0.7015117999981157,0.01067980017978698,0.5508130998932756,0.2724147000699304,0.1015169998863712,0.02344920003088191,0.14337590005015954,0.14001889992505312,0.0002538000117056072,0.01775870000710711,0.00018620002083480358,10,1,0,0,two_state_linear_predictor,,protected_anderson,2,1,anderson_step_guard,no_cache_phase1,800,800,0,0,0
162,13.5,1,standard,True,True,converged,,ilu,0.5,8,16,48,0.0005272561579003236,3.358997641667968e-10,9.891672502613778e-06,5.346143953872982e-09,2.156765278884743e-14,0.9196022999822162,0.8987620000261813,0.00859640003181994,0.7795546999550425,0.3986356998793781,0.12323430017568171,0.03412649984238669,0.21017540007596835,0.11061090003931895,0.0002733999863266945,0.018950199999380857,0.00015059998258948326,11,5,3,0,two_state_linear_predictor,,protected_anderson,2,1,anderson_step_guard,no_cache_phase1,800,800,0,0,0
163,13.583333333333334,1,standard,True,True,converged,,ilu,0.5,8,20,60,0.0005242118191082308,3.361625228517241e-10,9.965145320524267e-06,5.282105851242876e-09,2.0537942150565354e-14,1.1394772000494413,1.1188318000058644,0.0074056999874301255,1.0052726999856532,0.527918900072109,0.15109180007129908,0.03982809995068237,0.2718817998538725,0.10615340003278106,0.00027869996847584844,0.018842599994968623,0.00017750001279637218,14,6,6,0,two_state_linear_predictor,,protected_anderson,2,1,coupling_residual_increased,no_cache_phase1,800,800,0,0,0
164,13.666666666666666,1,standard,True,True,converged,,ilu,0.5,10,18,54,0.00020939273308885476,9.62793804627719e-09,4.486271096657392e-06,5.219534031766216e-09,2.010459546820259e-14,1.0421406999812461,1.01997520000441,0.010667100199498236,0.878774699929636,0.4401298999437131,0.1439368001301773,0.04214030003640801,0.23747759993420914,0.1305333998752758,0.0002749999985098839,0.020319900009781122,0.00019300001440569758,13,5,3,0,two_state_linear_predictor,,protected_anderson,2,1,coupling_residual_increased,no_cache_phase1,800,800,0,0,0
165,13.75,1,standard,True,True,converged,,ilu,0.5,9,23,75,0.0002296376847617721,1.0666635026831418e-10,4.9341898048845955e-06,5.1590462165053724e-09,2.0412807990910294e-14,1.618352000019513,1.5982537000090815,0.008972400042694062,1.4676204000716098,0.760679500119295,0.20325600006617606,0.07761850004317239,0.4075611000880599,0.12166089989477769,0.0002706999657675624,0.01815550000173971,0.0001748999929986894,16,7,7,0,two_state_linear_predictor,,protected_anderson,3,2,coupling_residual_increased|coupling_residual_increased,no_cache_phase1,800,800,0,0,0
166,13.833333333333334,1,standard,True,True,converged,,ilu,0.5,10,21,65,0.00022359520083443124,1.571441668050899e-10,6.3771276526296236e-06,5.096851513455919e-09,2.035936035268039e-14,1.2361564000020735,1.216814500046894,0.009095299988985062,1.0632643999997526,0.5444156999583356,0.16492890007793903,0.045143499970436096,0.29240260017104447,0.14445480005815625,0.00027730001602321863,0.017410899978131056,0.00016870000399649143,15,6,5,0,two_state_linear_predictor,,protected_anderson,4,3,coupling_residual_increased|coupling_residual_increased|coupling_residual_increased,no_cache_phase1,800,800,0,0,0
167,13.916666666666666,1,standard,True,True,converged,,ilu,0.5,11,20,63,0.00030542062945273927,3.2877074982681984e-10,7.006685358095429e-06,5.031987361942892e-09,2.009698741469511e-14,1.15564730000915,1.1363888999912888,0.013023000152315944,0.9704516999190673,0.4883649001712911,0.15830529987579212,0.046961500018369406,0.26083950023166835,0.1529141999199055,0.0002736999886110425,0.017599300015717745,0.00011500000255182385,15,5,4,0,two_state_linear_predictor,,protected_anderson,2,1,coupling_residual_increased,no_cache_phase1,800,800,0,0,0
168,14.0,1,standard,True,True,converged,,ilu,0.5,7,35,108,0.0006342524059218599,2.954769944189146e-10,9.35331949411166e-06,4.978790881107415e-09,1.9362493403851223e-14,1.8373639999772422,1.8174089000094682,0.0074889002135023475,1.7070585998590104,0.8961397001403384,0.23252610000781715,0.07787780015496537,0.4768477000761777,0.10286139993695542,0.00024199998006224632,0.018446700007189065,0.00021309999283403158,20,15,13,0,two_state_linear_predictor,,protected_anderson,2,1,coupling_residual_increased,no_cache_phase1,800,800,0,0,0
169,14.083333333333334,1,standard,True,True,converged,,ilu,0.5,10,78,251,0.000698035969204264,3.4440902139446633e-10,9.805123886108517e-06,4.960137906005818e-09,2.0594664109130406e-14,3.9114349000155926,3.89094319997821,0.010666900081560016,3.7411992998677306,1.9901612002286129,0.4807690998422913,0.16955980012426153,1.0492798999184743,0.13907700002891943,0.00023040000814944506,0.01872600003844127,0.00018020003335550427,43,35,33,0,two_state_linear_predictor,,protected_anderson,6,5,anderson_step_guard|anderson_step_guard|anderson_step_guard|anderson_step_guard|anderson_step_guard,no_cache_phase1,800,800,0,0,0
170,14.166666666666666,1,standard,True,True,converged,,ilu,0.5,9,40,122,0.00033070405501768786,6.976929182357849e-09,4.226921843783086e-06,4.954326461464695e-09,1.8469883278260964e-14,2.1013604000327177,2.082023199996911,0.0076704000239260495,1.960514000034891,1.0478392998920754,0.25854140013689175,0.08626669959630817,0.5410379997338168,0.11383879993809387,0.0002455000067129731,0.01758220000192523,0.00019639998208731413,24,16,15,0,two_state_linear_predictor,,protected_anderson,2,1,coupling_residual_increased,no_cache_phase1,800,800,0,0,0
171,14.25,1,standard,True,True,converged,,ilu,0.5,5,41,125,0.0007815718522493211,1.4979153671312648e-10,8.755558642253716e-06,4.940281015120083e-09,1.916616068925335e-14,2.021236000000499,2.000838899984956,0.004703699960373342,1.9300935000064783,1.0134458999382332,0.2591673999559134,0.08415599999716505,0.5486250999383628,0.06604170001810417,0.00024530000519007444,0.01851250004256144,0.00019890000112354755,23,18,18,0,two_state_linear_predictor,,protected_anderson,1,0,,no_cache_phase1,800,800,0,0,0
172,14.333333333333334,1,standard,True,True,converged,,ilu,0.5,7,24,72,0.0005723783477961872,2.610140958793887e-10,6.5307265265369425e-06,4.919678570768221e-09,1.9531780977623567e-14,1.3096708999946713,1.2890298999845982,0.00818150001578033,1.183951499988325,0.6210506000788882,0.17299099982483312,0.04828379984246567,0.3252574000507593,0.09689689998049289,0.0003179000341333449,0.018670400022529066,0.00020559999393299222,15,9,8,0,two_state_linear_predictor,,protected_anderson,2,1,coupling_residual_increased,no_cache_phase1,800,800,0,0,0
173,14.416666666666666,1,standard,True,True,converged,,ilu,0.5,8,9,27,0.00038893440618680014,1.7493845808007296e-10,9.4139438356266e-06,4.897564074593909e-09,1.9672395855368065e-14,0.5718802000046708,0.5571246999897994,0.007275199925061315,0.4458114000153728,0.22062190005090088,0.08080170000903308,0.018770200025755912,0.11694960005115718,0.10403810004936531,0.0002772999578155577,0.013055099989287555,0.00010830000974237919,8,1,0,0,two_state_linear_predictor,,protected_anderson,1,0,,no_cache_phase1,800,800,0,0,0
174,14.5,1,standard,True,True,converged,,ilu,0.5,8,11,33,0.00044334251038858697,2.1790637096165046e-10,4.488646756407627e-06,4.87633915794588e-09,2.066401411747739e-14,0.7006893000216223,0.6797090999898501,0.007226100016850978,0.5625514999846928,0.2891472000046633,0.08923709997907281,0.02286539995111525,0.15149680012837052,0.10993149998830631,0.00027409999165683985,0.018978699983563274,0.0002823999966494739,9,2,1,0,two_state_linear_predictor,,protected_anderson,2,1,coupling_residual_increased,no_cache_phase1,800,800,0,0,0
175,14.583333333333334,1,standard,True,True,converged,,ilu,0.5,9,10,29,0.00047059012602246287,2.6427544620049453e-10,3.600208470093523e-06,4.855282046317961e-09,1.994297711905785e-14,0.6589220000314526,0.6383332999539562,0.009767199982888997,0.507403300027363,0.2552017000853084,0.09116549993632361,0.02044480008771643,0.13087959995027632,0.12116279994370416,0.00027060002321377397,0.01859979995060712,0.00020300003234297037,9,1,0,0,two_state_linear_predictor,,protected_anderson,2,1,coupling_residual_increased,no_cache_phase1,800,800,0,0,0
176,14.666666666666666,1,standard,True,True,converged,,ilu,0.5,10,11,30,0.00047183859711218894,8.990595935348431e-09,9.943804899857183e-06,4.8338872823642845e-09,1.9328921362809313e-14,0.7087704000296071,0.6876418000319973,0.009600799938198179,0.548895200015977,0.2641030000522733,0.10314250009832904,0.022653999971225858,0.1485053999349475,0.12914580007782206,0.00026459997752681375,0.019170899991877377,0.00019230000907555223,10,1,0,0,two_state_linear_predictor,,protected_anderson,2,1,anderson_step_guard,no_cache_phase1,800,800,0,0,0
177,14.75,1,standard,True,True,converged,,ilu,0.5,9,12,36,0.0004582116317640114,3.785021284343907e-11,6.150562638146643e-06,4.810943935634565e-09,1.9464724360060374e-14,0.7604283000109717,0.7422796000028029,0.007226100075058639,0.6102609999943525,0.30724380002357066,0.10049479990266263,0.026515899982769042,0.16504419990815222,0.12479249993339181,0.00024279998615384102,0.016490499954670668,0.00017790001584216952,10,2,1,0,two_state_linear_predictor,,protected_anderson,3,2,coupling_residual_increased|coupling_residual_increased,no_cache_phase1,800,800,0,0,0
178,14.833333333333334,1,standard,True,True,converged,,ilu,0.5,10,13,38,0.0003738069208292471,8.289614849164195e-11,4.590139902564881e-06,4.783485438727726e-09,1.9517477164445226e-14,0.8068311000242829,0.7856170000159182,0.009793099772650748,0.6381288001430221,0.32822670007590204,0.11020539986202493,0.026790899981278926,0.16161619999911636,0.13769510010024533,0.00027240003691986203,0.019272199948318303,0.00016910000704228878,11,2,1,0,two_state_linear_predictor,,protected_anderson,3,2,coupling_residual_increased|coupling_residual_increased,no_cache_phase1,800,800,0,0,0
179,14.916666666666666,1,standard,True,True,converged,,ilu,0.5,8,14,41,0.00041169546234247665,1.7053155803818717e-10,6.071784152171065e-06,4.7483240317843245e-09,2.0092096383309114e-14,0.8567098000203259,0.8365074999746867,0.007662699790671468,0.7230410000775009,0.3666720998589881,0.11883620009757578,0.029751999827567488,0.19585260009625927,0.10580380010651425,0.0001677999971434474,0.01845040003536269,0.00019910000264644623,11,3,3,0,two_state_linear_predictor,,protected_anderson,2,1,coupling_residual_increased,no_cache_phase1,800,800,0,0,0
180,15.0,1,standard,True,True,converged,,ilu,0.5,6,20,61,0.0004992588701463968,9.684868962678646e-09,9.866265685644414e-06,4.70267180908931e-09,1.9498866129226616e-14,1.097611400007736,1.0782281999709085,0.004800899827387184,0.9892785000847653,0.5081449002609588,0.14999330008868128,0.043826800014358014,0.272970300167799,0.08414880005875602,0.0002764000091701746,0.017443899996578693,0.00017820001812651753,13,7,7,0,two_state_linear_predictor,,protected_anderson,2,1,coupling_residual_increased,no_cache_phase1,800,800,0,0,0
181,15.083333333333334,1,standard,True,True,converged,,ilu,0.5,7,34,103,0.0006715550748294202,1.0610362694006369e-10,6.207105311922785e-06,4.6475743701124214e-09,1.9260304860658286e-14,1.7584955000202172,1.7386944000027142,0.005820199905429035,1.6473178999731317,0.8718096000957303,0.21626240003388375,0.0732081999303773,0.4639393000397831,0.0855563001241535,0.0002324000233784318,0.017721200012601912,0.0001865000231191516,20,14,13,0,two_state_linear_predictor,,protected_anderson,2,1,coupling_residual_increased,no_cache_phase1,800,800,0,0,0
182,15.166666666666666,1,standard,True,True,converged,,ilu,0.5,5,31,93,0.0008783807477705879,1.1513619148285104e-10,9.202803978314791e-06,4.587451133403157e-09,1.9545238406319705e-14,1.5650960999773815,1.5517802000395022,0.004066699999384582,1.4857907000696287,0.787496100179851,0.191919399832841,0.0686896001570858,0.4181592001696117,0.061922799970488995,0.00024419999681413174,0.011671100044623017,0.00012129999231547117,17,14,12,0,two_state_linear_predictor,,protected_anderson,1,0,,no_cache_phase1,800,800,0,0,0
183,15.25,1,standard,True,True,converged,,ilu,0.5,8,37,111,0.0006465075128395892,8.11500516434804e-11,7.494726564110663e-06,4.524861569796229e-09,1.960517988591566e-14,1.9219007000210695,1.9035938999732025,0.007487499911803752,1.7784708000253886,0.9329523999476805,0.2441269000992179,0.0809994000592269,0.4967743000597693,0.11763560003601015,0.00025260000256821513,0.015967999992426485,0.0001113000325858593,22,15,14,0,two_state_linear_predictor,,protected_anderson,3,2,anderson_step_guard|coupling_residual_increased,no_cache_phase1,800,800,0,0,0
184,15.333333333333334,1,standard,True,True,converged,,ilu,0.5,9,17,51,0.00047077176567189533,4.970378032837784e-11,6.56245491748343e-06,4.463078272190989e-09,1.948738176340839e-14,0.9818453000043519,0.9618476000032388,0.007617799972649664,0.8357915999367833,0.4355262001045048,0.12413040013052523,0.03527649992611259,0.22718450019601732,0.11843820009380579,0.0002547000185586512,0.01851709996117279,0.00019619998056441545,12,5,3,0,two_state_linear_predictor,,protected_anderson,3,2,coupling_residual_increased|coupling_residual_increased,no_cache_phase1,800,800,0,0,0
185,15.416666666666666,1,standard,True,True,converged,,ilu,0.5,7,24,77,0.00041075798225541035,8.109845187795663e-11,9.975751525916714e-06,4.402720275014609e-09,1.8590616266485947e-14,1.263153100037016,1.2432706999825314,0.006495900161098689,1.144988099928014,0.589907200075686,0.1613706000498496,0.05515709996689111,0.3224728998611681,0.0917866998934187,0.0002742000506259501,0.018049600010272115,0.00017600000137463212,15,9,8,0,two_state_linear_predictor,,protected_anderson,2,1,coupling_residual_increased,no_cache_phase1,800,800,0,0,0
186,15.5,1,standard,True,True,converged,,ilu,0.5,8,26,81,0.0004863657621013282,9.774793218293623e-11,9.806532261296441e-06,4.338698450760555e-09,1.8689522546408376e-14,1.4222406000480987,1.401260300015565,0.006352400116156787,1.2829156998777762,0.6706001997808926,0.1864749999367632,0.05719239986501634,0.3497683999594301,0.11199220002163202,0.0002791999722830951,0.0189630999811925,0.00019859999883919954,17,9,9,0,two_state_linear_predictor,,protected_anderson,3,2,coupling_residual_increased|coupling_residual_increased,no_cache_phase1,800,800,0,0,0
187,15.583333333333334,1,standard,True,True,converged,,ilu,0.5,9,29,89,0.0005319527151270829,1.2476096855724142e-10,9.434985599158299e-06,4.269116227509071e-09,1.8239501593182798e-14,1.5695848999894224,1.5498472999897785,0.00880479987245053,1.4172110000508837,0.7456882001133636,0.2045556998346001,0.05938699992839247,0.3875662998179905,0.12383150006644428,0.0002747999969869852,0.01783690002048388,0.00018169998656958342,19,10,10,0,two_state_linear_predictor,,protected_anderson,2,1,coupling_residual_increased,no_cache_phase1,800,800,0,0,0
188,15.666666666666666,1,standard,True,True,converged,,ilu,0.5,7,50,151,0.0006658951910952316,8.358399673616517e-11,7.154169979091543e-06,4.21148046215064e-09,1.912723097998966e-14,2.503890299994964,2.486293800000567,0.005766500078607351,2.3857826999155805,1.2629600998479873,0.31514420005260035,0.10444989992538467,0.6717672000522725,0.09474460000637919,0.00015649996930733323,0.016001000010874122,0.0001799999736249447,28,22,21,0,two_state_linear_predictor,,protected_anderson,2,1,coupling_residual_increased,no_cache_phase1,800,800,0,0,0
189,15.75,1,standard,True,True,converged,,ilu,0.5,8,69,225,0.00046138229153270123,8.898621072252791e-11,6.156185516275057e-06,4.184651535447647e-09,1.9660937873951182e-14,3.554946399992332,3.5355202999780886,0.007014899922069162,3.420129100093618,1.8537737005390227,0.4332082000328228,0.15773719985736534,0.93445810029516,0.10837629996240139,0.00027120002778247,0.01670650002779439,0.0001824999926611781,38,31,30,0,two_state_linear_predictor,,protected_anderson,3,2,anderson_step_guard|coupling_residual_increased,no_cache_phase1,800,800,0,0,0
190,15.833333333333334,1,standard,True,True,converged,,ilu,0.5,8,46,143,0.0004900355473164724,4.635172407223258e-11,5.629031491113951e-06,4.159014071141044e-09,1.947524387156365e-14,2.345399499987252,2.3240229000221007,0.008711900096386671,2.21469709998928,1.170467299874872,0.2883828000049107,0.10118419997161254,0.6250722997938283,0.10061389993643388,0.0002736999886110425,0.018424099951516837,0.0010733000235632062,26,20,18,0,two_state_linear_predictor,,protected_anderson,3,2,anderson_step_guard|coupling_residual_increased,no_cache_phase1,800,800,0,0,0
191,15.916666666666666,1,standard,True,True,converged,,ilu,0.5,5,36,110,0.000776061094282411,6.77518837896603e-11,9.411121327915442e-06,4.123993205936595e-09,1.9015237785022144e-14,1.87647850002395,1.854959600022994,0.005039399897214025,1.7808525000000373,0.9505072999745607,0.23016669997014105,0.08154749975074083,0.4965514000505209,0.0690677001257427,0.00015929999062791467,0.01971880003111437,0.00021269998978823423,20,16,15,0,two_state_linear_predictor,,protected_anderson,1,0,,no_cache_phase1,800,800,0,0,0
192,16.0,1,standard,True,True,converged,,ilu,0.5,8,18,54,0.0005160447918628027,6.27096429191931e-11,5.922683623204025e-06,4.084570265138679e-09,1.888692998750295e-14,1.0069693999830633,0.9869659999967553,0.009184300084598362,0.8626409999560565,0.4533967000315897,0.12385929998708889,0.03816330002155155,0.23405289999209344,0.11514069995610043,0.0002807000419124961,0.018056000000797212,0.00020109995966777205,12,6,4,0,two_state_linear_predictor,,protected_anderson,1,0,,no_cache_phase1,800,800,0,0,0
193,16.083333333333332,1,standard,True,True,converged,,ilu,0.5,7,8,24,0.0004196086944819496,8.054534174472909e-11,8.440700609874095e-06,4.0447034755806305e-09,1.884116942933642e-14,0.5306069999933243,0.511588399996981,0.006020599976181984,0.41375629999674857,0.20901719998801127,0.06927489989902824,0.017224700015503913,0.11087560001760721,0.09181150002405047,0.00027089996729046106,0.017137999995611608,0.00019940000493079424,7,1,0,0,two_state_linear_predictor,,protected_anderson,1,0,,no_cache_phase1,800,800,0,0,0
194,16.166666666666668,1,standard,True,True,converged,,ilu,0.5,8,12,36,0.0005215580521615901,6.91741192012397e-11,4.720646656926533e-06,4.004918377863996e-09,1.8325323977056976e-14,0.7312733000144362,0.7119096000096761,0.007437599822878838,0.6044092001393437,0.3178810000536032,0.09016839996911585,0.023379400023259223,0.1575288000749424,0.10006280004745349,0.0002334999735467136,0.01760719995945692,0.00017330003902316093,9,3,1,0,two_state_linear_predictor,,protected_anderson,1,0,,no_cache_phase1,800,800,0,0,0
195,16.25,1,standard,True,True,converged,,ilu,0.5,8,11,32,0.00047706316003946227,9.81746779806772e-09,7.925890120498782e-06,3.962640015031302e-09,1.9160066368467372e-14,0.6446767000015825,0.6266643999842927,0.006643499946221709,0.5122335000196472,0.25657350005349144,0.08626960008405149,0.023187899962067604,0.1365917000803165,0.1077874000184238,0.00027250003768131137,0.01581289997557178,0.0001094000181183219,9,2,1,0,two_state_linear_predictor,,protected_anderson,2,1,coupling_residual_increased,no_cache_phase1,800,800,0,0,0
196,16.333333333333332,1,standard,True,True,converged,,ilu,0.5,10,12,34,0.0003274202910282226,8.351706574115583e-09,5.848635488315551e-06,3.9157401357747475e-09,2.005627724921196e-14,0.7299643000005744,0.7090135999605991,0.008871999860275537,0.5620537001523189,0.29011359985452145,0.08684169995831326,0.02228790003573522,0.1525117999408394,0.13808789994800463,0.00027000001864507794,0.01945510000223294,0.0001965999836102128,10,2,0,0,two_state_linear_predictor,,protected_anderson,2,1,coupling_residual_increased,no_cache_phase1,800,800,0,0,0
197,16.416666666666668,1,standard,True,True,converged,,ilu,0.5,7,8,23,0.0003271049083992494,9.364304036401039e-09,9.333365131438987e-06,3.864402749320933e-09,1.8987073211614837e-14,0.5210609000059776,0.4999744000378996,0.00680080009624362,0.39845639996929094,0.20179070002632216,0.06493559991940856,0.015577199985273182,0.10874130000593141,0.09471719997236505,0.00028229999588802457,0.019238200038671494,0.0001925000105984509,7,1,0,0,two_state_linear_predictor,,protected_anderson,1,0,,no_cache_phase1,800,800,0,0,0
198,16.5,1,standard,True,True,converged,,ilu,0.5,12,13,35,0.00027048290367320094,8.69543741683584e-09,7.038484209251087e-06,3.809602383634445e-09,1.8786248503471125e-14,0.8308071999927051,0.8104562999797054,0.013257699960377067,0.635830799874384,0.31609919999027625,0.12035770004149526,0.022991099976934493,0.16398720000870526,0.16136780014494434,0.0002550000208429992,0.01857040001777932,0.00017899996601045132,12,1,0,0,two_state_linear_predictor,,protected_anderson,3,2,anderson_step_guard|coupling_residual_increased,no_cache_phase1,800,800,0,0,0
199,16.583333333333332,1,standard,True,True,converged,,ilu,0.5,12,13,39,0.0002548557305616305,6.840092365531518e-11,8.318547305183049e-06,3.750656542464872e-09,1.893743792433476e-14,0.8407442000461742,0.8206008999841288,0.012037199921905994,0.6632682000636123,0.32867980014998466,0.11976479995064437,0.025542200019117445,0.1770336998743005,0.14529549999861047,0.00015949999215081334,0.018145699985325336,0.00013760000001639128,12,1,0,0,two_state_linear_predictor,,protected_anderson,3,2,anderson_step_guard|coupling_residual_increased,no_cache_phase1,800,800,0,0,0
200,16.666666666666668,1,standard,True,True,converged,,ilu,0.5,10,11,30,0.00034828825972603173,7.630005464386129e-09,7.224446228116818e-06,3.6880992282595857e-09,1.8531492301355074e-14,0.7094592999783345,0.6928368000080809,0.01032320031663403,0.5594006997998804,0.27907509997021407,0.1005395000684075,0.02219729998614639,0.14706909994129092,0.12311289989156649,0.0001626999583095312,0.015374200011137873,0.00018989999080076814,10,1,0,0,two_state_linear_predictor,,protected_anderson,2,1,anderson_step_guard,no_cache_phase1,800,800,0,0,0
201,16.75,1,standard,True,True,converged,,ilu,0.5,7,12,36,0.0005095551431883458,1.1622096577741232e-10,8.344160722144188e-06,3.623248474709963e-09,1.8487891523138843e-14,0.7152589000179432,0.6945111000095494,0.0059111001319251955,0.6063342998386361,0.31536569993477315,0.09984679997432977,0.027119999867863953,0.15436739986762404,0.08226570003898814,0.00026929995510727167,0.018810099980328232,0.00020279997261241078,9,3,2,0,two_state_linear_predictor,,protected_anderson,2,1,coupling_residual_increased,no_cache_phase1,800,800,0,0,0
202,16.833333333333332,1,standard,True,True,converged,,ilu,0.5,10,29,87,0.00013271656419132846,5.3476156837564324e-11,7.358978122689531e-06,3.559100690668382e-09,1.9529096856329492e-14,1.6206953000510111,1.6002415000111796,0.011097200098447502,1.4570437000948004,0.76208980003139,0.1974587002187036,0.060610400163568556,0.4158916000742465,0.13210059981793165,0.00022790004732087255,0.0185349999810569,0.00019940000493079424,19,10,9,0,two_state_linear_predictor,,protected_anderson,1,0,,no_cache_phase1,800,800,0,0,0
203,16.916666666666668,1,standard,True,True,converged,,ilu,0.5,6,13,37,0.00047246208767127057,7.753253379586744e-09,8.719216539208987e-06,3.4962837210573476e-09,1.8889319034724185e-14,0.7409100999939255,0.7205089000053704,0.005388699937611818,0.6399386000703089,0.34273540013236925,0.09340419992804527,0.02563940000254661,0.16839650011388585,0.07518159999744967,0.00016870000399649143,0.018703100038692355,0.00019890000112354755,9,4,3,0,two_state_linear_predictor,,protected_anderson,2,1,coupling_residual_increased,no_cache_phase1,800,800,0,0,0
204,17.0,1,standard,True,True,converged,,ilu,0.5,8,26,81,0.00012930991386690013,3.388477278796912e-09,9.23709435226652e-06,3.434225203980129e-09,1.8688694423807392e-14,1.4160632999846712,1.3956592999747954,0.008984299842268229,1.2805833000456914,0.6716361999860965,0.19682389992522076,0.053420100011862814,0.3408641000278294,0.10609170008683577,0.0002460000105202198,0.01828920003026724,0.00018909998470917344,17,9,9,0,two_state_linear_predictor,,protected_anderson,1,0,,no_cache_phase1,800,800,0,0,0
205,17.083333333333332,1,standard,True,True,converged,,ilu,0.5,9,26,84,0.00031836765322683006,8.322157913355481e-11,6.449209379128689e-06,3.368173162890966e-09,1.8828297857703784e-14,1.4027059000218287,1.3814342000405304,0.008450300083495677,1.257381199975498,0.6645693001337349,0.1748438997892663,0.055661700083874166,0.34393939992878586,0.11560269998153672,0.00028979999478906393,0.019280399952549487,0.00020210002548992634,17,9,8,0,two_state_linear_predictor,,protected_anderson,3,2,coupling_residual_increased|coupling_residual_increased,no_cache_phase1,800,800,0,0,0
206,17.166666666666668,1,standard,True,True,converged,,ilu,0.5,8,26,77,0.0003871304416981259,3.361529376925187e-11,6.023998714280669e-06,3.3013761865748753e-09,1.7529956149785473e-14,1.4025111999944784,1.3826084999600425,0.008002500049769878,1.2777385999797843,0.6600041997735389,0.19635660003405064,0.05620629986515269,0.3474102999898605,0.09686739993048832,0.00027250003768131137,0.01799730001948774,0.00016629998572170734,18,8,10,0,two_state_linear_predictor,,protected_anderson,1,0,,no_cache_phase1,800,800,0,0,0
207,17.25,1,standard,True,True,converged,,ilu,0.5,7,66,208,0.0005804917455111305,9.009831705387417e-11,7.760611013205482e-06,3.2559450775116816e-09,1.7913511883215547e-14,3.224836499954108,3.2065533999702893,0.005769099923782051,3.1160814999602735,1.6500021999818273,0.39526860002661124,0.14493280003080145,0.8843823996721767,0.08470280008623376,0.00015689997235313058,0.016735300014261156,0.00019809999503195286,36,30,29,0,two_state_linear_predictor,,protected_anderson,2,1,coupling_residual_increased,no_cache_phase1,800,800,0,0,0
208,17.333333333333332,1,standard,True,True,converged,,ilu,0.5,8,45,148,0.00044271119585453196,8.981078621126635e-11,9.5836683550925e-06,3.23409188722013e-09,1.8205417233542032e-14,2.321655399980955,2.3004234000109136,0.0074831999954767525,2.186986099986825,1.1407588998554274,0.2858082999009639,0.10466399998404086,0.6271327998838387,0.10595410002861172,0.0002714999718591571,0.0190193000016734,0.00020459998631849885,26,19,18,0,two_state_linear_predictor,,protected_anderson,3,2,anderson_step_guard|coupling_residual_increased,no_cache_phase1,800,800,0,0,0
209,17.416666666666668,1,standard,True,True,converged,,ilu,0.5,7,44,136,0.00034881972282802947,5.858575412660505e-11,4.103378592576389e-06,3.208087644780151e-09,1.9273676950434046e-14,2.2383863999857567,2.222353999968618,0.008346800052095205,2.114332499972079,1.1267344003426842,0.2787539000273682,0.09520279965363443,0.5861426001065411,0.099674699944444,0.0002731000422500074,0.014209799992386252,0.00011259998427703977,25,19,18,0,two_state_linear_predictor,,protected_anderson,2,1,coupling_residual_increased,no_cache_phase1,800,800,0,0,0
210,17.5,1,standard,True,True,converged,,ilu,0.5,7,24,72,0.0005354835990425007,6.94788809229318e-11,5.533952036202216e-06,3.174640924033718e-09,1.8513657061079133e-14,1.2497653999598697,1.2299437000183389,0.007172000186983496,1.132404499920085,0.588618400041014,0.1593355998629704,0.05057760013733059,0.31795740011148155,0.09036719991127029,0.00027169997338205576,0.01826949999667704,0.00020250002853572369,15,9,8,0,two_state_linear_predictor,,protected_anderson,2,1,coupling_residual_increased,no_cache_phase1,800,800,0,0,0
211,17.583333333333332,1,standard,True,True,converged,,ilu,0.5,8,13,39,0.00043219813783343245,8.085950189231008e-11,5.326457283937838e-06,3.1413465791534817e-09,1.866456151633762e-14,0.7710420999792404,0.7299240999855101,0.007470399898011237,0.6175820999778807,0.3084572000079788,0.09795879997545853,0.027384599903598428,0.17326500010676682,0.10487160010961816,0.0002440999960526824,0.03893639997113496,0.0005440999520942569,10,3,2,0,two_state_linear_predictor,,protected_anderson,2,1,coupling_residual_increased,no_cache_phase1,800,800,0,0,0
212,17.666666666666668,1,standard,True,True,converged,,ilu,0.5,10,11,33,0.0003761922086182129,9.312658606911802e-11,9.75768647017211e-06,3.109697507831534e-09,1.7688013492379313e-14,0.7457579000038095,0.7247777000302449,0.01154020003741607,0.5774869999731891,0.2890739000868052,0.10303519992157817,0.02433099993504584,0.14975739998044446,0.13575050001963973,0.00019619998056441545,0.01903590001165867,0.00019910000264644623,10,1,0,0,two_state_linear_predictor,,protected_anderson,2,1,anderson_step_guard,no_cache_phase1,800,800,0,0,0
213,17.75,1,standard,True,True,converged,,ilu,0.5,8,11,33,0.00038784997431192645,9.734650053533898e-11,6.680973785063829e-06,3.079578104782164e-09,1.8310083581174097e-14,0.7096945999655873,0.6902491999790072,0.00867190002463758,0.5748868000227958,0.28815940010827035,0.09636230010073632,0.024118499888572842,0.1561568999895826,0.10669049993157387,0.00027489999774843454,0.01749009999912232,0.00019190000602975488,9,2,1,0,two_state_linear_predictor,,protected_anderson,2,1,coupling_residual_increased,no_cache_phase1,800,800,0,0,0
214,17.833333333333332,1,standard,True,True,converged,,ilu,0.5,12,14,40,0.00037251490929202303,7.0733580821413524e-09,9.96520274849863e-06,3.0520700857098645e-09,1.84568244703821e-14,0.9212324999971315,0.9002752999658696,0.013191799982450902,0.718554200080689,0.3580507998703979,0.12511650001397356,0.028689400060102344,0.192642199981492,0.1685292999027297,0.00027269998099654913,0.01909640000667423,0.0002066000015474856,12,2,0,0,two_state_linear_predictor,,protected_anderson,5,4,coupling_residual_increased|coupling_residual_increased|coupling_residual_increased|anderson_step_guard,no_cache_phase1,800,800,0,0,0
215,17.916666666666668,1,standard,True,True,converged,,ilu,0.5,11,14,39,0.0002848270803850502,8.826121655300683e-11,9.538668427677853e-06,3.024642289112757e-09,1.796216765931356e-14,1.197163599950727,1.1763661000295542,0.012933199934195727,0.9755033000255935,0.46207859995774925,0.17483450000872836,0.05753530014771968,0.2620134999160655,0.187929600069765,0.0002998000127263367,0.01867570000467822,0.0002095999661833048,12,2,1,0,two_state_linear_predictor,,protected_anderson,3,2,anderson_step_guard|coupling_residual_increased,no_cache_phase1,800,800,0,0,0
216,18.0,1,standard,True,True,converged,,ilu,0.5,11,14,37,0.00020945126340226835,7.09447084337782e-09,5.007603766033473e-06,2.9936319274563483e-09,1.7531295368116917e-14,0.9234085999778472,0.9037082000286318,0.011657199880573899,0.7476147000561468,0.38611240015598014,0.12307149998378009,0.027549299993552268,0.19766589999198914,0.1444363000919111,0.0001742999884299934,0.017941199999768287,0.00019970000721514225,12,2,1,0,two_state_linear_predictor,,protected_anderson,3,2,anderson_step_guard|coupling_residual_increased,no_cache_phase1,800,800,0,0,0
217,18.083333333333332,1,standard,True,True,converged,,ilu,0.5,11,14,39,0.00030319109694693243,8.185331095453177e-09,4.061415009502833e-06,2.956281985051977e-09,1.7402397818539643e-14,0.9063644999987446,0.8868147999746725,0.012309400248341262,0.7234592997701839,0.360965599946212,0.1300129999872297,0.02654280001297593,0.1929049000609666,0.15104609995614737,0.0002818999928422272,0.01783540000906214,0.00011149997590109706,12,2,1,0,two_state_linear_predictor,,protected_anderson,2,1,anderson_step_guard,no_cache_phase1,800,800,0,0,0
218,18.166666666666668,1,standard,True,True,converged,,ilu,0.5,8,23,69,0.00032096553999144055,7.759623187401899e-09,5.968530326479067e-06,2.912061135270723e-09,1.816479659925194e-14,1.3197195999673568,1.3000962000223808,0.008685700071509928,1.1784767999779433,0.6258627001079731,0.1586670998367481,0.047747300122864544,0.32877780008129776,0.11293369997292757,0.0002703999634832144,0.017699999967589974,0.00018799997633323073,15,8,7,0,two_state_linear_predictor,,protected_anderson,1,0,,no_cache_phase1,800,800,0,0,0
219,18.25,1,standard,True,True,converged,,ilu,0.5,11,29,86,0.00022913851208705742,6.807608687687046e-09,3.5973087282028218e-06,2.8633562972124493e-09,1.7442751072547337e-14,1.5715080000227317,1.548782099969685,0.01363759970990941,1.3823382001719438,0.7371964000631124,0.19542200001887977,0.05983070004731417,0.3687443998642266,0.15280630008783191,0.0002503999858163297,0.020915400004014373,0.00019370001973584294,19,10,8,0,two_state_linear_predictor,,protected_anderson,1,0,,no_cache_phase1,800,800,0,0,0
220,18.333333333333332,1,standard,True,True,converged,,ilu,0.5,10,24,73,0.00042830403151528567,1.0436348025977868e-10,5.507358905008839e-06,2.8125015523523226e-09,1.7189653374815637e-14,1.3643979000044055,1.344050400017295,0.01264850003644824,1.1841678000055254,0.6119611000758596,0.16751439997460693,0.05285729991737753,0.33242340007564053,0.14723409997532144,0.00027789996238425374,0.018411099968943745,0.00018360000103712082,16,8,6,0,two_state_linear_predictor,,protected_anderson,2,1,coupling_residual_increased,no_cache_phase1,800,800,0,0,0
221,18.416666666666668,1,standard,True,True,converged,,ilu,0.5,6,23,70,0.0006413096191926066,1.354467355703155e-10,9.485421675742685e-06,2.759782078302771e-09,1.8077421922393698e-14,1.2736357999965549,1.25351429998409,0.005149600096046925,1.1660954999970272,0.6169906999566592,0.15165310009615496,0.049242100096307695,0.33237890020245686,0.08226919989101589,0.0002523000002838671,0.01823980000335723,0.00020830001449212432,14,9,8,0,two_state_linear_predictor,,protected_anderson,2,1,coupling_residual_increased,no_cache_phase1,800,800,0,0,0
222,18.5,1,standard,True,True,converged,,ilu,0.5,7,34,105,0.000604897809257284,1.513059365373954e-10,8.43274977532116e-06,2.7015923032184236e-09,1.7466410988386374e-14,1.8184069999842905,1.7986881000106223,0.007118100009392947,1.6993193000089377,0.9056156998849474,0.23792740021599457,0.07334089983487502,0.46024989982834086,0.09225069999229163,0.0002662999904714525,0.017769300029613078,0.00017780001508072019,21,13,14,0,two_state_linear_predictor,,protected_anderson,2,1,coupling_residual_increased,no_cache_phase1,800,800,0,0,0
223,18.583333333333332,1,standard,True,True,converged,,ilu,0.5,11,28,89,0.0003786101165081405,1.1404366112878323e-10,4.7322829340357055e-06,2.634240158091417e-09,1.7355231710564484e-14,1.629535499960184,1.6068238000152633,0.011294399853795767,1.4424888000357896,0.7489556002547033,0.2257351996959187,0.058644700155127794,0.38797010015696287,0.15304060012567788,0.00027899997076019645,0.02070399996591732,0.00020750000840052962,21,7,10,0,two_state_linear_predictor,,protected_anderson,3,2,coupling_residual_increased|coupling_residual_increased,no_cache_phase1,800,800,0,0,0
224,18.666666666666668,1,standard,True,True,converged,,ilu,0.5,7,51,157,0.000655421224704567,1.9158308532219863e-10,8.645117368750138e-06,2.572538005525407e-09,1.9016809673069675e-14,2.6027323000016622,2.5819697999977507,0.00897799979429692,2.4764378001564182,1.3229082000325434,0.3287276003975421,0.10633980011334643,0.6865477001410909,0.09655400004703552,0.000270900025498122,0.018758899997919798,0.00017309997929260135,29,22,22,0,two_state_linear_predictor,,protected_anderson,2,1,coupling_residual_increased,no_cache_phase1,800,800,0,0,0
225,18.75,1,standard,True,True,converged,,ilu,0.5,8,62,207,0.00046896884674350387,1.51193722139918e-10,7.805593549123057e-06,2.5369894438845216e-09,1.7792960793607878e-14,3.1222814999637194,3.10087859997293,0.007258000085130334,2.985986599989701,1.5945979003445245,0.3876843997859396,0.13814729976002127,0.8281454001553357,0.10763399989809841,0.0002764000091701746,0.018829999957233667,0.0001765000051818788,35,27,27,0,two_state_linear_predictor,,protected_anderson,3,2,anderson_step_guard|coupling_residual_increased,no_cache_phase1,800,800,0,0,0
226,18.833333333333332,1,standard,True,True,converged,,ilu,0.5,7,43,133,0.0004753235661045245,1.3662011095426475e-10,9.310188540958698e-06,2.504728172350268e-09,1.793835762573881e-14,2.2246966999955475,2.2043906000326388,0.0066806000540964305,2.098350099986419,1.1001507999608293,0.27263909991597757,0.09249220020137727,0.6058066001278348,0.09935989999212325,0.000249299977440387,0.018464500026311725,0.00017409998690709472,25,18,18,0,two_state_linear_predictor,,protected_anderson,2,1,coupling_residual_increased,no_cache_phase1,800,800,0,0,0
227,18.916666666666668,1,standard,True,True,converged,,ilu,0.5,7,32,96,0.000495597320153778,9.155767818802731e-11,6.149791657879294e-06,2.462442611902171e-09,1.8011570777208002e-14,1.669735600007698,1.6493205000297166,0.005955100001301616,1.5433742000022903,0.8175254000816494,0.1975142000010237,0.0655176000436768,0.4420710998820141,0.09999120002612472,0.0002294000005349517,0.018655899970326573,0.00019420002354308963,19,13,12,0,two_state_linear_predictor,,protected_anderson,2,1,coupling_residual_increased,no_cache_phase1,800,800,0,0,0
228,19.0,1,standard,True,True,converged,,ilu,0.5,10,15,45,0.00024421059637044274,4.279701811380273e-11,7.832993174336574e-06,2.4198454051211813e-09,1.7615975015462217e-14,0.9227962999721058,0.9033687000046484,0.010130599897820503,0.7547056000912562,0.3780756000196561,0.12003220000769943,0.032837599981576204,0.2100681999581866,0.1385325000155717,0.00023439998039975762,0.01765299995895475,0.00020089995814487338,12,3,2,0,two_state_linear_predictor,,protected_anderson,2,1,coupling_residual_increased,no_cache_phase1,800,800,0,0,0
229,19.083333333333332,1,standard,True,True,converged,,ilu,0.5,11,14,40,0.0001695536698153354,6.965788022215526e-09,8.150827714512055e-06,2.382097049431686e-09,1.710518235100599e-14,0.8675730000250041,0.8474163000355475,0.0116475002723746,0.6845353998942301,0.35167410009307787,0.11563429987290874,0.027216200018301606,0.17723609984386712,0.1512333998689428,0.00027169997338205576,0.018309400009457022,0.00011369999265298247,12,2,1,0,two_state_linear_predictor,,protected_anderson,3,2,anderson_step_guard|coupling_residual_increased,no_cache_phase1,800,800,0,0,0
230,19.166666666666668,1,standard,True,True,converged,,ilu,0.5,11,14,40,0.0001373515393166267,4.244514983716233e-09,5.033526529636286e-06,2.346537808774617e-09,1.7622368265643654e-14,0.8767784000374377,0.8548293999629095,0.01135060004889965,0.6950041999225505,0.3459568999824114,0.116605699819047,0.027577999921049923,0.19232009985717013,0.1484745999914594,0.0002832000027410686,0.01984610001090914,0.00020320003386586905,12,2,1,0,two_state_linear_predictor,,protected_anderson,3,2,anderson_step_guard|coupling_residual_increased,no_cache_phase1,800,800,0,0,0
231,19.25,1,standard,True,True,converged,,ilu,0.5,10,12,35,0.00016277710661992016,9.789924251341689e-09,3.639443913719997e-06,2.30879416122369e-09,1.678424770568678e-14,0.7757113000261597,0.7558833999792114,0.009169100027065724,0.6074953001225367,0.306129900040105,0.10016809997614473,0.023973199946340173,0.1664711000630632,0.13921899982960895,0.00021869997726753354,0.01800450001610443,0.000202300027012825,10,2,0,0,two_state_linear_predictor,,protected_anderson,2,1,coupling_residual_increased,no_cache_phase1,800,800,0,0,0
232,19.333333333333332,1,standard,True,True,converged,,ilu,0.5,10,11,33,0.0002414709760889477,8.770681719621547e-11,6.737111222265521e-06,2.265216191849035e-09,1.8022348030196562e-14,0.7373888000147417,0.7170896999887191,0.009317099989857525,0.580216700094752,0.2911080999765545,0.11192840000148863,0.022781999898143113,0.14356849994510412,0.12755589990410954,0.00023250002413988113,0.018413699988741428,0.00018209998961538076,10,1,0,0,two_state_linear_predictor,,protected_anderson,2,1,anderson_step_guard,no_cache_phase1,800,799,1,0,0
233,19.416666666666668,1,standard,True,True,converged,,ilu,0.5,14,30,93,9.65527976511261e-05,1.245100674408293e-10,3.2061238453025188e-06,2.2142193679178116e-09,1.859617310377602e-14,1.692783500009682,1.6725312000489794,0.01258940005209297,1.472598000022117,0.7722443000529893,0.22127839975291863,0.05962890014052391,0.3963181999861263,0.18734379997476935,0.00046629999997094274,0.018140000000130385,0.00020209996728226542,22,8,8,0,previous_accepted_state,active_ice_mask_changed,protected_anderson,5,4,coupling_residual_increased|coupling_residual_increased|coupling_residual_increased|coupling_residual_increased,no_cache_phase1,799,799,0,0,0
234,19.5,1,standard,True,True,converged,,ilu,0.5,9,11,33,0.0002482242076147006,8.603809622741638e-11,5.1029670379823505e-06,2.158298068706197e-09,1.8423226241992024e-14,0.7093335000099614,0.6884947000071406,0.00860400008969009,0.5552406999631785,0.2790466999867931,0.09410629991907626,0.02408080006716773,0.1466891998425126,0.12464999995427206,0.0002514999941922724,0.01894829998491332,0.00019620003877207637,10,1,1,0,two_state_linear_predictor,,protected_anderson,2,1,coupling_residual_increased,no_cache_phase1,799,799,0,0,0
235,19.583333333333332,1,standard,True,True,converged,,ilu,0.5,9,27,81,0.00022637661930513555,1.4930511783577462e-10,6.916317303213823e-06,2.100367923754894e-09,1.707402533238458e-14,1.4856383999576792,1.465494200005196,0.007943000120576471,1.3431312999455258,0.7158846001839265,0.18695489992387593,0.054276200011372566,0.36685369990300387,0.11441989993909374,0.00027140002930536866,0.018187299952842295,0.00019789999350905418,17,10,8,0,two_state_linear_predictor,,protected_anderson,3,2,coupling_residual_increased|coupling_residual_increased,no_cache_phase1,799,799,0,0,0
236,19.666666666666668,1,standard,True,True,converged,,ilu,0.5,9,25,75,0.0001957448355203184,2.048284075990926e-10,6.9337553893885165e-06,2.0427298410928153e-09,1.7104604172206293e-14,1.3070448000216857,1.2866734000272118,0.008608900010585785,1.1523301000706851,0.5977175000007264,0.16508480004267767,0.048503799946047366,0.32335009990492836,0.12573439994594082,0.0002457999507896602,0.018530700006522238,0.00017899996601045132,17,8,8,0,two_state_linear_predictor,,protected_anderson,3,2,coupling_residual_increased|coupling_residual_increased,no_cache_phase1,799,799,0,0,0
237,19.75,1,standard,True,True,converged,,ilu,0.5,9,24,74,8.91494199681479e-05,5.225212083679347e-09,5.942100090041964e-06,1.984967026975867e-09,1.7217411626015305e-14,1.3256399999954738,1.3058566999970935,0.007583800063002855,1.170897299889475,0.6122222997946665,0.17043400020338595,0.05019330000504851,0.32020959979854524,0.12737560004461557,0.0002837999491021037,0.01779550005448982,0.00020250002853572369,16,8,7,0,two_state_linear_predictor,,protected_anderson,3,2,coupling_residual_increased|coupling_residual_increased,no_cache_phase1,799,799,0,0,0
238,19.833333333333332,1,standard,True,True,converged,,ilu,0.5,9,24,78,0.00014739540265110816,6.407816807722919e-09,2.650060271031465e-06,1.9216064036469815e-09,1.6242569905459915e-14,1.325830500049051,1.3052948000258766,0.008025199873372912,1.1790956000913866,0.606926099571865,0.1758692002040334,0.05267460009781644,0.3257240998791531,0.11817400006111711,0.00022599997464567423,0.018472300027497113,0.00019799999427050352,17,7,8,0,two_state_linear_predictor,,protected_anderson,3,2,coupling_residual_increased|coupling_residual_increased,no_cache_phase1,799,799,0,0,0
239,19.916666666666668,1,standard,True,True,converged,,ilu,0.5,10,20,63,0.00025318064463154,2.0624876704615697e-10,8.885117442356549e-06,1.8469128397569214e-09,1.8591733289349276e-14,1.1641298000467941,1.144296900019981,0.009467200201470405,0.9958508998388425,0.5199068000656553,0.14618069981224835,0.04379369999514893,0.26967720012180507,0.1389787999796681,0.00024259998463094234,0.018080900015775114,0.00018100003944709897,15,5,5,0,two_state_linear_predictor,,protected_anderson,3,2,coupling_residual_increased|coupling_residual_increased,no_cache_phase1,799,799,0,0,0
240,20.0,1,standard,True,True,converged,,ilu,0.5,10,47,156,0.00033792548598180963,9.526273112814032e-11,9.48566874242225e-06,1.77323080103767e-09,1.6844048497111135e-14,2.4670496999751776,2.447384500002954,0.009878600016236305,2.2973098999937065,1.212080999801401,0.2980409999145195,0.10276519972831011,0.6537278001196682,0.14019599999301136,0.00028219999512657523,0.018085700052324682,0.00019689998589456081,28,19,18,0,two_state_linear_predictor,,protected_anderson,4,3,anderson_step_guard|coupling_residual_increased|coupling_residual_increased,no_cache_phase1,799,799,0,0,0
241,20.083333333333332,1,standard,True,True,converged,,ilu,0.5,8,48,153,0.0003848030297214064,2.6198124357861303e-10,9.707998117258327e-06,1.7304107453105012e-09,1.709963255306701e-14,2.4629814000218175,2.441861199971754,0.008851499820593745,2.32107480004197,1.247651400102768,0.2855062001035549,0.09870919992681593,0.6583452001796104,0.1119349001091905,0.0007729000062681735,0.018572699977084994,0.00017680000746622682,27,21,19,0,two_state_linear_predictor,,protected_anderson,3,2,anderson_step_guard|coupling_residual_increased,no_cache_phase1,799,799,0,0,0
242,20.166666666666668,1,standard,True,True,converged,,ilu,0.5,9,34,109,0.00031678666292606365,3.364832335730248e-10,7.154905658015865e-06,1.7036707612947046e-09,1.7490843068227882e-14,1.8262374000041746,1.8048325999989174,0.009164300106931478,1.6717389999539591,0.8689695000066422,0.22750030003953725,0.07333580002887174,0.4773649999406189,0.12392929993802682,0.00030969997169449925,0.019270099990535527,0.0002038999809883535,21,13,12,0,two_state_linear_predictor,,protected_anderson,3,2,coupling_residual_increased|coupling_residual_increased,no_cache_phase1,799,799,0,0,0
243,20.25,1,standard,True,True,converged,,ilu,0.5,7,24,72,0.000547230723969934,2.740041820509707e-10,9.212682533354019e-06,1.674341957945791e-09,1.7306780215599775e-14,1.3979145999765024,1.3757718999986537,0.007484800007659942,1.2640856999787502,0.6573509999434464,0.17333399987546727,0.0584449001471512,0.35306540003512055,0.10420140001224354,0.00029279995942488313,0.020118199987336993,0.00020130001939833164,15,9,8,0,two_state_linear_predictor,,protected_anderson,2,1,coupling_residual_increased,no_cache_phase1,799,799,0,0,0
244,20.333333333333332,1,standard,True,True,converged,,ilu,0.5,10,19,57,0.00024092849282885865,8.742179771403337e-11,3.710876466385611e-06,1.6447032116602563e-09,1.699689955397355e-14,1.0762156000128016,1.0548330000019632,0.01019350002752617,0.9242238999577239,0.48116520000621676,0.12766930006910115,0.038832400052342564,0.26188509981147945,0.12041560001671314,0.000272100034635514,0.019212800019886345,0.0002440999960526824,14,5,4,0,two_state_linear_predictor,,protected_anderson,2,1,coupling_residual_increased,no_cache_phase1,799,799,0,0,0
245,20.416666666666668,1,standard,True,True,converged,,ilu,0.5,9,12,36,0.00022188161953101432,1.9751312412907576e-10,5.505753242487758e-06,1.615571725158485e-09,1.6780561235379287e-14,0.7559205999714322,0.7346415999927558,0.008223300101235509,0.614426199987065,0.3172333998954855,0.09794860001420602,0.024492999946232885,0.16447759984293953,0.11199209990445524,0.00024640001356601715,0.019448000006377697,0.00019789999350905418,10,2,1,0,two_state_linear_predictor,,protected_anderson,2,1,anderson_step_guard,no_cache_phase1,799,799,0,0,0
246,20.5,1,standard,True,True,converged,,ilu,0.5,9,12,36,0.00033257244274292815,2.646287498962006e-10,7.799274389197643e-06,1.5846399500275695e-09,1.6699236480397314e-14,0.7601063000038266,0.7395211000111885,0.00920369999948889,0.6083861000370234,0.3157112001790665,0.09881549992132932,0.024371200008317828,0.15897009999025613,0.12193129997467622,0.00027439999394118786,0.018632100021932274,0.00019320001592859626,10,2,1,0,two_state_linear_predictor,,protected_anderson,2,1,anderson_step_guard,no_cache_phase1,799,799,0,0,0
247,20.583333333333332,1,standard,True,True,converged,,ilu,0.5,11,14,42,0.00018499429510313535,9.435107919636586e-11,3.291950716229425e-06,1.547625275042976e-09,1.6671769120501902e-14,0.8724195000249892,0.851218499999959,0.010930099990218878,0.6983878000173718,0.3538485002354719,0.1113213999196887,0.027117200021166354,0.1932914000353776,0.14190059999236837,0.0002733999863266945,0.01929490000475198,0.00019340001745149493,12,2,1,0,two_state_linear_predictor,,protected_anderson,3,2,anderson_step_guard|coupling_residual_increased,no_cache_phase1,799,799,0,0,0
248,20.666666666666668,1,standard,True,True,converged,,ilu,0.5,11,12,36,0.00021274828729379974,7.885615212249347e-11,8.280601272678126e-06,1.5020387747950728e-09,1.6624168457696738e-14,0.8084641000023112,0.7888716000015847,0.01167090010130778,0.6256685999105684,0.3205697000375949,0.10319189995061606,0.024827999994158745,0.16545299993595108,0.1515320999897085,0.00023989996407181025,0.017910399998072535,0.00011520000407472253,11,1,0,0,two_state_linear_predictor,,protected_anderson,2,1,anderson_step_guard,no_cache_phase1,799,799,0,0,0
249,20.75,1,standard,True,True,converged,,ilu,0.5,10,21,63,0.00023832489747782612,1.406492090481134e-10,6.122991343185875e-06,1.4491500776146e-09,1.6602491804252023e-14,1.1978350999997929,1.176707600010559,0.008701899729203433,1.03594790014904,0.546244699973613,0.15241250005783513,0.04261959990253672,0.2792493000160903,0.1320578001323156,0.0002626000205054879,0.019082300015725195,0.00019719998817890882,15,6,5,0,two_state_linear_predictor,,protected_anderson,3,2,coupling_residual_increased|coupling_residual_increased,no_cache_phase1,799,799,0,0,0
250,20.833333333333332,1,standard,True,True,converged,,ilu,0.5,10,30,92,0.00027650059431572966,3.683487597416202e-10,9.95072595226494e-06,1.394777483149684e-09,1.7066319749787495e-14,1.6098441000212915,1.5883132999879308,0.008611499855760485,1.4418544000945985,0.7549469998921268,0.1959859998896718,0.06222650007111952,0.40680859982967377,0.1378474000375718,0.00024449999909847975,0.01966960000572726,0.00019970000721514225,19,11,9,0,two_state_linear_predictor,,protected_anderson,4,3,anderson_step_guard|coupling_residual_increased|anderson_step_guard,no_cache_phase1,799,799,0,0,0
251,20.916666666666668,1,standard,True,True,converged,,ilu,0.5,15,25,75,0.00011410154019632986,8.716612905314177e-11,7.13240226397482e-06,1.3467113802492925e-09,1.6056039015067625e-14,1.4657822999870405,1.449047799978871,0.013885599793866277,1.2289700001711026,0.6283674998558126,0.1924107999075204,0.04976259998511523,0.3380040000192821,0.20619220001390204,0.0002120999852195382,0.015065799991134554,0.00016449997201561928,19,6,4,0,two_state_linear_predictor,,protected_anderson,5,4,coupling_residual_increased|coupling_residual_increased|coupling_residual_increased|coupling_residual_increased,no_cache_phase1,799,799,0,0,0
252,21.0,1,standard,True,True,converged,,ilu,0.5,7,29,94,0.0001669513619825364,1.4768925767575583e-10,5.7504705832178805e-06,1.3061624145053558e-09,1.622572264529988e-14,1.4896072000265121,1.4719909999985248,0.0067186999367550015,1.3781903999624774,0.728851999854669,0.17754190019331872,0.061817399808205664,0.3909056997508742,0.0870819000992924,0.00024449999909847975,0.015935900039039552,0.0001781000173650682,18,11,11,0,two_state_linear_predictor,,protected_anderson,2,1,coupling_residual_increased,no_cache_phase1,799,799,0,0,0
253,21.083333333333332,1,standard,True,True,converged,,ilu,0.5,8,19,58,0.0002912856141468531,1.4222462426845227e-10,8.774089361533612e-06,1.2657194285873095e-09,1.6441726251647606e-14,1.0391114000231028,1.017956800002139,0.016576800029724836,0.8966644999454729,0.47702220018254593,0.12390570004936308,0.0385466999723576,0.24336459999904037,0.1047155000269413,0.00028879998717457056,0.019270899996627122,0.00019729998894035816,13,6,5,0,two_state_linear_predictor,,protected_anderson,2,1,coupling_residual_increased,no_cache_phase1,799,799,0,0,0
254,21.166666666666668,1,standard,True,True,converged,,ilu,0.5,11,27,84,0.00013860973713557772,8.178812630144961e-11,4.800441968434811e-06,1.2201652748891312e-09,1.6242624694321163e-14,1.498575699981302,1.4772492999909446,0.012674199941102415,1.3121937000541948,0.6947597000398673,0.1836558998329565,0.05425810004817322,0.35833360004471615,0.15238139999564737,0.0002690000110305846,0.019147500046528876,0.00020110001787543297,19,8,8,0,two_state_linear_predictor,,protected_anderson,1,0,,no_cache_phase1,799,799,0,0,0
255,21.25,1,standard,True,True,converged,,ilu,0.5,9,33,106,0.0001063384999874791,9.670655750794343e-09,9.793641531382292e-06,1.1779175080821398e-09,1.595067084035625e-14,1.7396046000067145,1.7195837999461219,0.009209600044414401,1.5859870999702252,0.8171804999583401,0.2137006000848487,0.07214949995977804,0.45986189984250814,0.12438709993148223,0.0002525000018067658,0.01814230001764372,0.00020599999697878957,20,13,11,0,two_state_linear_predictor,,protected_anderson,2,1,coupling_residual_increased,no_cache_phase1,799,799,0,0,0
256,21.333333333333332,1,standard,True,True,converged,,ilu,0.5,10,48,154,0.00032189096167360156,3.6226958951279963e-10,9.288708829190733e-06,1.1552115723292645e-09,1.6920881368273334e-14,2.438880700035952,2.4189834000426345,0.009127200290095061,2.275320799846668,1.2280611001770012,0.28556209994712844,0.10067879996495321,0.6317455002572387,0.1345353999058716,0.00016060000052675605,0.018277800001669675,0.00019530003191903234,29,19,19,0,two_state_linear_predictor,,protected_anderson,4,3,anderson_step_guard|coupling_residual_increased|anderson_step_guard,no_cache_phase1,799,799,0,0,0
257,21.416666666666668,1,standard,True,True,converged,,ilu,0.5,9,32,102,0.00028572478395935447,7.608493492708738e-10,8.271532764644153e-06,1.1411549818695506e-09,1.6350793211636358e-14,1.6905820000101812,1.6705164999584667,0.007883099897298962,1.5453041000873782,0.8179822000092827,0.2070654999697581,0.06693609990179539,0.4310618999879807,0.1173292999737896,0.0002536000101827085,0.01815870002610609,0.00020459998631849885,20,12,11,0,two_state_linear_predictor,,protected_anderson,3,2,coupling_residual_increased|coupling_residual_increased,no_cache_phase1,799,799,0,0,0
258,21.5,1,standard,True,True,converged,,ilu,0.5,10,21,63,0.00024406725134282507,1.6783971187627684e-10,4.414366314770748e-06,1.124200237155234e-09,1.56297315715874e-14,1.2043963999603875,1.1843603000161238,0.010505299957003444,1.0388215000275522,0.5398833999061026,0.1488997001433745,0.04576089995680377,0.2883275999338366,0.1350335000315681,0.00027140002930536866,0.01821319997543469,0.00019830005476251245,15,6,5,0,two_state_linear_predictor,,protected_anderson,2,1,coupling_residual_increased,no_cache_phase1,799,799,0,0,0
259,21.583333333333332,1,standard,True,True,converged,,ilu,0.5,8,14,42,0.00045108392544882854,3.5390876660806605e-10,8.867111731656504e-06,1.1024663337328285e-09,1.6574300628402742e-14,0.7765467999852262,0.7560910999891348,0.007557600096333772,0.6405071999179199,0.3269590000854805,0.09945790009805933,0.026360300020314753,0.17701250006211922,0.10802629997488111,0.0002720000338740647,0.018506199994590133,0.00017389998538419604,11,3,3,0,two_state_linear_predictor,,protected_anderson,2,1,coupling_residual_increased,no_cache_phase1,799,799,0,0,0
260,21.666666666666668,1,standard,True,True,converged,,ilu,0.5,7,23,71,0.0004239116105391044,3.384968376641575e-10,8.228315446739159e-06,1.0753863338057731e-09,1.5647671703839545e-14,1.2146635000244714,1.1946711000055075,0.006795000052079558,1.0900926999747753,0.5625062999897636,0.1501744999550283,0.044752299960236996,0.3165867000352591,0.0977833999786526,0.0002487999736331403,0.018247100000735372,0.00011389999417588115,15,8,8,0,two_state_linear_predictor,,protected_anderson,2,1,coupling_residual_increased,no_cache_phase1,799,799,0,0,0
261,21.75,1,standard,True,True,converged,,ilu,0.5,8,23,70,0.0005608235248730022,3.9502738466182185e-10,7.301355346037336e-06,1.0421119101419852e-09,1.765493672222216e-14,1.2741850999882445,1.2519913999713026,0.0062155998894013464,1.1408436000347137,0.6061666000750847,0.15531609999015927,0.049641599878668785,0.3130735997110605,0.10493220004718751,0.0002609000075608492,0.02017670002533123,0.0003717999788932502,15,8,7,0,two_state_linear_predictor,,protected_anderson,3,2,coupling_residual_increased|coupling_residual_increased,no_cache_phase1,799,799,0,0,0
262,21.833333333333332,1,standard,True,True,converged,,ilu,0.5,8,35,106,0.0006385104768750275,5.962261659071241e-10,8.06313841000387e-06,1.0042097525709982e-09,1.6747999194543492e-14,1.846563300001435,1.8267630999907851,0.006795400113333017,1.715891300002113,0.9310002001584508,0.21307950012851506,0.06655979994684458,0.48128039989387617,0.10407639987533912,0.0002711999695748091,0.017901699990034103,0.0001626999583095312,21,14,13,0,two_state_linear_predictor,,protected_anderson,3,2,anderson_step_guard|coupling_residual_increased,no_cache_phase1,799,799,0,0,0
263,21.916666666666668,1,standard,True,True,converged,,ilu,0.5,12,34,103,0.0004450377481343126,4.260880999831939e-10,5.878375715939564e-06,9.669599741200264e-10,1.5035267920050507e-14,2.1724160999874584,2.154544699995313,0.01012799987802282,1.9830186000908725,1.0644946999964304,0.2698280999902636,0.07265350024681538,0.5494236997910775,0.16139810002641752,0.00027279998175799847,0.016122300003189594,0.00017479999223724008,23,11,11,0,two_state_linear_predictor,,protected_anderson,5,4,coupling_residual_increased|coupling_residual_increased|anderson_step_guard|coupling_residual_increased,no_cache_phase1,799,799,0,0,0
264,22.0,1,standard,True,True,converged,,ilu,0.5,8,30,92,0.00030182737584296234,2.765949676158072e-10,7.283491480077658e-06,9.360753714122126e-10,1.5799033883293813e-14,1.5895178000209853,1.5691246000351384,0.006678600038867444,1.4521722000208683,0.7639537999639288,0.18332650000229478,0.06150360027095303,0.4221019001561217,0.11027379997540265,0.00025019998429343104,0.018511699978262186,0.00019950000569224358,18,12,10,0,two_state_linear_predictor,,protected_anderson,3,2,anderson_step_guard|coupling_residual_increased,no_cache_phase1,799,799,0,0,0
265,22.083333333333332,1,standard,True,True,converged,,ilu,0.5,7,28,86,0.0002971613862601884,2.8769500036743886e-10,8.992303218395789e-06,9.116590945446291e-10,1.625871884217128e-14,1.4337487999582663,1.4138688999810256,0.005916499940212816,1.318028800014872,0.6950202998705208,0.17302989988820627,0.055381499929353595,0.3767383999656886,0.08992360002594069,0.00027959997532889247,0.018020200019236654,0.0001813999842852354,17,11,10,0,two_state_linear_predictor,,protected_anderson,2,1,coupling_residual_increased,no_cache_phase1,799,799,0,0,0
266,22.166666666666668,1,standard,True,True,converged,,ilu,0.5,13,20,60,0.00028908587737255695,1.3809113802964792e-10,4.880543461282518e-06,8.913729366535098e-10,1.6402975072786245e-14,1.2070913000497967,1.1864177000243217,0.012533600151073188,1.0069959998945706,0.5170793000143021,0.1529331998899579,0.040355300065129995,0.2794035000842996,0.16688809997867793,0.0002442999975755811,0.01900139998178929,0.00012860004790127277,16,4,3,0,two_state_linear_predictor,,protected_anderson,3,2,anderson_step_guard|coupling_residual_increased,no_cache_phase1,799,799,0,0,0
267,22.25,1,standard,True,True,converged,,ilu,0.5,12,21,64,0.00038469861953171873,2.80342135678751e-10,9.465616228020216e-06,8.748632212051683e-10,1.5141477854543532e-14,1.2737373000127263,1.2527616000152193,0.013236299913842231,1.076292999961879,0.550925700168591,0.16102979984134436,0.04829620011150837,0.29827809997368604,0.16323230013949797,0.00023149995831772685,0.01946949999546632,0.00019450002582743764,16,5,4,0,two_state_linear_predictor,,protected_anderson,5,4,anderson_step_guard|coupling_residual_increased|coupling_residual_increased|coupling_residual_increased,no_cache_phase1,799,798,1,0,1
268,22.333333333333332,1,standard,True,True,converged,,ilu,0.5,13,44,140,0.00027170449809197326,3.4676614280196193e-10,7.270912185267245e-06,8.651445484249764e-10,1.5691497554232833e-14,2.4180114999762736,2.404911899997387,0.01425750000635162,2.2091511999606155,1.1649499997729436,0.2896767999045551,0.10111980006331578,0.6222764999256469,0.18150320003041998,0.0001577999792061746,0.011843300017062575,0.00011670001549646258,28,16,15,0,previous_accepted_state,active_ice_mask_changed,protected_anderson,3,2,coupling_residual_increased|coupling_residual_increased,no_cache_phase1,798,798,0,0,0
269,22.416666666666668,1,standard,True,True,converged,,ilu,0.5,11,21,65,0.00012008754605245354,1.3806266904560422e-10,3.886465208518041e-06,8.591741511703719e-10,1.56133053010845e-14,1.2235020999796689,1.203488000028301,0.010958999919239432,1.0455798000912182,0.5510732998955064,0.1526580002391711,0.04093939997255802,0.2840148000395857,0.1469492000178434,0.00023849995341151953,0.018463999964296818,0.00020969996694475412,16,5,5,0,two_state_linear_predictor,,protected_anderson,3,2,anderson_step_guard|coupling_residual_increased,no_cache_phase1,798,798,0,0,0
270,22.5,1,standard,True,True,converged,,ilu,0.5,9,51,165,0.0003274685993944929,4.458427343098421e-10,9.55744238770956e-06,8.49958295726407e-10,1.618232537191093e-14,2.6019002000102773,2.5802635999862105,0.008288600074592978,2.454635099915322,1.3215919001959264,0.315139299898874,0.1051206995616667,0.6821598003152758,0.11733989999629557,0.0002951999776996672,0.020007900020573288,0.00019719998817890882,30,21,21,0,two_state_linear_predictor,,protected_anderson,3,2,anderson_step_guard|coupling_residual_increased,no_cache_phase1,798,798,0,0,0
271,22.583333333333332,1,standard,True,True,converged,,ilu,0.5,11,36,114,0.00014640899001195574,1.6961281318762815e-10,7.478815088064688e-06,8.465991603377804e-10,1.5612337419859833e-14,1.941654100024607,1.9210774999810383,0.011916899820789695,1.7545785000547767,0.9394764001481235,0.22911539999768138,0.07047350011998788,0.49152589990990236,0.1545821001054719,0.00027920003049075603,0.018654000014066696,0.00018590001855045557,23,13,12,0,two_state_linear_predictor,,protected_anderson,2,1,coupling_residual_increased,no_cache_phase1,798,798,0,0,0
272,22.666666666666668,1,standard,True,True,converged,,ilu,0.5,8,20,61,0.000365359019475866,5.087397113617712e-10,8.774928017310803e-06,8.504113995994552e-10,1.5764362340112647e-14,1.1346313999965787,1.1145583000034094,0.008298699976876378,0.9944315000320785,0.5289727997151203,0.1410896001616493,0.039082199917174876,0.2706744999741204,0.11182809999445453,0.0002665999927558005,0.018182899977546185,0.00019610003801062703,14,6,6,0,two_state_linear_predictor,,protected_anderson,1,0,,no_cache_phase1,798,798,0,0,0
273,22.75,1,standard,True,True,converged,,ilu,0.5,12,31,94,0.00025786041147361804,4.88200231792659e-10,9.037602797991109e-06,8.526999933919017e-10,1.4740809337421622e-14,1.7152349000098184,1.6943300000275485,0.010507200087886304,1.5218279999680817,0.8055391002562828,0.20780049986205995,0.062060599913820624,0.4241152001195587,0.1619947999715805,0.0002726000384427607,0.01891990000149235,0.00030800001695752144,21,10,9,0,two_state_linear_predictor,,protected_anderson,5,4,anderson_step_guard|coupling_residual_increased|anderson_step_guard|coupling_residual_increased,no_cache_phase1,798,798,0,0,0
274,22.833333333333332,1,standard,True,True,converged,,ilu,0.5,14,25,75,0.00014446388367267716,3.0955664701908404e-10,8.096911772518375e-06,8.569577515042996e-10,1.5056968962544065e-14,1.4923765999847092,1.471678800007794,0.01164679991779849,1.273927099944558,0.6596923000761308,0.18375570012722164,0.04972120001912117,0.360354199889116,0.18610490014543757,0.0002618000144138932,0.018783100007567555,0.00021159998141229153,19,6,5,0,two_state_linear_predictor,,protected_anderson,6,5,anderson_step_guard|coupling_residual_increased|coupling_residual_increased|coupling_residual_increased|coupling_residual_increased,no_cache_phase1,798,798,0,0,0
275,22.916666666666668,1,standard,True,True,converged,,ilu,0.5,12,30,91,0.00020247191441837375,2.7897096148995753e-10,7.789433643853198e-06,8.649767170287368e-10,1.5185551856638265e-14,1.677330799982883,1.657114300003741,0.010883100097998977,1.486296399962157,0.7971602999605238,0.20622410014038906,0.058379999885801226,0.40273570019053295,0.15993479994358495,0.0002881000400520861,0.01822499994887039,0.00017850002041086555,20,10,8,0,two_state_linear_predictor,,protected_anderson,5,4,coupling_residual_increased|coupling_residual_increased|coupling_residual_increased|coupling_residual_increased,no_cache_phase1,798,798,0,0,0
276,23.0,1,standard,True,True,converged,,ilu,0.5,10,26,78,0.00018915556214753294,2.8631521969214556e-10,6.519374680824741e-06,8.771923503266938e-10,1.4738984566779794e-14,1.4464585999958217,1.4257186999893747,0.008698500110767782,1.2819464999483898,0.6749905998585746,0.177746300061699,0.052909000136423856,0.3572279999498278,0.13507369993021712,0.0003106999793089926,0.018661599955521524,0.00018470000941306353,18,8,8,0,two_state_linear_predictor,,protected_anderson,3,2,coupling_residual_increased|coupling_residual_increased,no_cache_phase1,798,798,0,0,0
277,23.083333333333332,1,standard,True,True,converged,,ilu,0.5,13,14,39,0.00013416453648902683,6.107070730325863e-09,5.353780591089673e-06,8.91831286545927e-10,1.504266643367764e-14,0.9413191000348888,0.9253229000023566,0.012061600107699633,0.7221153000136837,0.3625996999326162,0.12319229997228831,0.02895609993720427,0.19250059995101765,0.19114599988097325,0.0002796999760903418,0.013119500013999641,0.00011150003410875797,13,1,0,0,two_state_linear_predictor,,protected_anderson,4,3,anderson_step_guard|coupling_residual_increased|coupling_residual_increased,no_cache_phase1,798,798,0,0,0
278,23.166666666666668,1,standard,True,True,converged,,ilu,0.5,8,8,24,0.00025140003998791775,7.718435243884751e-10,9.325601556634481e-06,9.110626636550065e-10,1.566601768393596e-14,0.5053602000116371,0.48564149998128414,0.0072972000343725085,0.3793364999582991,0.1921827999758534,0.06549210008233786,0.01449889992363751,0.09984199999598786,0.09900779998861253,0.00025530002312734723,0.017676400020718575,0.00019699998665601015,8,0,0,0,two_state_linear_predictor,,protected_anderson,2,1,coupling_residual_increased,no_cache_phase1,798,798,0,0,0
279,23.25,1,standard,True,True,converged,,ilu,0.5,14,15,45,0.00030238845413521273,7.807390478828162e-10,7.682991392339266e-06,9.382849770290562e-10,1.5396722062577457e-14,0.9495536000467837,0.9295092999818735,0.01602919981814921,0.7270618001348339,0.36103539989562705,0.1220100000500679,0.0289360000169836,0.20056019991170615,0.18641830002889037,0.00023720000172033906,0.018312000029254705,0.000202000024728477,14,1,0,0,two_state_linear_predictor,,protected_anderson,4,3,coupling_residual_increased|coupling_residual_increased|coupling_residual_increased,no_cache_phase1,798,798,0,0,0
280,23.333333333333332,1,standard,True,True,converged,,ilu,0.5,12,17,52,0.00032792897328636693,7.625570144300088e-10,8.318912407624882e-06,9.799196391751633e-10,1.4491650221499028e-14,1.0335732999956235,1.0125702999648638,0.01276840001810342,0.8489016000530683,0.4211809001280926,0.1404451999696903,0.0359658999950625,0.23586870002327487,0.15090029989369214,0.0002762000076472759,0.019090000016149133,0.0001996000064536929,14,3,2,0,two_state_linear_predictor,,protected_anderson,3,2,coupling_residual_increased|coupling_residual_increased,no_cache_phase1,798,798,0,0,0
281,23.416666666666668,1,standard,True,True,converged,,ilu,0.5,14,28,85,0.00013292986389503022,4.44589879938737e-10,4.425941417956306e-06,1.036593372279151e-09,1.4554490967857513e-14,1.5661008000024594,1.5456329999724403,0.013530100113712251,1.346603599959053,0.711256499926094,0.18711039994377643,0.050809500040486455,0.37686359987128526,0.18549929989967495,0.0002403000253252685,0.01858229999197647,0.0001789000234566629,20,8,6,0,two_state_linear_predictor,,protected_anderson,5,4,anderson_step_guard|coupling_residual_increased|coupling_residual_increased|coupling_residual_increased,no_cache_phase1,798,798,0,0,0
282,23.5,1,standard,True,True,converged,,ilu,0.5,9,25,80,0.00016394376699207716,7.732605558912443e-10,9.833762243918809e-06,1.0906870636839405e-09,1.4793736222923325e-14,1.3336157000157982,1.313867199991364,0.008637200051452965,1.1869570999406278,0.5991799999028444,0.17452159995445982,0.05190530029358342,0.34335890010697767,0.11827289999928325,0.00021920003928244114,0.018005600024480373,0.00019539997447282076,17,8,8,0,two_state_linear_predictor,,protected_anderson,2,1,coupling_residual_increased,no_cache_phase1,798,798,0,0,0
283,23.583333333333332,1,standard,True,True,converged,,ilu,0.5,12,52,174,0.0001979594338625468,7.559773821971418e-10,5.9300779007577e-06,1.1229798503497187e-09,1.4745201851865976e-14,2.7881878999760374,2.7680414999485947,0.010970399889629334,2.5885858000838198,1.368358799838461,0.3286060999962501,0.11212330008856952,0.7436546997632831,0.1684852999751456,0.0002875000354833901,0.018125700007658452,0.00020570005290210247,32,20,20,0,two_state_linear_predictor,,protected_anderson,5,4,anderson_step_guard|coupling_residual_increased|anderson_step_guard|coupling_residual_increased,no_cache_phase1,798,798,0,0,0
284,23.666666666666668,1,standard,True,True,converged,,ilu,0.5,16,38,120,0.00020196550272377073,8.792858474010884e-10,9.587713059582903e-06,1.1473471986724031e-09,1.4914633333321262e-14,2.1605939000146464,2.143061399983708,0.013649399799760431,1.9069028001395054,0.991124099935405,0.2707178000709973,0.08117439999477938,0.534698800125625,0.22250920004444197,0.00027769996086135507,0.015696500020567328,0.00011220003943890333,27,11,11,0,two_state_linear_predictor,,protected_anderson,7,6,anderson_step_guard|coupling_residual_increased|coupling_residual_increased|coupling_residual_increased|coupling_residual_increased|coupling_residual_increased,no_cache_phase1,798,798,0,0,0
285,23.75,1,standard,True,True,converged,,ilu,0.5,11,30,92,0.0001411819615599546,4.058998262473868e-10,4.49469743704764e-06,1.179571352466652e-09,1.5947881239480116e-14,1.637953900033608,1.617937200004235,0.00996799988206476,1.4666276000789367,0.7784612998366356,0.20041789970127866,0.0589961000951007,0.4067881000228226,0.14134160004323348,0.00024500000290572643,0.018556300026830286,0.00021249998826533556,20,10,9,0,two_state_linear_predictor,,protected_anderson,3,2,coupling_residual_increased|coupling_residual_increased,no_cache_phase1,798,798,0,0,0
286,23.833333333333332,1,standard,True,True,converged,,ilu,0.5,12,21,63,0.00012014299744131646,1.6901841907762043e-10,9.55400830561063e-06,1.2179182356409353e-09,1.472254848086479e-14,1.2275372000294738,1.2048663000459783,0.01400539989117533,1.0225113001069985,0.5391286998055875,0.15678929997375235,0.040447200008202344,0.2700613000197336,0.16834960004780442,0.00024510000366717577,0.0207263000193052,0.00020380003843456507,16,5,4,0,two_state_linear_predictor,,protected_anderson,2,1,anderson_step_guard,no_cache_phase1,798,798,0,0,0
287,23.916666666666668,1,standard,True,True,converged,,ilu,0.5,14,15,45,0.00012196765355146806,3.5923715339648224e-10,7.817425845975412e-06,1.2556251331355902e-09,1.541753998704044e-14,1.0060230000526644,0.9824853999889456,0.012231299886479974,0.7782287001609802,0.3929936999338679,0.13056099991081282,0.030590899928938597,0.20923560002120212,0.19202539994148538,0.0002327000256627798,0.0207007999997586,0.00019940000493079424,14,1,0,0,two_state_linear_predictor,,protected_anderson,5,4,anderson_step_guard|coupling_residual_increased|coupling_residual_increased|coupling_residual_increased,no_cache_phase1,798,798,0,0,0
288,24.0,1,standard,True,True,converged,,ilu,0.5,14,17,51,9.564002372487047e-05,4.69076665181712e-10,3.771711399291371e-06,1.2903419780902565e-09,1.4791632198367745e-14,1.0591308000148274,1.0383237000205554,0.013349000073503703,0.8380405999487266,0.42456399992806837,0.14428660017438233,0.0323069000733085,0.22166550008114427,0.1869340999983251,0.0002658999874256551,0.01896600000327453,0.00020160002168267965,15,2,1,0,two_state_linear_predictor,,protected_anderson,4,3,anderson_step_guard|coupling_residual_increased|coupling_residual_increased,no_cache_phase1,798,798,0,0,0
