step,time_seconds,time_hours,F_I_abs_median,F_I_abs_p95,F_I_abs_maximum,F_C_abs_median,F_C_abs_p95,F_C_abs_maximum,F_sigma_abs_median,F_sigma_abs_p95,F_sigma_abs_maximum,F_D_abs_median,F_D_abs_p95,F_D_abs_maximum,F_W_abs_median,F_W_abs_p95,F_W_abs_maximum,combined_missing_abs_median,combined_missing_abs_p95,combined_missing_abs_maximum,undirected_IC_abs_sum_median,undirected_IC_abs_sum_p95,undirected_IC_abs_sum_maximum,retained_abs_sum_median,retained_abs_sum_p95,retained_abs_sum_maximum,retained_net_abs_median,retained_net_abs_p95,retained_net_abs_maximum,r_IC_corrected_median,r_IC_corrected_p95,r_IC_corrected_maximum,r_Sigma_median,r_Sigma_p95,r_Sigma_maximum,r_net_corrected_median,r_net_corrected_p95,r_net_corrected_maximum,deprecated_FI_plus_FC_abs_median,deprecated_FI_plus_FC_abs_p95,deprecated_FI_plus_FC_abs_maximum,r_IC_deprecated_FI_plus_FC_median,r_IC_deprecated_FI_plus_FC_p95,r_IC_deprecated_FI_plus_FC_maximum,r_net_deprecated_FI_plus_FC_median,r_net_deprecated_FI_plus_FC_p95,r_net_deprecated_FI_plus_FC_maximum,active_center_count_median,active_center_count_p95,active_center_count_maximum
1,300.0,0.08333333333333333,0.0,0.0,0.0,0.0,0.0,0.0,5.546330312093282e-05,0.003415928222133297,0.018067353328259213,0.06324558190310489,0.0635669531728019,0.06419369447151903,0.06324555320336758,0.06324555320336758,0.06324555320336758,0.0,0.0,0.0,0.0,0.0,0.0,0.12651477511328385,0.1288697971970498,0.12999817308885678,4.2564971933243714e-08,8.996527678015981e-06,6.517300165034241e-05,0.0,0.0,0.0,3.3648685433942795e-07,7.05662559613543e-05,0.0005138336020707878,0.0,0.0,0.0,0.0,0.0,0.0,0.0,0.0,0.0,0.0,0.0,0.0,800.0,800.0,800.0
2,600.0,0.16666666666666666,0.0,0.0,0.0,0.0,0.0,0.0,5.915805740124182e-05,0.002799398429891088,0.01297124393380127,0.06324555953780675,0.06350602593585149,0.06396829798654759,0.06324555320336758,0.06324555320336758,0.06324555320336758,0.0,0.0,0.0,0.0,0.0,0.0,0.12651259266374004,0.12839369417091764,0.12930296018901016,1.5798664596593244e-08,1.1390838856859646e-05,3.262851163414462e-05,0.0,0.0,0.0,1.441091045247743e-07,8.909926740847736e-05,0.0002678336519044293,0.0,0.0,0.0,0.0,0.0,0.0,0.0,0.0,0.0,0.0,0.0,0.0,800.0,800.0,800.0
3,900.0,0.25,0.0,0.0,0.0,0.0,0.0,0.0,7.694905207418403e-05,0.0022765600224658473,0.008933353698438425,0.0632455359895531,0.06342888706505655,0.06379474241510838,0.06324555320336758,0.06324555320336758,0.06324555320336758,0.0,0.0,0.0,0.0,0.0,0.0,0.12650789167414137,0.12792464004877682,0.128640210901603,4.1857511451264826e-08,1.3330274967682237e-05,4.415174104989768e-05,0.0,0.0,0.0,3.3450099867139426e-07,0.00010501678900496175,0.0003624260703072585,0.0,0.0,0.0,0.0,0.0,0.0,0.0,0.0,0.0,0.0,0.0,0.0,800.0,800.0,800.0
4,1200.0,0.3333333333333333,0.0,0.0,0.0,0.0,0.0,0.0,8.069205796153861e-05,0.0018046605192603925,0.005864741900102239,0.06324552274525089,0.06338440624245943,0.06361292098283675,0.06324555320336758,0.06324555320336758,0.06324555320336758,0.0,0.0,0.0,0.0,0.0,0.0,0.1265108833023748,0.12758023766038926,0.12805021186713939,1.0636650263423081e-09,8.129026278267293e-06,4.529805494496389e-05,0.0,0.0,0.0,1.0301508956286407e-08,6.418689653111477e-05,0.0003718535898700919,0.0,0.0,0.0,0.0,0.0,0.0,0.0,0.0,0.0,0.0,0.0,0.0,800.0,800.0,800.0
5,1500.0,0.4166666666666667,0.0,0.0,0.0,0.0,0.0,0.0,6.691491876468811e-05,0.0014304643017845691,0.003902514151438463,0.06324559155636288,0.06335707714215082,0.06353821448747698,0.06324555320336758,0.06324555320336758,0.06324555320336758,0.0,0.0,0.0,0.0,0.0,0.0,0.12651186090476363,0.12734146729655674,0.1276672289317479,1.0443147404927088e-08,1.3392145412335844e-05,3.8770211397654315e-05,0.0,0.0,0.0,8.256032884983948e-08,0.00010568962618908134,0.0003107055547144556,0.0,0.0,0.0,0.0,0.0,0.0,0.0,0.0,0.0,0.0,0.0,0.0,800.0,800.0,800.0
6,1800.0,0.5,0.0,0.0,0.0,0.0,0.0,0.0,6.415312782523855e-05,0.001102417445547853,0.0032063132924178388,0.06324558756054258,0.06335689052192983,0.06350194747308303,0.06324555320336758,0.06324555320336758,0.06324555320336758,0.0,0.0,0.0,0.0,0.0,0.0,0.1265137234689514,0.12716075035303895,0.12738424637304407,2.2318759167399636e-08,1.2935491865786579e-05,0.0001064907963383748,0.0,0.0,0.0,1.7640225260746856e-07,0.00010211879028157014,0.0008415796247462588,0.0,0.0,0.0,0.0,0.0,0.0,0.0,0.0,0.0,0.0,0.0,0.0,800.0,800.0,800.0
7,2100.0,0.5833333333333334,0.0,0.0,0.0,0.0,0.0,0.0,6.412101752585386e-05,0.00090358456167339,0.00280833102756383,0.06324561876092893,0.06335793529914954,0.06347173808351615,0.06324555320336758,0.06324555320336758,0.06324555320336758,0.0,0.0,0.0,0.0,0.0,0.0,0.12651457098804195,0.12702083448076262,0.12717537900407266,2.8463543928586907e-08,1.7302164278896748e-05,0.0001734190361219338,0.0,0.0,0.0,2.249968910406629e-07,0.00013638814529980158,0.0013700289882987151,0.0,0.0,0.0,0.0,0.0,0.0,0.0,0.0,0.0,0.0,0.0,0.0,800.0,800.0,800.0
8,2400.0,0.6666666666666666,0.0,0.0,0.0,0.0,0.0,0.0,7.045473153514695e-05,0.0013066662489010688,0.004888375848958177,0.06324572737377862,0.06335939014543032,0.06347572907813044,0.06324555320336758,0.06324555320336758,0.06324555320336758,0.0,0.0,0.0,0.0,0.0,0.0,0.12651580778923266,0.12691347406602987,0.12704634456013125,4.041723931760368e-08,1.2966020357858209e-05,8.113703535202959e-05,0.0,0.0,0.0,3.1980047067068725e-07,0.000102344331025269,0.0006402431125204744,0.0,0.0,0.0,0.0,0.0,0.0,0.0,0.0,0.0,0.0,0.0,0.0,800.0,800.0,800.0
9,2700.0,0.75,0.0,0.0,0.0,0.0,0.0,0.0,8.127617139634185e-05,0.0017561793546956492,0.008892571360279966,0.06324562506279285,0.0633763804913606,0.06349053938694427,0.06324555320336758,0.06324555320336758,0.06324555320336758,0.0,0.0,0.0,0.0,0.0,0.0,0.1265143634299196,0.12683626029967102,0.12698227009180713,3.8287407487582245e-08,5.895172775587246e-06,5.533523777559067e-05,0.0,0.0,0.0,3.026186924087654e-07,4.8401103423199454e-05,0.00043625901994269575,0.0,0.0,0.0,0.0,0.0,0.0,0.0,0.0,0.0,0.0,0.0,0.0,800.0,800.0,800.0
10,3000.0,0.8333333333333334,0.0,0.0,0.0,0.0,0.0,0.0,7.997480544436374e-05,0.0019189759739687002,0.014749228723822588,0.06324559662044212,0.06340550640283985,0.06352205815184735,0.06324555320336758,0.06324555320336758,0.06324555320336758,0.0,0.0,0.0,0.0,0.0,0.0,0.12651477553048057,0.12683125630162861,0.12705040558487413,2.0127224722696846e-08,3.0542166110541137e-06,6.471774056436548e-05,0.0,0.0,0.0,1.5980536161666413e-07,2.4075930595151817e-05,0.0005318187501934866,0.0,0.0,0.0,0.0,0.0,0.0,0.0,0.0,0.0,0.0,0.0,0.0,800.0,800.0,800.0
11,3300.0,0.9166666666666666,0.0,0.0,0.0,0.0,0.0,0.0,7.764129329674186e-05,0.002090437297196706,0.020750936844792553,0.06324558921949544,0.06343139474936832,0.06355451278957201,0.06324555320336758,0.06324555320336758,0.06324555320336758,0.0,0.0,0.0,0.0,0.0,0.0,0.12651447880027905,0.12686795025214878,0.12711409965004622,1.2933560106010072e-08,2.156974260665612e-06,3.853079697462471e-05,0.0,0.0,0.0,1.0598902826833523e-07,1.7020964223811685e-05,0.00031663552325170917,0.0,0.0,0.0,0.0,0.0,0.0,0.0,0.0,0.0,0.0,0.0,0.0,800.0,800.0,800.0
12,3600.0,1.0,0.0,0.0,0.0,0.0,0.0,0.0,7.410939128712891e-05,0.0019872302778762493,0.025191435401066158,0.0632455871194523,0.06344616752459925,0.06357508682794431,0.06324555320336758,0.06324555320336758,0.06324555320336758,0.0,0.0,0.0,0.0,0.0,0.0,0.12651320562598178,0.12692941936162497,0.12715574523314896,3.128539995077983e-08,3.5362683332663967e-06,3.0754659784159806e-05,0.0,0.0,0.0,2.4808096317928033e-07,2.7964067467214875e-05,0.00025274409474879887,0.0,0.0,0.0,0.0,0.0,0.0,0.0,0.0,0.0,0.0,0.0,0.0,800.0,800.0,800.0
13,3900.0,1.0833333333333333,0.0,0.0,0.0,0.0,0.0,0.0,7.118590745190735e-05,0.0018945186844389079,0.02847678281502863,0.06324558322098375,0.063464964988364,0.06359185144939734,0.06324555320336758,0.06324555320336758,0.06324555320336758,0.0,0.0,0.0,0.0,0.0,0.0,0.12651183606956826,0.12696100079476275,0.12732666542813195,2.701925508108989e-08,3.0502839370532978e-06,2.150915873192298e-05,0.0,0.0,0.0,2.2102362634946772e-07,2.4100509280714625e-05,0.00017301502992365394,0.0,0.0,0.0,0.0,0.0,0.0,0.0,0.0,0.0,0.0,0.0,0.0,800.0,800.0,800.0
14,4200.0,1.1666666666666667,0.0,0.0,0.0,0.0,0.0,0.0,6.552510243520234e-05,0.0018034448612304348,0.030448136263486122,0.06324558588157696,0.06346942368223761,0.06360461273014834,0.06324555320336758,0.06324555320336758,0.06324555320336758,0.0,0.0,0.0,0.0,0.0,0.0,0.12651018723726767,0.12700857643258934,0.12771892130121626,3.715910175165952e-08,3.41992576685929e-06,2.6095755032324534e-05,0.0,0.0,0.0,2.937224454416388e-07,2.777483137584326e-05,0.00021446060502446556,0.0,0.0,0.0,0.0,0.0,0.0,0.0,0.0,0.0,0.0,0.0,0.0,800.0,800.0,800.0
15,4500.0,1.25,0.0,0.0,0.0,0.0,0.0,0.0,6.265742396573382e-05,0.0018106072597521205,0.031169895439855395,0.0632455774548932,0.06347667891062304,0.06361573193695438,0.06324555320336758,0.06324555320336758,0.06324555320336758,0.0,0.0,0.0,0.0,0.0,0.0,0.12650947564550058,0.1270560685614414,0.12816354713725295,1.548393822551394e-08,1.96052938467677e-06,7.506743571256037e-05,0.0,0.0,0.0,1.270585262251814e-07,1.548888151342612e-05,0.0006169699820545272,0.0,0.0,0.0,0.0,0.0,0.0,0.0,0.0,0.0,0.0,0.0,0.0,800.0,800.0,800.0
16,4800.0,1.3333333333333333,0.0,0.0,0.0,0.0,0.0,0.0,6.096834961658173e-05,0.001797958154980129,0.03374674882747401,0.06324556705260478,0.0634858535810373,0.06362721852129426,0.06324555320336758,0.06324555320336758,0.06324555320336758,0.0,0.0,0.0,0.0,0.0,0.0,0.126508256203069,0.12708220326370345,0.12848305398669835,7.883598030331192e-09,1.4105856717006374e-06,4.7073603165453606e-05,0.0,0.0,0.0,6.316528915107314e-08,1.1249875870943922e-05,0.000386889301062513,0.0,0.0,0.0,0.0,0.0,0.0,0.0,0.0,0.0,0.0,0.0,0.0,800.0,800.0,800.0
17,5100.0,1.4166666666666667,0.0,0.0,0.0,0.0,0.0,0.0,5.3836009883412554e-05,0.0018102339945025602,0.03485336810765586,0.06324554835202895,0.0634916500836445,0.06363945723495029,0.06324555320336758,0.06324555320336758,0.06324555320336758,0.0,0.0,0.0,0.0,0.0,0.0,0.12650739759651025,0.12710426042018796,0.12856342100560358,5.979160479494264e-09,1.3627373363802073e-06,1.4821544411718412e-05,0.0,0.0,0.0,4.7260326830249074e-08,1.1630091954726442e-05,0.00017325071847827252,0.0,0.0,0.0,0.0,0.0,0.0,0.0,0.0,0.0,0.0,0.0,0.0,800.0,800.0,800.0
18,5400.0,1.5,0.0,0.0,0.0,0.0,0.0,0.0,4.818666133405418e-05,0.00260690007922405,0.03537572296080446,0.0632455411721726,0.06349063705484888,0.06365196342439167,0.06324555320336758,0.06324555320336758,0.06324555320336758,0.0,0.0,0.0,0.0,0.0,0.0,0.1265073310982724,0.1271071353941854,0.12855045412761812,5.006444499804434e-09,7.225766090373461e-07,7.63180413971818e-06,0.0,0.0,0.0,3.953794384510722e-08,6.136491932817321e-06,0.00010541713501964416,0.0,0.0,0.0,0.0,0.0,0.0,0.0,0.0,0.0,0.0,0.0,0.0,800.0,800.0,800.0
19,5700.0,1.5833333333333333,0.0,0.0,0.0,0.0,0.0,0.0,4.433526028816708e-05,0.0043221604917384375,0.03567627695275073,0.06324553335357287,0.06349489060991273,0.06366400858526979,0.06324555320336758,0.06324555320336758,0.06324555320336758,0.0,0.0,0.0,0.0,0.0,0.0,0.1265065626702544,0.12712112172217016,0.1284086271625785,6.764427698955649e-09,7.155910327640203e-07,2.9835121173521644e-05,0.0,0.0,0.0,5.386617995971177e-08,6.177784017612762e-06,0.00024521089531331794,0.0,0.0,0.0,0.0,0.0,0.0,0.0,0.0,0.0,0.0,0.0,0.0,800.0,800.0,800.0
20,6000.0,1.6666666666666667,0.0,0.0,0.0,0.0,0.0,0.0,4.1515775995003564e-05,0.006955469754440919,0.0375403476560007,0.06324551575184231,0.06349877410786024,0.06367510205076517,0.06324555320336758,0.06324555320336758,0.06324555320336758,0.0,0.0,0.0,0.0,0.0,0.0,0.12650517753686658,0.1271147102849371,0.1280729976235533,7.396937086055755e-09,7.688861719324487e-07,4.2032997549641855e-05,0.0,0.0,0.0,5.847128751216659e-08,6.796072005100688e-06,0.0006539315426309482,0.0,0.0,0.0,0.0,0.0,0.0,0.0,0.0,0.0,0.0,0.0,0.0,800.0,800.0,800.0
21,6300.0,1.75,0.0,0.0,0.0,0.0,0.0,0.0,3.946001926708603e-05,0.01063343338166713,0.04161807556515439,0.06324547344256742,0.06350159785877527,0.0636854175031825,0.06324555320336758,0.06324555320336758,0.06324555320336758,0.0,0.0,0.0,0.0,0.0,0.0,0.12650406997386193,0.1271202130498851,0.12774951975120025,5.4389564498128e-09,1.0398827128541376e-06,0.0004514258858643798,0.0,0.0,0.0,4.3333481015663214e-08,8.616410949022736e-06,0.0070991867712514225,0.0,0.0,0.0,0.0,0.0,0.0,0.0,0.0,0.0,0.0,0.0,0.0,800.0,800.0,800.0
22,6600.0,1.8333333333333333,0.0,0.0,0.0,0.0,0.0,0.0,3.733435191146002e-05,0.015222570143447632,0.045985680759466,0.06324537597896471,0.06350279541700095,0.06369524868134482,0.06324555320336758,0.06324555320336758,0.06324555320336758,0.0,0.0,0.0,0.0,0.0,0.0,0.12650340568667592,0.127127064835542,0.127496664455923,2.9946660505390318e-09,6.801758804759116e-07,9.928859948059902e-06,0.0,0.0,0.0,2.373623636693692e-08,5.645940115140099e-06,0.00013758549167522716,0.0,0.0,0.0,0.0,0.0,0.0,0.0,0.0,0.0,0.0,0.0,0.0,800.0,800.0,800.0
23,6900.0,1.9166666666666667,0.0,0.0,0.0,0.0,0.0,0.0,3.534950260645761e-05,0.020400365745645205,0.050155491267695924,0.06324508972149763,0.06350336912295862,0.06370470949881894,0.06324555320336758,0.06324555320336758,0.06324555320336758,0.0,0.0,0.0,0.0,0.0,0.0,0.12650279986802715,0.12713812363183585,0.1274880940032338,9.121837747867218e-09,2.436427641107784e-07,0.0016491871600894353,0.0,0.0,0.0,7.210665598208042e-08,2.1397598832208775e-06,0.026664059037057913,0.0,0.0,0.0,0.0,0.0,0.0,0.0,0.0,0.0,0.0,0.0,0.0,800.0,800.0,800.0
24,7200.0,2.0,0.0,0.0,0.0,0.0,0.0,0.0,3.480302980803481e-05,0.02455996845391416,0.05495679924983369,0.0632443247355148,0.06350315912137623,0.06371380161031198,0.06324555320336758,0.06324555320336758,0.06324555320336758,0.0,0.0,0.0,0.0,0.0,0.0,0.12650184577306578,0.12712468893831297,0.1276305083253125,1.0181528666510476e-08,2.4788328211257114e-06,0.0004854689257487419,0.0,0.0,0.0,8.049004483764702e-08,2.2263515724067316e-05,0.00773024793069754,0.0,0.0,0.0,0.0,0.0,0.0,0.0,0.0,0.0,0.0,0.0,0.0,800.0,800.0,800.0
25,7500.0,2.0833333333333335,0.0,0.0,0.0,0.0,0.0,0.0,3.380829081582937e-05,0.026817722903802056,0.05737439629390039,0.06324351524661975,0.06350212331275719,0.06372221769580297,0.06324555320336758,0.06324555320336758,0.06324555320336758,0.0,0.0,0.0,0.0,0.0,0.0,0.12650128198057317,0.12711778090813122,0.1279305431073702,3.5210575046898625e-09,1.2018090686212086e-06,1.3350492072795304e-05,0.0,0.0,0.0,2.7835239460747785e-08,9.429876502966064e-06,0.00011329114950858974,0.0,0.0,0.0,0.0,0.0,0.0,0.0,0.0,0.0,0.0,0.0,0.0,800.0,800.0,800.0
26,7800.0,2.1666666666666665,0.0,0.0,0.0,0.0,0.0,0.0,3.2781955946064125e-05,0.02830434067308131,0.058769047991962024,0.06324279844242331,0.06350021891473842,0.06373308109086424,0.06324555320336758,0.06324555320336758,0.06324555320336758,0.0,0.0,0.0,0.0,0.0,0.0,0.12650016053477348,0.1271603496034642,0.12840758844803318,3.6682478599249656e-09,1.2126436636656425e-06,0.0002605070155803721,0.0,0.0,0.0,2.8995599384209114e-08,1.1724258397832448e-05,0.004102833553642886,0.0,0.0,0.0,0.0,0.0,0.0,0.0,0.0,0.0,0.0,0.0,0.0,800.0,800.0,800.0
27,8100.0,2.25,0.0,0.0,0.0,0.0,0.0,0.0,3.3232634355935385e-05,0.029510414671956385,0.05953273283449483,0.0632412638905391,0.0635006194899023,0.06374337143019375,0.06324555320336758,0.06324555320336758,0.06324555320336758,0.0,0.0,0.0,0.0,0.0,0.0,0.1264993371764858,0.12719462153147715,0.12903859080614605,2.348910015589707e-09,8.483767400270427e-07,0.0002033156985852027,0.0,0.0,0.0,1.8566306297570447e-08,8.081020545205202e-06,0.00320487466212233,0.0,0.0,0.0,0.0,0.0,0.0,0.0,0.0,0.0,0.0,0.0,0.0,800.0,800.0,800.0
28,8400.0,2.3333333333333335,0.0,0.0,0.0,0.0,0.0,0.0,3.284490067706639e-05,0.03063368001713801,0.05988920582019546,0.06324026126593904,0.06350121183797326,0.06375256283708701,0.06324555320336758,0.06324555320336758,0.06324555320336758,0.0,0.0,0.0,0.0,0.0,0.0,0.12649896540830952,0.12720680508841095,0.12963446260648598,4.5761298136788e-09,1.5442315137609725e-06,3.897749681057498e-05,0.0,0.0,0.0,3.605497057257078e-08,1.4585935535868751e-05,0.0006129409795023056,0.0,0.0,0.0,0.0,0.0,0.0,0.0,0.0,0.0,0.0,0.0,0.0,800.0,800.0,800.0
29,8700.0,2.4166666666666665,0.0,0.0,0.0,0.0,0.0,0.0,3.371808996147476e-05,0.031204631898025834,0.0599670285526781,0.06323881648785101,0.06350163688419051,0.06376105039706453,0.06324555320336758,0.06324555320336758,0.06324555320336758,0.0,0.0,0.0,0.0,0.0,0.0,0.12649853216810175,0.12722785134158274,0.13010805232245165,2.978620560991777e-09,7.64758935774966e-07,0.0003499606770401822,0.0,0.0,0.0,2.3826302283761597e-08,6.619210203343545e-06,0.005563506456756205,0.0,0.0,0.0,0.0,0.0,0.0,0.0,0.0,0.0,0.0,0.0,0.0,800.0,800.0,800.0
30,9000.0,2.5,0.0,0.0,0.0,0.0,0.0,0.0,3.476360938826593e-05,0.031083085679740417,0.059968311471993406,0.06323833406837084,0.06350158543651994,0.06376885564961941,0.06324555320336758,0.06324555320336758,0.06324555320336758,0.0,0.0,0.0,0.0,0.0,0.0,0.12649851038771848,0.12723810343087139,0.13032259244224728,5.116165941288952e-09,6.406240913617653e-07,0.0005500287155989207,0.0,0.0,0.0,4.062647602833607e-08,5.627278763230921e-06,0.00877274247515749,0.0,0.0,0.0,0.0,0.0,0.0,0.0,0.0,0.0,0.0,0.0,0.0,800.0,800.0,800.0
31,9300.0,2.5833333333333335,0.0,0.0,0.0,0.0,0.0,0.0,3.5737229935678516e-05,0.03131509590576924,0.06029246264540171,0.06323810784540651,0.06349829999235529,0.06377625062271496,0.06324555320336758,0.06324555320336758,0.06324555320336758,0.0,0.0,0.0,0.0,0.0,0.0,0.1264984839882971,0.12724225757535415,0.1303970086217841,1.946050300964601e-09,7.462212676278399e-07,0.0003054222080393446,0.0,0.0,0.0,1.5383087198946077e-08,5.8346656889095536e-06,0.004539105317790193,0.0,0.0,0.0,0.0,0.0,0.0,0.0,0.0,0.0,0.0,0.0,0.0,800.0,800.0,800.0
32,9600.0,2.6666666666666665,0.0,0.0,0.0,0.0,0.0,0.0,3.657553346089283e-05,0.031458559858437665,0.06071536060386958,0.06323781245957955,0.0634946803489983,0.06378346144641081,0.06324555320336758,0.06324555320336758,0.06324555320336758,0.0,0.0,0.0,0.0,0.0,0.0,0.1264986160410541,0.12724714566792947,0.13033459848428533,1.8595472769536288e-09,1.0150440984807394e-06,7.85526162370311e-05,0.0,0.0,0.0,1.4687757900338763e-08,8.023560742488134e-06,0.0010879266988013012,0.0,0.0,0.0,0.0,0.0,0.0,0.0,0.0,0.0,0.0,0.0,0.0,800.0,800.0,800.0
33,9900.0,2.75,0.0,0.0,0.0,0.0,0.0,0.0,3.807876225015512e-05,0.03152014077681451,0.06127518956434219,0.06323777721007012,0.06349116616285629,0.06379078776189309,0.06324555320336758,0.06324555320336758,0.06324555320336758,0.0,0.0,0.0,0.0,0.0,0.0,0.12649856622618097,0.12725452585425928,0.1301577198473777,3.1922473499628646e-09,1.929690354116003e-06,6.862228386478688e-05,0.0,0.0,0.0,2.5231708898689867e-08,1.6714693901929954e-05,0.0010759314638302889,0.0,0.0,0.0,0.0,0.0,0.0,0.0,0.0,0.0,0.0,0.0,0.0,800.0,800.0,800.0
34,10200.0,2.8333333333333335,0.0,0.0,0.0,0.0,0.0,0.0,3.956378693945719e-05,0.031549974404027244,0.061945072194400035,0.06323674146865173,0.06348912488691867,0.06379865326224347,0.06324555320336758,0.06324555320336758,0.06324555320336758,0.0,0.0,0.0,0.0,0.0,0.0,0.12649836349654373,0.1272828555015086,0.12988558489709814,2.3688087802745886e-09,3.7460140789019167e-06,0.0002719964505664436,0.0,0.0,0.0,1.889517387794633e-08,3.4153214036207435e-05,0.0041058948506786045,0.0,0.0,0.0,0.0,0.0,0.0,0.0,0.0,0.0,0.0,0.0,0.0,800.0,800.0,800.0
35,10500.0,2.9166666666666665,0.0,0.0,0.0,0.0,0.0,0.0,4.091868820691805e-05,0.03176392531858484,0.06221068079135216,0.0632346193818301,0.06348758924087906,0.06380707188036164,0.06324555320336758,0.06324555320336758,0.06324555320336758,0.0,0.0,0.0,0.0,0.0,0.0,0.1264984415262409,0.1273339609795744,0.12960450986130995,9.316797235256888e-10,1.4831630185155978e-06,0.00022885743556933617,0.0,0.0,0.0,7.465767557128509e-09,1.2001339265407221e-05,0.002272946458134313,0.0,0.0,0.0,0.0,0.0,0.0,0.0,0.0,0.0,0.0,0.0,0.0,800.0,800.0,800.0
36,10800.0,3.0,0.0,0.0,0.0,0.0,0.0,0.0,4.1644481314632264e-05,0.0334108805837367,0.0624318891878674,0.06323264243644397,0.06348305227135069,0.06381636150949012,0.06324555320336758,0.06324555320336758,0.06324555320336758,0.0,0.0,0.0,0.0,0.0,0.0,0.12649848358472476,0.1273214241289832,0.12930689992156696,3.191532336791751e-09,1.523651120570963e-06,0.00024201202435814137,0.0,0.0,0.0,2.5228555608522618e-08,1.243543638719954e-05,0.0019930441512075827,0.0,0.0,0.0,0.0,0.0,0.0,0.0,0.0,0.0,0.0,0.0,0.0,800.0,800.0,800.0
37,11100.0,3.0833333333333335,0.0,0.0,0.0,0.0,0.0,0.0,4.2863394147818434e-05,0.03431929780530796,0.06282022564480574,0.06323201347018645,0.06348248409026232,0.06382578332576667,0.06324555320336758,0.06324555320336758,0.06324555320336758,0.0,0.0,0.0,0.0,0.0,0.0,0.12649864603345354,0.12735496873945795,0.1290419946954356,4.267163427064127e-09,1.6211257200211768e-06,0.00020156097314512879,0.0,0.0,0.0,3.366477087718217e-08,1.3921630041309786e-05,0.0017873407200436615,0.0,0.0,0.0,0.0,0.0,0.0,0.0,0.0,0.0,0.0,0.0,0.0,800.0,800.0,800.0
38,11400.0,3.1666666666666665,0.0,0.0,0.0,0.0,0.0,0.0,4.451370812067986e-05,0.03485091490401978,0.06307992723567454,0.06323205589507795,0.06348168241287704,0.0638330727470245,0.06324555320336758,0.06324555320336758,0.06324555320336758,0.0,0.0,0.0,0.0,0.0,0.0,0.12649855652053554,0.12733707819012272,0.12891819616324893,4.89958694810877e-09,2.7367449782931508e-06,0.0003043151103012905,0.0,0.0,0.0,3.8732649384995524e-08,2.3205471850666757e-05,0.0031222321542043754,0.0,0.0,0.0,0.0,0.0,0.0,0.0,0.0,0.0,0.0,0.0,0.0,800.0,800.0,800.0
39,11700.0,3.25,0.0,0.0,0.0,0.0,0.0,0.0,4.597770774882462e-05,0.03495058041298788,0.06303371507444071,0.06323104509842047,0.06348225608323257,0.06383874224387984,0.06324555320336758,0.06324555320336758,0.06324555320336758,0.0,0.0,0.0,0.0,0.0,0.0,0.12649855675020552,0.12731546278288547,0.12910214396483582,2.358320449965366e-09,2.981804291216871e-06,0.00012759031024231653,0.0,0.0,0.0,1.8642873391556534e-08,2.828795971965436e-05,0.0018605835025103502,0.0,0.0,0.0,0.0,0.0,0.0,0.0,0.0,0.0,0.0,0.0,0.0,800.0,800.0,800.0
40,12000.0,3.3333333333333335,0.0,0.0,0.0,0.0,0.0,0.0,4.809145748370071e-05,0.035031846447878066,0.06305675535671869,0.06322880276803916,0.06348032601484975,0.06384264530471678,0.06324555320336758,0.06324555320336758,0.06324555320336758,0.0,0.0,0.0,0.0,0.0,0.0,0.1264985318828429,0.1273355021908868,0.12961521845868337,4.531941658661755e-09,4.370309995596928e-06,0.00031285506772039517,0.0,0.0,0.0,3.582465705180237e-08,3.8834581038697904e-05,0.0040417886909020016,0.0,0.0,0.0,0.0,0.0,0.0,0.0,0.0,0.0,0.0,0.0,0.0,800.0,800.0,800.0
41,12300.0,3.4166666666666665,0.0,0.0,0.0,0.0,0.0,0.0,4.9185478714932696e-05,0.035068617341208384,0.06308180715830711,0.06322892794945492,0.06348073663949531,0.06384540482803412,0.06324555320336758,0.06324555320336758,0.06324555320336758,0.0,0.0,0.0,0.0,0.0,0.0,0.12649858789101648,0.12733609433933676,0.13001905536858474,2.4121191294154325e-09,4.063180511543707e-06,0.00026676381190785783,0.0,0.0,0.0,1.906653983074527e-08,3.8043101489565587e-05,0.003619823971509916,0.0,0.0,0.0,0.0,0.0,0.0,0.0,0.0,0.0,0.0,0.0,0.0,800.0,800.0,800.0
42,12600.0,3.5,0.0,0.0,0.0,0.0,0.0,0.0,5.068888747231914e-05,0.03508686882565415,0.06316191304399625,0.06322701946257182,0.06347614447269641,0.06384700967398937,0.06324555320336758,0.06324555320336758,0.06324555320336758,0.0,0.0,0.0,0.0,0.0,0.0,0.12649857833139921,0.12740212631106215,0.13048780340627775,1.380375503920937e-09,2.3894582503641493e-06,0.00012063705983621873,0.0,0.0,0.0,1.0870972245702063e-08,2.0252803359860323e-05,0.0015825336546332989,0.0,0.0,0.0,0.0,0.0,0.0,0.0,0.0,0.0,0.0,0.0,0.0,800.0,800.0,800.0
43,12900.0,3.5833333333333335,0.0,0.0,0.0,0.0,0.0,0.0,5.2048295303004435e-05,0.035083450180074464,0.06320640783018822,0.06322595946403659,0.06347637281705343,0.06384749061179157,0.06324555320336758,0.06324555320336758,0.06324555320336758,0.0,0.0,0.0,0.0,0.0,0.0,0.12649866155901965,0.12741734185017067,0.13076844754731892,2.6507654724941533e-09,3.302470092980715e-06,4.42122721438672e-05,0.0,0.0,0.0,2.1063545610503344e-08,2.7335366572629935e-05,0.0006072471752442406,0.0,0.0,0.0,0.0,0.0,0.0,0.0,0.0,0.0,0.0,0.0,0.0,800.0,800.0,800.0
44,13200.0,3.6666666666666665,0.0,0.0,0.0,0.0,0.0,0.0,5.361899244278011e-05,0.03536223959086318,0.06321649715598576,0.06322531218927879,0.06347552830588506,0.06385347852023676,0.06324555320336758,0.06324555320336758,0.06324555320336758,0.0,0.0,0.0,0.0,0.0,0.0,0.12649886706564667,0.12738913580693234,0.1309709622493732,2.593260812920543e-09,3.3626262358642334e-06,4.1918017316808e-05,0.0,0.0,0.0,2.049916287581708e-08,2.9027280402077088e-05,0.0005814294600064288,0.0,0.0,0.0,0.0,0.0,0.0,0.0,0.0,0.0,0.0,0.0,0.0,800.0,800.0,800.0
45,13500.0,3.75,0.0,0.0,0.0,0.0,0.0,0.0,5.5058878658439105e-05,0.035445722432216484,0.06319190048582111,0.06322428036678213,0.06347335922151946,0.0638597959910803,0.06324555320336758,0.06324555320336758,0.06324555320336758,0.0,0.0,0.0,0.0,0.0,0.0,0.12649869899306995,0.12740378035153624,0.1311024217891365,3.9718864503660036e-09,6.52502005730342e-06,0.00011962968272005757,0.0,0.0,0.0,3.145342224936795e-08,5.457307809047629e-05,0.0016184025378292873,0.0,0.0,0.0,0.0,0.0,0.0,0.0,0.0,0.0,0.0,0.0,0.0,800.0,800.0,800.0
46,13800.0,3.8333333333333335,0.0,0.0,0.0,0.0,0.0,0.0,5.6206110075272434e-05,0.035551887720748264,0.06319305323553996,0.06322333388102758,0.0634700225510345,0.0638663997089919,0.06324555320336758,0.06324555320336758,0.06324555320336758,0.0,0.0,0.0,0.0,0.0,0.0,0.1264989040466136,0.1274107727628616,0.13108742086059083,2.3986003936076612e-09,2.1054920229908207e-06,0.000289032002629706,0.0,0.0,0.0,1.8959926810574898e-08,2.0520472727100232e-05,0.003016413210252148,0.0,0.0,0.0,0.0,0.0,0.0,0.0,0.0,0.0,0.0,0.0,0.0,800.0,800.0,800.0
47,14100.0,3.9166666666666665,0.0,0.0,0.0,0.0,0.0,0.0,5.791608153808171e-05,0.03567084970275044,0.0631201840233148,0.06322271292127643,0.0634676939268545,0.06387350258646568,0.06324555320336758,0.06324555320336758,0.06324555320336758,0.0,0.0,0.0,0.0,0.0,0.0,0.1264986910766635,0.12747380088897217,0.1311366766923665,2.2774913014109805e-09,6.160931269305974e-06,0.00047349131273035413,0.0,0.0,0.0,1.800350926644802e-08,6.354068078972848e-05,0.004250636792229737,0.0,0.0,0.0,0.0,0.0,0.0,0.0,0.0,0.0,0.0,0.0,0.0,800.0,800.0,800.0
48,14400.0,4.0,0.0,0.0,0.0,0.0,0.0,0.0,5.9492853612779866e-05,0.03572971369212213,0.06314524618286627,0.06322192588355433,0.06346182421023763,0.0638798502635192,0.06324555320336758,0.06324555320336758,0.06324555320336758,0.0,0.0,0.0,0.0,0.0,0.0,0.12649860541594335,0.12750536518827096,0.1309650984369085,1.0219222457583742e-09,6.264036021898668e-06,0.0002817870605103092,0.0,0.0,0.0,8.077748800930675e-09,5.645325072309515e-05,0.0027903202226364945,0.0,0.0,0.0,0.0,0.0,0.0,0.0,0.0,0.0,0.0,0.0,0.0,800.0,800.0,800.0
49,14700.0,4.083333333333333,0.0,0.0,0.0,0.0,0.0,0.0,6.0837223133109836e-05,0.035765309554506054,0.06333275422536801,0.06322200987102838,0.06345900741142348,0.06388761162956937,0.06324555320336758,0.06324555320336758,0.06324555320336758,0.0,0.0,0.0,0.0,0.0,0.0,0.1264987445550918,0.12751984155017831,0.13094491473750702,1.1681738648739652e-09,2.504551623678457e-06,0.0001531381329842037,0.0,0.0,0.0,9.225223248140677e-09,2.39200357657221e-05,0.002297588627510479,0.0,0.0,0.0,0.0,0.0,0.0,0.0,0.0,0.0,0.0,0.0,0.0,800.0,800.0,800.0
50,15000.0,4.166666666666667,0.0,0.0,0.0,0.0,0.0,0.0,6.237676554263314e-05,0.03578137986923577,0.0634442300966721,0.06321969744365899,0.06345666414511131,0.0638958245309504,0.06324555320336758,0.06324555320336758,0.06324555320336758,0.0,0.0,0.0,0.0,0.0,0.0,0.12649847970380337,0.12754818058712583,0.13077947833846248,3.36854508532517e-09,4.0774723336247535e-06,0.00019328298104211077,0.0,0.0,0.0,2.672744509577044e-08,3.293115798313483e-05,0.0029633346561705512,0.0,0.0,0.0,0.0,0.0,0.0,0.0,0.0,0.0,0.0,0.0,0.0,800.0,800.0,800.0
51,15300.0,4.25,0.0,0.0,0.0,0.0,0.0,0.0,6.412834402362913e-05,0.03591563612363293,0.06323597295904208,0.0632191014523541,0.06345437198552997,0.06390339442230651,0.06324555320336758,0.06324555320336758,0.06324555320336758,0.0,0.0,0.0,0.0,0.0,0.0,0.12649853244100956,0.1275287647916853,0.13058507592434565,2.0838582630103414e-09,2.7407111017748837e-06,0.0005215889461785944,0.0,0.0,0.0,1.6471031661370766e-08,2.8027143983102206e-05,0.004305616713423909,0.0,0.0,0.0,0.0,0.0,0.0,0.0,0.0,0.0,0.0,0.0,0.0,800.0,800.0,800.0
52,15600.0,4.333333333333333,0.0,0.0,0.0,0.0,0.0,0.0,6.542460052300249e-05,0.03711596817737899,0.0631220678469365,0.06321835372284851,0.06345065658052654,0.06390984107365821,0.06324555320336758,0.06324555320336758,0.06324555320336758,0.0,0.0,0.0,0.0,0.0,0.0,0.12649859724194867,0.12753974488539205,0.13043661545594495,1.1952129682439198e-09,1.8034552769318632e-06,0.0006051321494082711,0.0,0.0,0.0,9.448934692426246e-09,1.7227177676059357e-05,0.005467747003658718,0.0,0.0,0.0,0.0,0.0,0.0,0.0,0.0,0.0,0.0,0.0,0.0,800.0,800.0,800.0
53,15900.0,4.416666666666667,0.0,0.0,0.0,0.0,0.0,0.0,6.747957918914479e-05,0.03966651482164385,0.06304701477524763,0.06321712787815154,0.06344563506595992,0.0639150727198598,0.06324555320336758,0.06324555320336758,0.06324555320336758,0.0,0.0,0.0,0.0,0.0,0.0,0.126498666506779,0.12759042535219067,0.13039848332621667,8.093549063403229e-11,2.5947256677376e-06,0.000296574190791778,0.0,0.0,0.0,6.395441897896046e-10,2.488119403623643e-05,0.0026266418711441025,0.0,0.0,0.0,0.0,0.0,0.0,0.0,0.0,0.0,0.0,0.0,0.0,800.0,800.0,800.0
54,16200.0,4.5,0.0,0.0,0.0,0.0,0.0,0.0,6.831614120940304e-05,0.04190504939966489,0.06315038640463014,0.0632164548376935,0.06343617143285432,0.06391870306984712,0.06324555320336758,0.06324555320336758,0.06324555320336758,0.0,0.0,0.0,0.0,0.0,0.0,0.12649875039009525,0.12762539553541177,0.1308345330867697,8.505167411908922e-10,4.461106649318616e-06,0.0004614227044199727,0.0,0.0,0.0,6.72316169279175e-09,4.333612439636104e-05,0.004920527848437841,0.0,0.0,0.0,0.0,0.0,0.0,0.0,0.0,0.0,0.0,0.0,0.0,800.0,800.0,800.0
55,16500.0,4.583333333333333,0.0,0.0,0.0,0.0,0.0,0.0,6.9416348351127e-05,0.04501586097620408,0.06325980322030546,0.06321605747556455,0.06343390735212916,0.06391976847177103,0.06324555320336758,0.06324555320336758,0.06324555320336758,0.0,0.0,0.0,0.0,0.0,0.0,0.12649891160250804,0.12766494421049654,0.13127109216411817,1.398203655297121e-09,4.819836804975768e-06,0.00043809253240041787,0.0,0.0,0.0,1.1044955373756358e-08,4.2734149889144764e-05,0.004743724559881842,0.0,0.0,0.0,0.0,0.0,0.0,0.0,0.0,0.0,0.0,0.0,0.0,800.0,800.0,800.0
56,16800.0,4.666666666666667,0.0,0.0,0.0,0.0,0.0,0.0,7.053820544926823e-05,0.04709742830863689,0.0632754750102567,0.0632156580909238,0.06343123062171141,0.06391894515319967,0.06324555320336758,0.06324555320336758,0.06324555320336758,0.0,0.0,0.0,0.0,0.0,0.0,0.1264992915589539,0.12775247613875634,0.13152151518725344,1.6666042796031831e-09,5.359570914368395e-06,0.0004825410507734491,0.0,0.0,0.0,1.3218748293321048e-08,4.3971610762411196e-05,0.006653647584112124,0.0,0.0,0.0,0.0,0.0,0.0,0.0,0.0,0.0,0.0,0.0,0.0,800.0,800.0,800.0
57,17100.0,4.75,0.0,0.0,0.0,0.0,0.0,0.0,7.155639482601809e-05,0.04895310954063648,0.063212699085267,0.06321557857728488,0.06342980781188107,0.06391924263035602,0.06324555320336758,0.06324555320336758,0.06324555320336758,0.0,0.0,0.0,0.0,0.0,0.0,0.12649919034121346,0.12776796220739933,0.13162151304634997,1.0768995399242562e-09,4.619448885123435e-06,0.0003847724801086967,0.0,0.0,0.0,8.65711512291175e-09,4.363192252305939e-05,0.005314229127686414,0.0,0.0,0.0,0.0,0.0,0.0,0.0,0.0,0.0,0.0,0.0,0.0,800.0,800.0,800.0
58,17400.0,4.833333333333333,0.0,0.0,0.0,0.0,0.0,0.0,7.277906022254741e-05,0.05043140703871138,0.06321724688421505,0.06321546732783156,0.06342855662795877,0.06392676588065772,0.06324555320336758,0.06324555320336758,0.06324555320336758,0.0,0.0,0.0,0.0,0.0,0.0,0.12649909235381385,0.12780392408280228,0.131974353074922,1.8541696121036201e-09,9.275527065557304e-06,0.00013503653225072998,0.0,0.0,0.0,1.465667144136608e-08,8.329176566659156e-05,0.0018758787506048852,0.0,0.0,0.0,0.0,0.0,0.0,0.0,0.0,0.0,0.0,0.0,0.0,800.0,800.0,800.0
59,17700.0,4.916666666666667,0.0,0.0,0.0,0.0,0.0,0.0,7.489726504101395e-05,0.0515462690930363,0.06331168757422719,0.06321452622082134,0.06342748215639393,0.06393429010445426,0.06324555320336758,0.06324555320336758,0.06324555320336758,0.0,0.0,0.0,0.0,0.0,0.0,0.1264990947790861,0.12780596174409867,0.1320760890419604,7.624584764062232e-09,1.0322736533713858e-05,0.0008184389717565347,0.0,0.0,0.0,6.02690622403203e-08,0.00010453925042287109,0.01145135894182842,0.0,0.0,0.0,0.0,0.0,0.0,0.0,0.0,0.0,0.0,0.0,0.0,800.0,800.0,800.0
60,18000.0,5.0,0.0,0.0,0.0,0.0,0.0,0.0,7.550920531902963e-05,0.052420683865285256,0.06332496950264316,0.06321320010752651,0.06342669198925274,0.06394203978431748,0.06324555320336758,0.06324555320336758,0.06324555320336758,0.0,0.0,0.0,0.0,0.0,0.0,0.12649892545993516,0.12771414799605038,0.13196116345128428,2.6212195372924217e-09,6.77232415656734e-06,0.0013128107262823361,0.0,0.0,0.0,2.0564405306573598e-08,6.406686125683158e-05,0.018455291962559246,0.0,0.0,0.0,0.0,0.0,0.0,0.0,0.0,0.0,0.0,0.0,0.0,800.0,800.0,800.0
61,18300.0,5.083333333333333,0.0,0.0,0.0,0.0,0.0,0.0,7.736896391915643e-05,0.053087574966216904,0.06322871105850016,0.06321165469909526,0.06341867356169788,0.06394970833138876,0.06324555320336758,0.06324555320336758,0.06324555320336758,0.0,0.0,0.0,0.0,0.0,0.0,0.12649910769986678,0.12771464765665566,0.13218686768254184,4.732591375625848e-09,6.481566033236577e-06,0.0014002046799009805,0.0,0.0,0.0,3.740739125298763e-08,7.049625560157548e-05,0.019703362594067582,0.0,0.0,0.0,0.0,0.0,0.0,0.0,0.0,0.0,0.0,0.0,0.0,800.0,800.0,800.0
62,18600.0,5.166666666666667,0.0,0.0,0.0,0.0,0.0,0.0,7.824627838879378e-05,0.05358595926819945,0.06322212668182449,0.06320815019502418,0.06340543671885814,0.06395691646252612,0.06324555320336758,0.06324555320336758,0.06324555320336758,0.0,0.0,0.0,0.0,0.0,0.0,0.1264988723016856,0.127671498589353,0.13224179716859522,1.968030596372681e-09,8.3463564504981e-06,0.0010126725970781762,0.0,0.0,0.0,1.5410724913587886e-08,8.607971317238066e-05,0.014194510895769466,0.0,0.0,0.0,0.0,0.0,0.0,0.0,0.0,0.0,0.0,0.0,0.0,800.0,800.0,800.0
63,18900.0,5.25,0.0,0.0,0.0,0.0,0.0,0.0,7.837161394744498e-05,0.05406568689989599,0.06322649420920723,0.06320533084539853,0.06339085370603212,0.06396321997416363,0.06324555320336758,0.06324555320336758,0.06324555320336758,0.0,0.0,0.0,0.0,0.0,0.0,0.12649922081038265,0.12770636584555722,0.13210449173768235,6.769647000311654e-10,1.1332758934919093e-05,0.00042760815795743,0.0,0.0,0.0,5.350677454752283e-09,0.00010339225672365319,0.005958250087988365,0.0,0.0,0.0,0.0,0.0,0.0,0.0,0.0,0.0,0.0,0.0,0.0,800.0,800.0,800.0
64,19200.0,5.333333333333333,0.0,0.0,0.0,0.0,0.0,0.0,8.141055551848269e-05,0.05451483797719306,0.06322259667018806,0.06320398444533984,0.06338082115742155,0.06396803174034016,0.06324555320336758,0.06324555320336758,0.06324555320336758,0.0,0.0,0.0,0.0,0.0,0.0,0.12649936246208968,0.1277718654668692,0.13205189813462165,3.1462717105328335e-09,9.742024216968392e-06,0.0005314326321592864,0.0,0.0,0.0,2.4865196151564755e-08,9.097671959003538e-05,0.004387476124912594,0.0,0.0,0.0,0.0,0.0,0.0,0.0,0.0,0.0,0.0,0.0,0.0,800.0,800.0,800.0
65,19500.0,5.416666666666667,0.0,0.0,0.0,0.0,0.0,0.0,8.461985809201479e-05,0.0565493365523462,0.06325093967947766,0.06320418707778366,0.06337756645961477,0.06397076629310387,0.06324555320336758,0.06324555320336758,0.06324555320336758,0.0,0.0,0.0,0.0,0.0,0.0,0.1264996478859671,0.12778267019775866,0.13216167608699478,8.878436823497426e-10,6.782932497184666e-06,0.0004473478000337139,0.0,0.0,0.0,7.011036545294196e-09,7.500581179228599e-05,0.004116398591706689,0.0,0.0,0.0,0.0,0.0,0.0,0.0,0.0,0.0,0.0,0.0,0.0,800.0,800.0,800.0
66,19800.0,5.5,0.0,0.0,0.0,0.0,0.0,0.0,8.409370016041479e-05,0.05866752454142172,0.06328744629244992,0.06320421904836215,0.06337049211979402,0.06397153926409493,0.06324555320336758,0.06324555320336758,0.06324555320336758,0.0,0.0,0.0,0.0,0.0,0.0,0.12650012557563456,0.12779712094022283,0.1320618161058839,2.6145109123248896e-09,5.360988304363962e-06,0.00024423379135855237,0.0,0.0,0.0,2.066777082597407e-08,5.872091171341217e-05,0.0033782270328081244,0.0,0.0,0.0,0.0,0.0,0.0,0.0,0.0,0.0,0.0,0.0,0.0,800.0,800.0,800.0
67,20100.0,5.583333333333333,0.0,0.0,0.0,0.0,0.0,0.0,8.52018934311791e-05,0.05905161212707174,0.06346298828008466,0.06319988233721828,0.06336959823818501,0.06397007450717163,0.06324555320336758,0.06324555320336758,0.06324555320336758,0.0,0.0,0.0,0.0,0.0,0.0,0.12650029995222747,0.12782358539238542,0.13187429616097124,1.9818237317197626e-09,7.205312969496547e-06,0.00026678281417258587,0.0,0.0,0.0,1.5889638069501223e-08,6.94215130000483e-05,0.003077681657066685,0.0,0.0,0.0,0.0,0.0,0.0,0.0,0.0,0.0,0.0,0.0,0.0,800.0,800.0,800.0
68,20400.0,5.666666666666667,0.0,0.0,0.0,0.0,0.0,0.0,8.509546399431522e-05,0.059199210990328925,0.0634291005752827,0.06319873977916071,0.06336887274780938,0.06396631658947578,0.06324555320336758,0.06324555320336758,0.06324555320336758,0.0,0.0,0.0,0.0,0.0,0.0,0.12650036490419841,0.1278279835805756,0.13196352439296968,2.6265592993095807e-09,6.455204637284455e-06,0.00019207745066187427,0.0,0.0,0.0,2.0902366567549233e-08,5.759093253133215e-05,0.002269118872272873,0.0,0.0,0.0,0.0,0.0,0.0,0.0,0.0,0.0,0.0,0.0,0.0,800.0,800.0,800.0
69,20700.0,5.75,0.0,0.0,0.0,0.0,0.0,0.0,8.658138849009681e-05,0.059392715986480216,0.0633905344180081,0.06319834322090676,0.06336435805999227,0.06396108277110835,0.06324555320336758,0.06324555320336758,0.06324555320336758,0.0,0.0,0.0,0.0,0.0,0.0,0.12650001808346975,0.12798204291625653,0.13213268979644655,1.6208262751281614e-09,7.5269531154343004e-06,0.0004300099790096067,0.0,0.0,0.0,1.2694299114983883e-08,6.803704757517847e-05,0.003546872739949958,0.0,0.0,0.0,0.0,0.0,0.0,0.0,0.0,0.0,0.0,0.0,0.0,800.0,800.0,800.0
70,21000.0,5.833333333333333,0.0,0.0,0.0,0.0,0.0,0.0,8.548708932946031e-05,0.05956456063826878,0.06340666998785717,0.06319635831056296,0.06335353050311808,0.06395456467482347,0.06324555320336758,0.06324555320336758,0.06324555320336758,0.0,0.0,0.0,0.0,0.0,0.0,0.12649968906454864,0.1280080042460597,0.13230369399180833,2.425154817930808e-09,6.532248076284085e-06,0.0005147538499430025,0.0,0.0,0.0,1.9166378203407447e-08,7.305413912460091e-05,0.005351416675872115,0.0,0.0,0.0,0.0,0.0,0.0,0.0,0.0,0.0,0.0,0.0,0.0,800.0,800.0,800.0
71,21300.0,5.916666666666667,0.0,0.0,0.0,0.0,0.0,0.0,8.67796075392181e-05,0.05974213980764088,0.06340601759199413,0.06319454997290139,0.0633430473823973,0.0639570347045183,0.06324555320336758,0.06324555320336758,0.06324555320336758,0.0,0.0,0.0,0.0,0.0,0.0,0.12649952309214824,0.12805883459143308,0.13269239092847895,4.1224794677402666e-09,8.493894049955064e-06,0.0005846260655787104,0.0,0.0,0.0,3.244920279094464e-08,6.813402710839505e-05,0.005991171108403137,0.0,0.0,0.0,0.0,0.0,0.0,0.0,0.0,0.0,0.0,0.0,0.0,800.0,800.0,800.0
72,21600.0,6.0,0.0,0.0,0.0,0.0,0.0,0.0,8.633739236800825e-05,0.05981293683432732,0.06338543190077574,0.06319289130651425,0.06332453501400864,0.06396241422469562,0.06324555320336758,0.06324555320336758,0.06324555320336758,0.0,0.0,0.0,0.0,0.0,0.0,0.12649980234623054,0.1280678420557087,0.13294474743651818,1.1544034531000863e-09,6.6774692964907e-06,0.00038085636022537053,0.0,0.0,0.0,9.12375591350632e-09,5.346703225581116e-05,0.004148804045014941,0.0,0.0,0.0,0.0,0.0,0.0,0.0,0.0,0.0,0.0,0.0,0.0,800.0,800.0,800.0
73,21900.0,6.083333333333333,0.0,0.0,0.0,0.0,0.0,0.0,8.56346355920738e-05,0.05988589300897411,0.0633520685036615,0.06319036551377083,0.06332276511467078,0.06396742691482254,0.06324555320336758,0.06324555320336758,0.06324555320336758,0.0,0.0,0.0,0.0,0.0,0.0,0.12649985153611298,0.12808459581224627,0.133000949054285,2.1736522389746917e-09,5.694480345503071e-06,0.00028747439619426844,0.0,0.0,0.0,1.7168991227111937e-08,4.661929230022178e-05,0.0023808802326715332,0.0,0.0,0.0,0.0,0.0,0.0,0.0,0.0,0.0,0.0,0.0,0.0,800.0,800.0,800.0
74,22200.0,6.166666666666667,0.0,0.0,0.0,0.0,0.0,0.0,8.684823608566423e-05,0.05996924578898379,0.0633039617455385,0.06318794669111999,0.0633170997555281,0.06397160784712308,0.06324555320336758,0.06324555320336758,0.06324555320336758,0.0,0.0,0.0,0.0,0.0,0.0,0.12649976489498108,0.12810744073451397,0.13288391780732034,1.3457789627293223e-09,5.281162386309751e-06,0.00015210448599560072,0.0,0.0,0.0,1.0631753364854935e-08,4.6750377288660625e-05,0.0012263369660413053,0.0,0.0,0.0,0.0,0.0,0.0,0.0,0.0,0.0,0.0,0.0,0.0,800.0,800.0,800.0
75,22500.0,6.25,0.0,0.0,0.0,0.0,0.0,0.0,8.602183870496874e-05,0.06003580141082756,0.06335331139061727,0.0631854109994976,0.06331432910871791,0.06397413216102632,0.06324555320336758,0.06324555320336758,0.06324555320336758,0.0,0.0,0.0,0.0,0.0,0.0,0.12649960454818698,0.12816633306636646,0.13310584490590352,1.483217226168005e-09,1.0789874097151257e-05,0.00020992661756817616,0.0,0.0,0.0,1.1834721323069593e-08,8.837536608352032e-05,0.001653934335724235,0.0,0.0,0.0,0.0,0.0,0.0,0.0,0.0,0.0,0.0,0.0,0.0,800.0,800.0,800.0
76,22800.0,6.333333333333333,0.0,0.0,0.0,0.0,0.0,0.0,8.651070035869982e-05,0.06009869005048421,0.06341936968595635,0.06318614234704151,0.06330053570231008,0.06397415738937642,0.06324555320336758,0.06324555320336758,0.06324555320336758,0.0,0.0,0.0,0.0,0.0,0.0,0.12649948003888783,0.12810386498581622,0.13339166138283323,1.9948401668454093e-09,1.715774500867319e-05,0.00031833522364102285,0.0,0.0,0.0,1.5845632947107822e-08,0.00015206678102974692,0.0025173142443038303,0.0,0.0,0.0,0.0,0.0,0.0,0.0,0.0,0.0,0.0,0.0,0.0,800.0,800.0,800.0
77,23100.0,6.416666666666667,0.0,0.0,0.0,0.0,0.0,0.0,8.83310142164331e-05,0.06026414634705749,0.06332959028178217,0.0631831762336493,0.06330044461295763,0.06397107819563816,0.06324555320336758,0.06324555320336758,0.06324555320336758,0.0,0.0,0.0,0.0,0.0,0.0,0.12649972831769526,0.12820358262046436,0.1334674252389752,2.563094499038528e-09,1.8525218865480423e-05,0.00026001011627243013,0.0,0.0,0.0,2.0256262255720604e-08,0.0001580420844033404,0.0020479757154173205,0.0,0.0,0.0,0.0,0.0,0.0,0.0,0.0,0.0,0.0,0.0,0.0,800.0,800.0,800.0
78,23400.0,6.5,0.0,0.0,0.0,0.0,0.0,0.0,9.019478659465914e-05,0.060358422452951074,0.06336750621594364,0.06318302784803603,0.06329660814245223,0.06396513828224311,0.06324555320336758,0.06324555320336758,0.06324555320336758,0.0,0.0,0.0,0.0,0.0,0.0,0.1264995258234372,0.12821609950513532,0.13334148065316742,2.040922147121329e-09,7.171985221174478e-06,0.00024785975462724975,0.0,0.0,0.0,1.612746900907187e-08,6.17048295155467e-05,0.002659580123782076,0.0,0.0,0.0,0.0,0.0,0.0,0.0,0.0,0.0,0.0,0.0,0.0,800.0,800.0,800.0
79,23700.0,6.583333333333333,0.0,0.0,0.0,0.0,0.0,0.0,9.29162590690019e-05,0.060440716262968104,0.06336005555415436,0.06318088059586036,0.06329552900223046,0.06395616059803408,0.06324555320336758,0.06324555320336758,0.06324555320336758,0.0,0.0,0.0,0.0,0.0,0.0,0.12650015516988047,0.1282186321548704,0.13311203008421063,1.805718309584751e-09,1.682032459764393e-05,0.00016844315732661,0.0,0.0,0.0,1.4349742212848601e-08,0.00014399538745737953,0.0018834757813099364,0.0,0.0,0.0,0.0,0.0,0.0,0.0,0.0,0.0,0.0,0.0,0.0,800.0,800.0,800.0
80,24000.0,6.666666666666667,0.0,0.0,0.0,0.0,0.0,0.0,9.533958601185905e-05,0.06056639666920656,0.06335843124023732,0.06317825555495668,0.06329444903245775,0.06394504244149808,0.06324555320336758,0.06324555320336758,0.06324555320336758,0.0,0.0,0.0,0.0,0.0,0.0,0.12650035784627195,0.12815738584115363,0.1333570063529091,4.2296671346044476e-10,2.6309207172218052e-05,0.00017575920460514416,0.0,0.0,0.0,3.3427411587268588e-09,0.00023956553743911184,0.0021964472868262024,0.0,0.0,0.0,0.0,0.0,0.0,0.0,0.0,0.0,0.0,0.0,0.0,800.0,800.0,800.0
81,24300.0,6.75,0.0,0.0,0.0,0.0,0.0,0.0,9.553000367142796e-05,0.06071128670726094,0.06331618981769245,0.06317322298748218,0.0632918026056946,0.06393128676888941,0.06324555320336758,0.06324555320336758,0.06324555320336758,0.0,0.0,0.0,0.0,0.0,0.0,0.1265004177327971,0.12807757263577552,0.13356612900551984,8.376401245046659e-10,1.8100482784515995e-05,0.0004143206803970524,0.0,0.0,0.0,6.639337949958472e-09,0.00018327220994505735,0.003264754453853166,0.0,0.0,0.0,0.0,0.0,0.0,0.0,0.0,0.0,0.0,0.0,0.0,800.0,800.0,800.0
82,24600.0,6.833333333333333,0.0,0.0,0.0,0.0,0.0,0.0,9.693601063467461e-05,0.06077540327184115,0.0635049545128222,0.06317124975351623,0.06327419068984472,0.06392676215247119,0.06324555320336758,0.06324555320336758,0.06324555320336758,0.0,0.0,0.0,0.0,0.0,0.0,0.12650042484938379,0.12809466981707715,0.13353441194321852,1.8508243325132618e-09,3.262544936804309e-05,0.0007934566671689509,0.0,0.0,0.0,1.4594352180944946e-08,0.0002772414132958789,0.006235607007662513,0.0,0.0,0.0,0.0,0.0,0.0,0.0,0.0,0.0,0.0,0.0,0.0,800.0,800.0,800.0
83,24900.0,6.916666666666667,0.0,0.0,0.0,0.0,0.0,0.0,9.810286348796485e-05,0.06077845839291637,0.06327518799859415,0.06316946979257293,0.06325479239317952,0.06392617051856551,0.06324555320336758,0.06324555320336758,0.06324555320336758,0.0,0.0,0.0,0.0,0.0,0.0,0.12650034158254164,0.12808378313557506,0.13332975860464008,1.9820569237325665e-09,3.189097282476148e-05,0.0002797054148201273,0.0,0.0,0.0,1.5661252717843844e-08,0.00030143348876648837,0.0027184553408872497,0.0,0.0,0.0,0.0,0.0,0.0,0.0,0.0,0.0,0.0,0.0,0.0,800.0,800.0,800.0
84,25200.0,7.0,0.0,0.0,0.0,0.0,0.0,0.0,9.91213458390273e-05,0.060767509361226435,0.06332292182163678,0.06316628403525763,0.06325490573151434,0.063923906384874,0.06324555320336758,0.06324555320336758,0.06324555320336758,0.0,0.0,0.0,0.0,0.0,0.0,0.1265005714660931,0.12813241330693265,0.13337796433330712,3.0128636088327113e-09,2.8507525087714056e-05,0.0003099970607041,0.0,0.0,0.0,2.3813407713993053e-08,0.00027328262020725417,0.004313615409475894,0.0,0.0,0.0,0.0,0.0,0.0,0.0,0.0,0.0,0.0,0.0,0.0,800.0,800.0,800.0
85,25500.0,7.083333333333333,0.0,0.0,0.0,0.0,0.0,0.0,0.00010063243235247646,0.06080949077147444,0.06339006420828566,0.06316124083004834,0.06325502182508998,0.0639208843037265,0.06324555320336758,0.06324555320336758,0.06324555320336758,0.0,0.0,0.0,0.0,0.0,0.0,0.12650098630325818,0.128195769448981,0.1335935586262943,1.4461110845964188e-09,2.79689855070562e-05,0.00040086625968254754,0.0,0.0,0.0,1.1428282889480209e-08,0.0002645153352626967,0.005583366644437137,0.0,0.0,0.0,0.0,0.0,0.0,0.0,0.0,0.0,0.0,0.0,0.0,800.0,800.0,800.0
86,25800.0,7.166666666666667,0.0,0.0,0.0,0.0,0.0,0.0,0.00010195846248746995,0.060849139635692676,0.06349290599502078,0.06316342704653059,0.06325514076664933,0.06391724202437958,0.06324555320336758,0.06324555320336758,0.06324555320336758,0.0,0.0,0.0,0.0,0.0,0.0,0.12650164895863986,0.12831522602280548,0.1336943338706088,4.553018559376611e-09,1.0804082783788166e-05,0.00026936502631505813,0.0,0.0,0.0,3.564256225463637e-08,9.984844798321688e-05,0.003747114225911597,0.0,0.0,0.0,0.0,0.0,0.0,0.0,0.0,0.0,0.0,0.0,0.0,800.0,800.0,800.0
87,26100.0,7.25,0.0,0.0,0.0,0.0,0.0,0.0,0.00010392724974672029,0.060904483641114074,0.06356283701863717,0.06316067357917292,0.06325527677373709,0.06391256823091586,0.06324555320336758,0.06324555320336758,0.06324555320336758,0.0,0.0,0.0,0.0,0.0,0.0,0.12650193400905183,0.12834302504440814,0.13366553160250508,2.651520099350607e-09,1.6768951447665943e-05,0.00042384273545333274,0.0,0.0,0.0,2.0954221775401328e-08,0.00013920890424114562,0.005850753183977978,0.0,0.0,0.0,0.0,0.0,0.0,0.0,0.0,0.0,0.0,0.0,0.0,800.0,800.0,800.0
88,26400.0,7.333333333333333,0.0,0.0,0.0,0.0,0.0,0.0,0.00010739672419709964,0.06101978553221364,0.06363725842236581,0.06316037676957548,0.0632550504741217,0.06390598327965655,0.06324555320336758,0.06324555320336758,0.06324555320336758,0.0,0.0,0.0,0.0,0.0,0.0,0.12650214447639568,0.12837025259047188,0.13375111811914686,9.624898908971982e-09,2.5608653462235856e-05,0.0007023114031128836,0.0,0.0,0.0,7.608242600543913e-08,0.00027554124468039874,0.009661046355823896,0.0,0.0,0.0,0.0,0.0,0.0,0.0,0.0,0.0,0.0,0.0,0.0,800.0,800.0,800.0
89,26700.0,7.416666666666667,0.0,0.0,0.0,0.0,0.0,0.0,0.00010945151518028224,0.06098981636333233,0.06369732193765669,0.06315425030623881,0.06325517504023992,0.06389634103037699,0.06324555320336758,0.06324555320336758,0.06324555320336758,0.0,0.0,0.0,0.0,0.0,0.0,0.1265021308356221,0.12837917977200944,0.13408453442979296,5.495797261875239e-09,2.7300772923986488e-05,0.0007345887998946993,0.0,0.0,0.0,4.3547094479959166e-08,0.00024451883083475835,0.010101567760235547,0.0,0.0,0.0,0.0,0.0,0.0,0.0,0.0,0.0,0.0,0.0,0.0,800.0,800.0,800.0
90,27000.0,7.5,0.0,0.0,0.0,0.0,0.0,0.0,0.00011041153043338077,0.06102967668060219,0.06373364551674164,0.06314944878404005,0.06325552021084171,0.06388282624273876,0.06324555320336758,0.06324555320336758,0.06324555320336758,0.0,0.0,0.0,0.0,0.0,0.0,0.1265028216325796,0.12837685923832054,0.1343607900044163,1.6801269536352647e-09,1.99049825117256e-05,0.0005203277677067244,0.0,0.0,0.0,1.3279753614751e-08,0.00016857940402894919,0.00607390018657259,0.0,0.0,0.0,0.0,0.0,0.0,0.0,0.0,0.0,0.0,0.0,0.0,800.0,800.0,800.0
91,27300.0,7.583333333333333,0.0,0.0,0.0,0.0,0.0,0.0,0.00011090736678405095,0.06106619521441195,0.06376448532094917,0.06314757503687543,0.06325506827482515,0.0638654591672798,0.06324555320336758,0.06324555320336758,0.06324555320336758,0.0,0.0,0.0,0.0,0.0,0.0,0.12650274603241835,0.12847333364619504,0.13452339591836424,4.601627350815222e-09,3.245370867071441e-05,0.0007222445161320564,0.0,0.0,0.0,3.637625506380178e-08,0.0002780209270594628,0.010077520380942005,0.0,0.0,0.0,0.0,0.0,0.0,0.0,0.0,0.0,0.0,0.0,0.0,800.0,800.0,800.0
92,27600.0,7.666666666666667,0.0,0.0,0.0,0.0,0.0,0.0,0.00011330505362495565,0.06110430674419169,0.06377956448155618,0.0631465815688236,0.06325512993451271,0.06385998250457926,0.06324555320336758,0.06324555320336758,0.06324555320336758,0.0,0.0,0.0,0.0,0.0,0.0,0.1265030464912814,0.12845951118249532,0.1345268854442758,4.144324924229756e-09,3.383188415962658e-05,0.000814859167421756,0.0,0.0,0.0,3.2592172549934566e-08,0.0002780760347034693,0.011386379126408087,0.0,0.0,0.0,0.0,0.0,0.0,0.0,0.0,0.0,0.0,0.0,0.0,800.0,800.0,800.0
93,27900.0,7.75,0.0,0.0,0.0,0.0,0.0,0.0,0.00011399217672800776,0.06115206896214421,0.06379168150485778,0.06314542053812898,0.06325518792243509,0.06385171650889829,0.06324555320336758,0.06324555320336758,0.06324555320336758,0.0,0.0,0.0,0.0,0.0,0.0,0.12650345371377264,0.1284882841700076,0.13437564416866501,9.301161588110179e-09,2.8864577073758987e-05,0.0010903988496882672,0.0,0.0,0.0,7.364145269467074e-08,0.0002640129508609156,0.01531157989173264,0.0,0.0,0.0,0.0,0.0,0.0,0.0,0.0,0.0,0.0,0.0,0.0,800.0,800.0,800.0
94,28200.0,7.833333333333333,0.0,0.0,0.0,0.0,0.0,0.0,0.00011617429776587195,0.0611968270277731,0.06374945711536907,0.06314403275015765,0.06325509156204419,0.06384065586519183,0.06324555320336758,0.06324555320336758,0.06324555320336758,0.0,0.0,0.0,0.0,0.0,0.0,0.12650350761876789,0.12854879762334184,0.13411282308321346,2.9468064724783e-09,2.7225884415204122e-05,0.0009048957683140424,0.0,0.0,0.0,2.3294550407223884e-08,0.0002312774646808897,0.012679195791765949,0.0,0.0,0.0,0.0,0.0,0.0,0.0,0.0,0.0,0.0,0.0,0.0,800.0,800.0,800.0
95,28500.0,7.916666666666667,0.0,0.0,0.0,0.0,0.0,0.0,0.00011993571934921374,0.061231533910226246,0.06370466141477044,0.06314326201133302,0.06325510434324962,0.06382823313627227,0.06324555320336758,0.06324555320336758,0.06324555320336758,0.0,0.0,0.0,0.0,0.0,0.0,0.12650325317129094,0.1285719342483388,0.134437152586427,1.8108647247650678e-09,2.2020828382145034e-05,0.00032260820619529337,0.0,0.0,0.0,1.4589993074503696e-08,0.00020418302232075623,0.004490297847613724,0.0,0.0,0.0,0.0,0.0,0.0,0.0,0.0,0.0,0.0,0.0,0.0,800.0,800.0,800.0
96,28800.0,8.0,0.0,0.0,0.0,0.0,0.0,0.0,0.0001199336992358627,0.061258391302051754,0.06370139286610628,0.06313717868155568,0.06325516299593767,0.06381603664660533,0.06324555320336758,0.06324555320336758,0.06324555320336758,0.0,0.0,0.0,0.0,0.0,0.0,0.12650354383417706,0.12862345925686916,0.13477947880163407,1.6821995029770459e-09,1.8819084568393416e-05,0.000213822019489898,0.0,0.0,0.0,1.3286627227314924e-08,0.00019487322984412477,0.0029584227746729153,0.0,0.0,0.0,0.0,0.0,0.0,0.0,0.0,0.0,0.0,0.0,0.0,800.0,800.0,800.0
97,29100.0,8.083333333333334,0.0,0.0,0.0,0.0,0.0,0.0,0.00012064299554824382,0.061288129310917344,0.06363760318396908,0.06313738730664759,0.0632551259301864,0.06380344469785253,0.06324555320336758,0.06324555320336758,0.06324555320336758,0.0,0.0,0.0,0.0,0.0,0.0,0.12650322094658306,0.12861483660993375,0.13493438856172266,1.6067767631482595e-09,4.349078567612176e-05,0.0003647824963209496,0.0,0.0,0.0,1.2853593925670543e-08,0.0004026194619862814,0.005037752344062537,0.0,0.0,0.0,0.0,0.0,0.0,0.0,0.0,0.0,0.0,0.0,0.0,800.0,800.0,800.0
98,29400.0,8.166666666666666,0.0,0.0,0.0,0.0,0.0,0.0,0.0001210408969440361,0.06130866331298315,0.06357012368612627,0.06313734044790462,0.0632549966964454,0.06378816745335787,0.06324555320336758,0.06324555320336758,0.06324555320336758,0.0,0.0,0.0,0.0,0.0,0.0,0.12650381093802746,0.1286275075454337,0.13487458705869543,8.785413067562486e-10,3.3085702450217086e-05,0.00022222881130579554,0.0,0.0,0.0,7.106557329541612e-09,0.0003051931815952142,0.002364443518758093,0.0,0.0,0.0,0.0,0.0,0.0,0.0,0.0,0.0,0.0,0.0,0.0,800.0,800.0,800.0
99,29700.0,8.25,0.0,0.0,0.0,0.0,0.0,0.0,0.00012290567420387242,0.061380761896188824,0.06347282936045774,0.06313385337939006,0.06325492413175694,0.06377120380918587,0.06324555320336758,0.06324555320336758,0.06324555320336758,0.0,0.0,0.0,0.0,0.0,0.0,0.12650435235337987,0.12868974661267388,0.13463671104831598,3.0399356226234282e-09,2.1203343370423962e-05,0.00022594931659414562,0.0,0.0,0.0,2.42247055487919e-08,0.00019807800674128103,0.0017753621250454705,0.0,0.0,0.0,0.0,0.0,0.0,0.0,0.0,0.0,0.0,0.0,0.0,800.0,800.0,800.0
100,30000.0,8.333333333333334,0.0,0.0,0.0,0.0,0.0,0.0,0.0001226725014949444,0.06149536742969085,0.06350153439397799,0.06312894660857085,0.06325484866920886,0.06376159041676077,0.06324555320336758,0.06324555320336758,0.06324555320336758,0.0,0.0,0.0,0.0,0.0,0.0,0.12650469214714183,0.12868576174328872,0.13430784460791337,1.87004832328929e-09,2.600943094622311e-05,0.00034781245676219336,0.0,0.0,0.0,1.4737241441685137e-08,0.00022919549210497782,0.0048416550650694805,0.0,0.0,0.0,0.0,0.0,0.0,0.0,0.0,0.0,0.0,0.0,0.0,800.0,800.0,800.0
101,30300.0,8.416666666666666,0.0,0.0,0.0,0.0,0.0,0.0,0.0001264637405573083,0.06152253051459993,0.06348332605411985,0.06312782272351752,0.06325476503865948,0.06375189638107948,0.06324555320336758,0.06324555320336758,0.06324555320336758,0.0,0.0,0.0,0.0,0.0,0.0,0.12650515265980317,0.128685216864164,0.1343254872509529,1.871284745986879e-09,3.8302618610002606e-05,0.00038124396310347606,0.0,0.0,0.0,1.4615477894911354e-08,0.00031470888065033534,0.005309213340542923,0.0,0.0,0.0,0.0,0.0,0.0,0.0,0.0,0.0,0.0,0.0,0.0,800.0,800.0,800.0
102,30600.0,8.5,0.0,0.0,0.0,0.0,0.0,0.0,0.0001312023285795667,0.06158948013498449,0.06340303898522164,0.06312741604128935,0.06325505426661836,0.06374093250748383,0.06324555320336758,0.06324555320336758,0.06324555320336758,0.0,0.0,0.0,0.0,0.0,0.0,0.12650525719536881,0.12862671380249924,0.13469864200404766,1.481000661647565e-09,3.7337723926150625e-05,0.00020690525486948957,0.0,0.0,0.0,1.1707862021456088e-08,0.00030569928002171685,0.002794951724036011,0.0,0.0,0.0,0.0,0.0,0.0,0.0,0.0,0.0,0.0,0.0,0.0,800.0,800.0,800.0
103,30900.0,8.583333333333334,0.0,0.0,0.0,0.0,0.0,0.0,0.00013434552677151445,0.06172144869438475,0.0634865434778541,0.06312472377130204,0.06325502709957355,0.06373029323405299,0.06324555320336758,0.06324555320336758,0.06324555320336758,0.0,0.0,0.0,0.0,0.0,0.0,0.12650537612054946,0.12860774111627601,0.1350058696035029,3.028434180664529e-09,3.86044572214039e-05,0.00022448963419227142,0.0,0.0,0.0,2.3912296543732026e-08,0.0003559360315360408,0.0017591349962638465,0.0,0.0,0.0,0.0,0.0,0.0,0.0,0.0,0.0,0.0,0.0,0.0,800.0,800.0,800.0
104,31200.0,8.666666666666666,0.0,0.0,0.0,0.0,0.0,0.0,0.00013505275649364554,0.061905964863441174,0.06360524209842663,0.0631255474959858,0.06325493900097351,0.06371810928751942,0.06324555320336758,0.06324555320336758,0.06324555320336758,0.0,0.0,0.0,0.0,0.0,0.0,0.12650583925758885,0.1285586728436716,0.13522188422177847,4.1058552378805184e-09,4.221865615853886e-05,0.0002959914807539706,0.0,0.0,0.0,3.2433886650315787e-08,0.00037015605128021186,0.002318757316547225,0.0,0.0,0.0,0.0,0.0,0.0,0.0,0.0,0.0,0.0,0.0,0.0,800.0,800.0,800.0
105,31500.0,8.75,0.0,0.0,0.0,0.0,0.0,0.0,0.0001356095850760944,0.061995523026613014,0.06353777908806296,0.06312425025996446,0.06325429764710326,0.06370234253826831,0.06324555320336758,0.06324555320336758,0.06324555320336758,0.0,0.0,0.0,0.0,0.0,0.0,0.12650526951295793,0.1285052166910239,0.13531643171595595,1.3379129266474407e-09,2.8351081686016275e-05,0.0001589535917171934,0.0,0.0,0.0,1.062733520740602e-08,0.00023552055895903758,0.0018472770458740739,0.0,0.0,0.0,0.0,0.0,0.0,0.0,0.0,0.0,0.0,0.0,0.0,800.0,800.0,800.0
106,31800.0,8.833333333333334,0.0,0.0,0.0,0.0,0.0,0.0,0.00013568935477173796,0.061971500513799876,0.06367367994980795,0.06312455661320947,0.06325480029421686,0.06368172723721185,0.06324555320336758,0.06324555320336758,0.06324555320336758,0.0,0.0,0.0,0.0,0.0,0.0,0.12650541017798214,0.12850870370418851,0.13527139266585037,5.612015787887735e-10,5.8020088120762223e-05,0.00022240931345259484,0.0,0.0,0.0,4.434835853097089e-09,0.0005086455441419111,0.001906573712485813,0.0,0.0,0.0,0.0,0.0,0.0,0.0,0.0,0.0,0.0,0.0,0.0,800.0,800.0,800.0
107,32100.0,8.916666666666666,0.0,0.0,0.0,0.0,0.0,0.0,0.00013876096171791573,0.0619612696097068,0.06384255953777272,0.06311790738701877,0.06325407598745515,0.06365816070131104,0.06324555320336758,0.06324555320336758,0.06324555320336758,0.0,0.0,0.0,0.0,0.0,0.0,0.12650432648411097,0.12859662329636576,0.1351027956950048,3.1036651527324187e-09,6.266730026742589e-05,0.0002260400813221347,0.0,0.0,0.0,2.43440868135377e-08,0.0005371347053150926,0.0021801318377624133,0.0,0.0,0.0,0.0,0.0,0.0,0.0,0.0,0.0,0.0,0.0,0.0,800.0,800.0,800.0
108,32400.0,9.0,0.0,0.0,0.0,0.0,0.0,0.0,0.00013951526645659103,0.061970339947611704,0.06393790632382718,0.0631149877443687,0.06325381281702372,0.06364353382162902,0.06324555320336758,0.06324555320336758,0.06324555320336758,0.0,0.0,0.0,0.0,0.0,0.0,0.1265048190913284,0.12863667546528867,0.13499322611911097,1.947292586452936e-09,5.591721032678517e-05,0.0002482158095024759,0.0,0.0,0.0,1.529317010838356e-08,0.0004930496145934643,0.0019658730671093323,0.0,0.0,0.0,0.0,0.0,0.0,0.0,0.0,0.0,0.0,0.0,0.0,800.0,800.0,800.0
109,32700.0,9.083333333333334,0.0,0.0,0.0,0.0,0.0,0.0,0.0001364086461618246,0.061982296660602045,0.06403109883279039,0.06311596810203945,0.06325358549160064,0.06363670158829889,0.06324555320336758,0.06324555320336758,0.06324555320336758,0.0,0.0,0.0,0.0,0.0,0.0,0.12650484474236773,0.12872334819533005,0.1353441813115365,1.918294489604027e-09,4.560413921580376e-05,0.0003311832502184241,0.0,0.0,0.0,1.524122971339067e-08,0.0004026411754570343,0.0026244739661279337,0.0,0.0,0.0,0.0,0.0,0.0,0.0,0.0,0.0,0.0,0.0,0.0,800.0,800.0,800.0
110,33000.0,9.166666666666666,0.0,0.0,0.0,0.0,0.0,0.0,0.00013215147659637375,0.061995002627390966,0.0641240423437296,0.06311837923339622,0.06325340570548904,0.06362813927818264,0.06324555320336758,0.06324555320336758,0.06324555320336758,0.0,0.0,0.0,0.0,0.0,0.0,0.12650471256786958,0.12873888720026935,0.13566344868597008,1.5283746518516058e-09,1.5443539937102405e-05,0.00026150429184162305,0.0,0.0,0.0,1.1890971705830048e-08,0.00012899040415447928,0.0020712749899186827,0.0,0.0,0.0,0.0,0.0,0.0,0.0,0.0,0.0,0.0,0.0,0.0,800.0,800.0,800.0
111,33300.0,9.25,0.0,0.0,0.0,0.0,0.0,0.0,0.000131498054385841,0.06202731245311041,0.06419819603061762,0.06311860903058002,0.06325317215397001,0.06361815700955763,0.06324555320336758,0.06324555320336758,0.06324555320336758,0.0,0.0,0.0,0.0,0.0,0.0,0.12650529909192643,0.12876651037663517,0.13589189163347493,1.8481164765651719e-09,3.184424679653166e-05,0.00013143107689478912,0.0,0.0,0.0,1.4603011738277534e-08,0.0003066411107886933,0.001080423837860796,0.0,0.0,0.0,0.0,0.0,0.0,0.0,0.0,0.0,0.0,0.0,0.0,800.0,800.0,800.0
112,33600.0,9.333333333333334,0.0,0.0,0.0,0.0,0.0,0.0,0.00013331437902996387,0.062030535687770214,0.0642545514069372,0.06312061839609533,0.06325275097875852,0.06360446755322711,0.06324555320336758,0.06324555320336758,0.06324555320336758,0.0,0.0,0.0,0.0,0.0,0.0,0.12650573612493046,0.12881620936510116,0.13598982996454773,2.636099930480952e-09,3.946432658510401e-05,0.0003750882019205111,0.0,0.0,0.0,2.0998854650783928e-08,0.00035692267542639257,0.0029570559446509483,0.0,0.0,0.0,0.0,0.0,0.0,0.0,0.0,0.0,0.0,0.0,0.0,800.0,800.0,800.0
113,33900.0,9.416666666666666,0.0,0.0,0.0,0.0,0.0,0.0,0.00013646343645027877,0.06199025907782089,0.0642980735136482,0.06311739189036192,0.06325204926669856,0.06358650935452134,0.06324555320336758,0.06324555320336758,0.06324555320336758,0.0,0.0,0.0,0.0,0.0,0.0,0.12650553428510014,0.12879297248253957,0.13594103864037274,3.5933158163362696e-09,1.1481511087350053e-05,0.0004438004192011286,0.0,0.0,0.0,2.8398720350032923e-08,0.00010918927353497667,0.0034965027851557025,0.0,0.0,0.0,0.0,0.0,0.0,0.0,0.0,0.0,0.0,0.0,0.0,800.0,800.0,800.0
114,34200.0,9.5,0.0,0.0,0.0,0.0,0.0,0.0,0.00013849718063788102,0.061971404018535806,0.0643233378007813,0.06311233821155299,0.06325156552484733,0.0635670789179113,0.06324555320336758,0.06324555320336758,0.06324555320336758,0.0,0.0,0.0,0.0,0.0,0.0,0.12650471364378033,0.12878179229084047,0.13575607728590444,8.001996628655315e-10,5.63379185182019e-05,0.0005671797469643013,0.0,0.0,0.0,6.3189513458895315e-09,0.0005593233540752028,0.004463092933397418,0.0,0.0,0.0,0.0,0.0,0.0,0.0,0.0,0.0,0.0,0.0,0.0,800.0,800.0,800.0
115,34500.0,9.583333333333334,0.0,0.0,0.0,0.0,0.0,0.0,0.00014048417940296055,0.06197200452809052,0.06432423150627563,0.06310806856810813,0.06325164007095692,0.06354598564604824,0.06324555320336758,0.06324555320336758,0.06324555320336758,0.0,0.0,0.0,0.0,0.0,0.0,0.12650432560777036,0.12887685852302003,0.13546590322598095,2.845475590595066e-09,8.707995148010647e-05,0.000529884190374886,0.0,0.0,0.0,2.2494443149157994e-08,0.0008756516137504257,0.004170959423104292,0.0,0.0,0.0,0.0,0.0,0.0,0.0,0.0,0.0,0.0,0.0,0.0,800.0,800.0,800.0
116,34800.0,9.666666666666666,0.0,0.0,0.0,0.0,0.0,0.0,0.0001465810942814299,0.06192750688584303,0.06430581440117926,0.06310556981811813,0.06325162782848139,0.06352266658088897,0.06324555320336758,0.06324555320336758,0.06324555320336758,0.0,0.0,0.0,0.0,0.0,0.0,0.12650396832931532,0.12896517331823204,0.135171809577782,1.5298620806570793e-09,7.116059441869767e-05,0.00033468147366672875,0.0,0.0,0.0,1.222422366130837e-08,0.0006106798042585061,0.0026383051626448716,0.0,0.0,0.0,0.0,0.0,0.0,0.0,0.0,0.0,0.0,0.0,0.0,800.0,800.0,800.0
117,35100.0,9.75,0.0,0.0,0.0,0.0,0.0,0.0,0.00014950053503268615,0.06194303743286139,0.06427434528667543,0.0630993721520823,0.06325170226354919,0.06349610899115417,0.06324555320336758,0.06324555320336758,0.06324555320336758,0.0,0.0,0.0,0.0,0.0,0.0,0.12650395845535511,0.12895514812393608,0.13547232890374572,2.8637819318093545e-09,3.499783805136358e-05,0.0003496175344552772,0.0,0.0,0.0,2.2613982521452614e-08,0.0003476043802620581,0.004859896558869474,0.0,0.0,0.0,0.0,0.0,0.0,0.0,0.0,0.0,0.0,0.0,0.0,800.0,800.0,800.0
118,35400.0,9.833333333333334,0.0,0.0,0.0,0.0,0.0,0.0,0.0001500822408871036,0.062023790765253155,0.06422547234261287,0.0630939632495439,0.06325113309715479,0.063477559975188,0.06324555320336758,0.06324555320336758,0.06324555320336758,0.0,0.0,0.0,0.0,0.0,0.0,0.12650379224297664,0.12898567154836632,0.13585681351610496,2.3960240129727126e-09,4.6677075650565965e-05,0.0003622030232383452,0.0,0.0,0.0,1.894076162188043e-08,0.0004320427915035562,0.003612138635349874,0.0,0.0,0.0,0.0,0.0,0.0,0.0,0.0,0.0,0.0,0.0,0.0,800.0,800.0,800.0
119,35700.0,9.916666666666666,0.0,0.0,0.0,0.0,0.0,0.0,0.00015438142765052305,0.061999030597744094,0.06416330509315327,0.06309382156963991,0.06325084502720942,0.06346032975353712,0.06324555320336758,0.06324555320336758,0.06324555320336758,0.0,0.0,0.0,0.0,0.0,0.0,0.12650372340717392,0.12925362351602254,0.13610566644483682,2.499794602218209e-09,4.722965864910871e-05,0.0003853601303961583,0.0,0.0,0.0,1.9855525163932265e-08,0.0003935631302846942,0.003377079120133658,0.0,0.0,0.0,0.0,0.0,0.0,0.0,0.0,0.0,0.0,0.0,0.0,800.0,800.0,800.0
120,36000.0,10.0,0.0,0.0,0.0,0.0,0.0,0.0,0.00015495731339496184,0.06198177198833667,0.0640502738260518,0.06309012466434283,0.06325064102831299,0.06344181720770224,0.06324555320336758,0.06324555320336758,0.06324555320336758,0.0,0.0,0.0,0.0,0.0,0.0,0.12650365595551738,0.12924074566745025,0.13614738103580737,1.7477506918806868e-09,5.852528748826757e-05,0.00044011354399585835,0.0,0.0,0.0,1.379882974642376e-08,0.00048627218012334847,0.006063523380985554,0.0,0.0,0.0,0.0,0.0,0.0,0.0,0.0,0.0,0.0,0.0,0.0,800.0,800.0,800.0
121,36300.0,10.083333333333334,0.0,0.0,0.0,0.0,0.0,0.0,0.00015647423602492438,0.061994083390696696,0.06401762517958265,0.06308573948046192,0.06325014576174279,0.06342202641307207,0.06324555320336758,0.06324555320336758,0.06324555320336758,0.0,0.0,0.0,0.0,0.0,0.0,0.12650353016033233,0.12922697364870556,0.1359837804778183,7.3494265992035314e-09,3.403746444041036e-05,0.000537072312982519,0.0,0.0,0.0,5.809479647522386e-08,0.0002946491919137122,0.007393401621739563,0.0,0.0,0.0,0.0,0.0,0.0,0.0,0.0,0.0,0.0,0.0,0.0,800.0,800.0,800.0
122,36600.0,10.166666666666666,0.0,0.0,0.0,0.0,0.0,0.0,0.00015676963931447074,0.06207367263070129,0.06397943237010197,0.0630816959450407,0.06325035518983826,0.06340110951796106,0.06324555320336758,0.06324555320336758,0.06324555320336758,0.0,0.0,0.0,0.0,0.0,0.0,0.12650410662577816,0.1291214315745215,0.13565814073196036,2.1347493092328817e-09,3.531305895163078e-05,0.0003557846989728495,0.0,0.0,0.0,1.686405524181205e-08,0.0002998221548909731,0.004910907900865471,0.0,0.0,0.0,0.0,0.0,0.0,0.0,0.0,0.0,0.0,0.0,0.0,800.0,800.0,800.0
123,36900.0,10.25,0.0,0.0,0.0,0.0,0.0,0.0,0.00015920147693684566,0.0620539121126836,0.0639062724273861,0.06308055894036319,0.06324965523349739,0.0633797340073585,0.06324555320336758,0.06324555320336758,0.06324555320336758,0.0,0.0,0.0,0.0,0.0,0.0,0.12650398259578122,0.129153962299127,0.1360859038660025,7.251580787666582e-10,1.7262539588959138e-05,0.00014228107622122675,0.0,0.0,0.0,5.738026949441848e-09,0.0001561752643966703,0.0013599739254352764,0.0,0.0,0.0,0.0,0.0,0.0,0.0,0.0,0.0,0.0,0.0,0.0,800.0,800.0,800.0
124,37200.0,10.333333333333334,0.0,0.0,0.0,0.0,0.0,0.0,0.000164681680544623,0.062032522220246654,0.06377489651609418,0.06307221603825747,0.06324948182118172,0.06335796846436656,0.06324555320336758,0.06324555320336758,0.06324555320336758,0.0,0.0,0.0,0.0,0.0,0.0,0.1265041529195754,0.12894938671017275,0.13644428472393483,1.5624938802035511e-09,4.605737666305899e-05,0.00022764347676721997,0.0,0.0,0.0,1.2349993683191006e-08,0.00038234933105957166,0.0025463143364036454,0.0,0.0,0.0,0.0,0.0,0.0,0.0,0.0,0.0,0.0,0.0,0.0,800.0,800.0,800.0
125,37500.0,10.416666666666666,0.0,0.0,0.0,0.0,0.0,0.0,0.00016408048237680366,0.062111819032573734,0.06382753505598457,0.0630671518829016,0.06324879307317827,0.06333586745232937,0.06324555320336758,0.06324555320336758,0.06324555320336758,0.0,0.0,0.0,0.0,0.0,0.0,0.12650393785261416,0.12896564158991253,0.13670966019152234,2.172241163999501e-09,4.396186367295878e-05,0.00020819756742624927,0.0,0.0,0.0,1.7150483627918014e-08,0.0004133537512333827,0.0028926757633373572,0.0,0.0,0.0,0.0,0.0,0.0,0.0,0.0,0.0,0.0,0.0,0.0,800.0,800.0,800.0
126,37800.0,10.5,0.0,0.0,0.0,0.0,0.0,0.0,0.00016539757149807078,0.062179000844518655,0.06392357626696792,0.06306361067488589,0.06324870789884467,0.06331282809180427,0.06324555320336758,0.06324555320336758,0.06324555320336758,0.0,0.0,0.0,0.0,0.0,0.0,0.12650410339927023,0.12894854492901142,0.13686298131589195,1.5034313126358512e-09,5.913810915655564e-05,0.00020520999214114588,0.0,0.0,0.0,1.187899628601916e-08,0.0005332056051849285,0.0016009189019112998,0.0,0.0,0.0,0.0,0.0,0.0,0.0,0.0,0.0,0.0,0.0,0.0,800.0,800.0,800.0
127,38100.0,10.583333333333334,0.0,0.0,0.0,0.0,0.0,0.0,0.00017380928830542058,0.06218663375107395,0.06390420880926909,0.0630635162532471,0.06324817167912872,0.0632939011050904,0.06324555320336758,0.06324555320336758,0.06324555320336758,0.0,0.0,0.0,0.0,0.0,0.0,0.12650388984604627,0.128994749854937,0.13688091153974563,5.576192648908008e-09,3.123663210899057e-05,0.00019731816428689402,0.0,0.0,0.0,4.44485252327567e-08,0.00030530443460629426,0.0015461747553146565,0.0,0.0,0.0,0.0,0.0,0.0,0.0,0.0,0.0,0.0,0.0,0.0,800.0,800.0,800.0
128,38400.0,10.666666666666666,0.0,0.0,0.0,0.0,0.0,0.0,0.00018326756729403733,0.062187976069976024,0.06416829750970651,0.06306370649780581,0.06324807792966301,0.06327709386817866,0.06324555320336758,0.06324555320336758,0.06324555320336758,0.0,0.0,0.0,0.0,0.0,0.0,0.1265044939189403,0.1291282815789907,0.1367507830296061,1.0201913886686503e-08,6.84924678507581e-05,0.00034657984792322937,0.0,0.0,0.0,8.061131553677004e-08,0.0006049225098019504,0.002709476607378141,0.0,0.0,0.0,0.0,0.0,0.0,0.0,0.0,0.0,0.0,0.0,0.0,800.0,800.0,800.0
129,38700.0,10.75,0.0,0.0,0.0,0.0,0.0,0.0,0.00018599833485778434,0.06218603022166271,0.064390348789681,0.0630581375317244,0.06324750192964379,0.06327011514690498,0.06324555320336758,0.06324555320336758,0.06324555320336758,0.0,0.0,0.0,0.0,0.0,0.0,0.1265047364920705,0.12904944316174968,0.13649037699062766,3.4450193386776473e-10,6.145175508972975e-05,0.00022738547914570814,0.0,0.0,0.0,2.7202823922292155e-09,0.0005727913184978361,0.0017757454473399355,0.0,0.0,0.0,0.0,0.0,0.0,0.0,0.0,0.0,0.0,0.0,0.0,800.0,800.0,800.0
130,39000.0,10.833333333333334,0.0,0.0,0.0,0.0,0.0,0.0,0.00018703681060128164,0.06219944847677932,0.06455059684856462,0.06304776059855685,0.06324744884022991,0.06327122742485385,0.06324555320336758,0.06324555320336758,0.06324555320336758,0.0,0.0,0.0,0.0,0.0,0.0,0.12650464340517717,0.1289667459796726,0.13613184509320522,8.511560209692347e-10,5.9159492018958325e-05,0.0002855131691104178,0.0,0.0,0.0,6.714195184110733e-09,0.0006526486824580426,0.002563676789782196,0.0,0.0,0.0,0.0,0.0,0.0,0.0,0.0,0.0,0.0,0.0,0.0,800.0,800.0,800.0
131,39300.0,10.916666666666666,0.0,0.0,0.0,0.0,0.0,0.0,0.00018984001864665758,0.06219342469379893,0.06467548538635387,0.06304284960567694,0.06324752919579929,0.06327220012833877,0.06324555320336758,0.06324555320336758,0.06324555320336758,0.0,0.0,0.0,0.0,0.0,0.0,0.12650449759723228,0.12892611909875762,0.13628132066534412,1.3667541243801354e-09,5.115636371046462e-05,0.00028184222739835376,0.0,0.0,0.0,1.0799673409076047e-08,0.000496463221801487,0.002401904197627469,0.0,0.0,0.0,0.0,0.0,0.0,0.0,0.0,0.0,0.0,0.0,0.0,800.0,800.0,800.0
132,39600.0,11.0,0.0,0.0,0.0,0.0,0.0,0.0,0.00019391576795193112,0.06221693608669901,0.06477295922607945,0.06303831809017643,0.0632475422549197,0.06327303903515599,0.06324555320336758,0.06324555320336758,0.06324555320336758,0.0,0.0,0.0,0.0,0.0,0.0,0.12650516702340459,0.12899881074001265,0.13662823075622726,3.0080841173590782e-09,4.014348028112798e-05,0.00025662311420808563,0.0,0.0,0.0,2.423056104728749e-08,0.00039430213264080304,0.003779026774223981,0.0,0.0,0.0,0.0,0.0,0.0,0.0,0.0,0.0,0.0,0.0,0.0,800.0,800.0,800.0
133,39900.0,11.083333333333334,0.0,0.0,0.0,0.0,0.0,0.0,0.00020425176537016364,0.06221826392515964,0.06485851431464354,0.0630380312063735,0.06324755483203343,0.06327368564306858,0.06324555320336758,0.06324555320336758,0.06324555320336758,0.0,0.0,0.0,0.0,0.0,0.0,0.12650504677341795,0.1291855906541637,0.13696100067588582,9.382430533397752e-10,2.2691179781350695e-05,0.00018481104961181414,0.0,0.0,0.0,7.402988276172824e-09,0.00024167656726512872,0.0015660917391833408,0.0,0.0,0.0,0.0,0.0,0.0,0.0,0.0,0.0,0.0,0.0,0.0,800.0,800.0,800.0
134,40200.0,11.166666666666666,0.0,0.0,0.0,0.0,0.0,0.0,0.00020579579150608148,0.06221965066560556,0.06493592239903283,0.06304007292441205,0.06324756708971375,0.06327415174921741,0.06324555320336758,0.06324555320336758,0.06324555320336758,0.0,0.0,0.0,0.0,0.0,0.0,0.1265057106185209,0.1293646883674437,0.13718958115580898,2.680157849275434e-09,2.941222944487591e-05,0.00015663679505049813,0.0,0.0,0.0,2.116439570268886e-08,0.00025419520486839224,0.0012417524256043756,0.0,0.0,0.0,0.0,0.0,0.0,0.0,0.0,0.0,0.0,0.0,0.0,800.0,800.0,800.0
135,40500.0,11.25,0.0,0.0,0.0,0.0,0.0,0.0,0.00020258035375408581,0.0622119093158924,0.06500241615801951,0.06303517441279187,0.06324757896166613,0.06327436869913412,0.06324555320336758,0.06324555320336758,0.06324555320336758,0.0,0.0,0.0,0.0,0.0,0.0,0.1265052605451144,0.1295659229837775,0.13727471825029805,2.335393493853912e-09,3.862706359219372e-05,0.00016906927815951456,0.0,0.0,0.0,1.8453824084900545e-08,0.00035339737764490957,0.0013295360081755799,0.0,0.0,0.0,0.0,0.0,0.0,0.0,0.0,0.0,0.0,0.0,0.0,800.0,800.0,800.0
136,40800.0,11.333333333333334,0.0,0.0,0.0,0.0,0.0,0.0,0.00020476746947073414,0.062212090519964486,0.0650362608149167,0.06303049773764394,0.06324759050252485,0.06327426347744544,0.06324555320336758,0.06324555320336758,0.06324555320336758,0.0,0.0,0.0,0.0,0.0,0.0,0.12650509751191938,0.12969593948552344,0.13719124283824413,1.053949576430338e-09,3.084093050824909e-05,0.00013564955608989711,0.0,0.0,0.0,8.214116168424981e-09,0.0002792680182413441,0.0014414500400492338,0.0,0.0,0.0,0.0,0.0,0.0,0.0,0.0,0.0,0.0,0.0,0.0,800.0,800.0,800.0
137,41100.0,11.416666666666666,0.0,0.0,0.0,0.0,0.0,0.0,0.00021099567806016667,0.06220483523690946,0.06505502747990673,0.06302856605104375,0.06324759113272042,0.06327375113019726,0.06324555320336758,0.06324555320336758,0.06324555320336758,0.0,0.0,0.0,0.0,0.0,0.0,0.12650522759642305,0.1296420620620734,0.13696260570505916,1.506180230385038e-09,3.6317722686295164e-05,0.00016373476938203658,0.0,0.0,0.0,1.1984056439162024e-08,0.00034500021482714656,0.0016089861862449615,0.0,0.0,0.0,0.0,0.0,0.0,0.0,0.0,0.0,0.0,0.0,0.0,800.0,800.0,800.0
138,41400.0,11.5,0.0,0.0,0.0,0.0,0.0,0.0,0.00021649345050408117,0.06220183163132188,0.06503934236686697,0.06302593017256386,0.0632474290170544,0.06327268705927698,0.06324555320336758,0.06324555320336758,0.06324555320336758,0.0,0.0,0.0,0.0,0.0,0.0,0.12650560068443562,0.1295467243090564,0.13661958071354713,1.6291417969303813e-09,5.227963855766206e-05,0.00018722842681935943,0.0,0.0,0.0,1.2905801744502321e-08,0.0004529853922103514,0.0016871553743235683,0.0,0.0,0.0,0.0,0.0,0.0,0.0,0.0,0.0,0.0,0.0,0.0,800.0,800.0,800.0
139,41700.0,11.583333333333334,0.0,0.0,0.0,0.0,0.0,0.0,0.00021873757643065743,0.06219199698250575,0.06496451453377967,0.06302142964974461,0.06324726795154179,0.06327090309359121,0.06324555320336758,0.06324555320336758,0.06324555320336758,0.0,0.0,0.0,0.0,0.0,0.0,0.12650609542132224,0.1294842780830613,0.1369236162103308,1.8139619994393598e-09,6.110475569035874e-05,0.00033147919801999865,0.0,0.0,0.0,1.4354465830928818e-08,0.0005131327479135061,0.003137802482279581,0.0,0.0,0.0,0.0,0.0,0.0,0.0,0.0,0.0,0.0,0.0,0.0,800.0,800.0,800.0
140,42000.0,11.666666666666666,0.0,0.0,0.0,0.0,0.0,0.0,0.00022436741132238357,0.062175381434763394,0.06491074539565851,0.06301706327098261,0.06324726827832614,0.06326817726048638,0.06324555320336758,0.06324555320336758,0.06324555320336758,0.0,0.0,0.0,0.0,0.0,0.0,0.1265067507105856,0.12961988500668056,0.13711982274474846,9.8854990193734e-10,5.326252364853961e-05,0.0003622641900413285,0.0,0.0,0.0,8.025360448561208e-09,0.0004959812980315579,0.00305679908395755,0.0,0.0,0.0,0.0,0.0,0.0,0.0,0.0,0.0,0.0,0.0,0.0,800.0,800.0,800.0
141,42300.0,11.75,0.0,0.0,0.0,0.0,0.0,0.0,0.00022356129822908089,0.06215696366093439,0.0648077097033179,0.06301659256662974,0.0632472437845127,0.06326426352737151,0.06324555320336758,0.06324555320336758,0.06324555320336758,0.0,0.0,0.0,0.0,0.0,0.0,0.12650708575809555,0.12975581374986847,0.1371754954015028,1.189515152297145e-09,6.25421945886648e-05,0.000428311017890456,0.0,0.0,0.0,9.392960202912907e-09,0.0005624853019307851,0.003327063585403559,0.0,0.0,0.0,0.0,0.0,0.0,0.0,0.0,0.0,0.0,0.0,0.0,800.0,800.0,800.0
142,42600.0,11.833333333333334,0.0,0.0,0.0,0.0,0.0,0.0,0.00022188077071262738,0.062196627294297736,0.06469758692759339,0.0630083728453877,0.06324735979125554,0.06326303606752612,0.06324555320336758,0.06324555320336758,0.06324555320336758,0.0,0.0,0.0,0.0,0.0,0.0,0.12650765020667848,0.12974973915768695,0.13709572792150243,7.366119347323219e-10,5.850514503821763e-05,0.00025658335332358426,0.0,0.0,0.0,5.8823835867047045e-09,0.000519438543446767,0.0019920660628592528,0.0,0.0,0.0,0.0,0.0,0.0,0.0,0.0,0.0,0.0,0.0,0.0,800.0,800.0,800.0
143,42900.0,11.916666666666666,0.0,0.0,0.0,0.0,0.0,0.0,0.00022004276923440062,0.062256498220709694,0.06464341635307014,0.06299823792847539,0.06324740863280058,0.06326396313861371,0.06324555320336758,0.06324555320336758,0.06324555320336758,0.0,0.0,0.0,0.0,0.0,0.0,0.12650750558483495,0.12984966473677179,0.13689432114047978,8.921169311392682e-10,2.8718089131436713e-05,0.00013789783251823393,0.0,0.0,0.0,7.079476903262053e-09,0.0002592073619748272,0.00108960105338763,0.0,0.0,0.0,0.0,0.0,0.0,0.0,0.0,0.0,0.0,0.0,0.0,800.0,800.0,800.0
144,43200.0,12.0,0.0,0.0,0.0,0.0,0.0,0.0,0.00022210173423127343,0.062329021178133576,0.06461017265123288,0.06299220771272032,0.06324729615935727,0.06326472524924129,0.06324555320336758,0.06324555320336758,0.06324555320336758,0.0,0.0,0.0,0.0,0.0,0.0,0.12650770811410134,0.1298365612541996,0.13688994356934125,1.5837752021462562e-09,4.890690913463497e-05,0.00019747185201421928,0.0,0.0,0.0,1.2477368847374809e-08,0.00043218411802647077,0.002742983501976687,0.0,0.0,0.0,0.0,0.0,0.0,0.0,0.0,0.0,0.0,0.0,0.0,800.0,800.0,800.0
145,43500.0,12.083333333333334,0.0,0.0,0.0,0.0,0.0,0.0,0.0002201255767525349,0.06241094219843436,0.06452837605533789,0.06299293249321268,0.06324730294987027,0.06326530151163731,0.06324555320336758,0.06324555320336758,0.06324555320336758,0.0,0.0,0.0,0.0,0.0,0.0,0.12650781863662966,0.12975022841594616,0.13676219308925136,1.2570231357185464e-09,7.389380862751843e-05,0.0005914698335454904,0.0,0.0,0.0,1.000924639618185e-08,0.000657537753579382,0.004653462536881495,0.0,0.0,0.0,0.0,0.0,0.0,0.0,0.0,0.0,0.0,0.0,0.0,800.0,800.0,800.0
146,43800.0,12.166666666666666,0.0,0.0,0.0,0.0,0.0,0.0,0.00021813948544306366,0.06238144249226388,0.06439174069433685,0.06299541864460961,0.06324724559964696,0.06326566134136295,0.06324555320336758,0.06324555320336758,0.06324555320336758,0.0,0.0,0.0,0.0,0.0,0.0,0.12650870502704475,0.12957141099781125,0.13708907929312353,2.614533198216573e-10,6.07322195067695e-05,0.0005212817540276895,0.0,0.0,0.0,2.0353447303020863e-09,0.0005570975692037462,0.0041031660629265694,0.0,0.0,0.0,0.0,0.0,0.0,0.0,0.0,0.0,0.0,0.0,0.0,800.0,800.0,800.0
147,44100.0,12.25,0.0,0.0,0.0,0.0,0.0,0.0,0.00021826565370027852,0.062404435500890934,0.06440773567397051,0.06298694217863654,0.06324716333068256,0.06326576783312562,0.06324555320336758,0.06324555320336758,0.06324555320336758,0.0,0.0,0.0,0.0,0.0,0.0,0.12650915122498346,0.12937219217794632,0.1375287958485835,1.3111045778590654e-09,7.379574077214727e-05,0.00025359061621134426,0.0,0.0,0.0,1.0410149973127053e-08,0.0007039276167883702,0.0019705895061770777,0.0,0.0,0.0,0.0,0.0,0.0,0.0,0.0,0.0,0.0,0.0,0.0,800.0,800.0,800.0
148,44400.0,12.333333333333334,0.0,0.0,0.0,0.0,0.0,0.0,0.00022321863488945483,0.06253809058034163,0.06453628884589473,0.06297643795265587,0.06324713179144083,0.06326557157752938,0.06324555320336758,0.06324555320336758,0.06324555320336758,0.0,0.0,0.0,0.0,0.0,0.0,0.12650932272645452,0.12941345528238504,0.1378760759830903,9.322830240395537e-10,7.05405986972069e-05,0.000308047127690007,0.0,0.0,0.0,7.354057330736574e-09,0.000619297872951556,0.002382489042274266,0.0,0.0,0.0,0.0,0.0,0.0,0.0,0.0,0.0,0.0,0.0,0.0,800.0,800.0,800.0
149,44700.0,12.416666666666666,0.0,0.0,0.0,0.0,0.0,0.0,0.00022361053252407313,0.0625341592329648,0.06449851697506895,0.06296578691988362,0.06324713385244513,0.06326500229923636,0.06324555320336758,0.06324555320336758,0.06324555320336758,0.0,0.0,0.0,0.0,0.0,0.0,0.12650844769948516,0.12960998505308352,0.1380817606849878,2.79680526785325e-09,4.1601562473927464e-05,0.0003093679462806212,0.0,0.0,0.0,2.2178850098965783e-08,0.0003520289622417611,0.002404853149225837,0.0,0.0,0.0,0.0,0.0,0.0,0.0,0.0,0.0,0.0,0.0,0.0,800.0,800.0,800.0
150,45000.0,12.5,0.0,0.0,0.0,0.0,0.0,0.0,0.00022398699485509866,0.06254714845428117,0.06483705060667067,0.06296623876922358,0.06324713546405933,0.06326396106664285,0.06324555320336758,0.06324555320336758,0.06324555320336758,0.0,0.0,0.0,0.0,0.0,0.0,0.12650813987611684,0.12969940830744514,0.13813189093961628,1.0184811109436718e-09,5.4901142514540535e-05,0.0003599099884036046,0.0,0.0,0.0,8.00688194363078e-09,0.0005516452415939389,0.002788115934979171,0.0,0.0,0.0,0.0,0.0,0.0,0.0,0.0,0.0,0.0,0.0,0.0,800.0,800.0,800.0
151,45300.0,12.583333333333334,0.0,0.0,0.0,0.0,0.0,0.0,0.00022434691088387887,0.06256611026726037,0.06508160704773353,0.06295977574758771,0.06324713673442285,0.06326231310442663,0.06324555320336758,0.06324555320336758,0.06324555320336758,0.0,0.0,0.0,0.0,0.0,0.0,0.12650863219306702,0.12985331602516326,0.13803858797624577,2.761002626951654e-09,4.5555240419922604e-05,0.00016667974773294843,0.0,0.0,0.0,2.192679518534481e-08,0.0004070219224586049,0.0012893006941121915,0.0,0.0,0.0,0.0,0.0,0.0,0.0,0.0,0.0,0.0,0.0,0.0,800.0,800.0,800.0
152,45600.0,12.666666666666666,0.0,0.0,0.0,0.0,0.0,0.0,0.00022198888717576642,0.0625057049894458,0.06525938248720654,0.06295221410543615,0.06324713764388391,0.06326204527266602,0.06324555320336758,0.06324555320336758,0.06324555320336758,0.0,0.0,0.0,0.0,0.0,0.0,0.12650758189017033,0.1298774586811168,0.1378158959078823,2.6654744125118252e-09,4.969596292789006e-05,0.00028747534831786905,0.0,0.0,0.0,2.1058420946286333e-08,0.00040109394277407906,0.0022750136376603874,0.0,0.0,0.0,0.0,0.0,0.0,0.0,0.0,0.0,0.0,0.0,0.0,800.0,800.0,800.0
153,45900.0,12.75,0.0,0.0,0.0,0.0,0.0,0.0,0.00022260717250715124,0.06256631019649231,0.06540491299703294,0.06294064225614962,0.06324698905367898,0.06326218869087348,0.06324555320336758,0.06324555320336758,0.06324555320336758,0.0,0.0,0.0,0.0,0.0,0.0,0.12650722584616522,0.129891929763741,0.13747502180621773,1.2884802223755947e-09,4.2211831357023736e-05,0.0003868604154993859,0.0,0.0,0.0,1.0224586142461293e-08,0.0003518571048673328,0.003049056002779152,0.0,0.0,0.0,0.0,0.0,0.0,0.0,0.0,0.0,0.0,0.0,0.0,800.0,800.0,800.0
154,46200.0,12.833333333333334,0.0,0.0,0.0,0.0,0.0,0.0,0.00021604355044457872,0.06255280188371629,0.06552984270904812,0.06293898436288928,0.0632469794015758,0.06326227191735805,0.06324555320336758,0.06324555320336758,0.06324555320336758,0.0,0.0,0.0,0.0,0.0,0.0,0.12650724537174088,0.1298983941036277,0.13703443074251398,1.6722295120551104e-09,4.8596396659403464e-05,0.0004297897267084003,0.0,0.0,0.0,1.3170601566584783e-08,0.000447693266972366,0.003386264358280438,0.0,0.0,0.0,0.0,0.0,0.0,0.0,0.0,0.0,0.0,0.0,0.0,800.0,800.0,800.0
155,46500.0,12.916666666666666,0.0,0.0,0.0,0.0,0.0,0.0,0.00021865404470000486,0.06254372816695243,0.0656433578291069,0.0629376334647811,0.06324675116091616,0.0632623035622326,0.06324555320336758,0.06324555320336758,0.06324555320336758,0.0,0.0,0.0,0.0,0.0,0.0,0.12650705873773935,0.13008217655590532,0.1369292428849429,2.1502037462472067e-09,6.621978281991082e-05,0.0003415712699625631,0.0,0.0,0.0,1.6974209394867193e-08,0.0005916061684475474,0.0026930774358729973,0.0,0.0,0.0,0.0,0.0,0.0,0.0,0.0,0.0,0.0,0.0,0.0,800.0,800.0,800.0
156,46800.0,13.0,0.0,0.0,0.0,0.0,0.0,0.0,0.00021775816977220717,0.06256220718579208,0.06575025740940793,0.06292963206382056,0.0632467417220024,0.06326227172990641,0.06324555320336758,0.06324555320336758,0.06324555320336758,0.0,0.0,0.0,0.0,0.0,0.0,0.12650705887051383,0.13012497755107166,0.1371194940772028,1.7732528278040121e-09,6.640124794509798e-05,0.00019231191538976572,0.0,0.0,0.0,1.455029771641167e-08,0.0005476636510288626,0.0016760593645196997,0.0,0.0,0.0,0.0,0.0,0.0,0.0,0.0,0.0,0.0,0.0,0.0,800.0,800.0,800.0
157,47100.0,13.083333333333334,0.0,0.0,0.0,0.0,0.0,0.0,0.00022063577514340224,0.06254485275219063,0.06581129505576334,0.06292357651533642,0.06324673465978059,0.06326215943468773,0.06324555320336758,0.06324555320336758,0.06324555320336758,0.0,0.0,0.0,0.0,0.0,0.0,0.12650708384518727,0.13014264378279938,0.13749185496689156,1.33537872491342e-09,3.628567599637491e-05,0.00021859392136358813,0.0,0.0,0.0,1.0626409226914598e-08,0.00030862458930509134,0.0016983644148263314,0.0,0.0,0.0,0.0,0.0,0.0,0.0,0.0,0.0,0.0,0.0,0.0,800.0,800.0,800.0
158,47400.0,13.166666666666666,0.0,0.0,0.0,0.0,0.0,0.0,0.00022069336436517117,0.06254585425252127,0.06583975939702254,0.06292210991656728,0.06324673792565658,0.06326196989443324,0.06324555320336758,0.06324555320336758,0.06324555320336758,0.0,0.0,0.0,0.0,0.0,0.0,0.12650704683089964,0.1300295027075069,0.13778996689831907,8.073570070575102e-10,3.027388777251356e-05,0.00016586107038999286,0.0,0.0,0.0,6.399517347171428e-09,0.0002514061098596124,0.001363754742517854,0.0,0.0,0.0,0.0,0.0,0.0,0.0,0.0,0.0,0.0,0.0,0.0,800.0,800.0,800.0
159,47700.0,13.25,0.0,0.0,0.0,0.0,0.0,0.0,0.00022282784308595688,0.0625625048246756,0.06584478446821822,0.06292250895222926,0.06324669422668558,0.06326165941336634,0.06324555320336758,0.06324555320336758,0.06324555320336758,0.0,0.0,0.0,0.0,0.0,0.0,0.12650723859963586,0.13013247912178635,0.1379801331674553,1.5711431417382075e-09,5.838006949199897e-05,0.00024215504321162148,0.0,0.0,0.0,1.2984527868778273e-08,0.00048000925702037427,0.001992998723849168,0.0,0.0,0.0,0.0,0.0,0.0,0.0,0.0,0.0,0.0,0.0,0.0,800.0,800.0,800.0
160,48000.0,13.333333333333334,0.0,0.0,0.0,0.0,0.0,0.0,0.0002241646342609544,0.06256790591761903,0.06578553893951034,0.06292122835100533,0.06324669561921861,0.063261866464691,0.06324555320336758,0.06324555320336758,0.06324555320336758,0.0,0.0,0.0,0.0,0.0,0.0,0.1265074488183797,0.13014076099696004,0.1380307245172595,2.495828885837833e-09,5.4492682394379535e-05,0.00020372863374399142,0.0,0.0,0.0,2.0089545601195128e-08,0.0004950319681783804,0.0015820166231078512,0.0,0.0,0.0,0.0,0.0,0.0,0.0,0.0,0.0,0.0,0.0,0.0,800.0,800.0,800.0
161,48300.0,13.416666666666666,0.0,0.0,0.0,0.0,0.0,0.0,0.00022484939276937158,0.06256896540070887,0.06565652070512892,0.06292093913486321,0.06324656163769522,0.06326230880975972,0.06324555320336758,0.06324555320336758,0.06324555320336758,0.0,0.0,0.0,0.0,0.0,0.0,0.1265086317269648,0.1302770399786092,0.13792232105328642,2.1463911207383332e-09,3.579135666688302e-05,0.00030039027902071787,0.0,0.0,0.0,1.696869050759889e-08,0.00030141200252398605,0.0023056645901480257,0.0,0.0,0.0,0.0,0.0,0.0,0.0,0.0,0.0,0.0,0.0,0.0,800.0,800.0,800.0
162,48600.0,13.5,0.0,0.0,0.0,0.0,0.0,0.0,0.00022264472052357676,0.06256657166824932,0.06553308387994479,0.06291775198662727,0.06324646790797277,0.06326271145611384,0.06324555320336758,0.06324555320336758,0.06324555320336758,0.0,0.0,0.0,0.0,0.0,0.0,0.12650729037630712,0.13015879365220406,0.13780300922880262,6.335284300921496e-10,6.0775941021718366e-05,0.0004282185893342993,0.0,0.0,0.0,5.096019075050535e-09,0.0004934666542621098,0.0033361090795063055,0.0,0.0,0.0,0.0,0.0,0.0,0.0,0.0,0.0,0.0,0.0,0.0,800.0,800.0,800.0
163,48900.0,13.583333333333334,0.0,0.0,0.0,0.0,0.0,0.0,0.00022011040602614408,0.06256241729918441,0.0654357062641472,0.06291006559724382,0.06324647161110687,0.0632630649278565,0.06324555320336758,0.06324555320336758,0.06324555320336758,0.0,0.0,0.0,0.0,0.0,0.0,0.1265088252447546,0.13032319472809195,0.13816033820458987,6.289037202955752e-10,6.907996422972095e-05,0.0005085649530376302,0.0,0.0,0.0,4.928124362852104e-09,0.000557236168529648,0.003910768338280915,0.0,0.0,0.0,0.0,0.0,0.0,0.0,0.0,0.0,0.0,0.0,0.0,800.0,800.0,800.0
164,49200.0,13.666666666666666,0.0,0.0,0.0,0.0,0.0,0.0,0.00021796385941475253,0.06256206041806041,0.06535075975784009,0.06291109054513581,0.06324647116347537,0.06326336175285363,0.06324555320336758,0.06324555320336758,0.06324555320336758,0.0,0.0,0.0,0.0,0.0,0.0,0.12650783236840357,0.1303115007493674,0.1383848140557356,6.624240324259969e-10,1.8016377750837614e-05,0.00015309797364221542,0.0,0.0,0.0,5.262908774363538e-09,0.00014965583411345675,0.0012380838820515013,0.0,0.0,0.0,0.0,0.0,0.0,0.0,0.0,0.0,0.0,0.0,0.0,800.0,800.0,800.0
165,49500.0,13.75,0.0,0.0,0.0,0.0,0.0,0.0,0.00022532363036666765,0.06265429107566302,0.06531053136440193,0.06290586727406186,0.06324643619205304,0.06326359491700853,0.06324555320336758,0.06324555320336758,0.06324555320336758,0.0,0.0,0.0,0.0,0.0,0.0,0.12650845931793286,0.13034487198716288,0.1384603030267249,1.5054361647525598e-09,3.24791370650797e-05,0.0001919722183206961,0.0,0.0,0.0,1.2072864523818632e-08,0.00029019320259699317,0.0015038746599570136,0.0,0.0,0.0,0.0,0.0,0.0,0.0,0.0,0.0,0.0,0.0,0.0,800.0,800.0,800.0
166,49800.0,13.833333333333334,0.0,0.0,0.0,0.0,0.0,0.0,0.00023171488531358226,0.06266987729357436,0.0652174693171432,0.06290719328998329,0.0632463780308838,0.06326376024584003,0.06324555320336758,0.06324555320336758,0.06324555320336758,0.0,0.0,0.0,0.0,0.0,0.0,0.12650813547113776,0.13024106236651561,0.1383818284798421,9.180794366383032e-10,2.977103080544597e-05,0.00015936124484485688,0.0,0.0,0.0,7.271059829433288e-09,0.00024422098027964724,0.0012259914400654507,0.0,0.0,0.0,0.0,0.0,0.0,0.0,0.0,0.0,0.0,0.0,0.0,800.0,800.0,800.0
167,50100.0,13.916666666666666,0.0,0.0,0.0,0.0,0.0,0.0,0.00023465088830159887,0.06263812921719521,0.06506186147072737,0.062884521801041,0.06324639069621454,0.06326385272719635,0.06324555320336758,0.06324555320336758,0.06324555320336758,0.0,0.0,0.0,0.0,0.0,0.0,0.12650778577723848,0.13012384534437504,0.13815814352764594,6.232118332085319e-10,5.070655443425691e-05,0.00023770828304315765,0.0,0.0,0.0,4.947603090101211e-09,0.00040005339520239136,0.0018360962668046786,0.0,0.0,0.0,0.0,0.0,0.0,0.0,0.0,0.0,0.0,0.0,0.0,800.0,800.0,800.0
168,50400.0,14.0,0.0,0.0,0.0,0.0,0.0,0.0,0.00023406828868512874,0.06276743924885687,0.06507659159881725,0.06288220792318709,0.0632462824248456,0.063263864650326,0.06324555320336758,0.06324555320336758,0.06324555320336758,0.0,0.0,0.0,0.0,0.0,0.0,0.12650900668944337,0.13029188002726053,0.1378125051415688,3.03664618105491e-09,5.463515537261765e-05,0.0004859617406634873,0.0,0.0,0.0,2.582508897596769e-08,0.00042904967956338476,0.003740925906247711,0.0,0.0,0.0,0.0,0.0,0.0,0.0,0.0,0.0,0.0,0.0,0.0,800.0,800.0,800.0
169,50700.0,14.083333333333334,0.0,0.0,0.0,0.0,0.0,0.0,0.00023374045814262282,0.06277936724018546,0.06525648233114263,0.06288118240077352,0.06324628487243444,0.06326378915533133,0.06324555320336758,0.06324555320336758,0.06324555320336758,0.0,0.0,0.0,0.0,0.0,0.0,0.12650927837020923,0.13051309305537745,0.13738076248090075,8.908115758858001e-11,7.553369257682882e-05,0.0005036969401196952,0.0,0.0,0.0,7.035028679201219e-10,0.0005975358643743749,0.0038523939401001166,0.0,0.0,0.0,0.0,0.0,0.0,0.0,0.0,0.0,0.0,0.0,0.0,800.0,800.0,800.0
170,51000.0,14.166666666666666,0.0,0.0,0.0,0.0,0.0,0.0,0.0002350616907877084,0.06280996263198609,0.06511328499226862,0.06287886261134504,0.0632462168992776,0.06326361692644299,0.06324555320336758,0.06324555320336758,0.06324555320336758,0.0,0.0,0.0,0.0,0.0,0.0,0.1265074778726586,0.1304446163502147,0.1372653134190859,1.8491940115742858e-09,2.711054004381814e-05,0.00030784837477866285,0.0,0.0,0.0,1.4739971770667204e-08,0.0002126813653972533,0.002370844886630694,0.0,0.0,0.0,0.0,0.0,0.0,0.0,0.0,0.0,0.0,0.0,0.0,800.0,800.0,800.0
171,51300.0,14.25,0.0,0.0,0.0,0.0,0.0,0.0,0.0002344319052774453,0.06282679831132897,0.06542349528301603,0.06287807583234906,0.06324621549728615,0.06326333705260317,0.06324555320336758,0.06324555320336758,0.06324555320336758,0.0,0.0,0.0,0.0,0.0,0.0,0.12650778149399797,0.13052495541172301,0.13776577869225912,1.1199037894674172e-09,6.043178936005446e-05,0.0005493438789297616,0.0,0.0,0.0,9.304209731834344e-09,0.000489332487227921,0.0042161868422095706,0.0,0.0,0.0,0.0,0.0,0.0,0.0,0.0,0.0,0.0,0.0,0.0,800.0,800.0,800.0
172,51600.0,14.333333333333334,0.0,0.0,0.0,0.0,0.0,0.0,0.00023606219953553682,0.06281515750792702,0.06568252657400421,0.06287754395166568,0.06324615520046369,0.06326292672510875,0.06324555320336758,0.06324555320336758,0.06324555320336758,0.0,0.0,0.0,0.0,0.0,0.0,0.1265080372844363,0.13047464528617164,0.13823160283662952,4.505998009128148e-09,5.6064315348235505e-05,0.00043359688610506136,0.0,0.0,0.0,3.847644164111887e-08,0.00043690532250437625,0.0033247250160352124,0.0,0.0,0.0,0.0,0.0,0.0,0.0,0.0,0.0,0.0,0.0,0.0,800.0,800.0,800.0
173,51900.0,14.416666666666666,0.0,0.0,0.0,0.0,0.0,0.0,0.00023558068243954464,0.0628294596745984,0.06588451159585038,0.06287330145723158,0.0632461465126475,0.0632623587768747,0.06324555320336758,0.06324555320336758,0.06324555320336758,0.0,0.0,0.0,0.0,0.0,0.0,0.12650849035232636,0.1306282666184508,0.13858792030602796,1.7027110025303084e-09,5.7148762628552284e-05,0.00039384682950222304,0.0,0.0,0.0,1.4084726990526346e-08,0.0004470530721388612,0.003079576726918927,0.0,0.0,0.0,0.0,0.0,0.0,0.0,0.0,0.0,0.0,0.0,0.0,800.0,800.0,800.0
174,52200.0,14.5,0.0,0.0,0.0,0.0,0.0,0.0,0.00023775915192911622,0.062879450972021,0.06606635907250435,0.06287291376499407,0.06324616206405778,0.06326159612353761,0.06324555320336758,0.06324555320336758,0.06324555320336758,0.0,0.0,0.0,0.0,0.0,0.0,0.1265078847700044,0.13071366681869562,0.13878533904243423,1.4529724976886754e-09,4.0708368765170456e-05,0.0003302071147188631,0.0,0.0,0.0,1.1855146306686421e-08,0.00031619829374453896,0.0027118085101531,0.0,0.0,0.0,0.0,0.0,0.0,0.0,0.0,0.0,0.0,0.0,0.0,800.0,800.0,800.0
175,52500.0,14.583333333333334,0.0,0.0,0.0,0.0,0.0,0.0,0.0002364991231048617,0.06293155390941675,0.06622682524288538,0.06287064231699152,0.06324616632963895,0.06326056999161947,0.06324555320336758,0.06324555320336758,0.06324555320336758,0.0,0.0,0.0,0.0,0.0,0.0,0.1265079573749712,0.13094835643380665,0.13881016957561165,9.968994772120637e-10,4.8441226547799217e-05,0.000310387087049257,0.0,0.0,0.0,7.9864745681396e-09,0.00037574411747832764,0.00239473857529383,0.0,0.0,0.0,0.0,0.0,0.0,0.0,0.0,0.0,0.0,0.0,0.0,800.0,800.0,800.0
176,52800.0,14.666666666666666,0.0,0.0,0.0,0.0,0.0,0.0,0.00023736601090724478,0.06297159821334301,0.06635784036574525,0.06287250949588788,0.06324617175529787,0.06326033405918965,0.06324555320336758,0.06324555320336758,0.06324555320336758,0.0,0.0,0.0,0.0,0.0,0.0,0.126507735152727,0.13100813680362017,0.13869373745612895,1.6311826741194453e-09,6.552628148175332e-05,0.0004070574336780607,0.0,0.0,0.0,1.361621587734726e-08,0.000515621699218902,0.003223205486917941,0.0,0.0,0.0,0.0,0.0,0.0,0.0,0.0,0.0,0.0,0.0,0.0,800.0,800.0,800.0
177,53100.0,14.75,0.0,0.0,0.0,0.0,0.0,0.0,0.00023817266533539966,0.0629705793872869,0.06645905529692123,0.06287003447337089,0.06324617607310942,0.06326049569305273,0.06324555320336758,0.06324555320336758,0.06324555320336758,0.0,0.0,0.0,0.0,0.0,0.0,0.12650791863637734,0.13098454963626985,0.13846680402906436,1.1763186721463314e-09,6.535166007301722e-05,0.00043323797255563954,0.0,0.0,0.0,9.327036511336292e-09,0.0005083858251301149,0.0034310613694004477,0.0,0.0,0.0,0.0,0.0,0.0,0.0,0.0,0.0,0.0,0.0,0.0,800.0,800.0,800.0
178,53400.0,14.833333333333334,0.0,0.0,0.0,0.0,0.0,0.0,0.00023865321345177345,0.06289906692790735,0.06651256654069874,0.06287072665545518,0.06324617977299267,0.06326059455591787,0.06324555320336758,0.06324555320336758,0.06324555320336758,0.0,0.0,0.0,0.0,0.0,0.0,0.12650781351508528,0.13102219000641174,0.13813620797563272,3.955940407263905e-10,3.98806380515439e-05,0.0002611291254592075,0.0,0.0,0.0,3.2325676053256003e-09,0.00031848165105463904,0.0020653532629862567,0.0,0.0,0.0,0.0,0.0,0.0,0.0,0.0,0.0,0.0,0.0,0.0,800.0,800.0,800.0
179,53700.0,14.916666666666666,0.0,0.0,0.0,0.0,0.0,0.0,0.00024001831883291183,0.06279849287878403,0.0665259474642217,0.06286711345406315,0.06324617403468782,0.0632606206045557,0.06324555320336758,0.06324555320336758,0.06324555320336758,0.0,0.0,0.0,0.0,0.0,0.0,0.1265090257494889,0.13108823359427357,0.13805057331847975,8.460058383275458e-10,4.433834047869079e-05,0.00029977224766891604,0.0,0.0,0.0,6.913112782655289e-09,0.00035801885927850896,0.0023696075940280743,0.0,0.0,0.0,0.0,0.0,0.0,0.0,0.0,0.0,0.0,0.0,0.0,800.0,800.0,800.0
180,54000.0,15.0,0.0,0.0,0.0,0.0,0.0,0.0,0.00024541693991209063,0.0627891298661048,0.06649323421892508,0.06285493504132786,0.0632461389020001,0.06326056534931723,0.06324555320336758,0.06324555320336758,0.06324555320336758,0.0,0.0,0.0,0.0,0.0,0.0,0.12650776518266682,0.13095747402835334,0.13814321837521648,2.8185091360679526e-09,5.088875183669389e-05,0.0004461654338221122,0.0,0.0,0.0,2.2524564658776783e-08,0.0004003900848046504,0.003511292446193921,0.0,0.0,0.0,0.0,0.0,0.0,0.0,0.0,0.0,0.0,0.0,0.0,800.0,800.0,800.0
181,54300.0,15.083333333333334,0.0,0.0,0.0,0.0,0.0,0.0,0.0002447775449596118,0.06278253884614918,0.06639309642860362,0.06283026928587601,0.06324610244863976,0.06326042059931528,0.06324555320336758,0.06324555320336758,0.06324555320336758,0.0,0.0,0.0,0.0,0.0,0.0,0.12650692623140095,0.1310394092391687,0.13810681715045153,4.23477773811606e-09,6.361434549931236e-05,0.000641190318842787,0.0,0.0,0.0,3.3734775046731855e-08,0.0005417965741433691,0.005077163843550857,0.0,0.0,0.0,0.0,0.0,0.0,0.0,0.0,0.0,0.0,0.0,0.0,800.0,800.0,800.0
182,54600.0,15.166666666666666,0.0,0.0,0.0,0.0,0.0,0.0,0.0002467634892807414,0.06278468048548523,0.06623572399011776,0.06283143945667173,0.06324610583033918,0.06326017715111569,0.06324555320336758,0.06324555320336758,0.06324555320336758,0.0,0.0,0.0,0.0,0.0,0.0,0.12650516912303214,0.13109803912085252,0.1379365991780821,6.850400088774861e-10,9.020198783885786e-05,0.0008812111965991171,0.0,0.0,0.0,5.4444067070012e-09,0.000753944360369591,0.006990869364875851,0.0,0.0,0.0,0.0,0.0,0.0,0.0,0.0,0.0,0.0,0.0,0.0,800.0,800.0,800.0
183,54900.0,15.25,0.0,0.0,0.0,0.0,0.0,0.0,0.0002447782808441387,0.06280200566227931,0.06609324150640485,0.06283264490502959,0.06324610120339542,0.06325982409104222,0.06324555320336758,0.06324555320336758,0.06324555320336758,0.0,0.0,0.0,0.0,0.0,0.0,0.1265050239951766,0.1311674914987221,0.13765290793325552,4.245795306069719e-10,5.9411704887009606e-05,0.0006075275515848959,0.0,0.0,0.0,3.3498497181364477e-09,0.0004733692236245562,0.004809962875319125,0.0,0.0,0.0,0.0,0.0,0.0,0.0,0.0,0.0,0.0,0.0,0.0,800.0,800.0,800.0
184,55200.0,15.333333333333334,0.0,0.0,0.0,0.0,0.0,0.0,0.00024347872405148624,0.06277675845848135,0.06596747144125051,0.06282873784807085,0.06324604720672,0.06325934776420335,0.06324555320336758,0.06324555320336758,0.06324555320336758,0.0,0.0,0.0,0.0,0.0,0.0,0.12650710250419483,0.13116502899031315,0.13766337605426004,6.085575998153909e-10,5.790374724120397e-05,0.00036509510430491417,0.0,0.0,0.0,4.818985948741817e-09,0.0005004492734948997,0.002872446480766048,0.0,0.0,0.0,0.0,0.0,0.0,0.0,0.0,0.0,0.0,0.0,0.0,800.0,800.0,800.0
185,55500.0,15.416666666666666,0.0,0.0,0.0,0.0,0.0,0.0,0.00024742282776992055,0.06295738030339555,0.06591140157431169,0.06282575081266703,0.06324605917162394,0.06325873239042579,0.06324555320336758,0.06324555320336758,0.06324555320336758,0.0,0.0,0.0,0.0,0.0,0.0,0.12650427761169625,0.13119497683482145,0.13779919157667297,2.8053077788601684e-09,4.68766479360095e-05,0.0003388286410942914,0.0,0.0,0.0,2.3037200596962693e-08,0.00036430389287764846,0.002682010160488742,0.0,0.0,0.0,0.0,0.0,0.0,0.0,0.0,0.0,0.0,0.0,0.0,800.0,800.0,800.0
186,55800.0,15.5,0.0,0.0,0.0,0.0,0.0,0.0,0.0002568866958778707,0.06297558004554668,0.06573687806695258,0.06282716976426073,0.06324607432662126,0.06325795602583222,0.06324555320336758,0.06324555320336758,0.06324555320336758,0.0,0.0,0.0,0.0,0.0,0.0,0.1265060841161758,0.1311720960127631,0.13777852576315322,1.4551336153762747e-09,5.297873106770395e-05,0.00028323713253262126,0.0,0.0,0.0,1.1252498973789496e-08,0.00041771155172926213,0.0022342413938566522,0.0,0.0,0.0,0.0,0.0,0.0,0.0,0.0,0.0,0.0,0.0,0.0,800.0,800.0,800.0
187,56100.0,15.583333333333334,0.0,0.0,0.0,0.0,0.0,0.0,0.0002543621586556052,0.06298625067917056,0.06555336029680064,0.0628286335587375,0.06324607298155388,0.06325698790439327,0.06324555320336758,0.06324555320336758,0.06324555320336758,0.0,0.0,0.0,0.0,0.0,0.0,0.12650621789256694,0.1310292227711137,0.13828024895422958,1.1669017368812463e-09,6.742492822296726e-05,0.0002846407461855858,0.0,0.0,0.0,9.330432318610758e-09,0.0005313554001021508,0.0022499215201434723,0.0,0.0,0.0,0.0,0.0,0.0,0.0,0.0,0.0,0.0,0.0,0.0,800.0,800.0,800.0
188,56400.0,15.666666666666666,0.0,0.0,0.0,0.0,0.0,0.0,0.00025253322667767494,0.06307631539990098,0.0656090009763862,0.06283013623626477,0.06324608625474716,0.0632557895298484,0.06324555320336758,0.06324555320336758,0.06324555320336758,0.0,0.0,0.0,0.0,0.0,0.0,0.12650859168815015,0.1311052476776265,0.13871742985814067,4.325289975643006e-09,5.4900923490025946e-05,0.0004892039081326376,0.0,0.0,0.0,3.4277505283957163e-08,0.00043398161064297765,0.003735867519240869,0.0,0.0,0.0,0.0,0.0,0.0,0.0,0.0,0.0,0.0,0.0,0.0,800.0,800.0,800.0
189,56700.0,15.75,0.0,0.0,0.0,0.0,0.0,0.0,0.0002538852409793505,0.06309277050575311,0.06572769197396398,0.0628273886988758,0.06324607158244266,0.06325430276764542,0.06324555320336758,0.06324555320336758,0.06324555320336758,0.0,0.0,0.0,0.0,0.0,0.0,0.12650719508307717,0.13123111169106813,0.1390367945282192,1.454913862550401e-09,2.9125090295230748e-05,0.0003027113207124277,0.0,0.0,0.0,1.1831357682104775e-08,0.00023075711597527065,0.0023094227173441604,0.0,0.0,0.0,0.0,0.0,0.0,0.0,0.0,0.0,0.0,0.0,0.0,800.0,800.0,800.0
190,57000.0,15.833333333333334,0.0,0.0,0.0,0.0,0.0,0.0,0.00025418874242966053,0.06313061786190864,0.06571306537051444,0.0628198200594984,0.06324607714821313,0.06325245715573112,0.06324555320336758,0.06324555320336758,0.06324555320336758,0.0,0.0,0.0,0.0,0.0,0.0,0.1265050809610469,0.1313297316871498,0.13919048220806635,1.0352272231083691e-09,3.4476159458907565e-05,0.00039092987902880215,0.0,0.0,0.0,8.480826203183152e-09,0.00027139107323017724,0.0029807091471198218,0.0,0.0,0.0,0.0,0.0,0.0,0.0,0.0,0.0,0.0,0.0,0.0,800.0,800.0,800.0
191,57300.0,15.916666666666666,0.0,0.0,0.0,0.0,0.0,0.0,0.0002530982331558068,0.06311066780371656,0.06590761484780039,0.0628141990960301,0.06324606035560347,0.06325186220837627,0.06324555320336758,0.06324555320336758,0.06324555320336758,0.0,0.0,0.0,0.0,0.0,0.0,0.12650511921196245,0.13141624145858427,0.13915838448117313,2.020322799494464e-09,5.0709399034757316e-05,0.0005397701542114036,0.0,0.0,0.0,1.6367892363963212e-08,0.0004013678638232527,0.004157390570874083,0.0,0.0,0.0,0.0,0.0,0.0,0.0,0.0,0.0,0.0,0.0,0.0,800.0,800.0,800.0
192,57600.0,16.0,0.0,0.0,0.0,0.0,0.0,0.0,0.0002523490188135431,0.06311624844773332,0.06620008845448831,0.06282077200954844,0.06324606844084951,0.06325164871107468,0.06324555320336758,0.06324555320336758,0.06324555320336758,0.0,0.0,0.0,0.0,0.0,0.0,0.12650509577056518,0.13150643896650618,0.13894812094721942,2.100948119382551e-09,4.289203086812403e-05,0.0004111590746572544,0.0,0.0,0.0,1.6651947891610262e-08,0.00033918224300731224,0.0031984294917399413,0.0,0.0,0.0,0.0,0.0,0.0,0.0,0.0,0.0,0.0,0.0,0.0,800.0,800.0,800.0
193,57900.0,16.083333333333332,0.0,0.0,0.0,0.0,0.0,0.0,0.0002508698301143952,0.0631386495103989,0.06641835408807585,0.0627947988892643,0.06324605375279664,0.06325157038632477,0.06324555320336758,0.06324555320336758,0.06324555320336758,0.0,0.0,0.0,0.0,0.0,0.0,0.12650508191259507,0.13148024114538728,0.13859737535256192,2.2413809300654087e-09,4.759367203943409e-05,0.00035781023129715,0.0,0.0,0.0,1.8045134392398505e-08,0.00038377227684481703,0.002786695879864795,0.0,0.0,0.0,0.0,0.0,0.0,0.0,0.0,0.0,0.0,0.0,0.0,800.0,800.0,800.0
194,58200.0,16.166666666666668,0.0,0.0,0.0,0.0,0.0,0.0,0.00024973017266748603,0.06314675153260384,0.06662859142147114,0.06279483078577362,0.06324603023298334,0.06325145629332722,0.06324555320336758,0.06324555320336758,0.06324555320336758,0.0,0.0,0.0,0.0,0.0,0.0,0.12650628375054646,0.13158553758699706,0.1381469360734316,1.7112026560595226e-09,5.4099474071394294e-05,0.0004283427375257324,0.0,0.0,0.0,1.351555635955798e-08,0.00042758097808656497,0.0032756804817874585,0.0,0.0,0.0,0.0,0.0,0.0,0.0,0.0,0.0,0.0,0.0,0.0,800.0,800.0,800.0
195,58500.0,16.25,0.0,0.0,0.0,0.0,0.0,0.0,0.0002487367378832785,0.06315695031725246,0.06678859381816607,0.06278692212833714,0.06324603454552705,0.0632513088631291,0.06324555320336758,0.06324555320336758,0.06324555320336758,0.0,0.0,0.0,0.0,0.0,0.0,0.12650681928149493,0.13160198614496457,0.13762207575223803,1.5636996126472075e-09,6.151681526598569e-05,0.0004420469385440075,0.0,0.0,0.0,1.2408962353127185e-08,0.0004701361361145557,0.0033799328249979528,0.0,0.0,0.0,0.0,0.0,0.0,0.0,0.0,0.0,0.0,0.0,0.0,800.0,800.0,800.0
196,58800.0,16.333333333333332,0.0,0.0,0.0,0.0,0.0,0.0,0.00025070131925888743,0.06316081467083605,0.06690024735315332,0.06278427087957164,0.06324603875865242,0.06325112463218122,0.06324555320336758,0.06324555320336758,0.06324555320336758,0.0,0.0,0.0,0.0,0.0,0.0,0.12650783567378754,0.13172232683634194,0.13747558226483308,1.3579970692009324e-09,4.0542766806018705e-05,0.00030223357240292064,0.0,0.0,0.0,1.107838407856405e-08,0.00031639279142057656,0.0023527931521424832,0.0,0.0,0.0,0.0,0.0,0.0,0.0,0.0,0.0,0.0,0.0,0.0,800.0,800.0,800.0
197,59100.0,16.416666666666668,0.0,0.0,0.0,0.0,0.0,0.0,0.000253398149926932,0.06318408125539093,0.06697678253799037,0.06278587604463846,0.06324604286666749,0.06325089725462914,0.06324555320336758,0.06324555320336758,0.06324555320336758,0.0,0.0,0.0,0.0,0.0,0.0,0.12650616790425018,0.13175403324494928,0.13752646766989038,2.1262062631401064e-09,3.228326274187941e-05,0.00027712994625160326,0.0,0.0,0.0,1.743613496532087e-08,0.0002584874751943408,0.0022794404046814778,0.0,0.0,0.0,0.0,0.0,0.0,0.0,0.0,0.0,0.0,0.0,0.0,800.0,800.0,800.0
198,59400.0,16.5,0.0,0.0,0.0,0.0,0.0,0.0,0.0002569649835258706,0.06318363673682804,0.06699768199283784,0.06278688441847932,0.0632460468188613,0.06325097563628299,0.06324555320336758,0.06324555320336758,0.06324555320336758,0.0,0.0,0.0,0.0,0.0,0.0,0.12650561744051406,0.1317806729348066,0.13799174626752841,7.077590547820255e-10,1.8904712281278058e-05,0.00023242295458724118,0.0,0.0,0.0,5.95827542985661e-09,0.00014833060561884507,0.0019067793152739623,0.0,0.0,0.0,0.0,0.0,0.0,0.0,0.0,0.0,0.0,0.0,0.0,800.0,800.0,800.0
199,59700.0,16.583333333333332,0.0,0.0,0.0,0.0,0.0,0.0,0.00026793325405104164,0.06320135362463297,0.06696184196834733,0.06277698553697812,0.06324605057934672,0.06325106752314089,0.06324555320336758,0.06324555320336758,0.06324555320336758,0.0,0.0,0.0,0.0,0.0,0.0,0.12650589953618865,0.13179666913477137,0.13834922303028646,7.773108702044549e-10,2.183577252265758e-05,0.00036606697940037044,0.0,0.0,0.0,6.26614782129934e-09,0.0001699736816964233,0.00299993843232231,0.0,0.0,0.0,0.0,0.0,0.0,0.0,0.0,0.0,0.0,0.0,0.0,800.0,800.0,800.0
200,60000.0,16.666666666666668,0.0,0.0,0.0,0.0,0.0,0.0,0.00027153456744847084,0.06323783622831139,0.06690106183586428,0.06275990158937657,0.06324604405874283,0.06325114646597936,0.06324555320336758,0.06324555320336758,0.06324555320336758,0.0,0.0,0.0,0.0,0.0,0.0,0.1265060501242293,0.13181683675116787,0.13854785494787752,1.5695650909824183e-09,2.5962888905739912e-05,0.0003418825147667509,0.0,0.0,0.0,1.2764334131658243e-08,0.00020367635059022294,0.0026524333088545774,0.0,0.0,0.0,0.0,0.0,0.0,0.0,0.0,0.0,0.0,0.0,0.0,800.0,800.0,800.0
201,60300.0,16.75,0.0,0.0,0.0,0.0,0.0,0.0,0.0002768198687974798,0.0632503807193594,0.06672674400132945,0.06274948150016268,0.06324601622436705,0.06325120923664654,0.06324555320336758,0.06324555320336758,0.06324555320336758,0.0,0.0,0.0,0.0,0.0,0.0,0.1265064026805744,0.13183798446275263,0.13859036255912155,1.635565835794829e-09,4.070062654249609e-05,0.00044837764125333306,0.0,0.0,0.0,1.3388610734653959e-08,0.00031549624199005854,0.003388832867047413,0.0,0.0,0.0,0.0,0.0,0.0,0.0,0.0,0.0,0.0,0.0,0.0,800.0,800.0,800.0
202,60600.0,16.833333333333332,0.0,0.0,0.0,0.0,0.0,0.0,0.0002708563896122233,0.06325110503533088,0.06652861992024943,0.06274272130421132,0.06324601412996143,0.06325124815080715,0.06324555320336758,0.06324555320336758,0.06324555320336758,0.0,0.0,0.0,0.0,0.0,0.0,0.12650555609616848,0.13188669282388601,0.13850264584107766,2.824352703678897e-09,1.4475560994503567e-05,9.475135599744467e-05,0.0,0.0,0.0,2.2273069751055868e-08,0.00011234849227884805,0.0007380946103596948,0.0,0.0,0.0,0.0,0.0,0.0,0.0,0.0,0.0,0.0,0.0,0.0,800.0,800.0,800.0
203,60900.0,16.916666666666668,0.0,0.0,0.0,0.0,0.0,0.0,0.00027047413633353706,0.06324990344294394,0.06631249360821923,0.0627460877058576,0.0632460189429152,0.06325125745649894,0.06324555320336758,0.06324555320336758,0.06324555320336758,0.0,0.0,0.0,0.0,0.0,0.0,0.12650557765335832,0.13187092738436598,0.1382766696720145,5.199841701589144e-09,2.7205733446185874e-05,0.00042241564887908354,0.0,0.0,0.0,4.3075410695965176e-08,0.00021496006880381355,0.0032840849913952437,0.0,0.0,0.0,0.0,0.0,0.0,0.0,0.0,0.0,0.0,0.0,0.0,800.0,800.0,800.0
204,61200.0,17.0,0.0,0.0,0.0,0.0,0.0,0.0,0.0002701092082931359,0.06328619647230517,0.06623321911500983,0.06274956947963296,0.06324602185030026,0.06325123254761222,0.06324555320336758,0.06324555320336758,0.06324555320336758,0.0,0.0,0.0,0.0,0.0,0.0,0.12650583062241946,0.13188413177246514,0.13863032110141263,3.5657435658841037e-09,1.108647810586524e-05,0.00012424990880603558,0.0,0.0,0.0,2.8475319547553058e-08,8.749350253330255e-05,0.000966839160893213,0.0,0.0,0.0,0.0,0.0,0.0,0.0,0.0,0.0,0.0,0.0,0.0,800.0,800.0,800.0
205,61500.0,17.083333333333332,0.0,0.0,0.0,0.0,0.0,0.0,0.00026899168891336494,0.06329583912322871,0.06601533572222193,0.06273259831825471,0.06324602674099551,0.06325116880509908,0.06324555320336758,0.06324555320336758,0.06324555320336758,0.0,0.0,0.0,0.0,0.0,0.0,0.1265060949314816,0.13175390058161188,0.1388629957624764,1.416769976526444e-09,3.393151667353387e-05,0.00028780206285004,0.0,0.0,0.0,1.196902011973218e-08,0.0002657089589068879,0.00217734902099355,0.0,0.0,0.0,0.0,0.0,0.0,0.0,0.0,0.0,0.0,0.0,0.0,800.0,800.0,800.0
206,61800.0,17.166666666666668,0.0,0.0,0.0,0.0,0.0,0.0,0.0002655869786610083,0.06331655283924777,0.06587522033985457,0.06273358904337381,0.06324603290296675,0.06325106307568466,0.06324555320336758,0.06324555320336758,0.06324555320336758,0.0,0.0,0.0,0.0,0.0,0.0,0.12650622028830594,0.1315015066844615,0.1389514976297341,1.6269072935874524e-09,1.766689964366433e-05,0.0003874018937766357,0.0,0.0,0.0,1.3041760112698913e-08,0.00013949118703428858,0.002945208609385698,0.0,0.0,0.0,0.0,0.0,0.0,0.0,0.0,0.0,0.0,0.0,0.0,800.0,800.0,800.0
207,62100.0,17.25,0.0,0.0,0.0,0.0,0.0,0.0,0.00026214541764638425,0.06335582012786938,0.0660044823957161,0.06271867355367755,0.06324603997608763,0.06325091117599559,0.06324555320336758,0.06324555320336758,0.06324555320336758,0.0,0.0,0.0,0.0,0.0,0.0,0.1265072868153897,0.13159565951354793,0.13888854129617154,5.797310504193313e-09,2.6042420899007415e-05,0.0004569627553055358,0.0,0.0,0.0,4.615640040988939e-08,0.00020435328955180492,0.0035979498787122987,0.0,0.0,0.0,0.0,0.0,0.0,0.0,0.0,0.0,0.0,0.0,0.0,800.0,800.0,800.0
208,62400.0,17.333333333333332,0.0,0.0,0.0,0.0,0.0,0.0,0.00026193387983468287,0.06333390050162709,0.06613186209057129,0.06268911878737367,0.06324604685147409,0.06325071181775738,0.06324555320336758,0.06324555320336758,0.06324555320336758,0.0,0.0,0.0,0.0,0.0,0.0,0.12650677787260206,0.13186155763049837,0.13865667279670593,1.7041847534631154e-09,4.7112227186174115e-05,0.0003056349136640436,0.0,0.0,0.0,1.3883268520411324e-08,0.00035779191656361926,0.002303629321388631,0.0,0.0,0.0,0.0,0.0,0.0,0.0,0.0,0.0,0.0,0.0,0.0,800.0,800.0,800.0
209,62700.0,17.416666666666668,0.0,0.0,0.0,0.0,0.0,0.0,0.00026200963690035646,0.0633347900908509,0.06612708010218028,0.06267020540472917,0.06324598800253674,0.0632504636779191,0.06324555320336758,0.06324555320336758,0.06324555320336758,0.0,0.0,0.0,0.0,0.0,0.0,0.1265067020877009,0.13192922403693705,0.13826111931422358,6.086580565590212e-09,2.4643333253078342e-05,0.00028864406480444405,0.0,0.0,0.0,5.166908755917131e-08,0.0001991479747196978,0.002183494675695916,0.0,0.0,0.0,0.0,0.0,0.0,0.0,0.0,0.0,0.0,0.0,0.0,800.0,800.0,800.0
210,63000.0,17.5,0.0,0.0,0.0,0.0,0.0,0.0,0.00025905844049985735,0.06333549594682303,0.06632545694290648,0.0626706089915726,0.06324594231778521,0.06325016302127007,0.06324555320336758,0.06324555320336758,0.06324555320336758,0.0,0.0,0.0,0.0,0.0,0.0,0.12650686266822705,0.13193577452597882,0.1377587261024526,3.0040125846145703e-09,2.939514964386018e-05,0.0004014714655213683,0.0,0.0,0.0,2.5295876341462523e-08,0.00023029376439561735,0.003024991919519578,0.0,0.0,0.0,0.0,0.0,0.0,0.0,0.0,0.0,0.0,0.0,0.0,800.0,800.0,800.0
211,63300.0,17.583333333333332,0.0,0.0,0.0,0.0,0.0,0.0,0.00025495515273381183,0.0633361182105317,0.06658243715326131,0.0626274684406212,0.06324590849338037,0.06324980676164918,0.06324555320336758,0.06324555320336758,0.06324555320336758,0.0,0.0,0.0,0.0,0.0,0.0,0.12650705880455815,0.13191401615042553,0.13746364252424947,1.0426266544963635e-09,2.9742842989642048e-05,0.00034194603350312555,0.0,0.0,0.0,8.263668642922682e-09,0.00023439040699734935,0.002653708231373177,0.0,0.0,0.0,0.0,0.0,0.0,0.0,0.0,0.0,0.0,0.0,0.0,800.0,800.0,800.0
212,63600.0,17.666666666666668,0.0,0.0,0.0,0.0,0.0,0.0,0.000253518934375189,0.06336404010014593,0.06678898330535593,0.06262418123616761,0.06324588872821667,0.06324938634211821,0.06324555320336758,0.06324555320336758,0.06324555320336758,0.0,0.0,0.0,0.0,0.0,0.0,0.1265073088148359,0.13190469217156373,0.13745964105754532,2.3418199746922525e-09,4.042284355350141e-05,0.00031416290166301275,0.0,0.0,0.0,1.9032978050895578e-08,0.00031743571704509065,0.0024373477384270117,0.0,0.0,0.0,0.0,0.0,0.0,0.0,0.0,0.0,0.0,0.0,0.0,800.0,800.0,800.0
213,63900.0,17.75,0.0,0.0,0.0,0.0,0.0,0.0,0.00027552376742338597,0.0633704996988309,0.06696127277511842,0.06261650688004954,0.0632458888359278,0.06324889844670148,0.06324555320336758,0.06324555320336758,0.06324555320336758,0.0,0.0,0.0,0.0,0.0,0.0,0.126507520733406,0.13197939869708883,0.13788624051025494,1.5656899121573177e-09,4.82982942778229e-05,0.0003025900017024022,0.0,0.0,0.0,1.3296426325983573e-08,0.00038034963905415615,0.0022833949747260354,0.0,0.0,0.0,0.0,0.0,0.0,0.0,0.0,0.0,0.0,0.0,0.0,800.0,800.0,800.0
214,64200.0,17.833333333333332,0.0,0.0,0.0,0.0,0.0,0.0,0.000274552425903429,0.06336318959791175,0.06709308230311702,0.06261239211584708,0.06324589120534434,0.06324864831699638,0.06324555320336758,0.06324555320336758,0.06324555320336758,0.0,0.0,0.0,0.0,0.0,0.0,0.12650775562294686,0.13205820066443533,0.13834357515229612,4.623591319792604e-10,5.177254807665372e-05,0.0002716483646558983,0.0,0.0,0.0,3.6920113381816144e-09,0.00040863202615932875,0.002146199169717147,0.0,0.0,0.0,0.0,0.0,0.0,0.0,0.0,0.0,0.0,0.0,0.0,800.0,800.0,800.0
215,64500.0,17.916666666666668,0.0,0.0,0.0,0.0,0.0,0.0,0.00027997514415759804,0.06341003984507075,0.0671675750478426,0.06260815517223847,0.06324589705886553,0.06324857232700823,0.06324555320336758,0.06324555320336758,0.06324555320336758,0.0,0.0,0.0,0.0,0.0,0.0,0.12650799369761612,0.1320519079306133,0.13869327639483028,9.810934771800732e-10,3.282264621301387e-05,0.0002776494515501568,0.0,0.0,0.0,8.475083280307935e-09,0.0002622541674588844,0.0022769314908511343,0.0,0.0,0.0,0.0,0.0,0.0,0.0,0.0,0.0,0.0,0.0,0.0,800.0,800.0,800.0
216,64800.0,18.0,0.0,0.0,0.0,0.0,0.0,0.0,0.00028255681236628177,0.06341513478298118,0.06719635780414014,0.06259888640664268,0.06324589588980552,0.063248476781389,0.06324555320336758,0.06324555320336758,0.06324555320336758,0.0,0.0,0.0,0.0,0.0,0.0,0.126508220187533,0.13223213290206765,0.13885214459756395,7.082052312102523e-10,2.3718121142386333e-05,0.00015940087148206316,0.0,0.0,0.0,5.906043862640234e-09,0.00019050178922195524,0.0013084879588669423,0.0,0.0,0.0,0.0,0.0,0.0,0.0,0.0,0.0,0.0,0.0,0.0,800.0,800.0,800.0
217,65100.0,18.083333333333332,0.0,0.0,0.0,0.0,0.0,0.0,0.00028711542980502697,0.06341625543959707,0.06715236275101918,0.0625779812499874,0.06324585609035532,0.06324835635160236,0.06324555320336758,0.06324555320336758,0.06324555320336758,0.0,0.0,0.0,0.0,0.0,0.0,0.1265085888222076,0.1320027389550041,0.13880840433654423,6.776295700385677e-10,2.9261961271181642e-05,0.0001858013169926358,0.0,0.0,0.0,5.487495649142493e-09,0.0002311880360291168,0.0014619761759190454,0.0,0.0,0.0,0.0,0.0,0.0,0.0,0.0,0.0,0.0,0.0,0.0,800.0,800.0,800.0
218,65400.0,18.166666666666668,0.0,0.0,0.0,0.0,0.0,0.0,0.000286040637813771,0.06341642229343843,0.06701649479865335,0.062492348903365386,0.06324565449811709,0.06324820592575663,0.06324555320336758,0.06324555320336758,0.06324555320336758,0.0,0.0,0.0,0.0,0.0,0.0,0.1265074639118115,0.1321662116417981,0.1386103738831719,2.9503510119104985e-09,2.8996559810489328e-05,0.00034340823920870126,0.0,0.0,0.0,2.3309766710010578e-08,0.00022258830622652365,0.0027007953268094443,0.0,0.0,0.0,0.0,0.0,0.0,0.0,0.0,0.0,0.0,0.0,0.0,800.0,800.0,800.0
219,65700.0,18.25,0.0,0.0,0.0,0.0,0.0,0.0,0.00028385672836544465,0.0634162920412623,0.06681558694838419,0.06247415611533537,0.06324560039646378,0.06324801917717005,0.06324555320336758,0.06324555320336758,0.06324555320336758,0.0,0.0,0.0,0.0,0.0,0.0,0.12650722558294752,0.13218169170610808,0.13830830265011185,2.67009586522932e-09,1.8759549093626315e-05,0.00022844685847300065,0.0,0.0,0.0,2.1324087276745077e-08,0.0001479856401037539,0.001800578109149679,0.0,0.0,0.0,0.0,0.0,0.0,0.0,0.0,0.0,0.0,0.0,0.0,800.0,800.0,800.0
220,66000.0,18.333333333333332,0.0,0.0,0.0,0.0,0.0,0.0,0.0002816412839621133,0.0634159875782073,0.06660699262970445,0.06245447251985475,0.06324556633478676,0.06324779071633355,0.06324555320336758,0.06324555320336758,0.06324555320336758,0.0,0.0,0.0,0.0,0.0,0.0,0.12650762582641917,0.13217101356515723,0.13807510635475043,1.4365237149962765e-09,3.719425650714455e-05,0.0004384377067409791,0.0,0.0,0.0,1.1878455565525314e-08,0.0002959008078813186,0.003461447629632838,0.0,0.0,0.0,0.0,0.0,0.0,0.0,0.0,0.0,0.0,0.0,0.0,800.0,800.0,800.0
221,66300.0,18.416666666666668,0.0,0.0,0.0,0.0,0.0,0.0,0.0002838286438342615,0.06341553864237082,0.06644746722365127,0.062433293302291144,0.06324556380741453,0.06324751504533799,0.06324555320336758,0.06324555320336758,0.06324555320336758,0.0,0.0,0.0,0.0,0.0,0.0,0.12650714790342732,0.13209319585435927,0.13825485742933957,5.580328186416511e-09,5.4131137770402624e-05,0.000660332907056853,0.0,0.0,0.0,4.409368949637426e-08,0.00042869373074173477,0.0052219555371494746,0.0,0.0,0.0,0.0,0.0,0.0,0.0,0.0,0.0,0.0,0.0,0.0,800.0,800.0,800.0
222,66600.0,18.5,0.0,0.0,0.0,0.0,0.0,0.0,0.00028255896232007603,0.0634604627364505,0.0662592142152229,0.06238524144318828,0.0632455583227121,0.06324718821862013,0.06324555320336758,0.06324555320336758,0.06324555320336758,0.0,0.0,0.0,0.0,0.0,0.0,0.126507507246007,0.13186479170635995,0.13830198753095982,4.272579252525849e-09,5.402837044409051e-05,0.0005685201522882789,0.0,0.0,0.0,3.457240940631992e-08,0.00042620590358632076,0.004492824155359475,0.0,0.0,0.0,0.0,0.0,0.0,0.0,0.0,0.0,0.0,0.0,0.0,800.0,800.0,800.0
223,66900.0,18.583333333333332,0.0,0.0,0.0,0.0,0.0,0.0,0.0002795218512459506,0.06345906523172065,0.06606479278507772,0.06235815060641496,0.06324555320326236,0.06324680558450789,0.06324555320336758,0.06324555320336758,0.06324555320336758,0.0,0.0,0.0,0.0,0.0,0.0,0.1265068792032678,0.13163795694782712,0.13820390527623405,1.1466141541198788e-09,4.307481858997507e-05,0.0002611708790038589,0.0,0.0,0.0,9.3030474678188e-09,0.0003361131939410454,0.0020530888551062356,0.0,0.0,0.0,0.0,0.0,0.0,0.0,0.0,0.0,0.0,0.0,0.0,800.0,800.0,800.0
224,67200.0,18.666666666666668,0.0,0.0,0.0,0.0,0.0,0.0,0.0002789417304543186,0.06360239827733588,0.06620474840340096,0.06233394471011136,0.06324555320339152,0.0632466603446067,0.06324555320336758,0.06324555320336758,0.06324555320336758,0.0,0.0,0.0,0.0,0.0,0.0,0.12650808298493071,0.13183742052212208,0.13795843117073936,2.8471868256685375e-09,4.1901133924354046e-05,0.0006516266072046058,0.0,0.0,0.0,2.2912158041842284e-08,0.00033264218919379444,0.005117492476286914,0.0,0.0,0.0,0.0,0.0,0.0,0.0,0.0,0.0,0.0,0.0,0.0,800.0,800.0,800.0
225,67500.0,18.75,0.0,0.0,0.0,0.0,0.0,0.0,0.00028161266328930595,0.06360357877673935,0.06633965788746836,0.06233053983669995,0.06324555320846541,0.06324664058931101,0.06324555320336758,0.06324555320336758,0.06324555320336758,0.0,0.0,0.0,0.0,0.0,0.0,0.12650799348393543,0.13182562078536955,0.13757685789063576,1.565460885126278e-09,4.521364232541652e-05,0.0002956304849919698,0.0,0.0,0.0,1.2606183650363758e-08,0.0003621198436041443,0.0022220742107147743,0.0,0.0,0.0,0.0,0.0,0.0,0.0,0.0,0.0,0.0,0.0,0.0,800.0,800.0,800.0
226,67800.0,18.833333333333332,0.0,0.0,0.0,0.0,0.0,0.0,0.00028212147956632326,0.06360041858717957,0.06643108714103256,0.0623128068775564,0.06324555321294778,0.063246611726889,0.06324555320336758,0.06324555320336758,0.06324555320336758,0.0,0.0,0.0,0.0,0.0,0.0,0.12650718554083545,0.1319140569929697,0.13745017710499668,7.92899504625415e-09,4.780653010023925e-05,0.00033294881652145365,0.0,0.0,0.0,6.53941212815771e-08,0.00037555728552746246,0.002503667877479946,0.0,0.0,0.0,0.0,0.0,0.0,0.0,0.0,0.0,0.0,0.0,0.0,800.0,800.0,800.0
227,68100.0,18.916666666666668,0.0,0.0,0.0,0.0,0.0,0.0,0.00028611931487749044,0.06359883780534085,0.06645058662777824,0.06230339672227539,0.06324555320820345,0.06324658391765757,0.06324555320336758,0.06324555320336758,0.06324555320336758,0.0,0.0,0.0,0.0,0.0,0.0,0.1265069194333171,0.132014546191557,0.13744860372798345,5.136282316857556e-09,3.937192983631134e-05,0.0002893162888687164,0.0,0.0,0.0,4.218397325001887e-08,0.00030919542212710883,0.00224703399836818,0.0,0.0,0.0,0.0,0.0,0.0,0.0,0.0,0.0,0.0,0.0,0.0,800.0,800.0,800.0
228,68400.0,19.0,0.0,0.0,0.0,0.0,0.0,0.0,0.000291208011317148,0.0635987028521782,0.0665391653561518,0.06228105668701686,0.06324555320372827,0.06324659113243802,0.06324555320336758,0.06324555320336758,0.06324555320336758,0.0,0.0,0.0,0.0,0.0,0.0,0.12650863232861137,0.13196473675973072,0.13744512062717473,2.1780596613477472e-09,2.576940498097578e-05,0.00015844442495444995,0.0,0.0,0.0,1.88156207244798e-08,0.00019891352735510595,0.0012255139819722994,0.0,0.0,0.0,0.0,0.0,0.0,0.0,0.0,0.0,0.0,0.0,0.0,800.0,800.0,800.0
229,68700.0,19.083333333333332,0.0,0.0,0.0,0.0,0.0,0.0,0.0003028911673769245,0.06359879376925982,0.06677318402251488,0.06225884002366422,0.06324555320434203,0.06324658329047224,0.06324555320336758,0.06324555320336758,0.06324555320336758,0.0,0.0,0.0,0.0,0.0,0.0,0.12650879298185874,0.13206279018275516,0.13782780753823073,1.7128314759604822e-09,1.8929438095705886e-05,0.00015834445112226158,0.0,0.0,0.0,1.4039532402997415e-08,0.0001458340246834221,0.0012996690046355335,0.0,0.0,0.0,0.0,0.0,0.0,0.0,0.0,0.0,0.0,0.0,0.0,800.0,800.0,800.0
230,69000.0,19.166666666666668,0.0,0.0,0.0,0.0,0.0,0.0,0.00029961117498518636,0.06359792539471641,0.06695428496279685,0.06219692278684057,0.06324555320474909,0.06324655735741355,0.06324555320336758,0.06324555320336758,0.06324555320336758,0.0,0.0,0.0,0.0,0.0,0.0,0.12650818557511337,0.13216330547319607,0.13822994957476586,5.106991012308411e-10,1.7286762984267506e-05,0.00010064366810276345,0.0,0.0,0.0,4.5969284866599856e-09,0.00013621975744908805,0.0008264878386307155,0.0,0.0,0.0,0.0,0.0,0.0,0.0,0.0,0.0,0.0,0.0,0.0,800.0,800.0,800.0
231,69300.0,19.25,0.0,0.0,0.0,0.0,0.0,0.0,0.0003099937733823334,0.06359644397778595,0.06707358871392012,0.06211428100750094,0.06324555320347354,0.0632465343062936,0.06324555320336758,0.06324555320336758,0.06324555320336758,0.0,0.0,0.0,0.0,0.0,0.0,0.12650834249105392,0.1322577304199054,0.13850910176363812,2.662667121926812e-09,1.998588930904013e-05,9.106549030222491e-05,0.0,0.0,0.0,2.1859451894837034e-08,0.00015801516196534173,0.0006833164807639094,0.0,0.0,0.0,0.0,0.0,0.0,0.0,0.0,0.0,0.0,0.0,0.0,800.0,800.0,800.0
232,69600.0,19.333333333333332,0.0,0.0,0.0,0.0,0.0,0.0,0.0003149884925434332,0.06359433226089169,0.06712237965734584,0.06199586183364293,0.06324555320329556,0.06324653525865079,0.06324555320336758,0.06324555320336758,0.06324555320336758,0.0,0.0,0.0,0.0,0.0,0.0,0.12650869412413937,0.132295589811422,0.13860135249055258,3.226110946264712e-09,4.1364179593872935e-05,0.00016722041703204135,0.0,0.0,0.0,2.6716122096566747e-08,0.00032623808345310794,0.0012594446896051403,0.0,0.0,0.0,0.0,0.0,0.0,0.0,0.0,0.0,0.0,0.0,0.0,800.0,800.0,800.0
233,69900.0,19.416666666666668,0.0,0.0,0.0,0.0,0.0,0.0,0.00032833003108070024,0.0635993412915118,0.06706280065800957,0.06211388136909086,0.06324555343852482,0.06324653074484834,0.06324555320336758,0.06324555320336758,0.06324555320336758,0.0,0.0,0.0,0.0,0.0,0.0,0.1265095497402403,0.13224379844962733,0.13849293884671302,2.8951234358310978e-08,1.558899262161552e-05,8.206690205939009e-05,0.0,0.0,0.0,2.3135887469527487e-07,0.00012290515642667048,0.0006740986040824919,0.0,0.0,0.0,0.0,0.0,0.0,0.0,0.0,0.0,0.0,0.0,0.0,799.0,799.0,799.0
234,70200.0,19.5,0.0,0.0,0.0,0.0,0.0,0.0,0.0003257937122149649,0.06364311428234623,0.06692191389824251,0.062055761431984977,0.06324555320517197,0.0632465197058679,0.06324555320336758,0.06324555320336758,0.06324555320336758,0.0,0.0,0.0,0.0,0.0,0.0,0.12650831389893366,0.13228234520095308,0.1382128259275217,1.0518697012787843e-09,2.0408596490552987e-05,0.00023067912888505908,0.0,0.0,0.0,8.814471476591489e-09,0.00016101710629115763,0.0017337311996751157,0.0,0.0,0.0,0.0,0.0,0.0,0.0,0.0,0.0,0.0,0.0,0.0,799.0,799.0,799.0
235,70500.0,19.583333333333332,0.0,0.0,0.0,0.0,0.0,0.0,0.00032325188102536295,0.06364424469055319,0.06669375874411529,0.06168299945914595,0.06324555321135657,0.06324650147320074,0.06324555320336758,0.06324555320336758,0.06324555320336758,0.0,0.0,0.0,0.0,0.0,0.0,0.12650750848260162,0.1323083640685637,0.13782995288826008,4.0350477222180635e-09,2.27473373140727e-05,0.00021497232821465686,0.0,0.0,0.0,3.26992641541713e-08,0.00017945720073650188,0.0016112185974910614,0.0,0.0,0.0,0.0,0.0,0.0,0.0,0.0,0.0,0.0,0.0,0.0,799.0,799.0,799.0
236,70800.0,19.666666666666668,0.0,0.0,0.0,0.0,0.0,0.0,0.00032018545972406774,0.06365264224236879,0.06648675333660323,0.06164781967034296,0.06324555321184666,0.0632464750804736,0.06324555320336758,0.06324555320336758,0.06324555320336758,0.0,0.0,0.0,0.0,0.0,0.0,0.12650803051510515,0.13226377709248807,0.13740921651657803,2.6038948533386396e-09,2.9907191357844894e-05,0.00021508551860963538,0.0,0.0,0.0,2.1758345281678953e-08,0.00023599281614438563,0.0016134399117631543,0.0,0.0,0.0,0.0,0.0,0.0,0.0,0.0,0.0,0.0,0.0,0.0,799.0,799.0,799.0
237,71100.0,19.75,0.0,0.0,0.0,0.0,0.0,0.0,0.000317345986124448,0.06365127667816461,0.06647687891608045,0.061615580360916536,0.0632455532052579,0.06324643974675945,0.06324555320336758,0.06324555320336758,0.06324555320336758,0.0,0.0,0.0,0.0,0.0,0.0,0.12650895316688882,0.13221253833491933,0.13740713216004605,1.9712389228456184e-09,8.461092197689518e-06,8.186094876029908e-05,0.0,0.0,0.0,1.5989791105458552e-08,6.737073900860224e-05,0.0006168279476368163,0.0,0.0,0.0,0.0,0.0,0.0,0.0,0.0,0.0,0.0,0.0,0.0,799.0,799.0,799.0
238,71400.0,19.833333333333332,0.0,0.0,0.0,0.0,0.0,0.0,0.00031558583318665434,0.06375660836220066,0.06639985524322921,0.061596423179388335,0.06324555320466752,0.06324639433645139,0.06324555320336758,0.06324555320336758,0.06324555320336758,0.0,0.0,0.0,0.0,0.0,0.0,0.12650935811528097,0.13213943918514104,0.13740583176538565,2.1139966263471204e-09,4.666853024558847e-06,0.00015218265716851796,0.0,0.0,0.0,1.6834428013321444e-08,3.67849316989592e-05,0.0011895990789247846,0.0,0.0,0.0,0.0,0.0,0.0,0.0,0.0,0.0,0.0,0.0,0.0,799.0,799.0,799.0
239,71700.0,19.916666666666668,0.0,0.0,0.0,0.0,0.0,0.0,0.0003148965203562309,0.06376279783578295,0.06626112789177073,0.06155363083672718,0.06324555320325465,0.06324639939757201,0.06324555320336758,0.06324555320336758,0.06324555320336758,0.0,0.0,0.0,0.0,0.0,0.0,0.12650782167336222,0.13197975684662946,0.1374052977047977,1.0462784629585666e-09,4.054164194794596e-05,0.0002594530409320868,0.0,0.0,0.0,8.717762661427441e-09,0.00032015013512421385,0.0019692689791967295,0.0,0.0,0.0,0.0,0.0,0.0,0.0,0.0,0.0,0.0,0.0,0.0,799.0,799.0,799.0
240,72000.0,20.0,0.0,0.0,0.0,0.0,0.0,0.0,0.000322656469806252,0.06373873218763357,0.06616635179722904,0.06141686813249618,0.0632455532023616,0.063246405692808,0.06324555320336758,0.06324555320336758,0.06324555320336758,0.0,0.0,0.0,0.0,0.0,0.0,0.12650814567593713,0.13197707787045662,0.13740551780958912,4.533769145612859e-09,1.531446001443713e-05,0.00029401742007530986,0.0,0.0,0.0,3.6619065114350556e-08,0.00011964752573984108,0.0023068514800029453,0.0,0.0,0.0,0.0,0.0,0.0,0.0,0.0,0.0,0.0,0.0,0.0,799.0,799.0,799.0
241,72300.0,20.083333333333332,0.0,0.0,0.0,0.0,0.0,0.0,0.0003254315818055625,0.06381068342230387,0.06646017879770329,0.06138019432951189,0.06324555320281097,0.06324640738459852,0.06324555320336758,0.06324555320336758,0.06324555320336758,0.0,0.0,0.0,0.0,0.0,0.0,0.12650855381395495,0.13197269544628537,0.1374064439643153,1.2196726660927196e-09,6.386893571081174e-05,0.0003677742022289368,0.0,0.0,0.0,9.501892909844704e-09,0.0004965651863322022,0.002763991292629795,0.0,0.0,0.0,0.0,0.0,0.0,0.0,0.0,0.0,0.0,0.0,0.0,799.0,799.0,799.0
242,72600.0,20.166666666666668,0.0,0.0,0.0,0.0,0.0,0.0,0.00032245317667528215,0.06382722494374225,0.06661250373293598,0.06132757957489952,0.0632455532031819,0.06324640402312709,0.06324555320336758,0.06324555320336758,0.06324555320336758,0.0,0.0,0.0,0.0,0.0,0.0,0.1265069729173712,0.13209471710061688,0.13740804398156747,3.6407702031335695e-09,3.47300724308665e-05,0.0003001723127222951,0.0,0.0,0.0,2.958079542491786e-08,0.00027103709231940534,0.002254845115484146,0.0,0.0,0.0,0.0,0.0,0.0,0.0,0.0,0.0,0.0,0.0,0.0,799.0,799.0,799.0
243,72900.0,20.25,0.0,0.0,0.0,0.0,0.0,0.0,0.0003221811775553614,0.06384946606083243,0.06670046717128977,0.061266863940512166,0.06324555320398766,0.06324639487348814,0.06324555320336758,0.06324555320336758,0.06324555320336758,0.0,0.0,0.0,0.0,0.0,0.0,0.12650687925374504,0.13218630526872627,0.13741027740314116,3.1652157853722947e-09,5.8649457730606084e-05,0.00043738401348931386,0.0,0.0,0.0,2.7768499395303895e-08,0.0004586672639856277,0.0034009738937345714,0.0,0.0,0.0,0.0,0.0,0.0,0.0,0.0,0.0,0.0,0.0,0.0,799.0,799.0,799.0
244,73200.0,20.333333333333332,0.0,0.0,0.0,0.0,0.0,0.0,0.0003211572837599375,0.06385571281572858,0.06659186431742209,0.06126031760043289,0.06324555320321408,0.06324637934397233,0.06324555320336758,0.06324555320336758,0.06324555320336758,0.0,0.0,0.0,0.0,0.0,0.0,0.1265078610427992,0.13214372061281693,0.13741304972996304,1.9640534969562685e-09,2.834191098372939e-05,0.00020395894464312066,0.0,0.0,0.0,1.5860700782213416e-08,0.0002252944114311025,0.0015339900091490828,0.0,0.0,0.0,0.0,0.0,0.0,0.0,0.0,0.0,0.0,0.0,0.0,799.0,799.0,799.0
245,73500.0,20.416666666666668,0.0,0.0,0.0,0.0,0.0,0.0,0.0003422607270622907,0.06384948129955548,0.06659799310621056,0.06110836737290071,0.06324555320235956,0.06324637969953564,0.06324555320336758,0.06324555320336758,0.06324555320336758,0.0,0.0,0.0,0.0,0.0,0.0,0.12650658988520203,0.1320951723457333,0.13741632578396612,1.6683130636843636e-09,2.486132322547151e-05,0.00021996323623921314,0.0,0.0,0.0,1.317578070161363e-08,0.00019649704951466205,0.001651553403959997,0.0,0.0,0.0,0.0,0.0,0.0,0.0,0.0,0.0,0.0,0.0,0.0,799.0,799.0,799.0
246,73800.0,20.5,0.0,0.0,0.0,0.0,0.0,0.0,0.00036255454620017153,0.0638293988571666,0.06672607323117108,0.061041145420288476,0.06324555320200856,0.06324639020569663,0.06324555320336758,0.06324555320336758,0.06324555320336758,0.0,0.0,0.0,0.0,0.0,0.0,0.12650642952198787,0.13210661349761188,0.1376688806534477,2.2431908043556277e-09,2.7920624598388073e-05,0.00031100388898390246,0.0,0.0,0.0,1.761749163248173e-08,0.0002170080662985878,0.0024209702810773625,0.0,0.0,0.0,0.0,0.0,0.0,0.0,0.0,0.0,0.0,0.0,0.0,799.0,799.0,799.0
247,74100.0,20.583333333333332,0.0,0.0,0.0,0.0,0.0,0.0,0.00037074604711946884,0.06384441360236438,0.06672018514594306,0.06099834435845745,0.06324555320300684,0.0632464010537051,0.06324555320336758,0.06324555320336758,0.06324555320336758,0.0,0.0,0.0,0.0,0.0,0.0,0.12650698018858875,0.1321624909280416,0.13785372402360105,7.928194778918661e-10,1.8019073874860078e-05,0.00016212698688410288,0.0,0.0,0.0,6.9692635358493955e-09,0.00014122028947369662,0.0012601910812365341,0.0,0.0,0.0,0.0,0.0,0.0,0.0,0.0,0.0,0.0,0.0,0.0,799.0,799.0,799.0
248,74400.0,20.666666666666668,0.0,0.0,0.0,0.0,0.0,0.0,0.0003921669647423044,0.06385465049431709,0.06667189884674547,0.06095241202155345,0.06324555320326511,0.0632464124617948,0.06324555320336758,0.06324555320336758,0.06324555320336758,0.0,0.0,0.0,0.0,0.0,0.0,0.12650636522161296,0.13199500606291453,0.13784939308036373,7.83504986503464e-10,1.839191689466814e-05,0.00013628038091412066,0.0,0.0,0.0,6.6428735407158585e-09,0.00014476781405047784,0.0010258353036771012,0.0,0.0,0.0,0.0,0.0,0.0,0.0,0.0,0.0,0.0,0.0,0.0,799.0,799.0,799.0
249,74700.0,20.75,0.0,0.0,0.0,0.0,0.0,0.0,0.00041555182315445514,0.06385243758619195,0.06666628827906527,0.06090301255120342,0.06324555320389788,0.06324642357512576,0.06324555320336758,0.06324555320336758,0.06324555320336758,0.0,0.0,0.0,0.0,0.0,0.0,0.12650679592378894,0.1319497908197756,0.13765422210279835,1.6829549148618089e-09,2.3260547943946612e-05,0.00024325190383155915,0.0,0.0,0.0,1.4062968468265963e-08,0.0001837574360652178,0.001833668870118387,0.0,0.0,0.0,0.0,0.0,0.0,0.0,0.0,0.0,0.0,0.0,0.0,799.0,799.0,799.0
250,75000.0,20.833333333333332,0.0,0.0,0.0,0.0,0.0,0.0,0.00042185201967917085,0.06380934597048493,0.06654525609154302,0.06084976495593018,0.06324555320292505,0.06324643393487282,0.06324555320336758,0.06324555320336758,0.06324555320336758,0.0,0.0,0.0,0.0,0.0,0.0,0.12650595105640594,0.13217134296679367,0.13743692658307055,7.824080235499185e-10,3.656719933827104e-05,0.0003205148072957845,0.0,0.0,0.0,6.04425220290036e-09,0.00028092926679558174,0.0024108591855127167,0.0,0.0,0.0,0.0,0.0,0.0,0.0,0.0,0.0,0.0,0.0,0.0,799.0,799.0,799.0
251,75300.0,20.916666666666668,0.0,0.0,0.0,0.0,0.0,0.0,0.00041949443712513065,0.06381211803254698,0.06651457349165059,0.06082762530313277,0.06324555320142923,0.06324644176607543,0.06324555320336758,0.06324555320336758,0.06324555320336758,0.0,0.0,0.0,0.0,0.0,0.0,0.12650533948186682,0.1320354523538575,0.13744105922424754,6.288896281828288e-10,1.890126176713361e-05,0.00011054129440189563,0.0,0.0,0.0,5.089874074402288e-09,0.00014663955904931683,0.000826204570348699,0.0,0.0,0.0,0.0,0.0,0.0,0.0,0.0,0.0,0.0,0.0,0.0,799.0,799.0,799.0
252,75600.0,21.0,0.0,0.0,0.0,0.0,0.0,0.0,0.00041061062016435146,0.06381931279194726,0.06650458406810213,0.060827625301332684,0.06324555320425633,0.06324644562475396,0.06324555320336758,0.06324555320336758,0.06324555320336758,0.0,0.0,0.0,0.0,0.0,0.0,0.12650478662089393,0.13203944038481147,0.13744484577013333,5.905402732991094e-09,2.5341527708215352e-05,0.00012985152574049712,0.0,0.0,0.0,4.676750446530881e-08,0.00020234504524846582,0.0010083822315933193,0.0,0.0,0.0,0.0,0.0,0.0,0.0,0.0,0.0,0.0,0.0,0.0,799.0,799.0,799.0
253,75900.0,21.083333333333332,0.0,0.0,0.0,0.0,0.0,0.0,0.0004049788759513693,0.06382011968661731,0.06639140239818826,0.06082762530179728,0.06324555320244776,0.0632464418239493,0.06324555320336758,0.06324555320336758,0.06324555320336758,0.0,0.0,0.0,0.0,0.0,0.0,0.12650423692928559,0.1319122706061501,0.13744809628881963,9.223158105103044e-10,3.5204060955134254e-05,0.00028794929908410537,0.0,0.0,0.0,7.581389199249774e-09,0.0002845544210953165,0.002190516480467736,0.0,0.0,0.0,0.0,0.0,0.0,0.0,0.0,0.0,0.0,0.0,0.0,799.0,799.0,799.0
254,76200.0,21.166666666666668,0.0,0.0,0.0,0.0,0.0,0.0,0.0003992467574384765,0.06384227132319564,0.0664018288193023,0.060827625302221695,0.0632455532023504,0.06324642846213696,0.06324555320336758,0.06324555320336758,0.06324555320336758,0.0,0.0,0.0,0.0,0.0,0.0,0.1265039721749716,0.1318696614310477,0.1374505830177124,7.840721478081979e-10,2.206046683204609e-05,8.812586324758123e-05,0.0,0.0,0.0,6.528796003335679e-09,0.00017159795737827622,0.0006804790376889782,0.0,0.0,0.0,0.0,0.0,0.0,0.0,0.0,0.0,0.0,0.0,0.0,799.0,799.0,799.0
255,76500.0,21.25,0.0,0.0,0.0,0.0,0.0,0.0,0.00039342170855983984,0.06382083648800813,0.06636969469392064,0.060827625301327036,0.06324555320292495,0.06324640254337842,0.06324555320336758,0.06324555320336758,0.06324555320336758,0.0,0.0,0.0,0.0,0.0,0.0,0.12650435765827578,0.13179507821930772,0.13745206254021813,1.680891287892102e-09,1.1413502470657981e-05,7.963855231752234e-05,0.0,0.0,0.0,1.4237661823757098e-08,9.032707994668446e-05,0.0006260507557555499,0.0,0.0,0.0,0.0,0.0,0.0,0.0,0.0,0.0,0.0,0.0,0.0,799.0,799.0,799.0
256,76800.0,21.333333333333332,0.0,0.0,0.0,0.0,0.0,0.0,0.0004065544597470134,0.06384074449510407,0.06645388613492367,0.060827625299399314,0.06324555320311782,0.06324639776157248,0.06324555320336758,0.06324555320336758,0.06324555320336758,0.0,0.0,0.0,0.0,0.0,0.0,0.12650344520539125,0.13182625158381187,0.13745226802392277,2.429321071809485e-10,5.463941061867554e-05,0.0003049035211351795,0.0,0.0,0.0,2.0131583382879543e-09,0.00043085789757367894,0.0022918950228792336,0.0,0.0,0.0,0.0,0.0,0.0,0.0,0.0,0.0,0.0,0.0,0.0,799.0,799.0,799.0
257,77100.0,21.416666666666668,0.0,0.0,0.0,0.0,0.0,0.0,0.0003911185460577396,0.0638408898206161,0.06658259311589579,0.06082762528505193,0.063245553202378,0.06324640048443857,0.06324555320336758,0.06324555320336758,0.06324555320336758,0.0,0.0,0.0,0.0,0.0,0.0,0.12650340003803923,0.13181236037976343,0.1374508846232661,3.2784372154099704e-09,4.383610632848145e-05,0.00029067407647869316,0.0,0.0,0.0,2.7366130896575693e-08,0.00034617739305839554,0.0021898276952700244,0.0,0.0,0.0,0.0,0.0,0.0,0.0,0.0,0.0,0.0,0.0,0.0,799.0,799.0,799.0
258,77400.0,21.5,0.0,0.0,0.0,0.0,0.0,0.0,0.0003882652397372645,0.0638411043341607,0.06659504535014457,0.06082762528533508,0.06324555320272576,0.06324640209467018,0.06324555320336758,0.06324555320336758,0.06324555320336758,0.0,0.0,0.0,0.0,0.0,0.0,0.12650381776831887,0.13198479195286755,0.13744756844906278,1.8076734159444902e-09,4.014040702523611e-05,0.00018142899447238755,0.0,0.0,0.0,1.4909514489674392e-08,0.00031796088643042423,0.001368913246772542,0.0,0.0,0.0,0.0,0.0,0.0,0.0,0.0,0.0,0.0,0.0,0.0,799.0,799.0,799.0
259,77700.0,21.583333333333332,0.0,0.0,0.0,0.0,0.0,0.0,0.00039774892004951,0.06385555038984499,0.06658133208851326,0.06082762529521332,0.06324555320297201,0.06324640322250649,0.06324555320336758,0.06324555320336758,0.06324555320336758,0.0,0.0,0.0,0.0,0.0,0.0,0.12650444579685105,0.13205662427503834,0.13744799792474005,1.5248000159441536e-09,7.74983050504755e-05,0.0003150608853559533,0.0,0.0,0.0,1.3574339513175601e-08,0.0006096785256947348,0.002377317792855892,0.0,0.0,0.0,0.0,0.0,0.0,0.0,0.0,0.0,0.0,0.0,0.0,799.0,799.0,799.0
260,78000.0,21.666666666666668,0.0,0.0,0.0,0.0,0.0,0.0,0.00039883492755876215,0.06384790487061939,0.06655720762595443,0.06082762529571575,0.06324555320256518,0.063246404983791,0.06324555320336758,0.06324555320336758,0.06324555320336758,0.0,0.0,0.0,0.0,0.0,0.0,0.12650531110697838,0.13206640551634366,0.13745462758653637,7.877991167128347e-09,7.20193897530304e-05,0.0003882614734702041,0.0,0.0,0.0,6.863105535107793e-08,0.0005664405138071291,0.0030618917681767043,0.0,0.0,0.0,0.0,0.0,0.0,0.0,0.0,0.0,0.0,0.0,0.0,799.0,799.0,799.0
261,78300.0,21.75,0.0,0.0,0.0,0.0,0.0,0.0,0.0004023649833977747,0.06385832775302264,0.0665683259096768,0.060827625287290556,0.06324555320209897,0.06324640796841066,0.06324555320336758,0.06324555320336758,0.06324555320336758,0.0,0.0,0.0,0.0,0.0,0.0,0.12650319560100926,0.13211187976359187,0.13746037174717507,1.3968577849767257e-09,5.6000805457732615e-05,0.0004671193101810326,0.0,0.0,0.0,1.1201891517259832e-08,0.0004394771936841305,0.003679450255527151,0.0,0.0,0.0,0.0,0.0,0.0,0.0,0.0,0.0,0.0,0.0,0.0,799.0,799.0,799.0
262,78600.0,21.833333333333332,0.0,0.0,0.0,0.0,0.0,0.0,0.00042522450844853944,0.06384061236237652,0.0665717827869927,0.06082762527342283,0.0632455532029083,0.06324641144598082,0.06324555320336758,0.06324555320336758,0.06324555320336758,0.0,0.0,0.0,0.0,0.0,0.0,0.12650268703090628,0.1320722465854707,0.13746491342385625,2.75787088747705e-09,5.061959257018768e-05,0.0006305366466991679,0.0,0.0,0.0,2.3586973161250955e-08,0.0003984397916152207,0.004973263957802868,0.0,0.0,0.0,0.0,0.0,0.0,0.0,0.0,0.0,0.0,0.0,0.0,799.0,799.0,799.0
263,78900.0,21.916666666666668,0.0,0.0,0.0,0.0,0.0,0.0,0.00043696388086346454,0.06384014064413486,0.06653835031620868,0.06082762525812332,0.06324555320180789,0.06324641593379625,0.06324555320336758,0.06324555320336758,0.06324555320336758,0.0,0.0,0.0,0.0,0.0,0.0,0.12650400570228224,0.13199043777084116,0.13746787597123955,1.195969473398131e-09,3.6521692685298e-05,0.00042650813477841003,0.0,0.0,0.0,9.619589658344252e-09,0.00028466139715747,0.0033402718161277085,0.0,0.0,0.0,0.0,0.0,0.0,0.0,0.0,0.0,0.0,0.0,0.0,799.0,799.0,799.0
264,79200.0,22.0,0.0,0.0,0.0,0.0,0.0,0.0,0.00045047302691521827,0.06386142180656545,0.06651077328042218,0.06082762523937221,0.0632455532021184,0.06324642076823656,0.06324555320336758,0.06324555320336758,0.06324555320336758,0.0,0.0,0.0,0.0,0.0,0.0,0.12650368157182268,0.1321410298411111,0.13746890567876952,1.1327004220697434e-09,3.456265562767324e-05,0.0002700461373091196,0.0,0.0,0.0,8.948585021719182e-09,0.000260680052662975,0.002114983471296028,0.0,0.0,0.0,0.0,0.0,0.0,0.0,0.0,0.0,0.0,0.0,0.0,799.0,799.0,799.0
265,79500.0,22.083333333333332,0.0,0.0,0.0,0.0,0.0,0.0,0.0004846406980269744,0.06384805511247432,0.06646318300247211,0.06082762523774212,0.06324555320327162,0.06324642401623279,0.06324555320336758,0.06324555320336758,0.06324555320336758,0.0,0.0,0.0,0.0,0.0,0.0,0.12650295240291226,0.1320317385540317,0.13746764916458354,8.029849220772733e-09,4.283159885541334e-05,0.00031801630541606403,0.0,0.0,0.0,6.4713547542223e-08,0.00033282700682407137,0.0024889641674997643,0.0,0.0,0.0,0.0,0.0,0.0,0.0,0.0,0.0,0.0,0.0,0.0,799.0,799.0,799.0
266,79800.0,22.166666666666668,0.0,0.0,0.0,0.0,0.0,0.0,0.00048357912701331364,0.0638496126857991,0.06643138961188803,0.060827625215668917,0.06324555320268059,0.06324642893168542,0.06324555320336758,0.06324555320336758,0.06324555320336758,0.0,0.0,0.0,0.0,0.0,0.0,0.12650395516482685,0.13205760589865465,0.13746374600346156,1.4666936298420049e-09,3.1079120294332186e-05,0.00013875336904000117,0.0,0.0,0.0,1.2118797038391986e-08,0.0002456233114003663,0.0010871319906144634,0.0,0.0,0.0,0.0,0.0,0.0,0.0,0.0,0.0,0.0,0.0,0.0,799.0,799.0,799.0
267,80100.0,22.25,0.0,0.0,0.0,0.0,0.0,0.0,0.0005007223389090743,0.0638130380180806,0.06644375943648116,0.06082762520910383,0.06324555320320419,0.06324642771725926,0.06324555320336758,0.06324555320336758,0.06324555320336758,0.0,0.0,0.0,0.0,0.0,0.0,0.1265047844003217,0.13184139135580694,0.13745690155227214,1.531260590300593e-09,6.248682936988802e-05,0.00019643444908683448,0.0,0.0,0.0,1.2044336205501709e-08,0.00047449192126393933,0.0014848919080815426,0.0,0.0,0.0,0.0,0.0,0.0,0.0,0.0,0.0,0.0,0.0,0.0,799.0,799.0,799.0
268,80400.0,22.333333333333332,0.0,0.0,0.0,0.0,0.0,0.0,0.0005208994869720684,0.06381849178160777,0.06645894998129283,0.06082762522138112,0.06324555320052413,0.06324642039283092,0.06324555320336758,0.06324555320336758,0.06324555320336758,0.0,0.0,0.0,0.0,0.0,0.0,0.12650501768875866,0.132023263805475,0.13744678674328828,1.5424321874274688e-08,4.985730798321818e-05,0.0002379134378245201,0.0,0.0,0.0,1.5762780827350255e-07,0.0003857635410432973,0.0018008707303186688,0.0,0.0,0.0,0.0,0.0,0.0,0.0,0.0,0.0,0.0,0.0,0.0,798.0,798.0,798.0
269,80700.0,22.416666666666668,0.0,0.0,0.0,0.0,0.0,0.0,0.0005298774833628324,0.06382798164522073,0.06633311226337751,0.06082762519197201,0.06324555320282828,0.06324640378014934,0.06324555320336758,0.06324555320336758,0.06324555320336758,0.0,0.0,0.0,0.0,0.0,0.0,0.12650408408195488,0.13200803271149708,0.13743298586471359,1.2729680839967212e-09,1.9387473679654927e-05,8.167967715615269e-05,0.0,0.0,0.0,1.087981167821367e-08,0.000151183536722699,0.0006181759823161116,0.0,0.0,0.0,0.0,0.0,0.0,0.0,0.0,0.0,0.0,0.0,0.0,798.0,798.0,798.0
270,81000.0,22.5,0.0,0.0,0.0,0.0,0.0,0.0,0.0005280398967233356,0.06394599199568139,0.06632343136319951,0.06082762521665944,0.06324555320315675,0.06324636756643742,0.06324555320336758,0.06324555320336758,0.06324555320336758,0.0,0.0,0.0,0.0,0.0,0.0,0.12650241545975532,0.132040628865345,0.13741507280914617,5.31615226441448e-10,5.2426627783425595e-05,0.00034279357222600923,0.0,0.0,0.0,4.387403317920919e-09,0.00040060900237873074,0.002585027389200643,0.0,0.0,0.0,0.0,0.0,0.0,0.0,0.0,0.0,0.0,0.0,0.0,798.0,798.0,798.0
271,81300.0,22.583333333333332,0.0,0.0,0.0,0.0,0.0,0.0,0.00053996728522502,0.06391515995422181,0.06645544500124825,0.06082762514809209,0.06324555320157864,0.06324630048810086,0.06324555320336758,0.06324555320336758,0.06324555320336758,0.0,0.0,0.0,0.0,0.0,0.0,0.12650423723273427,0.13214732867874163,0.13739251442383757,2.14333652136121e-09,2.5611230589254372e-05,0.00013792305172168225,0.0,0.0,0.0,1.7091927433469116e-08,0.00020242435522050005,0.0010386349539396533,0.0,0.0,0.0,0.0,0.0,0.0,0.0,0.0,0.0,0.0,0.0,0.0,798.0,798.0,798.0
272,81600.0,22.666666666666668,0.0,0.0,0.0,0.0,0.0,0.0,0.0005478327511476205,0.06406909425789664,0.06658774318956376,0.06082762521488577,0.0632455532020068,0.06324628299768394,0.06324555320336758,0.06324555320336758,0.06324555320336758,0.0,0.0,0.0,0.0,0.0,0.0,0.12650318467365948,0.1319978832431027,0.1373646630697542,4.078204696586046e-09,5.396300338939488e-05,0.00029558396895730185,0.0,0.0,0.0,3.26732298188589e-08,0.0004265514196455119,0.0022563296967692942,0.0,0.0,0.0,0.0,0.0,0.0,0.0,0.0,0.0,0.0,0.0,0.0,798.0,798.0,798.0
273,81900.0,22.75,0.0,0.0,0.0,0.0,0.0,0.0,0.0005702370861590478,0.06406716338399265,0.06652595497057436,0.06082762514169161,0.06324555320208554,0.0632462774954206,0.06324555320336758,0.06324555320336758,0.06324555320336758,0.0,0.0,0.0,0.0,0.0,0.0,0.126504066763588,0.1319714126709301,0.13733130875727564,1.7628746256380929e-09,4.297546015923718e-05,0.00023419309065511663,0.0,0.0,0.0,1.4172530687513522e-08,0.00033841532038284027,0.0017775136232009185,0.0,0.0,0.0,0.0,0.0,0.0,0.0,0.0,0.0,0.0,0.0,0.0,798.0,798.0,798.0
274,82200.0,22.833333333333332,0.0,0.0,0.0,0.0,0.0,0.0,0.000574206298746159,0.06406483603424795,0.06644148221067914,0.06082762516432294,0.06324555320154841,0.06324627202222707,0.06324555320336758,0.06324555320336758,0.06324555320336758,0.0,0.0,0.0,0.0,0.0,0.0,0.12650272813012164,0.1319802545688746,0.1372920978955972,3.441169086651596e-09,2.1200594202306672e-05,0.00013822660682091923,0.0,0.0,0.0,2.7839300179418742e-08,0.00016773092291875978,0.00105661889687064,0.0,0.0,0.0,0.0,0.0,0.0,0.0,0.0,0.0,0.0,0.0,0.0,798.0,798.0,798.0
275,82500.0,22.916666666666668,0.0,0.0,0.0,0.0,0.0,0.0,0.0005793791270570909,0.06403852625615904,0.06639092127436652,0.060827625141914005,0.0632455532020371,0.06324626636431958,0.06324555320336758,0.06324555320336758,0.06324555320336758,0.0,0.0,0.0,0.0,0.0,0.0,0.12650320441215446,0.132084579414393,0.13724679978635818,1.960285449394353e-09,1.4896009774829664e-05,0.0002989329064511162,0.0,0.0,0.0,1.7065883305019755e-08,0.00011759037076441611,0.0023490170064165844,0.0,0.0,0.0,0.0,0.0,0.0,0.0,0.0,0.0,0.0,0.0,0.0,798.0,798.0,798.0
276,82800.0,23.0,0.0,0.0,0.0,0.0,0.0,0.0,0.0005889795888697994,0.0640605789989512,0.06638711950845111,0.06082762509224053,0.06324555320246031,0.06324626078709335,0.06324555320336758,0.06324555320336758,0.06324555320336758,0.0,0.0,0.0,0.0,0.0,0.0,0.12650302922685555,0.13208712181681628,0.13719519913254083,2.549408417630956e-09,1.7410023291115575e-05,0.00025844099534584413,0.0,0.0,0.0,2.167308462075599e-08,0.00013646388574358164,0.0020306663255709534,0.0,0.0,0.0,0.0,0.0,0.0,0.0,0.0,0.0,0.0,0.0,0.0,798.0,798.0,798.0
277,83100.0,23.083333333333332,0.0,0.0,0.0,0.0,0.0,0.0,0.0006011730605771973,0.06406018794284393,0.06645853038854917,0.060827625085327255,0.06324555320314676,0.06324625437517305,0.06324555320336758,0.06324555320336758,0.06324555320336758,0.0,0.0,0.0,0.0,0.0,0.0,0.1265028909047355,0.13217048995191277,0.1371371317590665,1.4351318543083545e-09,9.862612534533777e-06,0.00016755934263820276,0.0,0.0,0.0,1.1482912887532963e-08,7.520098707787457e-05,0.0013168969450625273,0.0,0.0,0.0,0.0,0.0,0.0,0.0,0.0,0.0,0.0,0.0,0.0,798.0,798.0,798.0
278,83400.0,23.166666666666668,0.0,0.0,0.0,0.0,0.0,0.0,0.000622838002525058,0.06405808599821923,0.06653389205758077,0.060827625057327084,0.06324555320244472,0.06324624720258681,0.06324555320336758,0.06324555320336758,0.06324555320336758,0.0,0.0,0.0,0.0,0.0,0.0,0.12650268977195592,0.1321076723356175,0.1370725253705272,1.5854992856636484e-09,3.098416335096573e-05,0.000252310722469917,0.0,0.0,0.0,1.3842234034438236e-08,0.0002433436172802317,0.0019143198370232043,0.0,0.0,0.0,0.0,0.0,0.0,0.0,0.0,0.0,0.0,0.0,0.0,798.0,798.0,798.0
279,83700.0,23.25,0.0,0.0,0.0,0.0,0.0,0.0,0.0006427508809000215,0.06405496332518859,0.06654192518107642,0.06082762506769859,0.06324555320266854,0.0632462396333763,0.06324555320336758,0.06324555320336758,0.06324555320336758,0.0,0.0,0.0,0.0,0.0,0.0,0.12650246481922084,0.13212473506239364,0.1370012907241479,9.297119679866452e-10,4.30012944777721e-05,0.0003021358559532314,0.0,0.0,0.0,7.56872505043264e-09,0.00033943957233937514,0.002294589250075912,0.0,0.0,0.0,0.0,0.0,0.0,0.0,0.0,0.0,0.0,0.0,0.0,798.0,798.0,798.0
280,84000.0,23.333333333333332,0.0,0.0,0.0,0.0,0.0,0.0,0.0006648563880773319,0.0640505280614213,0.06647042638446805,0.06082762501361118,0.06324555320255099,0.06324622952038005,0.06324555320336758,0.06324555320336758,0.06324555320336758,0.0,0.0,0.0,0.0,0.0,0.0,0.12650309417481886,0.13206664718739689,0.13692286721568123,1.4425958129988863e-09,4.6378327936817874e-05,0.00032707104205709886,0.0,0.0,0.0,1.2065076549158813e-08,0.0003655031542234262,0.002581066595783798,0.0,0.0,0.0,0.0,0.0,0.0,0.0,0.0,0.0,0.0,0.0,0.0,798.0,798.0,798.0
281,84300.0,23.416666666666668,0.0,0.0,0.0,0.0,0.0,0.0,0.0006893415530322101,0.064044273417511,0.06638854437866866,0.060827625028521265,0.06324555320234465,0.0632462131433115,0.06324555320336758,0.06324555320336758,0.06324555320336758,0.0,0.0,0.0,0.0,0.0,0.0,0.12650159985331438,0.13167207935899372,0.13685557704535137,6.974052557764571e-10,2.352321042125598e-05,0.0001071321351326043,0.0,0.0,0.0,5.51323559953367e-09,0.00018505379344367021,0.0008152060342759331,0.0,0.0,0.0,0.0,0.0,0.0,0.0,0.0,0.0,0.0,0.0,0.0,798.0,798.0,798.0
282,84600.0,23.5,0.0,0.0,0.0,0.0,0.0,0.0,0.0008054941019515105,0.06403891679942157,0.06620952173509327,0.060827621034207593,0.06324555320277127,0.0632461839081022,0.06324555320336758,0.06324555320336758,0.06324555320336758,0.0,0.0,0.0,0.0,0.0,0.0,0.12650137761396185,0.131557843143871,0.13679655438045377,1.4222041042503807e-09,3.585784883216585e-05,0.00011815434396146395,0.0,0.0,0.0,1.1584644807852571e-08,0.0002856773207669389,0.000930828872100489,0.0,0.0,0.0,0.0,0.0,0.0,0.0,0.0,0.0,0.0,0.0,0.0,798.0,798.0,798.0
283,84900.0,23.583333333333332,0.0,0.0,0.0,0.0,0.0,0.0,0.0009015277185463361,0.06404832956601854,0.06616270513122825,0.06082749577476988,0.06324555320266857,0.06324613168745777,0.06324555320336758,0.06324555320336758,0.06324555320336758,0.0,0.0,0.0,0.0,0.0,0.0,0.12650074488895724,0.1315902582288602,0.13673059801958284,1.6497366970801036e-09,3.593876754408592e-05,0.00018588621773386123,0.0,0.0,0.0,1.3058921474355053e-08,0.0002839941693096987,0.001412444216546771,0.0,0.0,0.0,0.0,0.0,0.0,0.0,0.0,0.0,0.0,0.0,0.0,798.0,798.0,798.0
284,85200.0,23.666666666666668,0.0,0.0,0.0,0.0,0.0,0.0,0.0009401013302901566,0.0640525152469554,0.06631879040416631,0.060827467524169926,0.0632455532026425,0.06324602961380753,0.06324555320336758,0.06324555320336758,0.06324555320336758,0.0,0.0,0.0,0.0,0.0,0.0,0.12650089316926805,0.13160942335538942,0.13665823090042292,1.6490163832911086e-09,5.1285032754264485e-05,0.0001432004340408708,0.0,0.0,0.0,1.3311797026928202e-08,0.0003970065739556541,0.0011128352530259142,0.0,0.0,0.0,0.0,0.0,0.0,0.0,0.0,0.0,0.0,0.0,0.0,798.0,798.0,798.0
285,85500.0,23.75,0.0,0.0,0.0,0.0,0.0,0.0,0.0010376976343922032,0.06411858058617058,0.06631248147511774,0.06076968050517208,0.0632455532025007,0.06324586662049111,0.06324555320336758,0.06324555320336758,0.06324555320336758,0.0,0.0,0.0,0.0,0.0,0.0,0.1265020569881829,0.131705843453944,0.1365787761040801,2.47010029968044e-09,2.9021112415032773e-05,0.00010928264607252049,0.0,0.0,0.0,2.0665783011103088e-08,0.00022801942485889962,0.0008263032691696171,0.0,0.0,0.0,0.0,0.0,0.0,0.0,0.0,0.0,0.0,0.0,0.0,798.0,798.0,798.0
286,85800.0,23.833333333333332,0.0,0.0,0.0,0.0,0.0,0.0,0.0011062114150282994,0.064147844948218,0.06629680013788405,0.0606920173948799,0.06324555320276734,0.06324571634532909,0.06324555320336758,0.06324555320336758,0.06324555320336758,0.0,0.0,0.0,0.0,0.0,0.0,0.1265012482560447,0.13171254987723616,0.1364907410067842,1.4020903975218967e-09,1.100697679839345e-05,0.00010835063723997864,0.0,0.0,0.0,1.1220216895514997e-08,8.842870464134408e-05,0.0008542033978980577,0.0,0.0,0.0,0.0,0.0,0.0,0.0,0.0,0.0,0.0,0.0,0.0,798.0,798.0,798.0
287,86100.0,23.916666666666668,0.0,0.0,0.0,0.0,0.0,0.0,0.0011504764362457367,0.06417181285897432,0.06632154717513716,0.060543558988465564,0.06324555320297713,0.06324566345973563,0.06324555320336758,0.06324555320336758,0.06324555320336758,0.0,0.0,0.0,0.0,0.0,0.0,0.1265007423840496,0.13176956351318803,0.13639192365500685,1.375325270068564e-09,1.3084869394770816e-05,0.00011831055016854996,0.0,0.0,0.0,1.168513487571462e-08,0.00010136500701972355,0.0008976275678643542,0.0,0.0,0.0,0.0,0.0,0.0,0.0,0.0,0.0,0.0,0.0,0.0,798.0,798.0,798.0
288,86400.0,24.0,0.0,0.0,0.0,0.0,0.0,0.0,0.0013780136591845318,0.06418804410621887,0.06632670395045598,0.06038267481480271,0.06324555320246106,0.0632456044891919,0.06324555320336758,0.06324555320336758,0.06324555320336758,0.0,0.0,0.0,0.0,0.0,0.0,0.12650022329282887,0.13174949319134843,0.1362798847267179,1.5139538683454096e-09,1.6826580781741186e-05,7.818110424733187e-05,0.0,0.0,0.0,1.1996853215419931e-08,0.00013271096940692298,0.0005962316726224013,0.0,0.0,0.0,0.0,0.0,0.0,0.0,0.0,0.0,0.0,0.0,0.0,798.0,798.0,798.0
