QuestionNo,CommandID,CarrierID,Priority,InstallTime,Source,Destination,VehicleID,AssignedTime,WaitAssignTime,VehicleFromArrivedTime,VehicleAcquireStartTime,VehicleAcquireEndTime,VehicleDepartedTime,VehicleToArrivedTime,VehicleDepositStartTime,VehicleDepositEndTime,TransferCompletedTime,ToSourceDistance,ToDestinationDistance,TransferTime,MoveToSourcePath,MoveToDestinationPath,PausedCount,PausingTime
3,HOSTTRANSFER-20251001080000000,FE-H0001,50,2025-10-01 08:00:00,P26,P28,OHT13,2025-10-01 08:00:00,0,2025-10-01 08:00:21.800000,2025-10-01 08:00:21.800000,2025-10-01 08:00:29.800000,2025-10-01 08:00:29.800000,2025-10-01 08:00:59.800000,2025-10-01 08:00:59.800000,2025-10-01 08:01:07.800000,2025-10-01 08:01:07.800000,15146.7,21145.1,67.8,83;82;89;97,97;98,0,0
3,HOSTTRANSFER-20251001080003869,FE-H0005,53,2025-10-01 08:00:03.869000,P21,P26,OHT05,2025-10-01 08:00:04,131,2025-10-01 08:00:34.200000,2025-10-01 08:00:34.200000,2025-10-01 08:00:42.200000,2025-10-01 08:00:42.200000,2025-10-01 08:03:12,2025-10-01 08:03:12,2025-10-01 08:03:20,2025-10-01 08:03:20,21213.7,100973.8,196.131,28;29;30;32;34;39;40;45,45;104;106;107;105;44;41;38;33;4;2;1;3;5;14;23;32;34;39;40;43;47;56;66;75;77;84;83;82;89;97,3,6600
3,HOSTTRANSFER-20251001080005629,AL-H0004,50,2025-10-01 08:00:05.629000,P03,P01,OHT03,2025-10-01 08:00:05.800000,171,2025-10-01 08:00:06.600000,2025-10-01 08:00:06.600000,2025-10-01 08:00:14.600000,2025-10-01 08:00:14.600000,2025-10-01 08:00:24.600000,2025-10-01 08:00:24.600000,2025-10-01 08:00:32.600000,2025-10-01 08:00:32.600000,355.7,6778.0,26.971,9,9;8;7,1,200
3,HOSTTRANSFER-20251001080009144,AL-H0004,50,2025-10-01 08:00:09.144000,P01,P21,OHT01,2025-10-01 08:00:32.600000,23456,2025-10-01 08:00:45.400000,2025-10-01 08:00:45.400000,2025-10-01 08:00:53.400000,2025-10-01 08:00:53.400000,2025-10-01 08:02:33,2025-10-01 08:02:33,2025-10-01 08:02:41,2025-10-01 08:02:41,2550.0,64888.2,151.856,7,7;6;15;19;25;26;27;28;29;30;32;34;39;40;45,3,15800
3,HOSTTRANSFER-20251001080012627,FE-H0012,99,2025-10-01 08:00:12.627000,P33,P34,OHT18,2025-10-01 08:00:12.800000,173,2025-10-01 08:00:37,2025-10-01 08:00:37,2025-10-01 08:00:45,2025-10-01 08:00:45,2025-10-01 08:00:55,2025-10-01 08:00:55,2025-10-01 08:01:03,2025-10-01 08:01:03,17088.9,6953.8,50.373,113;112;118;122;127,127;128;129,0,0
3,HOSTTRANSFER-20251001080014944,AL-H0006,50,2025-10-01 08:00:14.944000,P01,P21,OHT02,2025-10-01 08:00:15,56,2025-10-01 08:00:35,2025-10-01 08:00:35,2025-10-01 08:00:43,2025-10-01 08:00:43,2025-10-01 08:02:14.600000,2025-10-01 08:02:14.600000,2025-10-01 08:02:22.600000,2025-10-01 08:02:22.600000,8025.554,64888.2,127.656,10;9;8;7,7;6;15;19;25;26;27;28;29;30;32;34;39;40;45,2,7800
3,HOSTTRANSFER-20251001080017239,AL-H0009,50,2025-10-01 08:00:17.239000,P12,P06,OHT04,2025-10-01 08:00:17.400000,161,2025-10-01 08:00:40.800000,2025-10-01 08:00:40.800000,2025-10-01 08:00:48.800000,2025-10-01 08:00:48.800000,2025-10-01 08:03:40.400000,2025-10-01 08:03:40.400000,2025-10-01 08:03:48.400000,2025-10-01 08:03:48.400000,16390.5,110868.6,211.161,28;29;30;32;34;39;40;43,43;47;54;53;52;51;50;49;48;46;31;24;25;26;27;28;29;22;18;12;11,3,14400
3,HOSTTRANSFER-20251001080019367,FE-H0019,50,2025-10-01 08:00:19.367000,P22,P27,OHT12,2025-10-01 08:00:19.400000,33,2025-10-01 08:00:31.600000,2025-10-01 08:00:31.600000,2025-10-01 08:00:39.600000,2025-10-01 08:00:39.600000,2025-10-01 08:01:38,2025-10-01 08:01:38,2025-10-01 08:01:46,2025-10-01 08:01:46,8491.9,41316.8,86.633,83;82;81;80,80;79;87;94;95;96;97,0,0
3,HOSTTRANSFER-20251001080022686,AL-H0011,53,2025-10-01 08:00:22.686000,P14,P17,OHT09,2025-10-01 08:00:22.800000,114,2025-10-01 08:01:01.800000,2025-10-01 08:01:01.800000,2025-10-01 08:01:09.800000,2025-10-01 08:01:09.800000,2025-10-01 08:02:00.600000,2025-10-01 08:02:00.600000,2025-10-01 08:02:08.600000,2025-10-01 08:02:08.600000,27575.5,35977.2,105.914,71;72;64;60;53,53;52;51;50;49;57;61;68;69;70,0,0
3,HOSTTRANSFER-20251001080024085,FE-H0022,50,2025-10-01 08:00:24.085000,P36,P32,OHT16,2025-10-01 08:00:24.200000,115,2025-10-01 08:01:06.600000,2025-10-01 08:01:06.600000,2025-10-01 08:01:14.600000,2025-10-01 08:01:14.600000,2025-10-01 08:01:41.600000,2025-10-01 08:01:41.600000,2025-10-01 08:01:49.600000,2025-10-01 08:01:49.600000,29908.1,18973.0,85.515,116;115;120;124;130,130;131;125;121;116,0,0
3,HOSTTRANSFER-20251001080026179,FE-H0020,50,2025-10-01 08:00:26.179000,P31,P35,OHT20,2025-10-01 08:00:26.200000,21,2025-10-01 08:00:45.600000,2025-10-01 08:00:45.600000,2025-10-01 08:00:53.600000,2025-10-01 08:00:53.600000,2025-10-01 08:01:19.400000,2025-10-01 08:01:19.400000,2025-10-01 08:01:27.400000,2025-10-01 08:01:27.400000,13626.3,18178.8,61.221,116,116;115;120;124;130,0,0
3,HOSTTRANSFER-20251001080028938,AL-H0016,50,2025-10-01 08:00:28.938000,P04,P21,OHT08,2025-10-01 08:00:29,62,2025-10-01 08:02:18.400000,2025-10-01 08:02:18.400000,2025-10-01 08:02:26.400000,2025-10-01 08:02:26.400000,2025-10-01 08:03:39.800000,2025-10-01 08:03:39.800000,2025-10-01 08:03:47.800000,2025-10-01 08:03:47.800000,77479.2,51925.4,198.862,48;46;31;24;25;26;27;28;29;22;18;12;11;10,10;9;17;21;28;29;30;32;34;39;40;45,0,0
3,HOSTTRANSFER-20251001080032048,AL-H0008,50,2025-10-01 08:00:32.048000,P05,P11,OHT03,2025-10-01 08:00:32.200000,152,2025-10-01 08:02:13,2025-10-01 08:02:13,2025-10-01 08:02:21,2025-10-01 08:02:21,2025-10-01 08:03:12.800000,2025-10-01 08:03:12.800000,2025-10-01 08:03:20.800000,2025-10-01 08:03:20.800000,67624.2,36538.9,168.752,7;6;15;19;25;26;27;28;29;22;18;12;11;10,10;9;17;21;28,2,4400
3,HOSTTRANSFER-20251001080038448,FE-H0027,50,2025-10-01 08:00:38.448000,P24,P29,OHT07,2025-10-01 08:00:38.600000,152,2025-10-01 08:02:04.400000,2025-10-01 08:02:04.400000,2025-10-01 08:02:12.400000,2025-10-01 08:02:12.400000,2025-10-01 08:04:34.600000,2025-10-01 08:04:34.600000,2025-10-01 08:04:42.600000,2025-10-01 08:04:42.600000,60691.3,99096.6,244.152,50;49;57;61;68;69;70;71;72;73;75;77;84;83,83;82;89;97;98;99;101;110;117;116;115;114;113,1,2000
3,HOSTTRANSFER-20251001080043184,AL-H0001,53,2025-10-01 08:00:43.184000,P04,P05,OHT06,2025-10-01 08:00:43.200000,16,2025-10-01 08:02:44,2025-10-01 08:02:44,2025-10-01 08:02:52,2025-10-01 08:02:52,2025-10-01 08:04:09.200000,2025-10-01 08:04:09.200000,2025-10-01 08:04:17.200000,2025-10-01 08:04:17.200000,85657.8,54661.4,214.016,50;49;48;46;31;24;25;26;27;28;29;22;18;12;11;10,10;9;17;21;28;29;22;18;12;11;10,0,0
3,HOSTTRANSFER-20251001080045823,FE-H0031,54,2025-10-01 08:00:45.823000,P31,P35,OHT15,2025-10-01 08:00:46,177,2025-10-01 08:00:57.400000,2025-10-01 08:00:57.400000,2025-10-01 08:01:05.400000,2025-10-01 08:01:05.400000,2025-10-01 08:01:31.200000,2025-10-01 08:01:31.200000,2025-10-01 08:01:39.200000,2025-10-01 08:01:39.200000,7877.5,18178.8,53.377,116,116;115;120;124;130,0,0
3,HOSTTRANSFER-20251001080051417,FE-H0034,53,2025-10-01 08:00:51.417000,P31,P32,OHT19,2025-10-01 08:00:51.600000,183,2025-10-01 08:01:07.800000,2025-10-01 08:01:07.800000,2025-10-01 08:01:15.800000,2025-10-01 08:01:15.800000,2025-10-01 08:02:32.600000,2025-10-01 08:02:32.600000,2025-10-01 08:02:40.600000,2025-10-01 08:02:40.600000,7131.5,50454.8,109.183,116,116;115;120;124;130;131;125;121;116,3,10400
3,HOSTTRANSFER-20251001080054483,AL-H0011,50,2025-10-01 08:00:54.483000,P17,P21,OHT11,2025-10-01 08:02:08.600000,74117,2025-10-01 08:04:32.800000,2025-10-01 08:04:32.800000,2025-10-01 08:04:40.800000,2025-10-01 08:04:40.800000,2025-10-01 08:08:53.400000,2025-10-01 08:08:53.400000,2025-10-01 08:09:01.400000,2025-10-01 08:09:01.400000,25998.4,143170.8,486.917,80;79;78;76;74;67;68;69;70,70;71;72;64;60;53;52;51;50;49;48;46;31;24;25;26;27;28;29;30;32;34;39;40;45,9,48000
3,HOSTTRANSFER-20251001080058558,FE-H0040,53,2025-10-01 08:00:58.558000,P23,P28,OHT12,2025-10-01 08:00:58.600000,42,2025-10-01 08:04:28,2025-10-01 08:04:28,2025-10-01 08:04:36,2025-10-01 08:04:36,2025-10-01 08:05:31.800000,2025-10-01 08:05:31.800000,2025-10-01 08:05:39.800000,2025-10-01 08:05:39.800000,12363.0,39436.3,281.242,83,83;82;89;97;98,0,0
3,HOSTTRANSFER-20251001080100333,FE-H0043,53,2025-10-01 08:01:00.333000,P31,P28,OHT10,2025-10-01 08:01:00.400000,67,2025-10-01 08:01:18.200000,2025-10-01 08:01:18.200000,2025-10-01 08:01:26.200000,2025-10-01 08:01:26.200000,2025-10-01 08:03:10.400000,2025-10-01 08:03:10.400000,2025-10-01 08:03:18.400000,2025-10-01 08:03:18.400000,3989.7,73841.1,138.067,116,116;115;114;113;112;111;109;108;103;102;100;93;94;95;96;97;98,2,11200
3,HOSTTRANSFER-20251001080104065,FE-H0046,53,2025-10-01 08:01:04.065000,P31,P29,OHT14,2025-10-01 08:01:04.200000,135,2025-10-01 08:01:28.600000,2025-10-01 08:01:28.600000,2025-10-01 08:01:36.600000,2025-10-01 08:01:36.600000,2025-10-01 08:01:58.800000,2025-10-01 08:01:58.800000,2025-10-01 08:02:06.800000,2025-10-01 08:02:06.800000,6534.7,15620.2,62.735,116,116;115;114;113,2,14200
3,HOSTTRANSFER-20251001080107234,FE-H0048,50,2025-10-01 08:01:07.234000,P26,P27,OHT14,2025-10-01 08:01:07.400000,166,2025-10-01 08:02:59.600000,2025-10-01 08:02:59.600000,2025-10-01 08:03:07.600000,2025-10-01 08:03:07.600000,2025-10-01 08:03:26,2025-10-01 08:03:26,2025-10-01 08:03:34,2025-10-01 08:03:34,37075.8,12880.0,146.766,113;112;111;109;108;103;102;100;93;94;95;96;97,97,1,200
3,HOSTTRANSFER-20251001080109602,AL-H0023,50,2025-10-01 08:01:09.602000,P16,P06,OHT13,2025-10-01 08:01:09.800000,198,2025-10-01 08:02:54.600000,2025-10-01 08:02:54.600000,2025-10-01 08:03:02.600000,2025-10-01 08:03:02.600000,2025-10-01 08:05:03.600000,2025-10-01 08:05:03.600000,2025-10-01 08:05:11.600000,2025-10-01 08:05:11.600000,74184.7,85686.4,241.998,99;101;110;117;116;115;114;113;112;111;109;108;103;102;100;91;85;76;74;67;68,68;69;62;58;50;49;48;46;31;24;25;26;27;28;29;22;18;12;11,0,0
3,HOSTTRANSFER-20251001080112278,FE-H0051,50,2025-10-01 08:01:12.278000,P36,P35,OHT18,2025-10-01 08:01:12.400000,122,2025-10-01 08:01:33.200000,2025-10-01 08:01:33.200000,2025-10-01 08:01:41.200000,2025-10-01 08:01:41.200000,2025-10-01 08:02:51.600000,2025-10-01 08:02:51.600000,2025-10-01 08:02:59.600000,2025-10-01 08:02:59.600000,14647.0,49821.8,107.322,130,130;131;125;121;116;115;120;124;130,0,0
3,HOSTTRANSFER-20251001080114894,FE-H0055,50,2025-10-01 08:01:14.894000,P29,P32,OHT16,2025-10-01 08:01:15,106,2025-10-01 08:02:29.600000,2025-10-01 08:02:29.600000,2025-10-01 08:02:37.600000,2025-10-01 08:02:37.600000,2025-10-01 08:04:07.200000,2025-10-01 08:04:07.200000,2025-10-01 08:04:15.200000,2025-10-01 08:04:15.200000,28290.2,60550.8,180.306,116;115;114;113,113;112;118;122;127;128;129;130;131;125;121;116,2,3600
3,HOSTTRANSFER-20251001080116315,AL-H0027,53,2025-10-01 08:01:16.315000,P21,P06,OHT02,2025-10-01 08:01:16.400000,85,2025-10-01 08:02:22.600000,2025-10-01 08:02:22.600000,2025-10-01 08:02:30.600000,2025-10-01 08:02:30.600000,2025-10-01 08:03:50.800000,2025-10-01 08:03:50.800000,2025-10-01 08:03:58.800000,2025-10-01 08:03:58.800000,0.0,53837.6,162.485,45,45;104;106;107;105;44;41;38;33;4;2;1;3;5;13;12;11,1,3800
3,HOSTTRANSFER-20251001080116782,AL-H0008,50,2025-10-01 08:01:16.782000,P11,P04,OHT06,2025-10-01 08:03:20.800000,124018,2025-10-01 08:05:12.200000,2025-10-01 08:05:12.200000,2025-10-01 08:05:20.200000,2025-10-01 08:05:20.200000,2025-10-01 08:06:12.600000,2025-10-01 08:06:12.600000,2025-10-01 08:06:20.600000,2025-10-01 08:06:20.600000,36538.9,33702.5,303.818,10;9;17;21;28,28;29;22;18;12;11;10,2,7400
3,HOSTTRANSFER-20251001080118685,FE-H0052,80,2025-10-01 08:01:18.685000,P36,P25,OHT20,2025-10-01 08:01:18.800000,115,2025-10-01 08:01:46.400000,2025-10-01 08:01:46.400000,2025-10-01 08:01:54.400000,2025-10-01 08:01:54.400000,2025-10-01 08:03:31.400000,2025-10-01 08:03:31.400000,2025-10-01 08:03:39.400000,2025-10-01 08:03:39.400000,13303.0,68779.2,140.715,130,130;131;125;121;116;115;114;113;112;111;109;108;103;102;100;93;94,0,0
3,HOSTTRANSFER-20251001080119920,AL-H0033,50,2025-10-01 08:01:19.920000,P01,P06,OHT17,2025-10-01 08:01:20,80,2025-10-01 08:01:46.200000,2025-10-01 08:01:46.200000,2025-10-01 08:01:54.200000,2025-10-01 08:01:54.200000,2025-10-01 08:03:22,2025-10-01 08:03:22,2025-10-01 08:03:30,2025-10-01 08:03:30,18392.3,62145.2,130.08,25;26;20;16;7,7;6;15;19;25;26;27;28;29;22;18;12;11,0,0
3,HOSTTRANSFER-20251001080121380,AL-H0027,50,2025-10-01 08:01:21.380000,P06,P11,OHT13,2025-10-01 08:03:58.800000,157420,2025-10-01 08:05:11.600000,2025-10-01 08:05:11.600000,2025-10-01 08:05:19.600000,2025-10-01 08:05:19.600000,2025-10-01 08:06:19,2025-10-01 08:06:19,2025-10-01 08:06:27,2025-10-01 08:06:27,0.0,42017.9,305.62,11,11;10;9;17;21;28,0,0
3,HOSTTRANSFER-20251001080123523,AL-H0009,50,2025-10-01 08:01:23.523000,P08,P04,OHT20,2025-10-01 08:03:48.400000,144877,2025-10-01 08:13:08.400000,2025-10-01 08:13:08.400000,2025-10-01 08:13:16.400000,2025-10-01 08:13:16.400000,2025-10-01 08:14:44.400000,2025-10-01 08:14:44.400000,2025-10-01 08:14:52.400000,2025-10-01 08:14:52.400000,86514.8,62289.2,808.877,130;131;125;121;116;115;114;113;112;111;109;108;103;102;100;91;85;76;74;65;55;46;31;24;25,25;26;27;28;29;22;18;12;11;10,4,26200
3,HOSTTRANSFER-20251001080126310,FE-H0059,50,2025-10-01 08:01:26.310000,P23,P22,OHT11,2025-10-01 08:01:26.400000,90,2025-10-01 08:03:17.200000,2025-10-01 08:03:17.200000,2025-10-01 08:03:25.200000,2025-10-01 08:03:25.200000,2025-10-01 08:03:48,2025-10-01 08:03:48,2025-10-01 08:03:56,2025-10-01 08:03:56,78463.8,16014.0,149.69,25;26;27;28;29;30;32;34;39;40;43;47;56;66;75;77;84;83,83;82;81;80,0,0
3,HOSTTRANSFER-20251001080128462,FE-H0060,53,2025-10-01 08:01:28.462000,P33,P31,OHT15,2025-10-01 08:01:28.600000,138,2025-10-01 08:03:25.600000,2025-10-01 08:03:25.600000,2025-10-01 08:03:33.600000,2025-10-01 08:03:33.600000,2025-10-01 08:04:58.200000,2025-10-01 08:04:58.200000,2025-10-01 08:05:06.200000,2025-10-01 08:05:06.200000,73860.2,59926.8,217.738,130;131;125;121;116;115;114;113;112;118;122;127,127;128;129;130;131;125;121;116,1,2000
3,HOSTTRANSFER-20251001080130093,FE-H0063,53,2025-10-01 08:01:30.093000,P23,P27,OHT09,2025-10-01 08:01:30.200000,107,2025-10-01 08:03:30.400000,2025-10-01 08:03:30.400000,2025-10-01 08:03:38.400000,2025-10-01 08:03:38.400000,2025-10-01 08:04:22.600000,2025-10-01 08:04:22.600000,2025-10-01 08:04:30.600000,2025-10-01 08:04:30.600000,57923.2,31171.2,180.507,70;71;72;73;75;77;84;83,83;82;89;97,0,0
3,HOSTTRANSFER-20251001080132911,AL-H0035,53,2025-10-01 08:01:32.911000,P21,P12,OHT01,2025-10-01 08:01:33,89,2025-10-01 08:02:41,2025-10-01 08:02:41,2025-10-01 08:02:49,2025-10-01 08:02:49,2025-10-01 08:04:02.400000,2025-10-01 08:04:02.400000,2025-10-01 08:04:10.400000,2025-10-01 08:04:10.400000,0.0,51948.6,157.489,45,45;104;106;107;105;44;41;38;33;4;2;1;3;5;14;23;32;34;39;40;43,0,0
3,HOSTTRANSFER-20251001080133894,FE-H0063,50,2025-10-01 08:01:33.894000,P27,P28,OHT05,2025-10-01 08:04:30.600000,176706,2025-10-01 08:05:38.600000,2025-10-01 08:05:38.600000,2025-10-01 08:05:46.600000,2025-10-01 08:05:46.600000,2025-10-01 08:05:58.400000,2025-10-01 08:05:58.400000,2025-10-01 08:06:06.400000,2025-10-01 08:06:06.400000,0.0,8265.1,272.506,97,97;98,0,0
3,HOSTTRANSFER-20251001080137131,FE-H0066,99,2025-10-01 08:01:37.131000,P33,P31,OHT19,2025-10-01 08:01:37.200000,69,2025-10-01 08:04:49.200000,2025-10-01 08:04:49.200000,2025-10-01 08:04:57.200000,2025-10-01 08:04:57.200000,2025-10-01 08:06:35.600000,2025-10-01 08:06:35.600000,2025-10-01 08:06:43.600000,2025-10-01 08:06:43.600000,13294.0,59926.8,306.469,113;112;118;122;127,127;128;129;130;131;125;121;116,4,12600
3,HOSTTRANSFER-20251001080141747,FE-H0072,53,2025-10-01 08:01:41.747000,P23,P24,OHT12,2025-10-01 08:01:41.800000,53,2025-10-01 08:02:32.200000,2025-10-01 08:02:32.200000,2025-10-01 08:02:40.200000,2025-10-01 08:02:40.200000,2025-10-01 08:04:02.400000,2025-10-01 08:04:02.400000,2025-10-01 08:04:10.400000,2025-10-01 08:04:10.400000,30905.2,49713.4,148.653,97;98;90;83,83;82;89;97;98;90;83,3,13400
3,HOSTTRANSFER-20251001080144633,FE-H0074,53,2025-10-01 08:01:44.633000,P23,P27,OHT05,2025-10-01 08:01:44.800000,167,2025-10-01 08:04:38.400000,2025-10-01 08:04:38.400000,2025-10-01 08:04:46.400000,2025-10-01 08:04:46.400000,2025-10-01 08:05:30.600000,2025-10-01 08:05:30.600000,2025-10-01 08:05:38.600000,2025-10-01 08:05:38.600000,43785.2,31171.2,233.967,97;98;90;83,83;82;89;97,3,15400
3,HOSTTRANSFER-20251001080146509,AL-H0036,50,2025-10-01 08:01:46.509000,P21,P14,OHT08,2025-10-01 08:01:46.600000,91,2025-10-01 08:03:47.800000,2025-10-01 08:03:47.800000,2025-10-01 08:03:55.800000,2025-10-01 08:03:55.800000,2025-10-01 08:05:42.200000,2025-10-01 08:05:42.200000,2025-10-01 08:05:50.200000,2025-10-01 08:05:50.200000,0.0,75446.6,243.691,45,45;104;106;107;105;44;41;38;33;4;2;1;3;5;14;23;32;34;39;40;43;47;54;53,0,0
3,HOSTTRANSFER-20251001080148217,AL-H0039,50,2025-10-01 08:01:48.217000,P14,P08,OHT03,2025-10-01 08:01:48.400000,183,2025-10-01 08:06:08.600000,2025-10-01 08:06:08.600000,2025-10-01 08:06:16.600000,2025-10-01 08:06:16.600000,2025-10-01 08:07:10.800000,2025-10-01 08:07:10.800000,2025-10-01 08:07:18.800000,2025-10-01 08:07:18.800000,0.0,38350.4,330.583,53,53;52;51;50;49;48;46;31;24;25,0,0
3,HOSTTRANSFER-20251001080152778,FE-H0077,50,2025-10-01 08:01:52.778000,P32,P33,OHT19,2025-10-01 08:01:52.800000,22,2025-10-01 08:02:40.600000,2025-10-01 08:02:40.600000,2025-10-01 08:02:48.600000,2025-10-01 08:02:48.600000,2025-10-01 08:03:47.400000,2025-10-01 08:03:47.400000,2025-10-01 08:03:55.400000,2025-10-01 08:03:55.400000,0.0,41584.2,122.622,116,116;115;114;113;112;118;122;127,0,0
3,HOSTTRANSFER-20251001080155700,AL-H0011,50,2025-10-01 08:01:55.700000,P18,P05,OHT19,2025-10-01 08:09:01.400000,425700,2025-10-01 08:57:17.600000,2025-10-01 08:57:17.600000,2025-10-01 08:57:25.600000,2025-10-01 08:57:25.600000,2025-10-01 09:00:51,2025-10-01 09:00:51,2025-10-01 09:00:59,2025-10-01 09:00:59,48791.2,145626.8,3543.3,127;128;123;119;113;112;111;109;108;103;102;100;91;85;76;74;67;68;69;70,70;71;72;64;60;53;52;51;50;49;48;46;31;24;25;26;27;28;29;22;18;12;11;10,2,7400
3,HOSTTRANSFER-20251001080156287,FE-H0075,50,2025-10-01 08:01:56.287000,P25,P23,OHT20,2025-10-01 08:01:56.400000,113,2025-10-01 08:03:39.400000,2025-10-01 08:03:39.400000,2025-10-01 08:03:47.400000,2025-10-01 08:03:47.400000,2025-10-01 08:05:16.400000,2025-10-01 08:05:16.400000,2025-10-01 08:05:24.400000,2025-10-01 08:05:24.400000,0.0,59345.0,208.113,94,94;95;96;97;98;90;83,1,5000
3,HOSTTRANSFER-20251001080157879,FE-H0079,50,2025-10-01 08:01:57.879000,P31,P32,OHT18,2025-10-01 08:01:58,121,2025-10-01 08:04:19.400000,2025-10-01 08:04:19.400000,2025-10-01 08:04:27.400000,2025-10-01 08:04:27.400000,2025-10-01 08:05:38.600000,2025-10-01 08:05:38.600000,2025-10-01 08:05:46.600000,2025-10-01 08:05:46.600000,31643.0,50454.8,228.721,130;131;125;121;116,116;115;120;124;130;131;125;121;116,0,0
3,HOSTTRANSFER-20251001080159911,AL-H0046,50,2025-10-01 08:01:59.911000,P10,P21,OHT17,2025-10-01 08:02:00,89,2025-10-01 08:04:27.600000,2025-10-01 08:04:27.600000,2025-10-01 08:04:35.600000,2025-10-01 08:04:35.600000,2025-10-01 08:05:26.600000,2025-10-01 08:05:26.600000,2025-10-01 08:05:34.600000,2025-10-01 08:05:34.600000,15890.0,36035.4,214.689,10;9;17;21;28,28;29;30;32;34;39;40;45,0,0
3,HOSTTRANSFER-20251001080201946,FE-H0081,50,2025-10-01 08:02:01.946000,P35,P36,OHT18,2025-10-01 08:02:02,54,2025-10-01 08:02:59.600000,2025-10-01 08:02:59.600000,2025-10-01 08:03:07.600000,2025-10-01 08:03:07.600000,2025-10-01 08:03:26.600000,2025-10-01 08:03:26.600000,2025-10-01 08:03:34.600000,2025-10-01 08:03:34.600000,0.0,13303.0,92.654,130,130,0,0
3,HOSTTRANSFER-20251001080203808,AL-H0001,53,2025-10-01 08:02:03.808000,P04,P09,OHT06,2025-10-01 08:04:17.200000,133392,2025-10-01 08:06:20.600000,2025-10-01 08:06:20.600000,2025-10-01 08:06:28.600000,2025-10-01 08:06:28.600000,2025-10-01 08:07:13.600000,2025-10-01 08:07:13.600000,2025-10-01 08:07:21.600000,2025-10-01 08:07:21.600000,0.0,31858.3,317.792,10,10;9;8;7;6;15;19;25;26,0,0
3,HOSTTRANSFER-20251001080206931,AL-H0051,50,2025-10-01 08:02:06.931000,P21,P14,OHT04,2025-10-01 08:02:07,69,2025-10-01 08:05:45,2025-10-01 08:05:45,2025-10-01 08:05:53,2025-10-01 08:05:53,2025-10-01 08:07:39.400000,2025-10-01 08:07:39.400000,2025-10-01 08:07:47.400000,2025-10-01 08:07:47.400000,65194.4,75446.6,340.469,11;10;9;17;21;28;29;30;32;34;39;40;45,45;104;106;107;105;44;41;38;33;4;2;1;3;5;14;23;32;34;39;40;43;47;54;53,4,23400
3,HOSTTRANSFER-20251001080209403,FE-H0083,90,2025-10-01 08:02:09.403000,P34,P33,OHT10,2025-10-01 08:02:09.600000,197,2025-10-01 08:05:13.800000,2025-10-01 08:05:13.800000,2025-10-01 08:05:21.800000,2025-10-01 08:05:21.800000,2025-10-01 08:07:40.800000,2025-10-01 08:07:40.800000,2025-10-01 08:07:48.800000,2025-10-01 08:07:48.800000,67545.1,81887.2,339.397,98;99;101;110;117;116;115;114;113;112;118;122;127;128;129,129;130;131;125;121;116;115;114;113;112;118;122;127,10,40400
3,HOSTTRANSFER-20251001080213427,FE-H0084,50,2025-10-01 08:02:13.427000,P31,P32,OHT16,2025-10-01 08:02:13.600000,173,2025-10-01 08:04:33.200000,2025-10-01 08:04:33.200000,2025-10-01 08:04:41.200000,2025-10-01 08:04:41.200000,2025-10-01 08:05:57,2025-10-01 08:05:57,2025-10-01 08:06:05,2025-10-01 08:06:05,12670.0,50454.8,231.573,116,116;115;120;124;130;131;125;121;116,1,4200
3,HOSTTRANSFER-20251001080215953,AL-H0024,50,2025-10-01 08:02:15.953000,P06,P04,OHT17,2025-10-01 08:02:16,47,2025-10-01 08:03:30,2025-10-01 08:03:30,2025-10-01 08:03:38,2025-10-01 08:03:38,2025-10-01 08:03:57,2025-10-01 08:03:57,2025-10-01 08:04:05,2025-10-01 08:04:05,0.0,13269.0,109.047,11,11;10,0,0
3,HOSTTRANSFER-20251001080218776,AL-H0054,50,2025-10-01 08:02:18.776000,P21,P14,OHT03,2025-10-01 08:02:18.800000,24,2025-10-01 08:03:58.200000,2025-10-01 08:03:58.200000,2025-10-01 08:04:06.200000,2025-10-01 08:04:06.200000,2025-10-01 08:06:00.600000,2025-10-01 08:06:00.600000,2025-10-01 08:06:08.600000,2025-10-01 08:06:08.600000,23176.5,75446.6,229.824,28;29;30;32;34;39;40;45,45;104;106;107;105;44;41;38;33;4;2;1;3;5;14;23;32;34;39;40;43;47;54;53,3,11400
3,HOSTTRANSFER-20251001080224014,AL-H0039,50,2025-10-01 08:02:24.014000,P08,P02,OHT13,2025-10-01 08:07:18.800000,294786,2025-10-01 08:49:28,2025-10-01 08:49:28,2025-10-01 08:49:36,2025-10-01 08:49:36,2025-10-01 08:51:19.800000,2025-10-01 08:51:19.800000,2025-10-01 08:51:27.800000,2025-10-01 08:51:27.800000,19903.0,68958.4,2943.786,9;8;7;6;15;19;25,25;26;27;28;29;22;18;12;11;10;9;8,3,8200
3,HOSTTRANSFER-20251001080227903,AL-H0055,53,2025-10-01 08:02:27.903000,P04,P06,OHT02,2025-10-01 08:02:28,97,2025-10-01 08:04:17.800000,2025-10-01 08:04:17.800000,2025-10-01 08:04:25.800000,2025-10-01 08:04:25.800000,2025-10-01 08:05:35.200000,2025-10-01 08:05:35.200000,2025-10-01 08:05:43.200000,2025-10-01 08:05:43.200000,13269.0,49182.4,195.297,11;10,10;9;17;21;28;29;22;18;12;11,0,0
3,HOSTTRANSFER-20251001080232880,AL-H0055,50,2025-10-01 08:02:32.880000,P06,P16,OHT01,2025-10-01 08:05:43.200000,190320,2025-10-01 08:45:15.200000,2025-10-01 08:45:15.200000,2025-10-01 08:45:23.200000,2025-10-01 08:45:23.200000,2025-10-01 08:47:59.600000,2025-10-01 08:47:59.600000,2025-10-01 08:48:07.600000,2025-10-01 08:48:07.600000,0.0,110944.6,2734.72,11,11;10;9;17;21;28;29;30;32;34;39;40;43;47;54;53;52;51;50;49;57;61;68,0,0
3,HOSTTRANSFER-20251001080241227,AL-H0058,50,2025-10-01 08:02:41.227000,P15,P02,OHT01,2025-10-01 08:02:41.400000,173,2025-10-01 08:04:26,2025-10-01 08:04:26,2025-10-01 08:04:34,2025-10-01 08:04:34,2025-10-01 08:07:34.400000,2025-10-01 08:07:34.400000,2025-10-01 08:07:42.400000,2025-10-01 08:07:42.400000,10869.9,119936.9,301.173,43;47;54;53,53;52;51;50;49;48;46;31;24;25;26;27;28;29;22;18;12;11;10;9;8,3,10400
3,HOSTTRANSFER-20251001080244373,FE-H0093,50,2025-10-01 08:02:44.373000,P31,P32,OHT14,2025-10-01 08:02:44.400000,27,2025-10-01 08:04:43.600000,2025-10-01 08:04:43.600000,2025-10-01 08:04:51.600000,2025-10-01 08:04:51.600000,2025-10-01 08:06:07.400000,2025-10-01 08:06:07.400000,2025-10-01 08:06:15.400000,2025-10-01 08:06:15.400000,39942.2,50454.8,211.027,97;98;99;101;110;117;116,116;115;120;124;130;131;125;121;116,3,16600
3,HOSTTRANSFER-20251001080253469,AL-H0031,50,2025-10-01 08:02:53.469000,P14,P11,OHT08,2025-10-01 08:02:53.600000,131,2025-10-01 08:05:50.200000,2025-10-01 08:05:50.200000,2025-10-01 08:05:58.200000,2025-10-01 08:05:58.200000,2025-10-01 08:07:32.600000,2025-10-01 08:07:32.600000,2025-10-01 08:07:40.600000,2025-10-01 08:07:40.600000,0.0,66937.1,287.131,53,53;52;51;50;49;48;46;31;24;25;26;27;28,0,0
3,HOSTTRANSFER-20251001080257092,FE-H0096,50,2025-10-01 08:02:57.092000,P22,P31,OHT07,2025-10-01 08:02:57.200000,108,2025-10-01 08:11:17.400000,2025-10-01 08:11:17.400000,2025-10-01 08:11:25.400000,2025-10-01 08:11:25.400000,2025-10-01 08:13:20,2025-10-01 08:13:20,2025-10-01 08:13:28,2025-10-01 08:13:28,0.0,81259.0,630.908,80,80;79;87;94;95;96;97;98;99;101;110;117;116,0,0
3,HOSTTRANSFER-20251001080301480,FE-H0099,50,2025-10-01 08:03:01.480000,P35,P36,OHT15,2025-10-01 08:03:01.600000,120,2025-10-01 08:05:48,2025-10-01 08:05:48,2025-10-01 08:05:56,2025-10-01 08:05:56,2025-10-01 08:06:15,2025-10-01 08:06:15,2025-10-01 08:06:23,2025-10-01 08:06:23,0.0,13303.0,201.52,130,130,0,0
3,HOSTTRANSFER-20251001080306275,AL-H0062,50,2025-10-01 08:03:06.275000,P21,P11,OHT17,2025-10-01 08:03:06.400000,125,2025-10-01 08:05:34.600000,2025-10-01 08:05:34.600000,2025-10-01 08:05:42.600000,2025-10-01 08:05:42.600000,2025-10-01 08:09:03.400000,2025-10-01 08:09:03.400000,2025-10-01 08:09:11.400000,2025-10-01 08:09:11.400000,0.0,142383.7,365.125,45,45;104;106;107;105;44;41;38;33;4;2;1;3;5;14;23;32;34;39;40;43;47;54;53;52;51;50;49;48;46;31;24;25;26;27;28,0,0
3,HOSTTRANSFER-20251001080310962,FE-H0101,50,2025-10-01 08:03:10.962000,P31,P32,OHT09,2025-10-01 08:03:11,38,2025-10-01 08:05:27,2025-10-01 08:05:27,2025-10-01 08:05:35,2025-10-01 08:05:35,2025-10-01 08:07:03.600000,2025-10-01 08:07:03.600000,2025-10-01 08:07:11.600000,2025-10-01 08:07:11.600000,39942.2,50454.8,240.638,97;98;99;101;110;117;116,116;115;120;124;130;131;125;121;116,2,16800
3,HOSTTRANSFER-20251001080319156,AL-H0020,50,2025-10-01 08:03:19.156000,P06,P13,OHT13,2025-10-01 08:03:19.200000,44,2025-10-01 08:06:56,2025-10-01 08:06:56,2025-10-01 08:07:04,2025-10-01 08:07:04,2025-10-01 08:09:28.800000,2025-10-01 08:09:28.800000,2025-10-01 08:09:36.800000,2025-10-01 08:09:36.800000,20433.5,97679.6,377.644,28;29;22;18;12;11,11;10;9;17;21;28;29;30;32;34;39;40;43;47;54;53;52;51;50,3,6200
3,HOSTTRANSFER-20251001080325297,AL-H0001,53,2025-10-01 08:03:25.297000,P04,P09,OHT01,2025-10-01 08:07:21.600000,236303,2025-10-01 08:09:54.400000,2025-10-01 08:09:54.400000,2025-10-01 08:10:02.400000,2025-10-01 08:10:02.400000,2025-10-01 08:10:47.400000,2025-10-01 08:10:47.400000,2025-10-01 08:10:55.400000,2025-10-01 08:10:55.400000,13269.0,31858.3,450.103,11;10,10;9;8;7;6;15;19;25;26,0,0
3,HOSTTRANSFER-20251001080327692,FE-H0104,73,2025-10-01 08:03:27.692000,P31,P34,OHT19,2025-10-01 08:03:27.800000,108,2025-10-01 08:08:47.800000,2025-10-01 08:08:47.800000,2025-10-01 08:08:55.800000,2025-10-01 08:08:55.800000,2025-10-01 08:10:04.800000,2025-10-01 08:10:04.800000,2025-10-01 08:10:12.800000,2025-10-01 08:10:12.800000,12670.0,35868.0,405.108,116,116;115;114;113;112;118;122;127;128;129,2,17800
3,HOSTTRANSFER-20251001080332368,AL-H0021,50,2025-10-01 08:03:32.368000,P06,P20,OHT02,2025-10-01 08:03:32.400000,32,2025-10-01 08:07:28,2025-10-01 08:07:28,2025-10-01 08:07:36,2025-10-01 08:07:36,2025-10-01 08:10:16,2025-10-01 08:10:16,2025-10-01 08:10:24,2025-10-01 08:10:24,20433.5,113461.0,411.632,28;29;22;18;12;11,11;10;9;17;21;28;29;30;32;34;39;40;43;47;54;53;52;59;63;71,0,0
3,HOSTTRANSFER-20251001080342173,FE-H0109,53,2025-10-01 08:03:42.173000,P33,P29,OHT19,2025-10-01 08:03:42.200000,27,2025-10-01 08:03:55.400000,2025-10-01 08:03:55.400000,2025-10-01 08:04:03.400000,2025-10-01 08:04:03.400000,2025-10-01 08:04:22.200000,2025-10-01 08:04:22.200000,2025-10-01 08:04:30.200000,2025-10-01 08:04:30.200000,0.0,13191.8,48.027,127,127;128;123;119;113,0,0
3,HOSTTRANSFER-20251001080354898,AL-H0065,50,2025-10-01 08:03:54.898000,P21,P14,OHT06,2025-10-01 08:03:55,102,2025-10-01 08:08:43,2025-10-01 08:08:43,2025-10-01 08:08:51,2025-10-01 08:08:51,2025-10-01 08:10:55.600000,2025-10-01 08:10:55.600000,2025-10-01 08:11:03.600000,2025-10-01 08:11:03.600000,0.0,75446.6,428.702,45,45;104;106;107;105;44;41;38;33;4;2;1;3;5;14;23;32;34;39;40;43;47;54;53,3,17000
3,HOSTTRANSFER-20251001080359944,AL-H0001,53,2025-10-01 08:03:59.944000,P04,P05,OHT08,2025-10-01 08:10:55.400000,415456,2025-10-01 08:11:31.200000,2025-10-01 08:11:31.200000,2025-10-01 08:11:39.200000,2025-10-01 08:11:39.200000,2025-10-01 08:12:56.400000,2025-10-01 08:12:56.400000,2025-10-01 08:13:04.400000,2025-10-01 08:13:04.400000,0.0,54661.4,544.456,10,10;9;17;21;28;29;22;18;12;11;10,0,0
3,HOSTTRANSFER-20251001080407736,AL-H0055,50,2025-10-01 08:04:07.736000,P16,P06,OHT12,2025-10-01 08:48:07.600000,2639864,2025-10-01 08:52:33,2025-10-01 08:52:33,2025-10-01 08:52:41,2025-10-01 08:52:41,2025-10-01 08:54:42,2025-10-01 08:54:42,2025-10-01 08:54:50,2025-10-01 08:54:50,75579.6,85686.4,3042.264,130;131;125;121;116;115;114;113;112;111;109;108;103;102;100;91;85;76;74;67;68,68;69;62;58;50;49;48;46;31;24;25;26;27;28;29;22;18;12;11,0,0
3,HOSTTRANSFER-20251001080412145,FE-H0045,50,2025-10-01 08:04:12.145000,P36,P35,OHT15,2025-10-01 08:04:12.200000,55,2025-10-01 08:06:23,2025-10-01 08:06:23,2025-10-01 08:06:31,2025-10-01 08:06:31,2025-10-01 08:07:41.400000,2025-10-01 08:07:41.400000,2025-10-01 08:07:49.400000,2025-10-01 08:07:49.400000,0.0,49821.8,217.255,130,130;131;125;121;116;115;120;124;130,0,0
3,HOSTTRANSFER-20251001080415729,AL-H0047,50,2025-10-01 08:04:15.729000,P14,P09,OHT04,2025-10-01 08:04:15.800000,71,2025-10-01 08:07:47.400000,2025-10-01 08:07:47.400000,2025-10-01 08:07:55.400000,2025-10-01 08:07:55.400000,2025-10-01 08:08:57.600000,2025-10-01 08:08:57.600000,2025-10-01 08:09:05.600000,2025-10-01 08:09:05.600000,0.0,44006.5,289.871,53,53;52;51;50;49;48;46;31;24;25;26,0,0
3,HOSTTRANSFER-20251001080420865,AL-H0039,50,2025-10-01 08:04:20.865000,P06,P16,OHT16,2025-10-01 08:51:27.800000,2826935,2025-10-01 08:57:50,2025-10-01 08:57:50,2025-10-01 08:57:58,2025-10-01 08:57:58,2025-10-01 09:00:34.400000,2025-10-01 09:00:34.400000,2025-10-01 09:00:42.400000,2025-10-01 09:00:42.400000,0.0,110944.6,3381.535,11,11;10;9;17;21;28;29;30;32;34;39;40;43;47;54;53;52;51;50;49;57;61;68,0,0
3,HOSTTRANSFER-20251001080424060,AL-H0067,50,2025-10-01 08:04:24.060000,P16,P11,OHT05,2025-10-01 08:04:24.200000,140,2025-10-01 08:12:04.800000,2025-10-01 08:12:04.800000,2025-10-01 08:12:12.800000,2025-10-01 08:12:12.800000,2025-10-01 08:13:45,2025-10-01 08:13:45,2025-10-01 08:13:53,2025-10-01 08:13:53,41508.2,65252.9,568.94,127;128;123;119;113;112;111;109;108;103;102;100;91;85;76;74;67;68,68;69;62;58;50;49;48;46;31;24;25;26;27;28,3,28000
3,HOSTTRANSFER-20251001080426399,FE-H0114,50,2025-10-01 08:04:26.399000,P32,P34,OHT18,2025-10-01 08:04:26.400000,1,2025-10-01 08:05:46.600000,2025-10-01 08:05:46.600000,2025-10-01 08:05:54.600000,2025-10-01 08:05:54.600000,2025-10-01 08:07:03.200000,2025-10-01 08:07:03.200000,2025-10-01 08:07:11.200000,2025-10-01 08:07:11.200000,0.0,48538.0,164.801,116,116;115;114;113;112;118;122;127;128;129,0,0
3,HOSTTRANSFER-20251001080431148,FE-H0117,50,2025-10-01 08:04:31.148000,P36,P29,OHT16,2025-10-01 08:04:31.200000,52,2025-10-01 08:07:23.600000,2025-10-01 08:07:23.600000,2025-10-01 08:07:31.600000,2025-10-01 08:07:31.600000,2025-10-01 08:08:38.400000,2025-10-01 08:08:38.400000,2025-10-01 08:08:46.400000,2025-10-01 08:08:46.400000,0.0,47263.2,255.252,130,130;131;125;121;116;115;114;113,0,0
3,HOSTTRANSFER-20251001080434405,AL-H0068,50,2025-10-01 08:04:34.405000,P16,P14,OHT14,2025-10-01 08:04:34.600000,195,2025-10-01 08:11:54.400000,2025-10-01 08:11:54.400000,2025-10-01 08:12:02.400000,2025-10-01 08:12:02.400000,2025-10-01 08:13:32.400000,2025-10-01 08:13:32.400000,2025-10-01 08:13:40.400000,2025-10-01 08:13:40.400000,65914.6,60060.2,545.995,97;98;90;83;82;81;80;79;78;76;74;67;68,68;69;70;71;72;64;60;53,3,12200
3,HOSTTRANSFER-20251001080437008,AL-H0061,50,2025-10-01 08:04:37.008000,P16,P19,OHT07,2025-10-01 08:04:37.200000,192,2025-10-01 08:05:22.800000,2025-10-01 08:05:22.800000,2025-10-01 08:05:30.800000,2025-10-01 08:05:30.800000,2025-10-01 08:05:53.200000,2025-10-01 08:05:53.200000,2025-10-01 08:06:01.200000,2025-10-01 08:06:01.200000,28316.4,15688.5,84.192,113;112;111;109;108;103;102;100;91;85;76;74;67;68,68;69;70;71,0,0
3,HOSTTRANSFER-20251001080445152,FE-H0064,50,2025-10-01 08:04:45.152000,P31,P32,OHT12,2025-10-01 08:04:45.200000,48,2025-10-01 08:09:07.200000,2025-10-01 08:09:07.200000,2025-10-01 08:09:15.200000,2025-10-01 08:09:15.200000,2025-10-01 08:10:34,2025-10-01 08:10:34,2025-10-01 08:10:42,2025-10-01 08:10:42,52973.0,50454.8,356.848,129;130;131;125;121;116,116;115;120;124;130;131;125;121;116,2,7000
3,HOSTTRANSFER-20251001080449932,FE-H0125,53,2025-10-01 08:04:49.932000,P31,P28,OHT09,2025-10-01 08:04:50,68,2025-10-01 08:07:29.600000,2025-10-01 08:07:29.600000,2025-10-01 08:07:37.600000,2025-10-01 08:07:37.600000,2025-10-01 08:09:21.800000,2025-10-01 08:09:21.800000,2025-10-01 08:09:29.800000,2025-10-01 08:09:29.800000,12670.0,73841.1,279.868,116,116;115;114;113;112;111;109;108;103;102;100;93;94;95;96;97;98,0,0
3,HOSTTRANSFER-20251001080455192,FE-H0128,50,2025-10-01 08:04:55.192000,P34,P29,OHT18,2025-10-01 08:04:55.200000,8,2025-10-01 08:07:11.200000,2025-10-01 08:07:11.200000,2025-10-01 08:07:19.200000,2025-10-01 08:07:19.200000,2025-10-01 08:08:56,2025-10-01 08:08:56,2025-10-01 08:09:04,2025-10-01 08:09:04,0.0,68593.2,248.808,129,129;130;131;125;121;116;115;114;113,0,0
3,HOSTTRANSFER-20251001080458188,FE-H0123,50,2025-10-01 08:04:58.188000,P28,P34,OHT12,2025-10-01 08:04:58.200000,12,2025-10-01 08:05:39.800000,2025-10-01 08:05:39.800000,2025-10-01 08:05:47.800000,2025-10-01 08:05:47.800000,2025-10-01 08:07:44.400000,2025-10-01 08:07:44.400000,2025-10-01 08:07:52.400000,2025-10-01 08:07:52.400000,0.0,67545.1,174.212,98,98;99;101;110;117;116;115;114;113;112;118;122;127;128;129,2,20400
3,HOSTTRANSFER-20251001080503931,FE-H0134,53,2025-10-01 08:05:03.931000,P31,P35,OHT15,2025-10-01 08:05:04,69,2025-10-01 08:05:06.200000,2025-10-01 08:05:06.200000,2025-10-01 08:05:14.200000,2025-10-01 08:05:14.200000,2025-10-01 08:05:40,2025-10-01 08:05:40,2025-10-01 08:05:48,2025-10-01 08:05:48,0.0,18178.8,44.069,116,116;115;120;124;130,0,0
3,HOSTTRANSFER-20251001080508315,FE-H0135,53,2025-10-01 08:05:08.315000,P23,P27,OHT20,2025-10-01 08:05:08.400000,85,2025-10-01 08:07:24.600000,2025-10-01 08:07:24.600000,2025-10-01 08:07:32.600000,2025-10-01 08:07:32.600000,2025-10-01 08:08:17.800000,2025-10-01 08:08:17.800000,2025-10-01 08:08:25.800000,2025-10-01 08:08:25.800000,12363.0,31171.2,197.485,83,83;82;89;97,1,800
3,HOSTTRANSFER-20251001080511751,AL-H0070,53,2025-10-01 08:05:11.751000,P14,P06,OHT08,2025-10-01 08:05:11.800000,49,2025-10-01 08:08:37,2025-10-01 08:08:37,2025-10-01 08:08:45,2025-10-01 08:08:45,2025-10-01 08:10:48.200000,2025-10-01 08:10:48.200000,2025-10-01 08:10:56.200000,2025-10-01 08:10:56.200000,39952.5,87370.6,344.449,28;29;30;32;34;39;40;43;47;54;53,53;52;51;50;49;48;46;31;24;25;26;27;28;29;22;18;12;11,0,0
3,HOSTTRANSFER-20251001080516107,FE-H0138,53,2025-10-01 08:05:16.107000,P23,P27,OHT20,2025-10-01 08:05:16.200000,93,2025-10-01 08:05:24.400000,2025-10-01 08:05:24.400000,2025-10-01 08:05:32.400000,2025-10-01 08:05:32.400000,2025-10-01 08:06:16.600000,2025-10-01 08:06:16.600000,2025-10-01 08:06:24.600000,2025-10-01 08:06:24.600000,0.0,31171.2,68.493,83,83;82;89;97,0,0
3,HOSTTRANSFER-20251001080520104,AL-H0073,53,2025-10-01 08:05:20.104000,P14,P21,OHT03,2025-10-01 08:05:20.200000,96,2025-10-01 08:10:45.200000,2025-10-01 08:10:45.200000,2025-10-01 08:10:53.200000,2025-10-01 08:10:53.200000,2025-10-01 08:13:00.400000,2025-10-01 08:13:00.400000,2025-10-01 08:13:08.400000,2025-10-01 08:13:08.400000,12628.1,90113.6,468.296,53,53;52;51;50;49;48;46;31;24;25;26;27;28;29;30;32;34;39;40;45,0,0
3,HOSTTRANSFER-20251001080522238,FE-H0141,50,2025-10-01 08:05:22.238000,P28,P34,OHT05,2025-10-01 08:05:22.400000,162,2025-10-01 08:06:06.400000,2025-10-01 08:06:06.400000,2025-10-01 08:06:14.400000,2025-10-01 08:06:14.400000,2025-10-01 08:08:09,2025-10-01 08:08:09,2025-10-01 08:08:17,2025-10-01 08:08:17,0.0,67545.1,174.762,98,98;99;101;110;117;116;115;114;113;112;118;122;127;128;129,5,17600
3,HOSTTRANSFER-20251001080527894,FE-H0142,50,2025-10-01 08:05:27.894000,P27,P31,OHT20,2025-10-01 08:05:28,106,2025-10-01 08:08:25.800000,2025-10-01 08:08:25.800000,2025-10-01 08:08:33.800000,2025-10-01 08:08:33.800000,2025-10-01 08:09:30.200000,2025-10-01 08:09:30.200000,2025-10-01 08:09:38.200000,2025-10-01 08:09:38.200000,0.0,39942.2,250.306,97,97;98;99;101;110;117;116,0,0
3,HOSTTRANSFER-20251001080531615,FE-H0041,50,2025-10-01 08:05:31.615000,P35,P36,OHT16,2025-10-01 08:05:31.800000,185,2025-10-01 08:06:48.600000,2025-10-01 08:06:48.600000,2025-10-01 08:06:56.600000,2025-10-01 08:06:56.600000,2025-10-01 08:07:15.600000,2025-10-01 08:07:15.600000,2025-10-01 08:07:23.600000,2025-10-01 08:07:23.600000,30848.8,13303.0,111.985,116;115;120;124;130,130,0,0
3,HOSTTRANSFER-20251001080534301,FE-H0106,50,2025-10-01 08:05:34.301000,P35,P30,OHT10,2025-10-01 08:05:34.400000,99,2025-10-01 08:11:58,2025-10-01 08:11:58,2025-10-01 08:12:06,2025-10-01 08:12:06,2025-10-01 08:13:23.800000,2025-10-01 08:13:23.800000,2025-10-01 08:13:31.800000,2025-10-01 08:13:31.800000,8027.0,55043.2,477.499,129;130,130;131;125;121;116;115;114,0,0
3,HOSTTRANSFER-20251001080536389,FE-H0117,50,2025-10-01 08:05:36.389000,P29,P30,OHT15,2025-10-01 08:08:46.400000,190011,2025-10-01 08:09:31.200000,2025-10-01 08:09:31.200000,2025-10-01 08:09:39.200000,2025-10-01 08:09:39.200000,2025-10-01 08:12:18,2025-10-01 08:12:18,2025-10-01 08:12:26,2025-10-01 08:12:26,0.0,83318.0,409.611,113,113;112;118;122;127;128;129;130;131;125;121;116;115;114,9,38200
3,HOSTTRANSFER-20251001080541366,AL-H0075,53,2025-10-01 08:05:41.366000,P04,P11,OHT02,2025-10-01 08:05:41.400000,34,2025-10-01 08:06:02.200000,2025-10-01 08:06:02.200000,2025-10-01 08:06:10.200000,2025-10-01 08:06:10.200000,2025-10-01 08:06:51,2025-10-01 08:06:51,2025-10-01 08:06:59,2025-10-01 08:06:59,13269.0,28748.9,77.634,11;10,10;9;17;21;28,0,0
3,HOSTTRANSFER-20251001080547004,FE-H0149,53,2025-10-01 08:05:47.004000,P23,P27,OHT07,2025-10-01 08:05:47.200000,196,2025-10-01 08:08:54.800000,2025-10-01 08:08:54.800000,2025-10-01 08:09:02.800000,2025-10-01 08:09:02.800000,2025-10-01 08:09:47,2025-10-01 08:09:47,2025-10-01 08:09:55,2025-10-01 08:09:55,30905.2,31171.2,247.996,97;98;90;83,83;82;89;97,0,0
3,HOSTTRANSFER-20251001080553729,AL-H0073,50,2025-10-01 08:05:53.729000,P05,P06,OHT04,2025-10-01 08:13:08.400000,434671,2025-10-01 08:15:47.800000,2025-10-01 08:15:47.800000,2025-10-01 08:15:55.800000,2025-10-01 08:15:55.800000,2025-10-01 08:17:16.200000,2025-10-01 08:17:16.200000,2025-10-01 08:17:24.200000,2025-10-01 08:17:24.200000,5479.0,56972.4,690.471,11;10,10;9;17;21;28;29;22;18;12;11,0,0
3,HOSTTRANSFER-20251001080559804,FE-H0153,53,2025-10-01 08:05:59.804000,P23,P27,OHT07,2025-10-01 08:06:00,196,2025-10-01 08:07:10.800000,2025-10-01 08:07:10.800000,2025-10-01 08:07:18.800000,2025-10-01 08:07:18.800000,2025-10-01 08:08:03,2025-10-01 08:08:03,2025-10-01 08:08:11,2025-10-01 08:08:11,49237.7,31171.2,131.196,71;72;73;75;77;84;83,83;82;89;97,0,0
3,HOSTTRANSFER-20251001080601455,FE-H0154,50,2025-10-01 08:06:01.455000,P22,P32,OHT16,2025-10-01 08:06:01.600000,145,2025-10-01 08:50:33.200000,2025-10-01 08:50:33.200000,2025-10-01 08:50:41.200000,2025-10-01 08:50:41.200000,2025-10-01 08:52:18,2025-10-01 08:52:18,2025-10-01 08:52:26,2025-10-01 08:52:26,0.0,68589.0,2784.545,80,80;79;87;94;95;96;97;98;99;101;110;117;116,0,0
3,HOSTTRANSFER-20251001080606115,AL-H0012,50,2025-10-01 08:06:06.115000,P06,P16,OHT11,2025-10-01 08:06:06.200000,85,2025-10-01 08:15:18.400000,2025-10-01 08:15:18.400000,2025-10-01 08:15:26.400000,2025-10-01 08:15:26.400000,2025-10-01 08:18:02.800000,2025-10-01 08:18:02.800000,2025-10-01 08:18:10.800000,2025-10-01 08:18:10.800000,0.0,110944.6,724.685,11,11;10;9;17;21;28;29;30;32;34;39;40;43;47;54;53;52;51;50;49;57;61;68,0,0
3,HOSTTRANSFER-20251001080608845,FE-H0132,52,2025-10-01 08:06:08.845000,P29,P23,OHT14,2025-10-01 08:06:09,155,2025-10-01 08:06:55.400000,2025-10-01 08:06:55.400000,2025-10-01 08:07:03.400000,2025-10-01 08:07:03.400000,2025-10-01 08:09:05.200000,2025-10-01 08:09:05.200000,2025-10-01 08:09:13.200000,2025-10-01 08:09:13.200000,28290.2,80861.0,184.355,116;115;114;113,113;112;111;109;108;103;102;100;93;94;95;96;97;98;90;83,2,7000
3,HOSTTRANSFER-20251001080611876,AL-H0016,50,2025-10-01 08:06:11.876000,P20,P08,OHT02,2025-10-01 08:06:12,124,2025-10-01 08:10:24,2025-10-01 08:10:24,2025-10-01 08:10:32,2025-10-01 08:10:32,2025-10-01 08:12:12.400000,2025-10-01 08:12:12.400000,2025-10-01 08:12:20.400000,2025-10-01 08:12:20.400000,0.0,69854.2,368.524,71,71;72;64;60;53;52;51;50;49;48;46;31;24;25,2,1400
3,HOSTTRANSFER-20251001080617406,FE-H0158,50,2025-10-01 08:06:17.406000,P27,P24,OHT20,2025-10-01 08:06:17.600000,194,2025-10-01 08:06:24.600000,2025-10-01 08:06:24.600000,2025-10-01 08:06:32.600000,2025-10-01 08:06:32.600000,2025-10-01 08:06:59,2025-10-01 08:06:59,2025-10-01 08:07:07,2025-10-01 08:07:07,0.0,18542.2,49.594,97,97;98;90;83,0,0
3,HOSTTRANSFER-20251001080620676,AL-H0016,50,2025-10-01 08:06:20.676000,P08,P14,OHT01,2025-10-01 08:12:20.400000,359724,2025-10-01 08:13:18.800000,2025-10-01 08:13:18.800000,2025-10-01 08:13:26.800000,2025-10-01 08:13:26.800000,2025-10-01 08:15:06.800000,2025-10-01 08:15:06.800000,2025-10-01 08:15:14.800000,2025-10-01 08:15:14.800000,13125.0,68539.2,534.124,7;6;15;19;25,25;26;27;28;29;30;32;34;39;40;43;47;54;53,3,12800
3,HOSTTRANSFER-20251001080625196,FE-H0165,50,2025-10-01 08:06:25.196000,P33,P32,OHT10,2025-10-01 08:06:25.200000,4,2025-10-01 08:08:42.600000,2025-10-01 08:08:42.600000,2025-10-01 08:08:50.600000,2025-10-01 08:08:50.600000,2025-10-01 08:09:57.400000,2025-10-01 08:09:57.400000,2025-10-01 08:10:05.400000,2025-10-01 08:10:05.400000,13294.0,47256.8,220.204,113;112;118;122;127,127;128;129;130;131;125;121;116,0,0
3,HOSTTRANSFER-20251001080626731,FE-H0169,50,2025-10-01 08:06:26.731000,P28,P23,OHT09,2025-10-01 08:06:26.800000,69,2025-10-01 08:09:29.800000,2025-10-01 08:09:29.800000,2025-10-01 08:09:37.800000,2025-10-01 08:09:37.800000,2025-10-01 08:13:11.200000,2025-10-01 08:13:11.200000,2025-10-01 08:13:19.200000,2025-10-01 08:13:19.200000,0.0,128158.3,412.469,98,98;99;101;110;117;116;115;114;113;112;111;109;108;103;102;100;93;94;95;96;97;98;90;83,5,31000
3,HOSTTRANSFER-20251001080631879,FE-H0164,50,2025-10-01 08:06:31.879000,P31,P32,OHT19,2025-10-01 08:06:32,121,2025-10-01 08:06:43.600000,2025-10-01 08:06:43.600000,2025-10-01 08:06:51.600000,2025-10-01 08:06:51.600000,2025-10-01 08:08:21.800000,2025-10-01 08:08:21.800000,2025-10-01 08:08:29.800000,2025-10-01 08:08:29.800000,0.0,50454.8,117.921,116,116;115;120;124;130;131;125;121;116,2,18600
3,HOSTTRANSFER-20251001080634953,AL-H0001,53,2025-10-01 08:06:34.953000,P14,P01,OHT02,2025-10-01 08:13:04.400000,389447,2025-10-01 08:23:12.600000,2025-10-01 08:23:12.600000,2025-10-01 08:23:20.600000,2025-10-01 08:23:20.600000,2025-10-01 08:24:34.400000,2025-10-01 08:24:34.400000,2025-10-01 08:24:42.400000,2025-10-01 08:24:42.400000,12628.1,52235.4,1087.447,53,53;52;51;50;49;48;46;31;24;25;26;20;16;7,0,0
3,HOSTTRANSFER-20251001080637381,AL-H0080,50,2025-10-01 08:06:37.381000,P11,P21,OHT06,2025-10-01 08:06:37.400000,19,2025-10-01 08:07:54.200000,2025-10-01 08:07:54.200000,2025-10-01 08:08:02.200000,2025-10-01 08:08:02.200000,2025-10-01 08:08:35,2025-10-01 08:08:35,2025-10-01 08:08:43,2025-10-01 08:08:43,22930.6,23176.5,125.619,26;27;28,28;29;30;32;34;39;40;45,0,0
3,HOSTTRANSFER-20251001080640955,FE-H0167,50,2025-10-01 08:06:40.955000,P35,P33,OHT15,2025-10-01 08:06:41,45,2025-10-01 08:25:24,2025-10-01 08:25:24,2025-10-01 08:25:32,2025-10-01 08:25:32,2025-10-01 08:27:16.200000,2025-10-01 08:27:16.200000,2025-10-01 08:27:24.200000,2025-10-01 08:27:24.200000,0.0,73860.2,1243.245,130,130;131;125;121;116;115;114;113;112;118;122;127,0,0
3,HOSTTRANSFER-20251001080643439,FE-H0176,50,2025-10-01 08:06:43.439000,P07,P21,OHT17,2025-10-01 08:06:43.600000,161,2025-10-01 08:11:22.800000,2025-10-01 08:11:22.800000,2025-10-01 08:11:30.800000,2025-10-01 08:11:30.800000,2025-10-01 08:13:18.800000,2025-10-01 08:13:18.800000,2025-10-01 08:13:26.800000,2025-10-01 08:13:26.800000,0.0,70492.4,403.361,12,12;11;10;9;17;21;28;29;30;32;34;39;40;45,1,8000
3,HOSTTRANSFER-20251001080647974,FE-H0178,50,2025-10-01 08:06:47.974000,P33,P34,OHT18,2025-10-01 08:06:48,26,2025-10-01 08:09:23,2025-10-01 08:09:23,2025-10-01 08:09:31,2025-10-01 08:09:31,2025-10-01 08:09:41,2025-10-01 08:09:41,2025-10-01 08:09:49,2025-10-01 08:09:49,13294.0,6953.8,181.026,113;112;118;122;127,127;128;129,0,0
3,HOSTTRANSFER-20251001080650408,AL-H0040,50,2025-10-01 08:06:50.408000,P05,P02,OHT04,2025-10-01 08:06:50.600000,192,2025-10-01 08:10:21,2025-10-01 08:10:21,2025-10-01 08:10:29,2025-10-01 08:10:29,2025-10-01 08:10:49.600000,2025-10-01 08:10:49.600000,2025-10-01 08:10:57.600000,2025-10-01 08:10:57.600000,48843.1,14459.2,247.192,26;27;28;29;22;18;12;11;10,10;9;8,1,6200
3,HOSTTRANSFER-20251001080652353,FE-H0182,80,2025-10-01 08:06:52.353000,P36,P33,OHT05,2025-10-01 08:06:52.400000,47,2025-10-01 08:08:47.200000,2025-10-01 08:08:47.200000,2025-10-01 08:08:55.200000,2025-10-01 08:08:55.200000,2025-10-01 08:10:29.200000,2025-10-01 08:10:29.200000,2025-10-01 08:10:37.200000,2025-10-01 08:10:37.200000,21330.0,60557.2,224.847,129;130,130;131;125;121;116;115;114;113;112;118;122;127,1,8200
3,HOSTTRANSFER-20251001080653547,FE-H0185,53,2025-10-01 08:06:53.547000,P33,P29,OHT10,2025-10-01 08:06:53.600000,53,2025-10-01 08:07:48.800000,2025-10-01 08:07:48.800000,2025-10-01 08:07:56.800000,2025-10-01 08:07:56.800000,2025-10-01 08:08:15.600000,2025-10-01 08:08:15.600000,2025-10-01 08:08:23.600000,2025-10-01 08:08:23.600000,0.0,13191.8,90.053,127,127;128;123;119;113,0,0
3,HOSTTRANSFER-20251001080656462,AL-H0075,50,2025-10-01 08:06:56.462000,P11,P06,OHT01,2025-10-01 08:06:59,2538,2025-10-01 08:08:50.400000,2025-10-01 08:08:50.400000,2025-10-01 08:08:58.400000,2025-10-01 08:08:58.400000,2025-10-01 08:09:27.400000,2025-10-01 08:09:27.400000,2025-10-01 08:09:35.400000,2025-10-01 08:09:35.400000,48119.7,20433.5,158.938,8;7;6;15;19;25;26;27;28,28;29;22;18;12;11,0,0
3,HOSTTRANSFER-20251001080657838,AL-H0070,50,2025-10-01 08:06:57.838000,P06,P17,OHT18,2025-10-01 08:10:56.200000,238362,2025-10-01 08:50:59,2025-10-01 08:50:59,2025-10-01 08:51:07,2025-10-01 08:51:07,2025-10-01 08:54:20.600000,2025-10-01 08:54:20.600000,2025-10-01 08:54:28.600000,2025-10-01 08:54:28.600000,5298.0,117947.6,2850.762,12;11,11;10;9;17;21;28;29;30;32;34;39;40;43;47;54;53;52;51;50;49;57;61;68;69;70,4,26000
3,HOSTTRANSFER-20251001080659727,AL-H0071,50,2025-10-01 08:06:59.727000,P06,P13,OHT08,2025-10-01 08:06:59.800000,73,2025-10-01 08:48:52.600000,2025-10-01 08:48:52.600000,2025-10-01 08:49:00.600000,2025-10-01 08:49:00.600000,2025-10-01 08:51:38.200000,2025-10-01 08:51:38.200000,2025-10-01 08:51:46.200000,2025-10-01 08:51:46.200000,5298.0,97679.6,2686.473,12;11,11;10;9;17;21;28;29;30;32;34;39;40;43;47;54;53;52;51;50,4,18600
3,HOSTTRANSFER-20251001080704014,AL-H0070,50,2025-10-01 08:07:04.014000,P17,P05,OHT15,2025-10-01 08:54:28.600000,2844586,2025-10-01 08:58:23.200000,2025-10-01 08:58:23.200000,2025-10-01 08:58:31.200000,2025-10-01 08:58:31.200000,2025-10-01 09:01:57,2025-10-01 09:01:57,2025-10-01 09:02:05,2025-10-01 09:02:05,103912.6,145906.8,3300.986,129;130;131;125;121;116;115;114;113;112;111;109;108;103;102;100;91;85;76;74;67;68;69;70,70;71;72;64;60;53;52;51;50;49;48;46;31;24;25;26;27;28;29;22;18;12;11;10,0,0
3,HOSTTRANSFER-20251001080704972,FE-H0189,50,2025-10-01 08:07:04.972000,P27,P22,OHT07,2025-10-01 08:07:05,28,2025-10-01 08:09:55,2025-10-01 08:09:55,2025-10-01 08:10:03,2025-10-01 08:10:03,2025-10-01 08:11:09.400000,2025-10-01 08:11:09.400000,2025-10-01 08:11:17.400000,2025-10-01 08:11:17.400000,0.0,46919.2,252.428,97,97;98;90;83;82;81;80,0,0
3,HOSTTRANSFER-20251001080708349,FE-H0145,50,2025-10-01 08:07:08.349000,P35,P30,OHT19,2025-10-01 08:07:08.400000,51,2025-10-01 08:10:24.400000,2025-10-01 08:10:24.400000,2025-10-01 08:10:32.400000,2025-10-01 08:10:32.400000,2025-10-01 08:12:06,2025-10-01 08:12:06,2025-10-01 08:12:14,2025-10-01 08:12:14,8027.0,55043.2,305.651,129;130,130;131;125;121;116;115;114,3,14800
3,HOSTTRANSFER-20251001080709424,AL-H0084,50,2025-10-01 08:07:09.424000,P06,P15,OHT03,2025-10-01 08:07:09.600000,176,2025-10-01 08:08:33.400000,2025-10-01 08:08:33.400000,2025-10-01 08:08:41.400000,2025-10-01 08:08:41.400000,2025-10-01 08:10:19.200000,2025-10-01 08:10:19.200000,2025-10-01 08:10:27.200000,2025-10-01 08:10:27.200000,49020.2,69342.3,197.776,25;26;27;28;29;22;18;12;11,11;10;9;17;21;28;29;30;32;34;39;40;43;47;54;53,1,5000
3,HOSTTRANSFER-20251001080713012,FE-H0191,80,2025-10-01 08:07:13.012000,P36,P29,OHT15,2025-10-01 08:07:13.200000,188,2025-10-01 08:08:08.400000,2025-10-01 08:08:08.400000,2025-10-01 08:08:16.400000,2025-10-01 08:08:16.400000,2025-10-01 08:09:23.200000,2025-10-01 08:09:23.200000,2025-10-01 08:09:31.200000,2025-10-01 08:09:31.200000,13303.0,47263.2,138.188,130,130;131;125;121;116;115;114;113,0,0
3,HOSTTRANSFER-20251001080720681,AL-H0081,50,2025-10-01 08:07:20.681000,P02,P03,OHT04,2025-10-01 08:07:20.800000,119,2025-10-01 08:17:52.600000,2025-10-01 08:17:52.600000,2025-10-01 08:18:00.600000,2025-10-01 08:18:00.600000,2025-10-01 08:20:05,2025-10-01 08:20:05,2025-10-01 08:20:13,2025-10-01 08:20:13,19938.2,88121.4,772.319,11;10;9;8,8;7;6;15;19;25;26;27;28;29;22;18;12;11;10;9,0,0
3,HOSTTRANSFER-20251001080731135,AL-H0003,53,2025-10-01 08:07:31.135000,P04,P07,OHT17,2025-10-01 08:07:31.200000,65,2025-10-01 08:10:04.800000,2025-10-01 08:10:04.800000,2025-10-01 08:10:12.800000,2025-10-01 08:10:12.800000,2025-10-01 08:11:14.800000,2025-10-01 08:11:14.800000,2025-10-01 08:11:22.800000,2025-10-01 08:11:22.800000,33702.5,43884.4,231.665,28;29;22;18;12;11;10,10;9;17;21;28;29;22;18;12,1,5400
3,HOSTTRANSFER-20251001080734037,FE-H0092,50,2025-10-01 08:07:34.037000,P28,P23,OHT12,2025-10-01 08:07:34.200000,163,2025-10-01 09:00:12.600000,2025-10-01 09:00:12.600000,2025-10-01 09:00:20.600000,2025-10-01 09:00:20.600000,2025-10-01 09:03:21.400000,2025-10-01 09:03:21.400000,2025-10-01 09:03:29.400000,2025-10-01 09:03:29.400000,128642.7,128158.3,3355.363,11;10;9;17;21;28;29;30;32;34;39;40;43;47;56;66;75;77;84;83;82;89;97;98,98;99;101;110;117;116;115;114;113;112;111;109;108;103;102;100;93;94;95;96;97;98;90;83,0,0
3,HOSTTRANSFER-20251001080745437,AL-H0077,50,2025-10-01 08:07:45.437000,P12,P06,OHT11,2025-10-01 08:07:45.600000,163,2025-10-01 08:10:14.800000,2025-10-01 08:10:14.800000,2025-10-01 08:10:22.800000,2025-10-01 08:10:22.800000,2025-10-01 08:13:17,2025-10-01 08:13:17,2025-10-01 08:13:25,2025-10-01 08:13:25,51948.6,110868.6,339.563,45;104;106;107;105;44;41;38;33;4;2;1;3;5;14;23;32;34;39;40;43,43;47;54;53;52;51;50;49;48;46;31;24;25;26;27;28;29;22;18;12;11,2,17000
3,HOSTTRANSFER-20251001080748448,AL-H0054,50,2025-10-01 08:07:48.448000,P14,P15,OHT06,2025-10-01 08:07:48.600000,152,2025-10-01 08:11:03.600000,2025-10-01 08:11:03.600000,2025-10-01 08:11:11.600000,2025-10-01 08:11:11.600000,2025-10-01 08:12:22.800000,2025-10-01 08:12:22.800000,2025-10-01 08:12:30.800000,2025-10-01 08:12:30.800000,0.0,50366.3,282.352,53,53;52;59;63;71;72;64;60;53,0,0
3,HOSTTRANSFER-20251001080750480,AL-H0088,50,2025-10-01 08:07:50.480000,P03,P07,OHT20,2025-10-01 08:07:50.600000,120,2025-10-01 08:15:01.400000,2025-10-01 08:15:01.400000,2025-10-01 08:15:09.400000,2025-10-01 08:15:09.400000,2025-10-01 08:16:39.400000,2025-10-01 08:16:39.400000,2025-10-01 08:16:47.400000,2025-10-01 08:16:47.400000,6299.2,63625.2,536.92,10;9,9;8;7;6;15;19;25;26;27;28;29;22;18;12,1,200
3,HOSTTRANSFER-20251001080754955,FE-H0103,70,2025-10-01 08:07:54.955000,P34,P32,OHT18,2025-10-01 08:07:55,45,2025-10-01 08:09:49,2025-10-01 08:09:49,2025-10-01 08:09:57,2025-10-01 08:09:57,2025-10-01 08:10:54,2025-10-01 08:10:54,2025-10-01 08:11:02,2025-10-01 08:11:02,0.0,40303.0,187.045,129,129;130;131;125;121;116,0,0
3,HOSTTRANSFER-20251001080758646,AL-H0090,50,2025-10-01 08:07:58.646000,P06,P13,OHT02,2025-10-01 08:07:58.800000,154,2025-10-01 08:43:03,2025-10-01 08:43:03,2025-10-01 08:43:11,2025-10-01 08:43:11,2025-10-01 08:45:28.800000,2025-10-01 08:45:28.800000,2025-10-01 08:45:36.800000,2025-10-01 08:45:36.800000,0.0,97679.6,2258.154,11,11;10;9;17;21;28;29;30;32;34;39;40;43;47;54;53;52;51;50,0,0
3,HOSTTRANSFER-20251001080802611,FE-H0203,50,2025-10-01 08:08:02.611000,P13,P21,OHT14,2025-10-01 08:08:02.800000,189,2025-10-01 08:14:02.800000,2025-10-01 08:14:02.800000,2025-10-01 08:14:10.800000,2025-10-01 08:14:10.800000,2025-10-01 08:15:55.800000,2025-10-01 08:15:55.800000,2025-10-01 08:16:03.800000,2025-10-01 08:16:03.800000,15709.2,74404.4,481.189,53;52;51;50,50;49;48;46;31;24;25;26;27;28;29;30;32;34;39;40;45,0,0
3,HOSTTRANSFER-20251001080811320,AL-H0026,50,2025-10-01 08:08:11.320000,P17,P15,OHT13,2025-10-01 08:08:11.400000,80,2025-10-01 08:10:05.600000,2025-10-01 08:10:05.600000,2025-10-01 08:10:13.600000,2025-10-01 08:10:13.600000,2025-10-01 08:11:10.800000,2025-10-01 08:11:10.800000,2025-10-01 08:11:18.800000,2025-10-01 08:11:18.800000,20268.0,40429.1,187.48,50;49;57;61;68;69;70,70;71;72;64;60;53,0,0
3,HOSTTRANSFER-20251001080816960,AL-H0093,50,2025-10-01 08:08:16.960000,P21,P17,OHT03,2025-10-01 08:08:17,40,2025-10-01 08:13:08.400000,2025-10-01 08:13:08.400000,2025-10-01 08:13:16.400000,2025-10-01 08:13:16.400000,2025-10-01 08:15:53.600000,2025-10-01 08:15:53.600000,2025-10-01 08:16:01.600000,2025-10-01 08:16:01.600000,0.0,111423.8,464.64,45,45;104;106;107;105;44;41;38;33;4;2;1;3;5;14;23;32;34;39;40;43;47;54;53;52;51;50;49;57;61;68;69;70,0,0
3,HOSTTRANSFER-20251001080826859,AL-H0012,50,2025-10-01 08:08:26.859000,P01,P21,OHT13,2025-10-01 08:18:10.800000,583941,2025-10-01 08:19:21,2025-10-01 08:19:21,2025-10-01 08:19:29,2025-10-01 08:19:29,2025-10-01 08:21:06.800000,2025-10-01 08:21:06.800000,2025-10-01 08:21:14.800000,2025-10-01 08:21:14.800000,0.0,64888.2,767.941,7,7;6;15;19;25;26;27;28;29;30;32;34;39;40;45,1,5800
3,HOSTTRANSFER-20251001080830410,FE-H0206,50,2025-10-01 08:08:30.410000,P35,P36,OHT16,2025-10-01 08:08:30.600000,190,2025-10-01 08:09:26.400000,2025-10-01 08:09:26.400000,2025-10-01 08:09:34.400000,2025-10-01 08:09:34.400000,2025-10-01 08:09:53.400000,2025-10-01 08:09:53.400000,2025-10-01 08:10:01.400000,2025-10-01 08:10:01.400000,28274.8,13303.0,90.99,113;112;118;122;127;128;129;130,130,0,0
3,HOSTTRANSFER-20251001080835551,AL-H0052,50,2025-10-01 08:08:35.551000,P14,P11,OHT06,2025-10-01 08:08:35.600000,49,2025-10-01 08:12:48.800000,2025-10-01 08:12:48.800000,2025-10-01 08:12:56.800000,2025-10-01 08:12:56.800000,2025-10-01 08:14:31.200000,2025-10-01 08:14:31.200000,2025-10-01 08:14:39.200000,2025-10-01 08:14:39.200000,12628.1,66937.1,363.649,53,53;52;51;50;49;48;46;31;24;25;26;27;28,0,0
3,HOSTTRANSFER-20251001080837205,FE-H0209,70,2025-10-01 08:08:37.205000,P30,P34,OHT10,2025-10-01 08:08:37.400000,195,2025-10-01 08:10:53.800000,2025-10-01 08:10:53.800000,2025-10-01 08:11:01.800000,2025-10-01 08:11:01.800000,2025-10-01 08:11:38.400000,2025-10-01 08:11:38.400000,2025-10-01 08:11:46.400000,2025-10-01 08:11:46.400000,0.0,25770.8,189.195,114,114;113;112;118;122;127;128;129,0,0
3,HOSTTRANSFER-20251001080842039,AL-H0085,50,2025-10-01 08:08:42.039000,P14,P06,OHT13,2025-10-01 08:08:42.200000,161,2025-10-01 08:13:22,2025-10-01 08:13:22,2025-10-01 08:13:30,2025-10-01 08:13:30,2025-10-01 08:15:42.200000,2025-10-01 08:15:42.200000,2025-10-01 08:15:50.200000,2025-10-01 08:15:50.200000,44371.7,87370.6,428.161,71;72;64;60;53,53;52;51;50;49;48;46;31;24;25;26;27;28;29;22;18;12;11,3,8000
3,HOSTTRANSFER-20251001080848645,FE-H0164,50,2025-10-01 08:08:48.645000,P30,P31,OHT18,2025-10-01 08:08:48.800000,155,2025-10-01 08:11:50.200000,2025-10-01 08:11:50.200000,2025-10-01 08:11:58.200000,2025-10-01 08:11:58.200000,2025-10-01 08:13:49.400000,2025-10-01 08:13:49.400000,2025-10-01 08:13:57.400000,2025-10-01 08:13:57.400000,0.0,78743.8,308.755,114,114;113;112;118;122;127;128;129;130;131;125;121;116,0,0
3,HOSTTRANSFER-20251001080853418,FE-H0213,53,2025-10-01 08:08:53.418000,P31,P32,OHT16,2025-10-01 08:08:53.600000,182,2025-10-01 08:10:46.200000,2025-10-01 08:10:46.200000,2025-10-01 08:10:54.200000,2025-10-01 08:10:54.200000,2025-10-01 08:12:05.400000,2025-10-01 08:12:05.400000,2025-10-01 08:12:13.400000,2025-10-01 08:12:13.400000,31643.0,50454.8,199.982,130;131;125;121;116,116;115;120;124;130;131;125;121;116,0,0
3,HOSTTRANSFER-20251001080855485,FE-H0048,50,2025-10-01 08:08:55.485000,P25,P27,OHT12,2025-10-01 08:08:55.600000,115,2025-10-01 08:12:08.800000,2025-10-01 08:12:08.800000,2025-10-01 08:12:16.800000,2025-10-01 08:12:16.800000,2025-10-01 08:12:57,2025-10-01 08:12:57,2025-10-01 08:13:05,2025-10-01 08:13:05,21516.0,28439.8,249.515,113;112;111;109;108;103;102;100;93;94,94;95;96;97,0,0
3,HOSTTRANSFER-20251001080859449,AL-H0085,50,2025-10-01 08:08:59.449000,P02,P11,OHT13,2025-10-01 08:15:50.200000,410751,2025-10-01 08:16:34.800000,2025-10-01 08:16:34.800000,2025-10-01 08:16:42.800000,2025-10-01 08:16:42.800000,2025-10-01 08:17:50.800000,2025-10-01 08:17:50.800000,2025-10-01 08:17:58.800000,2025-10-01 08:17:58.800000,6669.2,48119.7,539.351,10;9;8,8;7;6;15;19;25;26;27;28,0,0
3,HOSTTRANSFER-20251001080903797,FE-H0056,53,2025-10-01 08:09:03.797000,P23,P27,OHT14,2025-10-01 08:09:03.800000,3,2025-10-01 08:09:13.200000,2025-10-01 08:09:13.200000,2025-10-01 08:09:21.200000,2025-10-01 08:09:21.200000,2025-10-01 08:10:05.400000,2025-10-01 08:10:05.400000,2025-10-01 08:10:13.400000,2025-10-01 08:10:13.400000,0.0,31171.2,69.603,83,83;82;89;97,0,0
3,HOSTTRANSFER-20251001080913508,FE-H0136,83,2025-10-01 08:09:13.508000,P31,P36,OHT20,2025-10-01 08:09:13.600000,92,2025-10-01 08:09:38.200000,2025-10-01 08:09:38.200000,2025-10-01 08:09:46.200000,2025-10-01 08:09:46.200000,2025-10-01 08:10:31,2025-10-01 08:10:31,2025-10-01 08:10:39,2025-10-01 08:10:39,0.0,31481.8,85.492,116,116;115;120;124;130,1,200
3,HOSTTRANSFER-20251001080915894,AL-H0077,50,2025-10-01 08:09:15.894000,P15,P03,OHT13,2025-10-01 08:13:25,249106,2025-10-01 08:45:44.600000,2025-10-01 08:45:44.600000,2025-10-01 08:45:52.600000,2025-10-01 08:45:52.600000,2025-10-01 08:48:49.600000,2025-10-01 08:48:49.600000,2025-10-01 08:48:57.600000,2025-10-01 08:48:57.600000,50255.0,119566.9,2381.706,26;27;28;29;30;32;34;39;40;43;47;54;53,53;52;51;50;49;48;46;31;24;25;26;27;28;29;22;18;12;11;10;9,4,10000
3,HOSTTRANSFER-20251001080923766,AL-H0054,50,2025-10-01 08:09:23.766000,P14,P10,OHT01,2025-10-01 08:12:30.800000,187034,2025-10-01 08:15:14.800000,2025-10-01 08:15:14.800000,2025-10-01 08:15:22.800000,2025-10-01 08:15:22.800000,2025-10-01 08:16:39.200000,2025-10-01 08:16:39.200000,2025-10-01 08:16:47.200000,2025-10-01 08:16:47.200000,0.0,54078.2,443.434,53,53;52;51;50;49;48;46;31;24;25;26;27;28,0,0
3,HOSTTRANSFER-20251001080927963,FE-H0218,50,2025-10-01 08:09:27.963000,P31,P30,OHT10,2025-10-01 08:09:28,37,2025-10-01 08:10:23.400000,2025-10-01 08:10:23.400000,2025-10-01 08:10:31.400000,2025-10-01 08:10:31.400000,2025-10-01 08:10:45.800000,2025-10-01 08:10:45.800000,2025-10-01 08:10:53.800000,2025-10-01 08:10:53.800000,12670.0,10097.2,85.837,116,116;115;114,0,0
3,HOSTTRANSFER-20251001080933888,AL-H0051,50,2025-10-01 08:09:33.888000,P02,P01,OHT04,2025-10-01 08:09:34,112,2025-10-01 08:10:57.600000,2025-10-01 08:10:57.600000,2025-10-01 08:11:05.600000,2025-10-01 08:11:05.600000,2025-10-01 08:11:14.800000,2025-10-01 08:11:14.800000,2025-10-01 08:11:22.800000,2025-10-01 08:11:22.800000,0.0,6408.0,108.912,8,8;7,0,0
3,HOSTTRANSFER-20251001080934752,AL-H0090,50,2025-10-01 08:09:34.752000,P13,P06,OHT08,2025-10-01 08:45:36.800000,2162048,2025-10-01 08:51:46.200000,2025-10-01 08:51:46.200000,2025-10-01 08:51:54.200000,2025-10-01 08:51:54.200000,2025-10-01 08:53:46.200000,2025-10-01 08:53:46.200000,2025-10-01 08:53:54.200000,2025-10-01 08:53:54.200000,0.0,71661.4,2659.448,50,50;49;48;46;31;24;25;26;27;28;29;22;18;12;11,1,10400
3,HOSTTRANSFER-20251001080940178,AL-H0076,50,2025-10-01 08:09:40.178000,P02,P03,OHT05,2025-10-01 08:09:40.200000,22,2025-10-01 08:36:33.400000,2025-10-01 08:36:33.400000,2025-10-01 08:36:41.400000,2025-10-01 08:36:41.400000,2025-10-01 08:38:45.800000,2025-10-01 08:38:45.800000,2025-10-01 08:38:53.800000,2025-10-01 08:38:53.800000,0.0,88121.4,1753.622,8,8;7;6;15;19;25;26;27;28;29;22;18;12;11;10;9,0,0
3,HOSTTRANSFER-20251001080942257,AL-H0077,50,2025-10-01 08:09:42.257000,P03,P13,OHT06,2025-10-01 08:48:57.600000,2355343,2025-10-01 08:53:53,2025-10-01 08:53:53,2025-10-01 08:54:01,2025-10-01 08:54:01,2025-10-01 08:56:28.200000,2025-10-01 08:56:28.200000,2025-10-01 08:56:36.200000,2025-10-01 08:56:36.200000,0.0,104151.4,2813.943,9,9;8;7;6;15;19;25;26;27;28;29;30;32;34;39;40;43;47;54;53;52;51;50,1,200
3,HOSTTRANSFER-20251001080947505,FE-H0226,50,2025-10-01 08:09:47.505000,P31,P29,OHT12,2025-10-01 08:09:47.600000,95,2025-10-01 08:11:00,2025-10-01 08:11:00,2025-10-01 08:11:08,2025-10-01 08:11:08,2025-10-01 08:11:30.200000,2025-10-01 08:11:30.200000,2025-10-01 08:11:38.200000,2025-10-01 08:11:38.200000,12670.0,15620.2,110.695,116,116;115;114;113,0,0
3,HOSTTRANSFER-20251001080951405,FE-H0226,50,2025-10-01 08:09:51.405000,P29,P34,OHT16,2025-10-01 08:11:38.200000,106795,2025-10-01 08:12:53.400000,2025-10-01 08:12:53.400000,2025-10-01 08:13:01.400000,2025-10-01 08:13:01.400000,2025-10-01 08:13:30.200000,2025-10-01 08:13:30.200000,2025-10-01 08:13:38.200000,2025-10-01 08:13:38.200000,28290.2,20247.8,226.795,116;115;114;113,113;112;118;122;127;128;129,0,0
3,HOSTTRANSFER-20251001080957890,AL-H0095,50,2025-10-01 08:09:57.890000,P06,P04,OHT08,2025-10-01 08:09:58,110,2025-10-01 08:10:56.200000,2025-10-01 08:10:56.200000,2025-10-01 08:11:04.200000,2025-10-01 08:11:04.200000,2025-10-01 08:11:23.200000,2025-10-01 08:11:23.200000,2025-10-01 08:11:31.200000,2025-10-01 08:11:31.200000,0.0,13269.0,93.31,11,11;10,0,0
3,HOSTTRANSFER-20251001081002657,FE-H0211,70,2025-10-01 08:10:02.657000,P35,P34,OHT07,2025-10-01 08:10:02.800000,143,2025-10-01 08:14:00.200000,2025-10-01 08:14:00.200000,2025-10-01 08:14:08.200000,2025-10-01 08:14:08.200000,2025-10-01 08:16:28.800000,2025-10-01 08:16:28.800000,2025-10-01 08:16:36.800000,2025-10-01 08:16:36.800000,18178.8,80814.0,394.143,116;115;120;124;130,130;131;125;121;116;115;114;113;112;118;122;127;128;129,6,30800
3,HOSTTRANSFER-20251001081006909,AL-H0098,50,2025-10-01 08:10:06.909000,P06,P18,OHT17,2025-10-01 08:10:07,91,2025-10-01 08:56:07.600000,2025-10-01 08:56:07.600000,2025-10-01 08:56:15.600000,2025-10-01 08:56:15.600000,2025-10-01 08:59:04.400000,2025-10-01 08:59:04.400000,2025-10-01 08:59:12.400000,2025-10-01 08:59:12.400000,20433.5,118227.6,2945.491,28;29;22;18;12;11,11;10;9;17;21;28;29;30;32;34;39;40;43;47;54;53;52;51;50;49;57;61;68;69;70,1,1800
3,HOSTTRANSFER-20251001081012886,FE-H0193,50,2025-10-01 08:10:12.886000,P32,P30,OHT18,2025-10-01 08:10:13,114,2025-10-01 08:11:02,2025-10-01 08:11:02,2025-10-01 08:11:10,2025-10-01 08:11:10,2025-10-01 08:11:42.200000,2025-10-01 08:11:42.200000,2025-10-01 08:11:50.200000,2025-10-01 08:11:50.200000,0.0,22767.2,97.314,116,116;115;114,0,0
3,HOSTTRANSFER-20251001081014814,AL-H0094,50,2025-10-01 08:10:14.814000,P14,P04,OHT09,2025-10-01 08:10:15,186,2025-10-01 08:54:08.800000,2025-10-01 08:54:08.800000,2025-10-01 08:54:16.800000,2025-10-01 08:54:16.800000,2025-10-01 08:56:38.800000,2025-10-01 08:56:38.800000,2025-10-01 08:56:46.800000,2025-10-01 08:56:46.800000,0.0,100639.6,2791.986,53,53;52;51;50;49;48;46;31;24;25;26;27;28;29;22;18;12;11;10,0,0
3,HOSTTRANSFER-20251001081019449,FE-H0096,50,2025-10-01 08:10:19.449000,P29,P30,OHT10,2025-10-01 08:13:28,188551,2025-10-01 08:13:39.800000,2025-10-01 08:13:39.800000,2025-10-01 08:13:47.800000,2025-10-01 08:13:47.800000,2025-10-01 08:15:49.600000,2025-10-01 08:15:49.600000,2025-10-01 08:15:57.600000,2025-10-01 08:15:57.600000,5523.0,83318.0,338.151,114;113,113;112;118;122;127;128;129;130;131;125;121;116;115;114,3,3200
3,HOSTTRANSFER-20251001081021109,AL-H0103,50,2025-10-01 08:10:21.109000,P15,P21,OHT06,2025-10-01 08:10:21.200000,91,2025-10-01 08:19:43.800000,2025-10-01 08:19:43.800000,2025-10-01 08:19:51.800000,2025-10-01 08:19:51.800000,2025-10-01 08:22:16.800000,2025-10-01 08:22:16.800000,2025-10-01 08:22:24.800000,2025-10-01 08:22:24.800000,10869.9,102741.7,723.691,43;47;54;53,53;52;51;50;49;48;46;31;24;25;26;27;28;29;30;32;34;39;40;45,0,0
3,HOSTTRANSFER-20251001081024727,AL-H0106,53,2025-10-01 08:10:24.727000,P14,P21,OHT10,2025-10-01 08:10:24.800000,73,2025-10-01 08:54:56.600000,2025-10-01 08:54:56.600000,2025-10-01 08:55:04.600000,2025-10-01 08:55:04.600000,2025-10-01 08:57:11.800000,2025-10-01 08:57:11.800000,2025-10-01 08:57:19.800000,2025-10-01 08:57:19.800000,0.0,90113.6,2815.073,53,53;52;51;50;49;48;46;31;24;25;26;27;28;29;30;32;34;39;40;45,0,0
3,HOSTTRANSFER-20251001081027485,AL-H0084,50,2025-10-01 08:10:27.485000,P09,P01,OHT01,2025-10-01 08:10:27.600000,115,2025-10-01 08:10:55.400000,2025-10-01 08:10:55.400000,2025-10-01 08:11:03.400000,2025-10-01 08:11:03.400000,2025-10-01 08:12:41.800000,2025-10-01 08:12:41.800000,2025-10-01 08:12:49.800000,2025-10-01 08:12:49.800000,0.0,69710.3,142.315,26,26;27;28;29;22;18;12;11;10;9;8;7,0,0
3,HOSTTRANSFER-20251001081032951,AL-H0034,50,2025-10-01 08:10:32.951000,P01,P04,OHT04,2025-10-01 08:10:33,49,2025-10-01 08:11:22.800000,2025-10-01 08:11:22.800000,2025-10-01 08:11:30.800000,2025-10-01 08:11:30.800000,2025-10-01 08:13:26,2025-10-01 08:13:26,2025-10-01 08:13:34,2025-10-01 08:13:34,0.0,75414.2,181.049,7,7;6;15;19;25;26;27;28;29;22;18;12;11;10,2,8200
3,HOSTTRANSFER-20251001081036008,FE-H0235,50,2025-10-01 08:10:36.008000,P24,P25,OHT12,2025-10-01 08:10:36.200000,192,2025-10-01 08:19:15,2025-10-01 08:19:15,2025-10-01 08:19:23,2025-10-01 08:19:23,2025-10-01 08:20:21.400000,2025-10-01 08:20:21.400000,2025-10-01 08:20:29.400000,2025-10-01 08:20:29.400000,0.0,41254.0,593.392,83,83;82;81;80;79;87;94,0,0
3,HOSTTRANSFER-20251001081039098,AL-H0089,50,2025-10-01 08:10:39.098000,P04,P01,OHT08,2025-10-01 08:10:39.200000,102,2025-10-01 08:13:15.600000,2025-10-01 08:13:15.600000,2025-10-01 08:13:23.600000,2025-10-01 08:13:23.600000,2025-10-01 08:13:42.200000,2025-10-01 08:13:42.200000,2025-10-01 08:13:50.200000,2025-10-01 08:13:50.200000,7790.0,13077.2,191.102,10,10;9;8;7,0,0
3,HOSTTRANSFER-20251001081044323,AL-H0089,50,2025-10-01 08:10:44.323000,P01,P19,OHT08,2025-10-01 08:13:50.200000,185877,2025-10-01 08:16:30,2025-10-01 08:16:30,2025-10-01 08:16:38,2025-10-01 08:16:38,2025-10-01 08:18:59.400000,2025-10-01 08:18:59.400000,2025-10-01 08:19:07.400000,2025-10-01 08:19:07.400000,0.0,100286.9,503.077,7,7;6;15;19;25;26;27;28;29;30;32;34;39;40;43;47;54;53;52;59;63;71,0,0
3,HOSTTRANSFER-20251001081050773,AL-H0104,50,2025-10-01 08:10:50.773000,P21,P14,OHT17,2025-10-01 08:10:50.800000,27,2025-10-01 08:13:26.800000,2025-10-01 08:13:26.800000,2025-10-01 08:13:34.800000,2025-10-01 08:13:34.800000,2025-10-01 08:15:25.200000,2025-10-01 08:15:25.200000,2025-10-01 08:15:33.200000,2025-10-01 08:15:33.200000,0.0,75446.6,282.427,45,45;104;106;107;105;44;41;38;33;4;2;1;3;5;14;23;32;34;39;40;43;47;54;53,1,3600
3,HOSTTRANSFER-20251001081052936,FE-H0240,53,2025-10-01 08:10:52.936000,P23,P31,OHT09,2025-10-01 08:10:53,64,2025-10-01 08:13:19.200000,2025-10-01 08:13:19.200000,2025-10-01 08:13:27.200000,2025-10-01 08:13:27.200000,2025-10-01 08:15:19.600000,2025-10-01 08:15:19.600000,2025-10-01 08:15:27.600000,2025-10-01 08:15:27.600000,0.0,71113.4,274.664,83,83;82;89;97;98;99;101;110;117;116,1,11600
3,HOSTTRANSFER-20251001081059346,AL-H0003,50,2025-10-01 08:10:59.346000,P20,P08,OHT03,2025-10-01 08:11:22.800000,23454,2025-10-01 08:20:20.800000,2025-10-01 08:20:20.800000,2025-10-01 08:20:28.800000,2025-10-01 08:20:28.800000,2025-10-01 08:22:07.400000,2025-10-01 08:22:07.400000,2025-10-01 08:22:15.400000,2025-10-01 08:22:15.400000,21273.4,69854.2,676.054,70;71,71;72;64;60;53;52;51;50;49;48;46;31;24;25,0,0
3,HOSTTRANSFER-20251001081104371,AL-H0104,50,2025-10-01 08:11:04.371000,P14,P12,OHT14,2025-10-01 08:15:33.200000,268829,2025-10-01 08:18:06.400000,2025-10-01 08:18:06.400000,2025-10-01 08:18:14.400000,2025-10-01 08:18:14.400000,2025-10-01 08:20:16.600000,2025-10-01 08:20:16.600000,2025-10-01 08:20:24.600000,2025-10-01 08:20:24.600000,12628.1,83391.6,560.229,53,53;52;51;50;49;48;46;31;24;25;26;27;28;29;30;32;34;39;40;43,1,4200
3,HOSTTRANSFER-20251001081108485,FE-H0245,50,2025-10-01 08:11:08.485000,P26,P27,OHT15,2025-10-01 08:11:08.600000,115,2025-10-01 08:13:26.200000,2025-10-01 08:13:26.200000,2025-10-01 08:13:34.200000,2025-10-01 08:13:34.200000,2025-10-01 08:13:52.600000,2025-10-01 08:13:52.600000,2025-10-01 08:14:00.600000,2025-10-01 08:14:00.600000,42598.8,12880.0,172.115,114;113;112;111;109;108;103;102;100;93;94;95;96;97,97,0,0
3,HOSTTRANSFER-20251001081111037,AL-H0109,53,2025-10-01 08:11:11.037000,P14,P19,OHT13,2025-10-01 08:11:11.200000,163,2025-10-01 08:11:36.800000,2025-10-01 08:11:36.800000,2025-10-01 08:11:44.800000,2025-10-01 08:11:44.800000,2025-10-01 08:12:11.200000,2025-10-01 08:12:11.200000,2025-10-01 08:12:19.200000,2025-10-01 08:12:19.200000,12628.1,18622.7,68.163,53,53;52;59;63;71,0,0
3,HOSTTRANSFER-20251001081114655,FE-H0110,80,2025-10-01 08:11:14.655000,P28,P36,OHT15,2025-10-01 08:11:14.800000,145,2025-10-01 08:15:56.400000,2025-10-01 08:15:56.400000,2025-10-01 08:16:04.400000,2025-10-01 08:16:04.400000,2025-10-01 08:17:33.600000,2025-10-01 08:17:33.600000,2025-10-01 08:17:41.600000,2025-10-01 08:17:41.600000,8265.1,63158.9,386.945,97;98,98;99;101;110;117;116;115;120;124;130,0,0
3,HOSTTRANSFER-20251001081116380,FE-H0052,50,2025-10-01 08:11:16.380000,P36,P29,OHT16,2025-10-01 08:11:16.400000,20,2025-10-01 08:16:18.400000,2025-10-01 08:16:18.400000,2025-10-01 08:16:26.400000,2025-10-01 08:16:26.400000,2025-10-01 08:17:33.200000,2025-10-01 08:17:33.200000,2025-10-01 08:17:41.200000,2025-10-01 08:17:41.200000,0.0,47263.2,384.82,130,130;131;125;121;116;115;114;113,0,0
3,HOSTTRANSFER-20251001081121167,FE-H0001,50,2025-10-01 08:11:21.167000,P26,P25,OHT19,2025-10-01 08:11:21.200000,33,2025-10-01 08:33:46,2025-10-01 08:33:46,2025-10-01 08:33:54,2025-10-01 08:33:54,2025-10-01 08:35:36.600000,2025-10-01 08:35:36.600000,2025-10-01 08:35:44.600000,2025-10-01 08:35:44.600000,0.0,72676.2,1463.433,97,97;98;90;83;82;81;80;79;87;94,0,0
3,HOSTTRANSFER-20251001081123291,AL-H0019,50,2025-10-01 08:11:23.291000,P02,P06,OHT04,2025-10-01 08:11:23.400000,109,2025-10-01 08:13:43.600000,2025-10-01 08:13:43.600000,2025-10-01 08:13:51.600000,2025-10-01 08:13:51.600000,2025-10-01 08:15:31.800000,2025-10-01 08:15:31.800000,2025-10-01 08:15:39.800000,2025-10-01 08:15:39.800000,6669.2,68553.2,256.509,10;9;8,8;7;6;15;19;25;26;27;28;29;22;18;12;11,2,3000
3,HOSTTRANSFER-20251001081124869,FE-H0050,50,2025-10-01 08:11:24.869000,P28,P36,OHT10,2025-10-01 08:11:25,131,2025-10-01 08:31:46,2025-10-01 08:31:46,2025-10-01 08:31:54,2025-10-01 08:31:54,2025-10-01 08:34:12.200000,2025-10-01 08:34:12.200000,2025-10-01 08:34:20.200000,2025-10-01 08:34:20.200000,0.0,63158.9,1375.331,98,98;99;101;110;117;116;115;120;124;130,3,48400
3,HOSTTRANSFER-20251001081127807,AL-H0002,50,2025-10-01 08:11:27.807000,P06,P12,OHT20,2025-10-01 08:11:28,193,2025-10-01 08:16:55,2025-10-01 08:16:55,2025-10-01 08:17:03,2025-10-01 08:17:03,2025-10-01 08:18:28.200000,2025-10-01 08:18:28.200000,2025-10-01 08:18:36.200000,2025-10-01 08:18:36.200000,5298.0,58472.4,428.393,12;11,11;10;9;17;21;28;29;30;32;34;39;40;43,2,2000
3,HOSTTRANSFER-20251001081129951,AL-H0103,50,2025-10-01 08:11:29.951000,P17,P21,OHT02,2025-10-01 08:22:24.800000,654849,2025-10-01 09:01:47.400000,2025-10-01 09:01:47.400000,2025-10-01 09:01:55.400000,2025-10-01 09:01:55.400000,2025-10-01 09:05:17.200000,2025-10-01 09:05:17.200000,2025-10-01 09:05:25.200000,2025-10-01 09:05:25.200000,98860.3,143170.8,3235.249,26;27;28;29;30;32;34;39;40;43;47;54;53;52;51;50;49;57;61;68;69;70,70;71;72;64;60;53;52;51;50;49;48;46;31;24;25;26;27;28;29;30;32;34;39;40;45,0,0
3,HOSTTRANSFER-20251001081133543,FE-H0023,50,2025-10-01 08:11:33.543000,P27,P26,OHT12,2025-10-01 08:11:33.600000,57,2025-10-01 08:16:48.600000,2025-10-01 08:16:48.600000,2025-10-01 08:16:56.600000,2025-10-01 08:16:56.600000,2025-10-01 08:18:06.200000,2025-10-01 08:18:06.200000,2025-10-01 08:18:14.200000,2025-10-01 08:18:14.200000,0.0,49196.4,400.657,97,97;98;90;83;82;89;97,0,0
3,HOSTTRANSFER-20251001081136647,AL-H0098,50,2025-10-01 08:11:36.647000,P05,P01,OHT05,2025-10-01 08:59:12.400000,2855753,2025-10-01 09:01:09.400000,2025-10-01 09:01:09.400000,2025-10-01 09:01:17.400000,2025-10-01 09:01:17.400000,2025-10-01 09:01:49.400000,2025-10-01 09:01:49.400000,2025-10-01 09:01:57.400000,2025-10-01 09:01:57.400000,59316.6,20867.2,3020.753,45;104;106;107;105;44;41;38;33;4;2;1;3;5;13;12;11;10,10;9;8;7,3,16400
3,HOSTTRANSFER-20251001081139154,AL-H0108,50,2025-10-01 08:11:39.154000,P12,P04,OHT05,2025-10-01 08:11:39.200000,46,2025-10-01 08:22:29.400000,2025-10-01 08:22:29.400000,2025-10-01 08:22:37.400000,2025-10-01 08:22:37.400000,2025-10-01 08:25:47,2025-10-01 08:25:47,2025-10-01 08:25:55,2025-10-01 08:25:55,0.0,124137.6,855.846,43,43;47;54;53;52;51;50;49;48;46;31;24;25;26;27;28;29;22;18;12;11;10,4,13400
3,HOSTTRANSFER-20251001081142931,AL-H0106,50,2025-10-01 08:11:42.931000,P18,P12,OHT17,2025-10-01 08:57:19.800000,2736869,2025-10-01 08:59:12.400000,2025-10-01 08:59:12.400000,2025-10-01 08:59:20.400000,2025-10-01 08:59:20.400000,2025-10-01 09:02:32.400000,2025-10-01 09:02:32.400000,2025-10-01 09:02:40.400000,2025-10-01 09:02:40.400000,0.0,136168.8,3057.469,70,70;71;72;64;60;53;52;51;50;49;48;46;31;24;25;26;27;28;29;30;32;34;39;40;43,0,0
3,HOSTTRANSFER-20251001081147243,AL-H0112,53,2025-10-01 08:11:47.243000,P21,P15,OHT14,2025-10-01 08:11:47.400000,157,2025-10-01 08:16:03.800000,2025-10-01 08:16:03.800000,2025-10-01 08:16:11.800000,2025-10-01 08:16:11.800000,2025-10-01 08:17:40.400000,2025-10-01 08:17:40.400000,2025-10-01 08:17:48.400000,2025-10-01 08:17:48.400000,0.0,62818.5,361.157,45,45;104;106;107;105;44;41;38;33;4;2;1;3;5;14;23;32;34;39;40;43;47;54;53,0,0
3,HOSTTRANSFER-20251001081150921,FE-H0234,50,2025-10-01 08:11:50.921000,P34,P29,OHT07,2025-10-01 08:11:51,79,2025-10-01 08:45:40.600000,2025-10-01 08:45:40.600000,2025-10-01 08:45:48.600000,2025-10-01 08:45:48.600000,2025-10-01 08:47:25.400000,2025-10-01 08:47:25.400000,2025-10-01 08:47:33.400000,2025-10-01 08:47:33.400000,6953.8,68593.2,2142.479,127;128;129,129;130;131;125;121;116;115;114;113,0,0
3,HOSTTRANSFER-20251001081156402,FE-H0256,83,2025-10-01 08:11:56.402000,P33,P36,OHT18,2025-10-01 08:11:56.600000,198,2025-10-01 08:39:42.200000,2025-10-01 08:39:42.200000,2025-10-01 08:39:50.200000,2025-10-01 08:39:50.200000,2025-10-01 08:40:30.200000,2025-10-01 08:40:30.200000,2025-10-01 08:40:38.200000,2025-10-01 08:40:38.200000,28914.2,28283.8,1721.798,116;115;114;113;112;118;122;127,127;128;129;130,0,0
3,HOSTTRANSFER-20251001081159330,FE-H0257,50,2025-10-01 08:11:59.330000,P35,P32,OHT16,2025-10-01 08:11:59.400000,70,2025-10-01 08:13:49.800000,2025-10-01 08:13:49.800000,2025-10-01 08:13:57.800000,2025-10-01 08:13:57.800000,2025-10-01 08:14:43.400000,2025-10-01 08:14:43.400000,2025-10-01 08:14:51.400000,2025-10-01 08:14:51.400000,8027.0,32276.0,172.07,129;130,130;131;125;121;116,0,0
3,HOSTTRANSFER-20251001081202249,FE-H0259,50,2025-10-01 08:12:02.249000,P20,P21,OHT11,2025-10-01 08:12:02.400000,151,2025-10-01 08:40:53.400000,2025-10-01 08:40:53.400000,2025-10-01 08:41:01.400000,2025-10-01 08:41:01.400000,2025-10-01 08:43:56,2025-10-01 08:43:56,2025-10-01 08:44:04,2025-10-01 08:44:04,0.0,121617.4,1921.751,71,71;72;64;60;53;52;51;50;49;48;46;31;24;25;26;27;28;29;30;32;34;39;40;45,1,3000
3,HOSTTRANSFER-20251001081203065,AL-H0033,53,2025-10-01 08:12:03.065000,P04,P21,OHT02,2025-10-01 08:12:03.200000,135,2025-10-01 08:14:04.400000,2025-10-01 08:14:04.400000,2025-10-01 08:14:12.400000,2025-10-01 08:14:12.400000,2025-10-01 08:15:25.800000,2025-10-01 08:15:25.800000,2025-10-01 08:15:33.800000,2025-10-01 08:15:33.800000,0.0,51925.4,210.735,10,10;9;17;21;28;29;30;32;34;39;40;45,0,0
3,HOSTTRANSFER-20251001081204214,FE-H0260,80,2025-10-01 08:12:04.214000,P21,P32,OHT06,2025-10-01 08:12:04.400000,186,2025-10-01 08:22:24.800000,2025-10-01 08:22:24.800000,2025-10-01 08:22:32.800000,2025-10-01 08:22:32.800000,2025-10-01 08:24:40.400000,2025-10-01 08:24:40.400000,2025-10-01 08:24:48.400000,2025-10-01 08:24:48.400000,0.0,79669.6,764.186,45,45;104;106;107;105;44;41;38;33;4;2;1;3;5;14;23;32;34;39;40;43;47;56;66;75;77;86;92;101;110;117;116,2,14600
3,HOSTTRANSFER-20251001081206284,AL-H0035,50,2025-10-01 08:12:06.284000,P11,P04,OHT02,2025-10-01 08:12:06.400000,116,2025-10-01 08:13:00.800000,2025-10-01 08:13:00.800000,2025-10-01 08:13:08.800000,2025-10-01 08:13:08.800000,2025-10-01 08:13:56.400000,2025-10-01 08:13:56.400000,2025-10-01 08:14:04.400000,2025-10-01 08:14:04.400000,28586.7,33702.5,118.116,25;26;27;28,28;29;22;18;12;11;10,0,0
3,HOSTTRANSFER-20251001081207977,AL-H0102,50,2025-10-01 08:12:07.977000,P06,P21,OHT01,2025-10-01 08:12:08,23,2025-10-01 08:26:02.400000,2025-10-01 08:26:02.400000,2025-10-01 08:26:10.400000,2025-10-01 08:26:10.400000,2025-10-01 08:27:42.400000,2025-10-01 08:27:42.400000,2025-10-01 08:27:50.400000,2025-10-01 08:27:50.400000,0.0,65194.4,942.423,11,11;10;9;17;21;28;29;30;32;34;39;40;45,0,0
3,HOSTTRANSFER-20251001081209083,FE-H0262,50,2025-10-01 08:12:09.083000,P33,P36,OHT19,2025-10-01 08:12:09.200000,117,2025-10-01 08:12:40.800000,2025-10-01 08:12:40.800000,2025-10-01 08:12:48.800000,2025-10-01 08:12:48.800000,2025-10-01 08:13:28.800000,2025-10-01 08:13:28.800000,2025-10-01 08:13:36.800000,2025-10-01 08:13:36.800000,18817.0,28283.8,87.717,114;113;112;118;122;127,127;128;129;130,0,0
3,HOSTTRANSFER-20251001081213165,FE-H0182,50,2025-10-01 08:12:13.165000,P33,P31,OHT09,2025-10-01 08:12:13.200000,35,2025-10-01 08:22:59.400000,2025-10-01 08:22:59.400000,2025-10-01 08:23:07.400000,2025-10-01 08:23:07.400000,2025-10-01 08:25:16.600000,2025-10-01 08:25:16.600000,2025-10-01 08:25:24.600000,2025-10-01 08:25:24.600000,0.0,59926.8,791.435,127,127;128;129;130;131;125;121;116,6,42600
3,HOSTTRANSFER-20251001081214394,AL-H0055,53,2025-10-01 08:12:14.394000,P04,P06,OHT16,2025-10-01 08:54:50,2555606,2025-10-01 08:56:21.800000,2025-10-01 08:56:21.800000,2025-10-01 08:56:29.800000,2025-10-01 08:56:29.800000,2025-10-01 08:57:42,2025-10-01 08:57:42,2025-10-01 08:57:50,2025-10-01 08:57:50,18567.0,49182.4,2735.606,12;11;10,10;9;17;21;28;29;22;18;12;11,2,2200
3,HOSTTRANSFER-20251001081216718,AL-H0061,50,2025-10-01 08:12:16.718000,P08,P02,OHT08,2025-10-01 08:12:16.800000,82,2025-10-01 08:14:09,2025-10-01 08:14:09,2025-10-01 08:14:17,2025-10-01 08:14:17,2025-10-01 08:15:56.800000,2025-10-01 08:15:56.800000,2025-10-01 08:16:04.800000,2025-10-01 08:16:04.800000,13125.0,68958.4,228.082,7;6;15;19;25,25;26;27;28;29;22;18;12;11;10;9;8,1,2200
3,HOSTTRANSFER-20251001081219447,FE-H0263,50,2025-10-01 08:12:19.447000,P16,P21,OHT17,2025-10-01 08:12:19.600000,153,2025-10-01 08:16:14.200000,2025-10-01 08:16:14.200000,2025-10-01 08:16:22.200000,2025-10-01 08:16:22.200000,2025-10-01 08:18:33.800000,2025-10-01 08:18:33.800000,2025-10-01 08:18:41.800000,2025-10-01 08:18:41.800000,28974.2,88429.4,382.353,53;52;51;50;49;57;61;68,68;69;62;58;50;49;48;46;31;24;25;26;27;28;29;30;32;34;39;40;45,2,6200
3,HOSTTRANSFER-20251001081220251,FE-H0264,52,2025-10-01 08:12:20.251000,P15,P21,OHT14,2025-10-01 08:12:20.400000,149,2025-10-01 08:45:55,2025-10-01 08:45:55,2025-10-01 08:46:03,2025-10-01 08:46:03,2025-10-01 08:48:40,2025-10-01 08:48:40,2025-10-01 08:48:48,2025-10-01 08:48:48,60697.1,102741.7,2187.749,50;49;57;61;68;69;70;71;72;64;60;53,53;52;51;50;49;48;46;31;24;25;26;27;28;29;30;32;34;39;40;45,4,16200
3,HOSTTRANSFER-20251001081223251,FE-H0250,50,2025-10-01 08:12:23.251000,P24,P27,OHT15,2025-10-01 08:12:23.400000,149,2025-10-01 08:14:27,2025-10-01 08:14:27,2025-10-01 08:14:35,2025-10-01 08:14:35,2025-10-01 08:15:36.600000,2025-10-01 08:15:36.600000,2025-10-01 08:15:44.600000,2025-10-01 08:15:44.600000,18542.2,43534.2,201.349,97;98;90;83,83;82;89;97,0,0
3,HOSTTRANSFER-20251001081227834,AL-H0105,50,2025-10-01 08:12:27.834000,P05,P06,OHT11,2025-10-01 08:12:28,166,2025-10-01 08:13:33,2025-10-01 08:13:33,2025-10-01 08:13:41,2025-10-01 08:13:41,2025-10-01 08:15:10.400000,2025-10-01 08:15:10.400000,2025-10-01 08:15:18.400000,2025-10-01 08:15:18.400000,5479.0,56972.4,170.566,11;10,10;9;17;21;28;29;22;18;12;11,2,8200
3,HOSTTRANSFER-20251001081229050,FE-H0267,70,2025-10-01 08:12:29.050000,P34,P26,OHT10,2025-10-01 08:12:29.200000,150,2025-10-01 08:22:10.600000,2025-10-01 08:22:10.600000,2025-10-01 08:22:18.600000,2025-10-01 08:22:18.600000,2025-10-01 08:24:47.600000,2025-10-01 08:24:47.600000,2025-10-01 08:24:55.600000,2025-10-01 08:24:55.600000,0.0,105669.0,746.55,129,129;130;131;125;121;116;115;114;113;112;111;109;108;103;102;100;93;94;95;96;97,0,0
3,HOSTTRANSFER-20251001081232161,AL-H0118,53,2025-10-01 08:12:32.161000,P04,P15,OHT13,2025-10-01 08:12:32.200000,39,2025-10-01 08:35:11.400000,2025-10-01 08:35:11.400000,2025-10-01 08:35:19.400000,2025-10-01 08:35:19.400000,2025-10-01 08:36:38.600000,2025-10-01 08:36:38.600000,2025-10-01 08:36:46.600000,2025-10-01 08:36:46.600000,0.0,56073.3,1454.439,10,10;9;17;21;28;29;30;32;34;39;40;43;47;54;53,0,0
3,HOSTTRANSFER-20251001081234934,FE-H0253,50,2025-10-01 08:12:34.934000,P27,P26,OHT12,2025-10-01 08:12:35,66,2025-10-01 08:13:05,2025-10-01 08:13:05,2025-10-01 08:13:13,2025-10-01 08:13:13,2025-10-01 08:14:22.600000,2025-10-01 08:14:22.600000,2025-10-01 08:14:30.600000,2025-10-01 08:14:30.600000,0.0,49196.4,115.666,97,97;98;90;83;82;89;97,0,0
3,HOSTTRANSFER-20251001081237955,AL-H0045,50,2025-10-01 08:12:37.955000,P15,P18,OHT20,2025-10-01 08:12:38,45,2025-10-01 08:21:11.800000,2025-10-01 08:21:11.800000,2025-10-01 08:21:19.800000,2025-10-01 08:21:19.800000,2025-10-01 08:22:28.800000,2025-10-01 08:22:28.800000,2025-10-01 08:22:36.800000,2025-10-01 08:22:36.800000,18875.7,48885.3,598.845,71;72;64;60;53,53;52;51;50;49;57;61;68;69;70,1,3400
3,HOSTTRANSFER-20251001081239205,FE-H0273,50,2025-10-01 08:12:39.205000,P14,P21,OHT07,2025-10-01 08:12:39.400000,195,2025-10-01 08:52:59.400000,2025-10-01 08:52:59.400000,2025-10-01 08:53:07.400000,2025-10-01 08:53:07.400000,2025-10-01 08:55:14.600000,2025-10-01 08:55:14.600000,2025-10-01 08:55:22.600000,2025-10-01 08:55:22.600000,0.0,90113.6,2563.395,53,53;52;51;50;49;48;46;31;24;25;26;27;28;29;30;32;34;39;40;45,0,0
3,HOSTTRANSFER-20251001081243273,FE-H0218,50,2025-10-01 08:12:43.273000,P30,P31,OHT18,2025-10-01 08:12:43.400000,127,2025-10-01 08:14:11.800000,2025-10-01 08:14:11.800000,2025-10-01 08:14:19.800000,2025-10-01 08:14:19.800000,2025-10-01 08:16:11,2025-10-01 08:16:11,2025-10-01 08:16:19,2025-10-01 08:16:19,10097.2,78743.8,215.727,116;115;114,114;113;112;118;122;127;128;129;130;131;125;121;116,0,0
3,HOSTTRANSFER-20251001081249757,FE-H0242,80,2025-10-01 08:12:49.757000,P36,P32,OHT19,2025-10-01 08:12:49.800000,43,2025-10-01 08:13:36.800000,2025-10-01 08:13:36.800000,2025-10-01 08:13:44.800000,2025-10-01 08:13:44.800000,2025-10-01 08:14:11.800000,2025-10-01 08:14:11.800000,2025-10-01 08:14:19.800000,2025-10-01 08:14:19.800000,0.0,18973.0,90.043,130,130;131;125;121;116,0,0
3,HOSTTRANSFER-20251001081251950,AL-H0104,50,2025-10-01 08:12:51.950000,P19,P16,OHT14,2025-10-01 08:20:24.600000,452650,2025-10-01 08:21:40.400000,2025-10-01 08:21:40.400000,2025-10-01 08:21:48.400000,2025-10-01 08:21:48.400000,2025-10-01 08:23:32,2025-10-01 08:23:32,2025-10-01 08:23:40,2025-10-01 08:23:40,0.0,73345.9,648.05,71,71;72;64;60;53;52;51;50;49;57;61;68,0,0
3,HOSTTRANSFER-20251001081253798,AL-H0070,53,2025-10-01 08:12:53.798000,P21,P19,OHT14,2025-10-01 09:02:05,2951202,2025-10-01 09:02:21.200000,2025-10-01 09:02:21.200000,2025-10-01 09:02:29.200000,2025-10-01 09:02:29.200000,2025-10-01 09:04:56.200000,2025-10-01 09:04:56.200000,2025-10-01 09:05:04.200000,2025-10-01 09:05:04.200000,11384.2,94069.3,3130.402,34;39;40;45,45;104;106;107;105;44;41;38;33;4;2;1;3;5;14;23;32;34;39;40;43;47;54;53;52;59;63;71,6,12600
3,HOSTTRANSFER-20251001081255278,FE-H0205,50,2025-10-01 08:12:55.278000,P33,P31,OHT19,2025-10-01 08:12:55.400000,122,2025-10-01 08:18:35.600000,2025-10-01 08:18:35.600000,2025-10-01 08:18:43.600000,2025-10-01 08:18:43.600000,2025-10-01 08:20:09.600000,2025-10-01 08:20:09.600000,2025-10-01 08:20:17.600000,2025-10-01 08:20:17.600000,13294.0,59926.8,442.322,113;112;118;122;127,127;128;129;130;131;125;121;116,1,1000
3,HOSTTRANSFER-20251001081256042,AL-H0119,50,2025-10-01 08:12:56.042000,P21,P14,OHT02,2025-10-01 08:12:56.200000,158,2025-10-01 08:15:33.800000,2025-10-01 08:15:33.800000,2025-10-01 08:15:41.800000,2025-10-01 08:15:41.800000,2025-10-01 08:17:29.800000,2025-10-01 08:17:29.800000,2025-10-01 08:17:37.800000,2025-10-01 08:17:37.800000,0.0,75446.6,281.758,45,45;104;106;107;105;44;41;38;33;4;2;1;3;5;14;23;32;34;39;40;43;47;54;53,1,1200
3,HOSTTRANSFER-20251001081259223,FE-H0276,50,2025-10-01 08:12:59.223000,P32,P36,OHT16,2025-10-01 08:12:59.400000,177,2025-10-01 08:14:51.400000,2025-10-01 08:14:51.400000,2025-10-01 08:14:59.400000,2025-10-01 08:14:59.400000,2025-10-01 08:16:10.400000,2025-10-01 08:16:10.400000,2025-10-01 08:16:18.400000,2025-10-01 08:16:18.400000,0.0,44151.8,199.177,116,116;115;120;124;130,1,8400
3,HOSTTRANSFER-20251001081301092,AL-H0083,50,2025-10-01 08:13:01.092000,P15,P11,OHT05,2025-10-01 08:13:01.200000,108,2025-10-01 08:16:13.800000,2025-10-01 08:16:13.800000,2025-10-01 08:16:21.800000,2025-10-01 08:16:21.800000,2025-10-01 08:18:14,2025-10-01 08:18:14,2025-10-01 08:18:22,2025-10-01 08:18:22,10869.9,79565.2,320.908,43;47;54;53,53;52;51;50;49;48;46;31;24;25;26;27;28,0,0
3,HOSTTRANSFER-20251001081304325,AL-H0089,50,2025-10-01 08:13:04.325000,P15,P19,OHT14,2025-10-01 08:19:07.400000,363075,2025-10-01 08:20:40.200000,2025-10-01 08:20:40.200000,2025-10-01 08:20:48.200000,2025-10-01 08:20:48.200000,2025-10-01 08:21:32.400000,2025-10-01 08:21:32.400000,2025-10-01 08:21:40.400000,2025-10-01 08:21:40.400000,10869.9,31250.8,516.075,43;47;54;53,53;52;59;63;71,0,0
3,HOSTTRANSFER-20251001081306887,FE-H0225,50,2025-10-01 08:13:06.887000,P34,P30,OHT16,2025-10-01 08:13:07,113,2025-10-01 08:38:01,2025-10-01 08:38:01,2025-10-01 08:38:09,2025-10-01 08:38:09,2025-10-01 08:39:46.200000,2025-10-01 08:39:46.200000,2025-10-01 08:39:54.200000,2025-10-01 08:39:54.200000,25770.8,63070.2,1607.313,114;113;112;118;122;127;128;129,129;130;131;125;121;116;115;114,5,20200
3,HOSTTRANSFER-20251001081309149,AL-H0112,50,2025-10-01 08:13:09.149000,P14,P15,OHT02,2025-10-01 08:17:48.400000,279251,2025-10-01 08:19:23,2025-10-01 08:19:23,2025-10-01 08:19:31,2025-10-01 08:19:31,2025-10-01 08:21:01.400000,2025-10-01 08:21:01.400000,2025-10-01 08:21:09.400000,2025-10-01 08:21:09.400000,12628.1,50366.3,480.251,53,53;52;59;63;71;72;64;60;53,3,18400
3,HOSTTRANSFER-20251001081310818,AL-H0105,50,2025-10-01 08:13:10.818000,P06,P04,OHT13,2025-10-01 08:15:18.400000,127582,2025-10-01 08:15:50.200000,2025-10-01 08:15:50.200000,2025-10-01 08:15:58.200000,2025-10-01 08:15:58.200000,2025-10-01 08:16:17.200000,2025-10-01 08:16:17.200000,2025-10-01 08:16:25.200000,2025-10-01 08:16:25.200000,0.0,13269.0,194.382,11,11;10,0,0
3,HOSTTRANSFER-20251001081312464,AL-H0114,50,2025-10-01 08:13:12.464000,P15,P21,OHT03,2025-10-01 08:13:12.600000,136,2025-10-01 08:37:09.800000,2025-10-01 08:37:09.800000,2025-10-01 08:37:17.800000,2025-10-01 08:37:17.800000,2025-10-01 08:39:42.800000,2025-10-01 08:39:42.800000,2025-10-01 08:39:50.800000,2025-10-01 08:39:50.800000,0.0,102741.7,1598.336,53,53;52;51;50;49;48;46;31;24;25;26;27;28;29;30;32;34;39;40;45,0,0
3,HOSTTRANSFER-20251001081313810,AL-H0013,50,2025-10-01 08:13:13.810000,P21,P12,OHT06,2025-10-01 08:13:14,190,2025-10-01 08:17:58.800000,2025-10-01 08:17:58.800000,2025-10-01 08:18:06.800000,2025-10-01 08:18:06.800000,2025-10-01 08:19:20.200000,2025-10-01 08:19:20.200000,2025-10-01 08:19:28.200000,2025-10-01 08:19:28.200000,0.0,51948.6,374.39,45,45;104;106;107;105;44;41;38;33;4;2;1;3;5;14;23;32;34;39;40;43,0,0
3,HOSTTRANSFER-20251001081315987,AL-H0105,50,2025-10-01 08:13:15.987000,P04,P21,OHT05,2025-10-01 08:16:25.200000,189213,2025-10-01 08:19:09.600000,2025-10-01 08:19:09.600000,2025-10-01 08:19:17.600000,2025-10-01 08:19:17.600000,2025-10-01 08:20:48.400000,2025-10-01 08:20:48.400000,2025-10-01 08:20:56.400000,2025-10-01 08:20:56.400000,33702.5,51925.4,460.413,28;29;22;18;12;11;10,10;9;17;21;28;29;30;32;34;39;40;45,4,16200
3,HOSTTRANSFER-20251001081318285,AL-H0019,50,2025-10-01 08:13:18.285000,P02,P05,OHT17,2025-10-01 08:15:39.800000,141515,2025-10-01 08:20:42.200000,2025-10-01 08:20:42.200000,2025-10-01 08:20:50.200000,2025-10-01 08:20:50.200000,2025-10-01 08:22:34.800000,2025-10-01 08:22:34.800000,2025-10-01 08:22:42.800000,2025-10-01 08:22:42.800000,6669.2,74032.2,564.515,10;9;8,8;7;6;15;19;25;26;27;28;29;22;18;12;11;10,0,0
3,HOSTTRANSFER-20251001081321467,AL-H0118,50,2025-10-01 08:13:21.467000,P14,P21,OHT05,2025-10-01 08:36:46.600000,1405133,2025-10-01 08:57:07.400000,2025-10-01 08:57:07.400000,2025-10-01 08:57:15.400000,2025-10-01 08:57:15.400000,2025-10-01 08:59:22.600000,2025-10-01 08:59:22.600000,2025-10-01 08:59:30.600000,2025-10-01 08:59:30.600000,39952.5,90113.6,2769.133,28;29;30;32;34;39;40;43;47;54;53,53;52;51;50;49;48;46;31;24;25;26;27;28;29;30;32;34;39;40;45,0,0
3,HOSTTRANSFER-20251001081324534,FE-H0282,70,2025-10-01 08:13:24.534000,P34,P31,OHT07,2025-10-01 08:13:24.600000,66,2025-10-01 08:16:36.800000,2025-10-01 08:16:36.800000,2025-10-01 08:16:44.800000,2025-10-01 08:16:44.800000,2025-10-01 08:17:59.600000,2025-10-01 08:17:59.600000,2025-10-01 08:18:07.600000,2025-10-01 08:18:07.600000,0.0,52973.0,283.066,129,129;130;131;125;121;116,0,0
3,HOSTTRANSFER-20251001081327321,FE-H0284,50,2025-10-01 08:13:27.321000,P33,P31,OHT09,2025-10-01 08:13:27.400000,79,2025-10-01 08:19:45.800000,2025-10-01 08:19:45.800000,2025-10-01 08:19:53.800000,2025-10-01 08:19:53.800000,2025-10-01 08:21:54.200000,2025-10-01 08:21:54.200000,2025-10-01 08:22:02.200000,2025-10-01 08:22:02.200000,0.0,59926.8,514.879,127,127;128;129;130;131;125;121;116,6,34000
3,HOSTTRANSFER-20251001081329576,AL-H0124,53,2025-10-01 08:13:29.576000,P21,P04,OHT17,2025-10-01 08:13:29.600000,24,2025-10-01 08:18:41.800000,2025-10-01 08:18:41.800000,2025-10-01 08:18:49.800000,2025-10-01 08:18:49.800000,2025-10-01 08:20:24.600000,2025-10-01 08:20:24.600000,2025-10-01 08:20:32.600000,2025-10-01 08:20:32.600000,0.0,67106.6,423.024,45,45;104;106;107;105;44;41;38;33;4;2;1;3;5;13;12;11;10,0,0
3,HOSTTRANSFER-20251001081331514,AL-H0104,50,2025-10-01 08:13:31.514000,P16,P20,OHT13,2025-10-01 08:23:40,608486,2025-10-01 08:39:30.800000,2025-10-01 08:39:30.800000,2025-10-01 08:39:38.800000,2025-10-01 08:39:38.800000,2025-10-01 08:40:19.200000,2025-10-01 08:40:19.200000,2025-10-01 08:40:27.200000,2025-10-01 08:40:27.200000,13265.0,28556.4,1615.686,50;49;57;61;68,68;69;70;71,0,0
3,HOSTTRANSFER-20251001081334477,AL-H0112,53,2025-10-01 08:13:34.477000,P14,P15,OHT20,2025-10-01 08:21:09.400000,454923,2025-10-01 08:31:36.600000,2025-10-01 08:31:36.600000,2025-10-01 08:31:44.600000,2025-10-01 08:31:44.600000,2025-10-01 08:32:55.800000,2025-10-01 08:32:55.800000,2025-10-01 08:33:03.800000,2025-10-01 08:33:03.800000,0.0,50366.3,1169.323,53,53;52;59;63;71;72;64;60;53,0,0
3,HOSTTRANSFER-20251001081337545,AL-H0126,53,2025-10-01 08:13:37.545000,P21,P12,OHT05,2025-10-01 08:13:37.600000,55,2025-10-01 08:14:25.800000,2025-10-01 08:14:25.800000,2025-10-01 08:14:33.800000,2025-10-01 08:14:33.800000,2025-10-01 08:15:50.200000,2025-10-01 08:15:50.200000,2025-10-01 08:15:58.200000,2025-10-01 08:15:58.200000,23176.5,51948.6,140.655,28;29;30;32;34;39;40;45,45;104;106;107;105;44;41;38;33;4;2;1;3;5;14;23;32;34;39;40;43,1,2800
3,HOSTTRANSFER-20251001081338773,FE-H0291,90,2025-10-01 08:13:38.773000,P34,P32,OHT15,2025-10-01 08:13:38.800000,27,2025-10-01 08:37:49,2025-10-01 08:37:49,2025-10-01 08:37:57,2025-10-01 08:37:57,2025-10-01 08:38:54,2025-10-01 08:38:54,2025-10-01 08:39:02,2025-10-01 08:39:02,6953.8,40303.0,1523.227,127;128;129,129;130;131;125;121;116,0,0
3,HOSTTRANSFER-20251001081341226,AL-H0067,50,2025-10-01 08:13:41.226000,P02,P01,OHT08,2025-10-01 08:13:53,11774,2025-10-01 08:16:04.800000,2025-10-01 08:16:04.800000,2025-10-01 08:16:12.800000,2025-10-01 08:16:12.800000,2025-10-01 08:16:22,2025-10-01 08:16:22,2025-10-01 08:16:30,2025-10-01 08:16:30,0.0,6408.0,168.774,8,8;7,0,0
3,HOSTTRANSFER-20251001081342173,AL-H0114,50,2025-10-01 08:13:42.173000,P15,P14,OHT13,2025-10-01 08:39:50.800000,1568627,2025-10-01 08:40:54,2025-10-01 08:40:54,2025-10-01 08:41:02,2025-10-01 08:41:02,2025-10-01 08:41:20,2025-10-01 08:41:20,2025-10-01 08:41:28,2025-10-01 08:41:28,18875.7,12628.1,1665.827,71;72;64;60;53,53,0,0
3,HOSTTRANSFER-20251001081343400,FE-H0297,50,2025-10-01 08:13:43.400000,P36,P21,OHT18,2025-10-01 08:13:43.400000,0,2025-10-01 08:40:38.200000,2025-10-01 08:40:38.200000,2025-10-01 08:40:46.200000,2025-10-01 08:40:46.200000,2025-10-01 08:44:14.400000,2025-10-01 08:44:14.400000,2025-10-01 08:44:22.400000,2025-10-01 08:44:22.400000,0.0,138278.0,1839.0,130,130;131;125;121;116;115;114;113;112;111;109;108;103;102;100;91;85;76;74;65;55;46;31;24;25;26;27;28;29;30;32;34;39;40;45,2,12400
3,HOSTTRANSFER-20251001081345035,FE-H0300,50,2025-10-01 08:13:45.035000,P14,P21,OHT20,2025-10-01 08:13:45.200000,165,2025-10-01 08:33:21.800000,2025-10-01 08:33:21.800000,2025-10-01 08:33:29.800000,2025-10-01 08:33:29.800000,2025-10-01 08:35:38.200000,2025-10-01 08:35:38.200000,2025-10-01 08:35:46.200000,2025-10-01 08:35:46.200000,12628.1,90113.6,1321.165,53,53;52;51;50;49;48;46;31;24;25;26;27;28;29;30;32;34;39;40;45,1,1000
3,HOSTTRANSFER-20251001081346065,FE-H0294,90,2025-10-01 08:13:46.065000,P34,P33,OHT19,2025-10-01 08:13:46.200000,135,2025-10-01 08:15:28.400000,2025-10-01 08:15:28.400000,2025-10-01 08:15:36.400000,2025-10-01 08:15:36.400000,2025-10-01 08:17:33.800000,2025-10-01 08:17:33.800000,2025-10-01 08:17:41.800000,2025-10-01 08:17:41.800000,48538.0,81887.2,235.735,116;115;114;113;112;118;122;127;128;129,129;130;131;125;121;116;115;114;113;112;118;122;127,1,1600
3,HOSTTRANSFER-20251001081350803,AL-H0001,50,2025-10-01 08:13:50.803000,P16,P06,OHT06,2025-10-01 08:24:42.400000,651597,2025-10-01 08:44:07.600000,2025-10-01 08:44:07.600000,2025-10-01 08:44:15.600000,2025-10-01 08:44:15.600000,2025-10-01 08:46:19,2025-10-01 08:46:19,2025-10-01 08:46:27,2025-10-01 08:46:27,56606.6,85686.4,1956.197,116;115;114;113;112;111;109;108;103;102;100;91;85;76;74;67;68,68;69;62;58;50;49;48;46;31;24;25;26;27;28;29;22;18;12;11,2,7800
3,HOSTTRANSFER-20251001081352241,FE-H0046,50,2025-10-01 08:13:52.241000,P36,P34,OHT15,2025-10-01 08:13:52.400000,159,2025-10-01 08:17:41.600000,2025-10-01 08:17:41.600000,2025-10-01 08:17:49.600000,2025-10-01 08:17:49.600000,2025-10-01 08:20:05,2025-10-01 08:20:05,2025-10-01 08:20:13,2025-10-01 08:20:13,0.0,67511.0,380.759,130,130;131;125;121;116;115;114;113;112;118;122;127;128;129,5,38400
3,HOSTTRANSFER-20251001081355364,AL-H0055,50,2025-10-01 08:13:55.364000,P06,P16,OHT01,2025-10-01 08:57:50,2634636,2025-10-01 09:00:15,2025-10-01 09:00:15,2025-10-01 09:00:23,2025-10-01 09:00:23,2025-10-01 09:03:02,2025-10-01 09:03:02,2025-10-01 09:03:10,2025-10-01 09:03:10,5298.0,110944.6,2954.636,12;11,11;10;9;17;21;28;29;30;32;34;39;40;43;47;54;53;52;51;50;49;57;61;68,2,2200
3,HOSTTRANSFER-20251001081356446,FE-H0018,50,2025-10-01 08:13:56.446000,P31,P23,OHT09,2025-10-01 08:13:56.600000,154,2025-10-01 08:27:09.800000,2025-10-01 08:27:09.800000,2025-10-01 08:27:17.800000,2025-10-01 08:27:17.800000,2025-10-01 08:29:53.800000,2025-10-01 08:29:53.800000,2025-10-01 08:30:01.800000,2025-10-01 08:30:01.800000,12670.0,96481.2,965.354,116,116;115;114;113;112;111;109;108;103;102;100;93;94;95;96;97;98;90;83,3,19200
3,HOSTTRANSFER-20251001081358849,AL-H0020,53,2025-10-01 08:13:58.849000,P14,P03,OHT08,2025-10-01 08:13:59,151,2025-10-01 08:37:46,2025-10-01 08:37:46,2025-10-01 08:37:54,2025-10-01 08:37:54,2025-10-01 08:40:24.800000,2025-10-01 08:40:24.800000,2025-10-01 08:40:32.800000,2025-10-01 08:40:32.800000,0.0,106938.8,1593.951,53,53;52;51;50;49;48;46;31;24;25;26;27;28;29;22;18;12;11;10;9,0,0
3,HOSTTRANSFER-20251001081400598,AL-H0023,50,2025-10-01 08:14:00.598000,P11,P06,OHT01,2025-10-01 08:14:00.600000,2,2025-10-01 08:17:05.600000,2025-10-01 08:17:05.600000,2025-10-01 08:17:13.600000,2025-10-01 08:17:13.600000,2025-10-01 08:17:42.600000,2025-10-01 08:17:42.600000,2025-10-01 08:17:50.600000,2025-10-01 08:17:50.600000,12858.9,20433.5,230.002,28,28;29;22;18;12;11,0,0
3,HOSTTRANSFER-20251001081402118,FE-H0266,50,2025-10-01 08:14:02.118000,P30,P32,OHT16,2025-10-01 08:14:02.200000,82,2025-10-01 08:45:31.200000,2025-10-01 08:45:31.200000,2025-10-01 08:45:39.200000,2025-10-01 08:45:39.200000,2025-10-01 08:47:12.400000,2025-10-01 08:47:12.400000,2025-10-01 08:47:20.400000,2025-10-01 08:47:20.400000,22767.2,66073.8,1998.282,116;115;114,114;113;112;118;122;127;128;129;130;131;125;121;116,0,0
3,HOSTTRANSFER-20251001081404141,AL-H0023,50,2025-10-01 08:14:04.141000,P06,P15,OHT03,2025-10-01 08:17:50.600000,226459,2025-10-01 08:35:16,2025-10-01 08:35:16,2025-10-01 08:35:24,2025-10-01 08:35:24,2025-10-01 08:37:01.800000,2025-10-01 08:37:01.800000,2025-10-01 08:37:09.800000,2025-10-01 08:37:09.800000,0.0,69342.3,1385.659,11,11;10;9;17;21;28;29;30;32;34;39;40;43;47;54;53,0,0
3,HOSTTRANSFER-20251001081404362,FE-H0309,50,2025-10-01 08:14:04.362000,P27,P31,OHT12,2025-10-01 08:14:04.400000,38,2025-10-01 08:41:10,2025-10-01 08:41:10,2025-10-01 08:41:18,2025-10-01 08:41:18,2025-10-01 08:42:14.400000,2025-10-01 08:42:14.400000,2025-10-01 08:42:22.400000,2025-10-01 08:42:22.400000,12880.0,39942.2,1698.038,97,97;98;99;101;110;117;116,0,0
3,HOSTTRANSFER-20251001081407529,FE-H0314,53,2025-10-01 08:14:07.529000,P23,P27,OHT12,2025-10-01 08:14:07.600000,71,2025-10-01 08:15:48.400000,2025-10-01 08:15:48.400000,2025-10-01 08:15:56.400000,2025-10-01 08:15:56.400000,2025-10-01 08:16:40.600000,2025-10-01 08:16:40.600000,2025-10-01 08:16:48.600000,2025-10-01 08:16:48.600000,0.0,31171.2,161.071,83,83;82;89;97,0,0
3,HOSTTRANSFER-20251001081409587,FE-H0312,50,2025-10-01 08:14:09.587000,P26,P23,OHT12,2025-10-01 08:14:09.600000,13,2025-10-01 08:14:30.600000,2025-10-01 08:14:30.600000,2025-10-01 08:14:38.600000,2025-10-01 08:14:38.600000,2025-10-01 08:15:40.400000,2025-10-01 08:15:40.400000,2025-10-01 08:15:48.400000,2025-10-01 08:15:48.400000,0.0,43785.2,98.813,97,97;98;90;83,0,0
3,HOSTTRANSFER-20251001081411474,FE-H0319,50,2025-10-01 08:14:11.474000,P16,P21,OHT11,2025-10-01 08:14:11.600000,126,2025-10-01 08:18:10.800000,2025-10-01 08:18:10.800000,2025-10-01 08:18:18.800000,2025-10-01 08:18:18.800000,2025-10-01 08:20:30,2025-10-01 08:20:30,2025-10-01 08:20:38,2025-10-01 08:20:38,0.0,88429.4,386.526,68,68;69;62;58;50;49;48;46;31;24;25;26;27;28;29;30;32;34;39;40;45,4,5400
3,HOSTTRANSFER-20251001081414708,FE-H0323,53,2025-10-01 08:14:14.708000,P21,P27,OHT14,2025-10-01 08:14:14.800000,92,2025-10-01 08:55:58,2025-10-01 08:55:58,2025-10-01 08:56:06,2025-10-01 08:56:06,2025-10-01 08:58:46.600000,2025-10-01 08:58:46.600000,2025-10-01 08:58:54.600000,2025-10-01 08:58:54.600000,0.0,113853.8,2679.892,45,45;104;106;107;105;44;41;38;33;4;2;1;3;5;14;23;32;34;39;40;43;47;56;66;75;77;84;83;82;89;97,0,0
3,HOSTTRANSFER-20251001081417383,FE-H0324,50,2025-10-01 08:14:17.383000,P28,P26,OHT04,2025-10-01 08:14:17.400000,17,2025-10-01 08:46:43.800000,2025-10-01 08:46:43.800000,2025-10-01 08:46:51.800000,2025-10-01 08:46:51.800000,2025-10-01 08:48:56.600000,2025-10-01 08:48:56.600000,2025-10-01 08:49:04.600000,2025-10-01 08:49:04.600000,0.0,84373.1,2087.217,98,98;99;101;110;117;116;115;114;113;112;111;109;108;103;102;100;93;94;95;96;97,2,5200
3,HOSTTRANSFER-20251001081420126,AL-H0095,53,2025-10-01 08:14:20.126000,P14,P21,OHT06,2025-10-01 08:14:20.200000,74,2025-10-01 08:15:35.600000,2025-10-01 08:15:35.600000,2025-10-01 08:15:43.600000,2025-10-01 08:15:43.600000,2025-10-01 08:17:50.800000,2025-10-01 08:17:50.800000,2025-10-01 08:17:58.800000,2025-10-01 08:17:58.800000,39952.5,90113.6,218.674,28;29;30;32;34;39;40;43;47;54;53,53;52;51;50;49;48;46;31;24;25;26;27;28;29;30;32;34;39;40;45,0,0
3,HOSTTRANSFER-20251001081422295,AL-H0003,53,2025-10-01 08:14:22.295000,P14,P08,OHT17,2025-10-01 08:22:15.400000,473105,2025-10-01 08:26:26,2025-10-01 08:26:26,2025-10-01 08:26:34,2025-10-01 08:26:34,2025-10-01 08:27:28.200000,2025-10-01 08:27:28.200000,2025-10-01 08:27:36.200000,2025-10-01 08:27:36.200000,0.0,38350.4,793.905,53,53;52;51;50;49;48;46;31;24;25,0,0
3,HOSTTRANSFER-20251001081425395,FE-H0329,53,2025-10-01 08:14:25.395000,P31,P32,OHT07,2025-10-01 08:14:25.400000,5,2025-10-01 08:18:07.600000,2025-10-01 08:18:07.600000,2025-10-01 08:18:15.600000,2025-10-01 08:18:15.600000,2025-10-01 08:19:33.400000,2025-10-01 08:19:33.400000,2025-10-01 08:19:41.400000,2025-10-01 08:19:41.400000,0.0,50454.8,316.005,116,116;115;120;124;130;131;125;121;116,2,6000
3,HOSTTRANSFER-20251001081428196,AL-H0069,50,2025-10-01 08:14:28.196000,P02,P09,OHT04,2025-10-01 08:14:28.200000,4,2025-10-01 08:20:14,2025-10-01 08:20:14,2025-10-01 08:20:22,2025-10-01 08:20:22,2025-10-01 08:20:57.600000,2025-10-01 08:20:57.600000,2025-10-01 08:21:05.600000,2025-10-01 08:21:05.600000,370.0,25189.1,397.404,9;8,8;7;6;15;19;25;26,1,200
3,HOSTTRANSFER-20251001081430426,AL-H0039,50,2025-10-01 08:14:30.426000,P13,P14,OHT18,2025-10-01 09:00:42.400000,2771974,2025-10-01 09:01:50.600000,2025-10-01 09:01:50.600000,2025-10-01 09:01:58.600000,2025-10-01 09:01:58.600000,2025-10-01 09:03:42,2025-10-01 09:03:42,2025-10-01 09:03:50,2025-10-01 09:03:50,48303.6,73325.2,2959.574,114;113;112;111;109;108;103;102;100;91;85;76;74;67;68;69;62;58;50,50;49;57;61;68;69;70;71;72;64;60;53,0,0
3,HOSTTRANSFER-20251001081432346,FE-H0331,50,2025-10-01 08:14:32.346000,P26,P23,OHT10,2025-10-01 08:14:32.400000,54,2025-10-01 08:24:55.600000,2025-10-01 08:24:55.600000,2025-10-01 08:25:03.600000,2025-10-01 08:25:03.600000,2025-10-01 08:26:05.400000,2025-10-01 08:26:05.400000,2025-10-01 08:26:13.400000,2025-10-01 08:26:13.400000,0.0,43785.2,701.054,97,97;98;90;83,0,0
3,HOSTTRANSFER-20251001081434215,AL-H0018,50,2025-10-01 08:14:34.215000,P16,P08,OHT02,2025-10-01 08:14:34.400000,185,2025-10-01 08:45:55.800000,2025-10-01 08:45:55.800000,2025-10-01 08:46:03.800000,2025-10-01 08:46:03.800000,2025-10-01 08:46:55.600000,2025-10-01 08:46:55.600000,2025-10-01 08:47:03.600000,2025-10-01 08:47:03.600000,13265.0,36666.2,1949.385,50;49;57;61;68,68;69;62;58;50;49;48;46;31;24;25,0,0
3,HOSTTRANSFER-20251001081438590,FE-H0232,50,2025-10-01 08:14:38.590000,P35,P31,OHT18,2025-10-01 08:14:38.600000,10,2025-10-01 08:30:03.400000,2025-10-01 08:30:03.400000,2025-10-01 08:30:11.400000,2025-10-01 08:30:11.400000,2025-10-01 08:31:15,2025-10-01 08:31:15,2025-10-01 08:31:23,2025-10-01 08:31:23,0.0,44946.0,1004.41,130,130;131;125;121;116,0,0
3,HOSTTRANSFER-20251001081442898,AL-H0120,50,2025-10-01 08:14:42.898000,P15,P06,OHT03,2025-10-01 08:14:43,102,2025-10-01 08:32:39,2025-10-01 08:32:39,2025-10-01 08:32:47,2025-10-01 08:32:47,2025-10-01 08:35:08,2025-10-01 08:35:08,2025-10-01 08:35:16,2025-10-01 08:35:16,0.0,99998.7,1233.102,53,53;52;51;50;49;48;46;31;24;25;26;27;28;29;22;18;12;11,0,0
3,HOSTTRANSFER-20251001081446574,FE-H0336,90,2025-10-01 08:14:46.574000,P34,P26,OHT15,2025-10-01 08:14:46.600000,26,2025-10-01 08:46:29.800000,2025-10-01 08:46:29.800000,2025-10-01 08:46:37.800000,2025-10-01 08:46:37.800000,2025-10-01 08:49:15,2025-10-01 08:49:15,2025-10-01 08:49:23,2025-10-01 08:49:23,0.0,105669.0,2076.426,129,129;130;131;125;121;116;115;114;113;112;111;109;108;103;102;100;93;94;95;96;97,3,7200
3,HOSTTRANSFER-20251001081448417,AL-H0121,50,2025-10-01 08:14:48.417000,P06,P20,OHT11,2025-10-01 08:14:48.600000,183,2025-10-01 08:37:57.400000,2025-10-01 08:37:57.400000,2025-10-01 08:38:05.400000,2025-10-01 08:38:05.400000,2025-10-01 08:40:45.400000,2025-10-01 08:40:45.400000,2025-10-01 08:40:53.400000,2025-10-01 08:40:53.400000,49182.4,113461.0,1564.983,10;9;17;21;28;29;22;18;12;11,11;10;9;17;21;28;29;30;32;34;39;40;43;47;54;53;52;59;63;71,0,0
3,HOSTTRANSFER-20251001081451382,FE-H0026,50,2025-10-01 08:14:51.382000,P32,P33,OHT07,2025-10-01 08:14:51.400000,18,2025-10-01 08:19:41.400000,2025-10-01 08:19:41.400000,2025-10-01 08:19:49.400000,2025-10-01 08:19:49.400000,2025-10-01 08:20:48.200000,2025-10-01 08:20:48.200000,2025-10-01 08:20:56.200000,2025-10-01 08:20:56.200000,0.0,41584.2,364.818,116,116;115;114;113;112;118;122;127,0,0
3,HOSTTRANSFER-20251001081453947,FE-H0129,50,2025-10-01 08:14:53.947000,P33,P29,OHT09,2025-10-01 08:14:54,53,2025-10-01 08:16:08.600000,2025-10-01 08:16:08.600000,2025-10-01 08:16:16.600000,2025-10-01 08:16:16.600000,2025-10-01 08:16:35.400000,2025-10-01 08:16:35.400000,2025-10-01 08:16:43.400000,2025-10-01 08:16:43.400000,28914.2,13191.8,109.453,116;115;114;113;112;118;122;127,127;128;123;119;113,0,0
3,HOSTTRANSFER-20251001081456526,FE-H0149,50,2025-10-01 08:14:56.526000,P27,P24,OHT12,2025-10-01 08:14:56.600000,74,2025-10-01 08:18:32.600000,2025-10-01 08:18:32.600000,2025-10-01 08:18:40.600000,2025-10-01 08:18:40.600000,2025-10-01 08:19:07,2025-10-01 08:19:07,2025-10-01 08:19:15,2025-10-01 08:19:15,12880.0,18542.2,258.474,97,97;98;90;83,0,0
3,HOSTTRANSFER-20251001081500096,FE-H0239,50,2025-10-01 08:15:00.096000,P29,P23,OHT19,2025-10-01 08:15:00.200000,104,2025-10-01 08:25:26,2025-10-01 08:25:26,2025-10-01 08:25:34,2025-10-01 08:25:34,2025-10-01 08:27:28.200000,2025-10-01 08:27:28.200000,2025-10-01 08:27:36.200000,2025-10-01 08:27:36.200000,0.0,80861.0,756.104,113,113;112;111;109;108;103;102;100;93;94;95;96;97;98;90;83,0,0
3,HOSTTRANSFER-20251001081504052,AL-H0033,50,2025-10-01 08:15:04.052000,P20,P16,OHT03,2025-10-01 08:15:33.800000,29748,2025-10-01 08:16:32.200000,2025-10-01 08:16:32.200000,2025-10-01 08:16:40.200000,2025-10-01 08:16:40.200000,2025-10-01 08:18:21.200000,2025-10-01 08:18:21.200000,2025-10-01 08:18:29.200000,2025-10-01 08:18:29.200000,21553.4,60478.0,205.148,70;71,71;72;64;60;53;52;51;50;49;57;61;68,3,14800
3,HOSTTRANSFER-20251001081515901,FE-H0291,99,2025-10-01 08:15:15.901000,P32,P33,OHT16,2025-10-01 08:39:02,1426099,2025-10-01 08:41:43.800000,2025-10-01 08:41:43.800000,2025-10-01 08:41:51.800000,2025-10-01 08:41:51.800000,2025-10-01 08:42:50.600000,2025-10-01 08:42:50.600000,2025-10-01 08:42:58.600000,2025-10-01 08:42:58.600000,0.0,41584.2,1662.699,116,116;115;114;113;112;118;122;127,0,0
3,HOSTTRANSFER-20251001081522303,FE-H0298,50,2025-10-01 08:15:22.303000,P29,P36,OHT16,2025-10-01 08:15:22.400000,97,2025-10-01 08:17:41.200000,2025-10-01 08:17:41.200000,2025-10-01 08:17:49.200000,2025-10-01 08:17:49.200000,2025-10-01 08:18:48,2025-10-01 08:18:48,2025-10-01 08:18:56,2025-10-01 08:18:56,0.0,41577.8,213.697,113,113;112;118;122;127;128;129;130,0,0
3,HOSTTRANSFER-20251001081526414,FE-H0339,90,2025-10-01 08:15:26.414000,P34,P32,OHT15,2025-10-01 08:15:26.600000,186,2025-10-01 08:20:13,2025-10-01 08:20:13,2025-10-01 08:20:21,2025-10-01 08:20:21,2025-10-01 08:21:18,2025-10-01 08:21:18,2025-10-01 08:21:26,2025-10-01 08:21:26,0.0,40303.0,359.586,129,129;130;131;125;121;116,0,0
3,HOSTTRANSFER-20251001081532437,FE-H0304,99,2025-10-01 08:15:32.437000,P33,P31,OHT10,2025-10-01 08:15:32.600000,163,2025-10-01 08:16:24.400000,2025-10-01 08:16:24.400000,2025-10-01 08:16:32.400000,2025-10-01 08:16:32.400000,2025-10-01 08:18:18,2025-10-01 08:18:18,2025-10-01 08:18:26,2025-10-01 08:18:26,18817.0,59926.8,173.563,114;113;112;118;122;127,127;128;129;130;131;125;121;116,4,20000
3,HOSTTRANSFER-20251001081534730,FE-H0254,50,2025-10-01 08:15:34.730000,P31,P32,OHT18,2025-10-01 08:15:34.800000,70,2025-10-01 08:16:19,2025-10-01 08:16:19,2025-10-01 08:16:27,2025-10-01 08:16:27,2025-10-01 08:17:53,2025-10-01 08:17:53,2025-10-01 08:18:01,2025-10-01 08:18:01,0.0,50454.8,146.27,116,116;115;120;124;130;131;125;121;116,2,14200
3,HOSTTRANSFER-20251001081538012,AL-H0120,50,2025-10-01 08:15:38.012000,P06,P04,OHT11,2025-10-01 08:35:16,1177988,2025-10-01 08:36:09.800000,2025-10-01 08:36:09.800000,2025-10-01 08:36:17.800000,2025-10-01 08:36:17.800000,2025-10-01 08:36:40,2025-10-01 08:36:40,2025-10-01 08:36:48,2025-10-01 08:36:48,20433.5,13269.0,1269.988,28;29;22;18;12;11,11;10,1,2800
3,HOSTTRANSFER-20251001081539824,AL-H0023,50,2025-10-01 08:15:39.824000,P15,P06,OHT02,2025-10-01 08:37:09.800000,1289976,2025-10-01 08:40:26,2025-10-01 08:40:26,2025-10-01 08:40:34,2025-10-01 08:40:34,2025-10-01 08:42:55,2025-10-01 08:42:55,2025-10-01 08:43:03,2025-10-01 08:43:03,56073.3,99998.7,1643.176,10;9;17;21;28;29;30;32;34;39;40;43;47;54;53,53;52;51;50;49;48;46;31;24;25;26;27;28;29;22;18;12;11,0,0
3,HOSTTRANSFER-20251001081541858,FE-H0345,90,2025-10-01 08:15:41.858000,P34,P33,OHT07,2025-10-01 08:15:42,142,2025-10-01 08:43:19,2025-10-01 08:43:19,2025-10-01 08:43:27,2025-10-01 08:43:27,2025-10-01 08:45:22.600000,2025-10-01 08:45:22.600000,2025-10-01 08:45:30.600000,2025-10-01 08:45:30.600000,6953.8,81887.2,1788.742,127;128;129,129;130;131;125;121;116;115;114;113;112;118;122;127,0,0
3,HOSTTRANSFER-20251001081543272,AL-H0095,50,2025-10-01 08:15:43.272000,P21,P14,OHT01,2025-10-01 08:17:58.800000,135528,2025-10-01 08:27:50.400000,2025-10-01 08:27:50.400000,2025-10-01 08:27:58.400000,2025-10-01 08:27:58.400000,2025-10-01 08:29:44.800000,2025-10-01 08:29:44.800000,2025-10-01 08:29:52.800000,2025-10-01 08:29:52.800000,0.0,75446.6,849.528,45,45;104;106;107;105;44;41;38;33;4;2;1;3;5;14;23;32;34;39;40;43;47;54;53,0,0
3,HOSTTRANSFER-20251001081543794,AL-H0115,50,2025-10-01 08:15:43.794000,P04,P01,OHT01,2025-10-01 08:15:43.800000,6,2025-10-01 08:18:09.600000,2025-10-01 08:18:09.600000,2025-10-01 08:18:17.600000,2025-10-01 08:18:17.600000,2025-10-01 08:18:36.200000,2025-10-01 08:18:36.200000,2025-10-01 08:18:44.200000,2025-10-01 08:18:44.200000,13269.0,13077.2,180.406,11;10,10;9;8;7,0,0
3,HOSTTRANSFER-20251001081546131,AL-H0114,53,2025-10-01 08:15:46.131000,P04,P11,OHT08,2025-10-01 08:41:28,1541869,2025-10-01 08:42:45,2025-10-01 08:42:45,2025-10-01 08:42:53,2025-10-01 08:42:53,2025-10-01 08:43:37.600000,2025-10-01 08:43:37.600000,2025-10-01 08:43:45.600000,2025-10-01 08:43:45.600000,0.0,28748.9,1679.469,10,10;9;17;21;28,1,3600
3,HOSTTRANSFER-20251001081549857,FE-H0347,90,2025-10-01 08:15:49.857000,P34,P33,OHT06,2025-10-01 08:15:50,143,2025-10-01 08:36:34.800000,2025-10-01 08:36:34.800000,2025-10-01 08:36:42.800000,2025-10-01 08:36:42.800000,2025-10-01 08:38:38.400000,2025-10-01 08:38:38.400000,2025-10-01 08:38:46.400000,2025-10-01 08:38:46.400000,0.0,81887.2,1376.543,129,129;130;131;125;121;116;115;114;113;112;118;122;127,0,0
3,HOSTTRANSFER-20251001081551819,AL-H0117,50,2025-10-01 08:15:51.819000,P21,P16,OHT20,2025-10-01 08:15:52,181,2025-10-01 08:35:46.200000,2025-10-01 08:35:46.200000,2025-10-01 08:35:54.200000,2025-10-01 08:35:54.200000,2025-10-01 08:38:38.800000,2025-10-01 08:38:38.800000,2025-10-01 08:38:46.800000,2025-10-01 08:38:46.800000,0.0,104420.8,1374.981,45,45;104;106;107;105;44;41;38;33;4;2;1;3;5;14;23;32;34;39;40;43;47;54;53;52;51;50;49;57;61;68,2,17000
3,HOSTTRANSFER-20251001081554741,FE-H0349,50,2025-10-01 08:15:54.741000,P32,P34,OHT16,2025-10-01 08:15:54.800000,59,2025-10-01 08:19:23,2025-10-01 08:19:23,2025-10-01 08:19:31,2025-10-01 08:19:31,2025-10-01 08:20:39.600000,2025-10-01 08:20:39.600000,2025-10-01 08:20:47.600000,2025-10-01 08:20:47.600000,18973.0,48538.0,292.859,130;131;125;121;116,116;115;114;113;112;118;122;127;128;129,0,0
3,HOSTTRANSFER-20251001081558870,FE-H0284,50,2025-10-01 08:15:58.870000,P30,P31,OHT07,2025-10-01 08:22:02.200000,363330,2025-10-01 08:37:29.800000,2025-10-01 08:37:29.800000,2025-10-01 08:37:37.800000,2025-10-01 08:37:37.800000,2025-10-01 08:39:32.400000,2025-10-01 08:39:32.400000,2025-10-01 08:39:40.400000,2025-10-01 08:39:40.400000,0.0,78743.8,1421.53,114,114;113;112;118;122;127;128;129;130;131;125;121;116,2,3000
3,HOSTTRANSFER-20251001081601087,AL-H0137,53,2025-10-01 08:16:01.087000,P21,P06,OHT11,2025-10-01 08:16:01.200000,113,2025-10-01 08:20:38,2025-10-01 08:20:38,2025-10-01 08:20:46,2025-10-01 08:20:46,2025-10-01 08:22:02,2025-10-01 08:22:02,2025-10-01 08:22:10,2025-10-01 08:22:10,0.0,53837.6,368.913,45,45;104;106;107;105;44;41;38;33;4;2;1;3;5;13;12;11,0,0
3,HOSTTRANSFER-20251001081603029,FE-H0354,50,2025-10-01 08:16:03.029000,P32,P33,OHT18,2025-10-01 08:16:03.200000,171,2025-10-01 08:18:01,2025-10-01 08:18:01,2025-10-01 08:18:09,2025-10-01 08:18:09,2025-10-01 08:19:17.400000,2025-10-01 08:19:17.400000,2025-10-01 08:19:25.400000,2025-10-01 08:19:25.400000,0.0,41584.2,202.371,116,116;115;114;113;112;118;122;127,4,8400
3,HOSTTRANSFER-20251001081604512,FE-H0333,99,2025-10-01 08:16:04.512000,P33,P34,OHT10,2025-10-01 08:16:04.600000,88,2025-10-01 08:19:07,2025-10-01 08:19:07,2025-10-01 08:19:15,2025-10-01 08:19:15,2025-10-01 08:19:25,2025-10-01 08:19:25,2025-10-01 08:19:33,2025-10-01 08:19:33,28914.2,6953.8,208.488,116;115;114;113;112;118;122;127,127;128;129,0,0
3,HOSTTRANSFER-20251001081607621,AL-H0137,50,2025-10-01 08:16:07.621000,P06,P16,OHT06,2025-10-01 08:22:10,362379,2025-10-01 08:46:27,2025-10-01 08:46:27,2025-10-01 08:46:35,2025-10-01 08:46:35,2025-10-01 08:49:14.800000,2025-10-01 08:49:14.800000,2025-10-01 08:49:22.800000,2025-10-01 08:49:22.800000,0.0,110944.6,1995.179,11,11;10;9;17;21;28;29;30;32;34;39;40;43;47;54;53;52;51;50;49;57;61;68,3,2400
3,HOSTTRANSFER-20251001081609719,AL-H0132,50,2025-10-01 08:16:09.719000,P14,P15,OHT02,2025-10-01 08:16:09.800000,81,2025-10-01 08:17:37.800000,2025-10-01 08:17:37.800000,2025-10-01 08:17:45.800000,2025-10-01 08:17:45.800000,2025-10-01 08:18:57,2025-10-01 08:18:57,2025-10-01 08:19:05,2025-10-01 08:19:05,0.0,50366.3,175.281,53,53;52;59;63;71;72;64;60;53,0,0
3,HOSTTRANSFER-20251001081611342,FE-H0361,53,2025-10-01 08:16:11.342000,P23,P26,OHT19,2025-10-01 08:16:11.400000,58,2025-10-01 08:31:20,2025-10-01 08:31:20,2025-10-01 08:31:28,2025-10-01 08:31:28,2025-10-01 08:31:54,2025-10-01 08:31:54,2025-10-01 08:32:02,2025-10-01 08:32:02,43785.2,18291.2,950.658,97;98;90;83,83;82;89;97,0,0
3,HOSTTRANSFER-20251001081615101,FE-H0346,50,2025-10-01 08:16:15.101000,P32,P25,OHT04,2025-10-01 08:16:15.200000,99,2025-10-01 08:33:00.600000,2025-10-01 08:33:00.600000,2025-10-01 08:33:08.600000,2025-10-01 08:33:08.600000,2025-10-01 08:34:19,2025-10-01 08:34:19,2025-10-01 08:34:27,2025-10-01 08:34:27,0.0,49806.2,1091.899,116,116;115;114;113;112;111;109;108;103;102;100;93;94,0,0
3,HOSTTRANSFER-20251001081618368,FE-H0365,53,2025-10-01 08:16:18.368000,P23,P26,OHT10,2025-10-01 08:16:18.400000,32,2025-10-01 08:26:13.400000,2025-10-01 08:26:13.400000,2025-10-01 08:26:21.400000,2025-10-01 08:26:21.400000,2025-10-01 08:26:47.400000,2025-10-01 08:26:47.400000,2025-10-01 08:26:55.400000,2025-10-01 08:26:55.400000,0.0,18291.2,637.032,83,83;82;89;97,0,0
3,HOSTTRANSFER-20251001081621345,FE-H0365,50,2025-10-01 08:16:21.345000,P26,P23,OHT09,2025-10-01 08:26:55.400000,634055,2025-10-01 08:30:43.800000,2025-10-01 08:30:43.800000,2025-10-01 08:30:51.800000,2025-10-01 08:30:51.800000,2025-10-01 08:31:53.600000,2025-10-01 08:31:53.600000,2025-10-01 08:32:01.600000,2025-10-01 08:32:01.600000,0.0,43785.2,940.255,97,97;98;90;83,0,0
3,HOSTTRANSFER-20251001081623850,AL-H0126,53,2025-10-01 08:16:23.850000,P21,P12,OHT05,2025-10-01 08:16:24,150,2025-10-01 08:20:56.400000,2025-10-01 08:20:56.400000,2025-10-01 08:21:04.400000,2025-10-01 08:21:04.400000,2025-10-01 08:22:21.400000,2025-10-01 08:22:21.400000,2025-10-01 08:22:29.400000,2025-10-01 08:22:29.400000,0.0,51948.6,365.55,45,45;104;106;107;105;44;41;38;33;4;2;1;3;5;14;23;32;34;39;40;43,1,3400
3,HOSTTRANSFER-20251001081627304,FE-H0374,50,2025-10-01 08:16:27.304000,P32,P29,OHT15,2025-10-01 08:16:27.400000,96,2025-10-01 08:21:26,2025-10-01 08:21:26,2025-10-01 08:21:34,2025-10-01 08:21:34,2025-10-01 08:22:14,2025-10-01 08:22:14,2025-10-01 08:22:22,2025-10-01 08:22:22,0.0,28290.2,354.696,116,116;115;114;113,0,0
3,HOSTTRANSFER-20251001081631018,FE-H0375,50,2025-10-01 08:16:31.018000,P25,P32,OHT12,2025-10-01 08:16:31.200000,182,2025-10-01 08:20:29.400000,2025-10-01 08:20:29.400000,2025-10-01 08:20:37.400000,2025-10-01 08:20:37.400000,2025-10-01 08:21:56.400000,2025-10-01 08:21:56.400000,2025-10-01 08:22:04.400000,2025-10-01 08:22:04.400000,0.0,55712.0,333.382,94,94;95;96;97;98;99;101;110;117;116,1,200
3,HOSTTRANSFER-20251001081633636,AL-H0070,50,2025-10-01 08:16:33.636000,P19,P01,OHT18,2025-10-01 09:05:04.200000,2910564,2025-10-01 09:05:09.600000,2025-10-01 09:05:09.600000,2025-10-01 09:05:17.600000,2025-10-01 09:05:17.600000,2025-10-01 09:07:33.800000,2025-10-01 09:07:33.800000,2025-10-01 09:07:41.800000,2025-10-01 09:07:41.800000,3710.5,96607.1,3068.164,71,71;72;64;60;53;52;51;50;49;48;46;31;24;25;26;20;16;7,0,0
3,HOSTTRANSFER-20251001081634836,AL-H0077,53,2025-10-01 08:16:34.836000,P04,P09,OHT09,2025-10-01 08:56:36.200000,2401364,2025-10-01 08:56:46.800000,2025-10-01 08:56:46.800000,2025-10-01 08:56:54.800000,2025-10-01 08:56:54.800000,2025-10-01 08:57:39.800000,2025-10-01 08:57:39.800000,2025-10-01 08:57:47.800000,2025-10-01 08:57:47.800000,0.0,31858.3,2472.964,10,10;9;8;7;6;15;19;25;26,0,0
3,HOSTTRANSFER-20251001081636926,FE-H0336,99,2025-10-01 08:16:36.926000,P26,P33,OHT19,2025-10-01 08:49:23,1966074,2025-10-01 08:53:49.200000,2025-10-01 08:53:49.200000,2025-10-01 08:53:57.200000,2025-10-01 08:53:57.200000,2025-10-01 08:55:52.600000,2025-10-01 08:55:52.600000,2025-10-01 08:56:00.600000,2025-10-01 08:56:00.600000,50267.6,81736.4,2363.674,127;128;123;119;113;112;111;109;108;103;102;100;93;94;95;96;97,97;98;99;101;110;117;116;115;114;113;112;118;122;127,0,0
3,HOSTTRANSFER-20251001081640503,AL-H0095,50,2025-10-01 08:16:40.503000,P01,P04,OHT02,2025-10-01 08:29:52.800000,792297,2025-10-01 08:34:18.800000,2025-10-01 08:34:18.800000,2025-10-01 08:34:26.800000,2025-10-01 08:34:26.800000,2025-10-01 08:36:21.600000,2025-10-01 08:36:21.600000,2025-10-01 08:36:29.600000,2025-10-01 08:36:29.600000,0.0,75414.2,1189.097,7,7;6;15;19;25;26;27;28;29;22;18;12;11;10,2,7800
3,HOSTTRANSFER-20251001081643075,FE-H0378,90,2025-10-01 08:16:43.075000,P34,P33,OHT09,2025-10-01 08:16:43.200000,125,2025-10-01 08:17:12.200000,2025-10-01 08:17:12.200000,2025-10-01 08:17:20.200000,2025-10-01 08:17:20.200000,2025-10-01 08:19:37.800000,2025-10-01 08:19:37.800000,2025-10-01 08:19:45.800000,2025-10-01 08:19:45.800000,20247.8,81887.2,182.725,113;112;118;122;127;128;129,129;130;131;125;121;116;115;114;113;112;118;122;127,5,20600
3,HOSTTRANSFER-20251001081645980,AL-H0139,50,2025-10-01 08:16:45.980000,P17,P18,OHT03,2025-10-01 08:16:46,20,2025-10-01 08:19:34,2025-10-01 08:19:34,2025-10-01 08:19:42,2025-10-01 08:19:42,2025-10-01 08:19:42.600000,2025-10-01 08:19:42.600000,2025-10-01 08:19:50.600000,2025-10-01 08:19:50.600000,0.0,280.0,184.62,70,70,0,0
3,HOSTTRANSFER-20251001081648243,AL-H0100,50,2025-10-01 08:16:48.243000,P20,P05,OHT01,2025-10-01 08:16:48.400000,157,2025-10-01 08:48:48,2025-10-01 08:48:48,2025-10-01 08:48:56,2025-10-01 08:48:56,2025-10-01 08:51:51.400000,2025-10-01 08:51:51.400000,2025-10-01 08:51:59.400000,2025-10-01 08:51:59.400000,28556.4,124353.4,2111.157,68;69;70;71,71;72;64;60;53;52;51;50;49;48;46;31;24;25;26;27;28;29;22;18;12;11;10,0,0
3,HOSTTRANSFER-20251001081651751,FE-H0344,99,2025-10-01 08:16:51.751000,P33,P34,OHT18,2025-10-01 08:16:51.800000,49,2025-10-01 08:19:25.400000,2025-10-01 08:19:25.400000,2025-10-01 08:19:33.400000,2025-10-01 08:19:33.400000,2025-10-01 08:19:45,2025-10-01 08:19:45,2025-10-01 08:19:53,2025-10-01 08:19:53,0.0,6953.8,181.249,127,127;128;129,1,1400
3,HOSTTRANSFER-20251001081654825,FE-H0383,53,2025-10-01 08:16:54.825000,P33,P29,OHT19,2025-10-01 08:16:55,175,2025-10-01 08:17:41.800000,2025-10-01 08:17:41.800000,2025-10-01 08:17:49.800000,2025-10-01 08:17:49.800000,2025-10-01 08:18:08.600000,2025-10-01 08:18:08.600000,2025-10-01 08:18:16.600000,2025-10-01 08:18:16.600000,0.0,13191.8,81.775,127,127;128;123;119;113,0,0
3,HOSTTRANSFER-20251001081655996,AL-H0122,53,2025-10-01 08:16:55.996000,P04,P11,OHT17,2025-10-01 08:16:56,4,2025-10-01 08:22:54,2025-10-01 08:22:54,2025-10-01 08:23:02,2025-10-01 08:23:02,2025-10-01 08:23:42.800000,2025-10-01 08:23:42.800000,2025-10-01 08:23:50.800000,2025-10-01 08:23:50.800000,7790.0,28748.9,414.804,10,10;9;17;21;28,0,0
3,HOSTTRANSFER-20251001081701705,AL-H0063,50,2025-10-01 08:17:01.705000,P04,P01,OHT13,2025-10-01 08:17:01.800000,95,2025-10-01 08:18:46.400000,2025-10-01 08:18:46.400000,2025-10-01 08:18:54.400000,2025-10-01 08:18:54.400000,2025-10-01 08:19:13,2025-10-01 08:19:13,2025-10-01 08:19:21,2025-10-01 08:19:21,33702.5,13077.2,139.295,28;29;22;18;12;11;10,10;9;8;7,0,0
3,HOSTTRANSFER-20251001081705229,FE-H0387,90,2025-10-01 08:17:05.229000,P34,P33,OHT16,2025-10-01 08:17:05.400000,171,2025-10-01 08:20:47.600000,2025-10-01 08:20:47.600000,2025-10-01 08:20:55.600000,2025-10-01 08:20:55.600000,2025-10-01 08:23:09.800000,2025-10-01 08:23:09.800000,2025-10-01 08:23:17.800000,2025-10-01 08:23:17.800000,0.0,81887.2,372.571,129,129;130;131;125;121;116;115;114;113;112;118;122;127,4,17400
3,HOSTTRANSFER-20251001081706590,FE-H0040,50,2025-10-01 08:17:06.590000,P25,P29,OHT04,2025-10-01 08:17:06.600000,10,2025-10-01 08:39:33.200000,2025-10-01 08:39:33.200000,2025-10-01 08:39:41.200000,2025-10-01 08:39:41.200000,2025-10-01 08:41:39.800000,2025-10-01 08:41:39.800000,2025-10-01 08:41:47.800000,2025-10-01 08:41:47.800000,28891.0,84002.2,1481.21,83;82;81;80;79;87;94,94;95;96;97;98;99;101;110;117;116;115;114;113,0,0
3,HOSTTRANSFER-20251001081710780,AL-H0039,50,2025-10-01 08:17:10.780000,P13,P18,OHT18,2025-10-01 09:03:50,2799220,2025-10-01 09:04:12.400000,2025-10-01 09:04:12.400000,2025-10-01 09:04:20.400000,2025-10-01 09:04:20.400000,2025-10-01 09:04:49.600000,2025-10-01 09:04:49.600000,2025-10-01 09:04:57.600000,2025-10-01 09:04:57.600000,15669.2,20548.0,2866.82,53;52;51;50,50;49;57;61;68;69;70,0,0
3,HOSTTRANSFER-20251001081711559,AL-H0143,53,2025-10-01 08:17:11.559000,P14,P21,OHT08,2025-10-01 08:17:11.600000,41,2025-10-01 08:20:12,2025-10-01 08:20:12,2025-10-01 08:20:20,2025-10-01 08:20:20,2025-10-01 08:22:35.200000,2025-10-01 08:22:35.200000,2025-10-01 08:22:43.200000,2025-10-01 08:22:43.200000,44371.7,90113.6,331.641,71;72;64;60;53,53;52;51;50;49;48;46;31;24;25;26;27;28;29;30;32;34;39;40;45,2,9000
3,HOSTTRANSFER-20251001081712059,AL-H0031,53,2025-10-01 08:17:12.059000,P21,P09,OHT14,2025-10-01 08:17:12.200000,141,2025-10-01 08:48:48,2025-10-01 08:48:48,2025-10-01 08:48:56,2025-10-01 08:48:56,2025-10-01 08:51:44.400000,2025-10-01 08:51:44.400000,2025-10-01 08:51:52.400000,2025-10-01 08:51:52.400000,0.0,119453.1,2080.341,45,45;104;106;107;105;44;41;38;33;4;2;1;3;5;14;23;32;34;39;40;43;47;54;53;52;51;50;49;48;46;31;24;25;26,0,0
3,HOSTTRANSFER-20251001081714392,AL-H0119,50,2025-10-01 08:17:14.392000,P12,P20,OHT20,2025-10-01 08:17:37.800000,23408,2025-10-01 08:18:36.200000,2025-10-01 08:18:36.200000,2025-10-01 08:18:44.200000,2025-10-01 08:18:44.200000,2025-10-01 08:20:33.200000,2025-10-01 08:20:33.200000,2025-10-01 08:20:41.200000,2025-10-01 08:20:41.200000,0.0,54988.6,206.808,43,43;47;54;53;52;59;63;71,5,29600
3,HOSTTRANSFER-20251001081716245,FE-H0391,50,2025-10-01 08:17:16.245000,P20,P21,OHT20,2025-10-01 08:17:16.400000,155,2025-10-01 08:51:53.400000,2025-10-01 08:51:53.400000,2025-10-01 08:52:01.400000,2025-10-01 08:52:01.400000,2025-10-01 08:54:54.400000,2025-10-01 08:54:54.400000,2025-10-01 08:55:02.400000,2025-10-01 08:55:02.400000,31490.6,121617.4,2266.155,53;52;59;63;71,71;72;64;60;53;52;51;50;49;48;46;31;24;25;26;27;28;29;30;32;34;39;40;45,1,1400
3,HOSTTRANSFER-20251001081719963,FE-H0392,50,2025-10-01 08:17:19.963000,P23,P25,OHT09,2025-10-01 08:17:20,37,2025-10-01 08:35:45.200000,2025-10-01 08:35:45.200000,2025-10-01 08:35:53.200000,2025-10-01 08:35:53.200000,2025-10-01 08:36:34.200000,2025-10-01 08:36:34.200000,2025-10-01 08:36:42.200000,2025-10-01 08:36:42.200000,0.0,28891.0,1162.237,83,83;82;81;80;79;87;94,0,0
3,HOSTTRANSFER-20251001081722797,AL-H0143,53,2025-10-01 08:17:22.797000,P14,P21,OHT03,2025-10-01 08:22:43.200000,320403,2025-10-01 08:28:31.200000,2025-10-01 08:28:31.200000,2025-10-01 08:28:39.200000,2025-10-01 08:28:39.200000,2025-10-01 08:30:46.400000,2025-10-01 08:30:46.400000,2025-10-01 08:30:54.400000,2025-10-01 08:30:54.400000,0.0,90113.6,811.603,53,53;52;51;50;49;48;46;31;24;25;26;27;28;29;30;32;34;39;40;45,0,0
3,HOSTTRANSFER-20251001081725405,AL-H0048,50,2025-10-01 08:17:25.405000,P13,P17,OHT03,2025-10-01 08:17:25.600000,195,2025-10-01 08:18:49.200000,2025-10-01 08:18:49.200000,2025-10-01 08:18:57.200000,2025-10-01 08:18:57.200000,2025-10-01 08:19:26,2025-10-01 08:19:26,2025-10-01 08:19:34,2025-10-01 08:19:34,14025.0,20268.0,128.595,68;69;62;58;50,50;49;57;61;68;69;70,0,0
3,HOSTTRANSFER-20251001081728337,FE-H0395,50,2025-10-01 08:17:28.337000,P32,P35,OHT12,2025-10-01 08:17:28.400000,63,2025-10-01 08:22:04.400000,2025-10-01 08:22:04.400000,2025-10-01 08:22:12.400000,2025-10-01 08:22:12.400000,2025-10-01 08:22:56,2025-10-01 08:22:56,2025-10-01 08:23:04,2025-10-01 08:23:04,0.0,30848.8,335.663,116,116;115;120;124;130,0,0
3,HOSTTRANSFER-20251001081729534,AL-H0003,50,2025-10-01 08:17:29.534000,P07,P04,OHT13,2025-10-01 08:27:36.200000,606666,2025-10-01 08:29:28.600000,2025-10-01 08:29:28.600000,2025-10-01 08:29:36.600000,2025-10-01 08:29:36.600000,2025-10-01 08:30:03,2025-10-01 08:30:03,2025-10-01 08:30:11,2025-10-01 08:30:11,43884.4,18567.0,761.466,10;9;17;21;28;29;22;18;12,12;11;10,0,0
3,HOSTTRANSFER-20251001081731624,FE-H0357,99,2025-10-01 08:17:31.624000,P32,P33,OHT06,2025-10-01 08:17:31.800000,176,2025-10-01 08:24:48.400000,2025-10-01 08:24:48.400000,2025-10-01 08:24:56.400000,2025-10-01 08:24:56.400000,2025-10-01 08:25:55.200000,2025-10-01 08:25:55.200000,2025-10-01 08:26:03.200000,2025-10-01 08:26:03.200000,0.0,41584.2,511.576,116,116;115;114;113;112;118;122;127,0,0
3,HOSTTRANSFER-20251001081733177,FE-H0397,90,2025-10-01 08:17:33.177000,P34,P32,OHT18,2025-10-01 08:17:33.200000,23,2025-10-01 08:19:53,2025-10-01 08:19:53,2025-10-01 08:20:01,2025-10-01 08:20:01,2025-10-01 08:20:58,2025-10-01 08:20:58,2025-10-01 08:21:06,2025-10-01 08:21:06,0.0,40303.0,212.823,129,129;130;131;125;121;116,0,0
3,HOSTTRANSFER-20251001081734804,AL-H0143,50,2025-10-01 08:17:34.804000,P21,P12,OHT14,2025-10-01 08:30:54.400000,799596,2025-10-01 08:38:56,2025-10-01 08:38:56,2025-10-01 08:39:04,2025-10-01 08:39:04,2025-10-01 08:40:17.400000,2025-10-01 08:40:17.400000,2025-10-01 08:40:25.400000,2025-10-01 08:40:25.400000,36035.4,51948.6,1370.596,28;29;30;32;34;39;40;45,45;104;106;107;105;44;41;38;33;4;2;1;3;5;14;23;32;34;39;40;43,0,0
3,HOSTTRANSFER-20251001081737026,FE-H0366,53,2025-10-01 08:17:37.026000,P23,P28,OHT04,2025-10-01 08:17:37.200000,174,2025-10-01 08:26:44.600000,2025-10-01 08:26:44.600000,2025-10-01 08:26:52.600000,2025-10-01 08:26:52.600000,2025-10-01 08:27:48.400000,2025-10-01 08:27:48.400000,2025-10-01 08:27:56.400000,2025-10-01 08:27:56.400000,0.0,39436.3,619.374,83,83;82;89;97;98,0,0
3,HOSTTRANSFER-20251001081739433,AL-H0024,50,2025-10-01 08:17:39.433000,P06,P14,OHT08,2025-10-01 08:17:39.600000,167,2025-10-01 08:35:30.400000,2025-10-01 08:35:30.400000,2025-10-01 08:35:38.400000,2025-10-01 08:35:38.400000,2025-10-01 08:37:38,2025-10-01 08:37:38,2025-10-01 08:37:46,2025-10-01 08:37:46,49182.4,81970.4,1206.567,10;9;17;21;28;29;22;18;12;11,11;10;9;17;21;28;29;30;32;34;39;40;43;47;54;53,1,3600
3,HOSTTRANSFER-20251001081742219,FE-H0226,53,2025-10-01 08:17:42.219000,P33,P35,OHT15,2025-10-01 08:17:42.400000,181,2025-10-01 08:22:41,2025-10-01 08:22:41,2025-10-01 08:22:49,2025-10-01 08:22:49,2025-10-01 08:23:14.400000,2025-10-01 08:23:14.400000,2025-10-01 08:23:22.400000,2025-10-01 08:23:22.400000,13294.0,14980.8,340.181,113;112;118;122;127,127;128;129;130,1,3600
3,HOSTTRANSFER-20251001081745211,FE-H0227,53,2025-10-01 08:17:45.211000,P33,P36,OHT07,2025-10-01 08:17:45.400000,189,2025-10-01 08:20:56.200000,2025-10-01 08:20:56.200000,2025-10-01 08:21:04.200000,2025-10-01 08:21:04.200000,2025-10-01 08:21:48,2025-10-01 08:21:48,2025-10-01 08:21:56,2025-10-01 08:21:56,0.0,28283.8,250.789,127,127;128;129;130,1,3400
3,HOSTTRANSFER-20251001081749314,FE-H0404,90,2025-10-01 08:17:49.314000,P34,P32,OHT06,2025-10-01 08:17:49.400000,86,2025-10-01 08:26:29.200000,2025-10-01 08:26:29.200000,2025-10-01 08:26:37.200000,2025-10-01 08:26:37.200000,2025-10-01 08:27:34.200000,2025-10-01 08:27:34.200000,2025-10-01 08:27:42.200000,2025-10-01 08:27:42.200000,0.0,40303.0,592.886,129,129;130;131;125;121;116,0,0
3,HOSTTRANSFER-20251001081755291,FE-H0060,53,2025-10-01 08:17:55.291000,P33,P36,OHT15,2025-10-01 08:17:55.400000,109,2025-10-01 08:29:48.600000,2025-10-01 08:29:48.600000,2025-10-01 08:29:56.600000,2025-10-01 08:29:56.600000,2025-10-01 08:30:36.600000,2025-10-01 08:30:36.600000,2025-10-01 08:30:44.600000,2025-10-01 08:30:44.600000,18817.0,28283.8,769.309,114;113;112;118;122;127,127;128;129;130,1,2400
3,HOSTTRANSFER-20251001081759244,AL-H0039,50,2025-10-01 08:17:59.244000,P15,P13,OHT11,2025-10-01 09:04:57.600000,2818356,2025-10-01 09:05:38.800000,2025-10-01 09:05:38.800000,2025-10-01 09:05:46.800000,2025-10-01 09:05:46.800000,2025-10-01 09:06:27,2025-10-01 09:06:27,2025-10-01 09:06:35,2025-10-01 09:06:35,29036.6,28337.3,2915.756,71;72;64;60;53,53;52;51;50,0,0
3,HOSTTRANSFER-20251001081802607,FE-H0376,99,2025-10-01 08:18:02.607000,P32,P33,OHT07,2025-10-01 08:18:02.800000,193,2025-10-01 08:22:23,2025-10-01 08:22:23,2025-10-01 08:22:31,2025-10-01 08:22:31,2025-10-01 08:23:31.600000,2025-10-01 08:23:31.600000,2025-10-01 08:23:39.600000,2025-10-01 08:23:39.600000,18973.0,41584.2,336.993,130;131;125;121;116,116;115;114;113;112;118;122;127,1,1600
3,HOSTTRANSFER-20251001081804727,FE-H0406,50,2025-10-01 08:18:04.727000,P31,P32,OHT19,2025-10-01 08:18:04.800000,73,2025-10-01 08:22:40.600000,2025-10-01 08:22:40.600000,2025-10-01 08:22:48.600000,2025-10-01 08:22:48.600000,2025-10-01 08:24:22,2025-10-01 08:24:22,2025-10-01 08:24:30,2025-10-01 08:24:30,0.0,50454.8,385.273,116,116;115;120;124;130;131;125;121;116,4,21000
3,HOSTTRANSFER-20251001081806460,FE-H0407,53,2025-10-01 08:18:06.460000,P23,P25,OHT17,2025-10-01 08:18:06.600000,140,2025-10-01 08:33:38.600000,2025-10-01 08:33:38.600000,2025-10-01 08:33:46.600000,2025-10-01 08:33:46.600000,2025-10-01 08:34:29.400000,2025-10-01 08:34:29.400000,2025-10-01 08:34:37.400000,2025-10-01 08:34:37.400000,0.0,28891.0,990.94,83,83;82;81;80;79;87;94,1,1400
3,HOSTTRANSFER-20251001081808262,FE-H0403,50,2025-10-01 08:18:08.262000,P21,P14,OHT11,2025-10-01 08:18:08.400000,138,2025-10-01 08:44:04,2025-10-01 08:44:04,2025-10-01 08:44:12,2025-10-01 08:44:12,2025-10-01 08:45:58.400000,2025-10-01 08:45:58.400000,2025-10-01 08:46:06.400000,2025-10-01 08:46:06.400000,0.0,75446.6,1678.138,45,45;104;106;107;105;44;41;38;33;4;2;1;3;5;14;23;32;34;39;40;43;47;54;53,0,0
3,HOSTTRANSFER-20251001081810693,FE-H0239,50,2025-10-01 08:18:10.693000,P29,P23,OHT04,2025-10-01 08:27:36.200000,565507,2025-10-01 08:36:42,2025-10-01 08:36:42,2025-10-01 08:36:50,2025-10-01 08:36:50,2025-10-01 08:38:44.200000,2025-10-01 08:38:44.200000,2025-10-01 08:38:52.200000,2025-10-01 08:38:52.200000,5523.0,80861.0,1241.507,114;113,113;112;111;109;108;103;102;100;93;94;95;96;97;98;90;83,0,0
3,HOSTTRANSFER-20251001081815229,FE-H0410,90,2025-10-01 08:18:15.229000,P34,P32,OHT12,2025-10-01 08:18:15.400000,171,2025-10-01 08:33:22.600000,2025-10-01 08:33:22.600000,2025-10-01 08:33:30.600000,2025-10-01 08:33:30.600000,2025-10-01 08:34:27.600000,2025-10-01 08:34:27.600000,2025-10-01 08:34:35.600000,2025-10-01 08:34:35.600000,0.0,40303.0,980.371,129,129;130;131;125;121;116,0,0
3,HOSTTRANSFER-20251001081816853,AL-H0148,53,2025-10-01 08:18:16.853000,P21,P06,OHT13,2025-10-01 08:18:17,147,2025-10-01 08:21:14.800000,2025-10-01 08:21:14.800000,2025-10-01 08:21:22.800000,2025-10-01 08:21:22.800000,2025-10-01 08:22:38.800000,2025-10-01 08:22:38.800000,2025-10-01 08:22:46.800000,2025-10-01 08:22:46.800000,0.0,53837.6,269.947,45,45;104;106;107;105;44;41;38;33;4;2;1;3;5;13;12;11,0,0
3,HOSTTRANSFER-20251001081818507,AL-H0149,50,2025-10-01 08:18:18.507000,P21,P14,OHT02,2025-10-01 08:18:18.600000,93,2025-10-01 08:51:07.600000,2025-10-01 08:51:07.600000,2025-10-01 08:51:15.600000,2025-10-01 08:51:15.600000,2025-10-01 08:53:09.800000,2025-10-01 08:53:09.800000,2025-10-01 08:53:17.800000,2025-10-01 08:53:17.800000,0.0,75446.6,2099.293,45,45;104;106;107;105;44;41;38;33;4;2;1;3;5;14;23;32;34;39;40;43;47;54;53,1,7400
3,HOSTTRANSFER-20251001081819236,AL-H0119,50,2025-10-01 08:18:19.236000,P19,P12,OHT14,2025-10-01 08:20:41.200000,141964,2025-10-01 08:24:02.400000,2025-10-01 08:24:02.400000,2025-10-01 08:24:10.400000,2025-10-01 08:24:10.400000,2025-10-01 08:27:21.200000,2025-10-01 08:27:21.200000,2025-10-01 08:27:29.200000,2025-10-01 08:27:29.200000,15688.5,127763.3,549.964,68;69;70;71,71;72;64;60;53;52;51;50;49;48;46;31;24;25;26;27;28;29;30;32;34;39;40;43,1,10200
3,HOSTTRANSFER-20251001081820459,AL-H0137,50,2025-10-01 08:18:20.459000,P01,P04,OHT11,2025-10-01 08:49:22.800000,1862341,2025-10-01 08:51:45.800000,2025-10-01 08:51:45.800000,2025-10-01 08:51:53.800000,2025-10-01 08:51:53.800000,2025-10-01 08:53:40.200000,2025-10-01 08:53:40.200000,2025-10-01 08:53:48.200000,2025-10-01 08:53:48.200000,13885.0,75414.2,2127.741,25;26;20;16;7,7;6;15;19;25;26;27;28;29;22;18;12;11;10,0,0
3,HOSTTRANSFER-20251001081822718,FE-H0415,50,2025-10-01 08:18:22.718000,P29,P32,OHT16,2025-10-01 08:18:22.800000,82,2025-10-01 08:43:17.400000,2025-10-01 08:43:17.400000,2025-10-01 08:43:25.400000,2025-10-01 08:43:25.400000,2025-10-01 08:44:51,2025-10-01 08:44:51,2025-10-01 08:44:59,2025-10-01 08:44:59,13191.8,60550.8,1596.282,127;128;123;119;113,113;112;118;122;127;128;129;130;131;125;121;116,0,0
3,HOSTTRANSFER-20251001081824149,AL-H0150,50,2025-10-01 08:18:24.149000,P21,P19,OHT05,2025-10-01 08:18:24.200000,51,2025-10-01 08:50:49.200000,2025-10-01 08:50:49.200000,2025-10-01 08:50:57.200000,2025-10-01 08:50:57.200000,2025-10-01 08:53:10,2025-10-01 08:53:10,2025-10-01 08:53:18,2025-10-01 08:53:18,0.0,94069.3,2093.851,45,45;104;106;107;105;44;41;38;33;4;2;1;3;5;14;23;32;34;39;40;43;47;54;53;52;59;63;71,0,0
3,HOSTTRANSFER-20251001081826250,FE-H0185,50,2025-10-01 08:18:26.250000,P21,P18,OHT03,2025-10-01 08:18:26.400000,150,2025-10-01 08:39:50.800000,2025-10-01 08:39:50.800000,2025-10-01 08:39:58.800000,2025-10-01 08:39:58.800000,2025-10-01 08:42:36.400000,2025-10-01 08:42:36.400000,2025-10-01 08:42:44.400000,2025-10-01 08:42:44.400000,0.0,111703.8,1458.15,45,45;104;106;107;105;44;41;38;33;4;2;1;3;5;14;23;32;34;39;40;43;47;54;53;52;51;50;49;57;61;68;69;70,0,0
3,HOSTTRANSFER-20251001081828983,AL-H0138,50,2025-10-01 08:18:28.983000,P04,P08,OHT11,2025-10-01 08:18:29,17,2025-10-01 08:22:29,2025-10-01 08:22:29,2025-10-01 08:22:37,2025-10-01 08:22:37,2025-10-01 08:23:15.400000,2025-10-01 08:23:15.400000,2025-10-01 08:23:23.400000,2025-10-01 08:23:23.400000,13269.0,26202.2,294.417,11;10,10;9;8;7;6;15;19;25,1,1200
3,HOSTTRANSFER-20251001081831004,FE-H0418,90,2025-10-01 08:18:31.004000,P34,P33,OHT07,2025-10-01 08:18:31.200000,196,2025-10-01 08:40:45,2025-10-01 08:40:45,2025-10-01 08:40:53,2025-10-01 08:40:53,2025-10-01 08:43:01,2025-10-01 08:43:01,2025-10-01 08:43:09,2025-10-01 08:43:09,35868.0,81887.2,1477.996,116;115;114;113;112;118;122;127;128;129,129;130;131;125;121;116;115;114;113;112;118;122;127,8,24000
3,HOSTTRANSFER-20251001081833000,AL-H0130,50,2025-10-01 08:18:33,P15,P12,OHT14,2025-10-01 08:18:33,0,2025-10-01 08:40:41,2025-10-01 08:40:41,2025-10-01 08:40:49,2025-10-01 08:40:49,2025-10-01 08:43:04.400000,2025-10-01 08:43:04.400000,2025-10-01 08:43:12.400000,2025-10-01 08:43:12.400000,10869.9,96019.7,1479.4,43;47;54;53,53;52;51;50;49;48;46;31;24;25;26;27;28;29;30;32;34;39;40;43,0,0
3,HOSTTRANSFER-20251001081835271,FE-H0413,50,2025-10-01 08:18:35.271000,P21,P15,OHT03,2025-10-01 08:18:35.400000,129,2025-10-01 08:30:54.400000,2025-10-01 08:30:54.400000,2025-10-01 08:31:02.400000,2025-10-01 08:31:02.400000,2025-10-01 08:32:31,2025-10-01 08:32:31,2025-10-01 08:32:39,2025-10-01 08:32:39,0.0,62818.5,843.729,45,45;104;106;107;105;44;41;38;33;4;2;1;3;5;14;23;32;34;39;40;43;47;54;53,0,0
3,HOSTTRANSFER-20251001081837573,FE-H0349,50,2025-10-01 08:18:37.573000,P34,P31,OHT07,2025-10-01 08:20:47.600000,130027,2025-10-01 08:23:49.600000,2025-10-01 08:23:49.600000,2025-10-01 08:23:57.600000,2025-10-01 08:23:57.600000,2025-10-01 08:25:45.400000,2025-10-01 08:25:45.400000,2025-10-01 08:25:53.400000,2025-10-01 08:25:53.400000,6953.8,52973.0,435.827,127;128;129,129;130;131;125;121;116,3,31600
3,HOSTTRANSFER-20251001081839599,FE-H0399,50,2025-10-01 08:18:39.599000,P35,P29,OHT12,2025-10-01 08:18:39.600000,1,2025-10-01 08:23:04,2025-10-01 08:23:04,2025-10-01 08:23:12,2025-10-01 08:23:12,2025-10-01 08:24:37.600000,2025-10-01 08:24:37.600000,2025-10-01 08:24:45.600000,2025-10-01 08:24:45.600000,0.0,60566.2,366.001,130,130;131;125;121;116;115;114;113,0,0
3,HOSTTRANSFER-20251001081841168,FE-H0390,99,2025-10-01 08:18:41.168000,P32,P33,OHT18,2025-10-01 08:18:41.200000,32,2025-10-01 08:21:06,2025-10-01 08:21:06,2025-10-01 08:21:14,2025-10-01 08:21:14,2025-10-01 08:22:12.800000,2025-10-01 08:22:12.800000,2025-10-01 08:22:20.800000,2025-10-01 08:22:20.800000,0.0,41584.2,219.632,116,116;115;114;113;112;118;122;127,0,0
3,HOSTTRANSFER-20251001081843451,AL-H0002,50,2025-10-01 08:18:43.451000,P10,P04,OHT01,2025-10-01 08:18:43.600000,149,2025-10-01 08:19:25,2025-10-01 08:19:25,2025-10-01 08:19:33,2025-10-01 08:19:33,2025-10-01 08:20:38.800000,2025-10-01 08:20:38.800000,2025-10-01 08:20:46.800000,2025-10-01 08:20:46.800000,28852.8,46561.4,123.349,7;6;15;19;25;26;27;28,28;29;22;18;12;11;10,0,0
3,HOSTTRANSFER-20251001081844761,AL-H0069,50,2025-10-01 08:18:44.761000,P09,P04,OHT03,2025-10-01 08:21:05.600000,140839,2025-10-01 08:23:17.800000,2025-10-01 08:23:17.800000,2025-10-01 08:23:25.800000,2025-10-01 08:23:25.800000,2025-10-01 08:24:45.800000,2025-10-01 08:24:45.800000,2025-10-01 08:24:53.800000,2025-10-01 08:24:53.800000,18781.1,56633.1,369.039,7;6;15;19;25;26,26;27;28;29;22;18;12;11;10,0,0
3,HOSTTRANSFER-20251001081846579,AL-H0151,50,2025-10-01 08:18:46.579000,P08,P04,OHT02,2025-10-01 08:18:46.600000,21,2025-10-01 08:27:46.600000,2025-10-01 08:27:46.600000,2025-10-01 08:27:54.600000,2025-10-01 08:27:54.600000,2025-10-01 08:29:30.600000,2025-10-01 08:29:30.600000,2025-10-01 08:29:38.600000,2025-10-01 08:29:38.600000,19533.0,62289.2,652.021,8;7;6;15;19;25,25;26;27;28;29;22;18;12;11;10,4,19600
3,HOSTTRANSFER-20251001081848227,AL-H0127,50,2025-10-01 08:18:48.227000,P21,P14,OHT17,2025-10-01 08:18:48.400000,173,2025-10-01 08:24:23.600000,2025-10-01 08:24:23.600000,2025-10-01 08:24:31.600000,2025-10-01 08:24:31.600000,2025-10-01 08:26:18,2025-10-01 08:26:18,2025-10-01 08:26:26,2025-10-01 08:26:26,23176.5,75446.6,457.773,28;29;30;32;34;39;40;45,45;104;106;107;105;44;41;38;33;4;2;1;3;5;14;23;32;34;39;40;43;47;54;53,0,0
3,HOSTTRANSFER-20251001081850043,AL-H0153,50,2025-10-01 08:18:50.043000,P08,P04,OHT11,2025-10-01 08:18:50.200000,157,2025-10-01 08:23:23.400000,2025-10-01 08:23:23.400000,2025-10-01 08:23:31.400000,2025-10-01 08:23:31.400000,2025-10-01 08:25:04.200000,2025-10-01 08:25:04.200000,2025-10-01 08:25:12.200000,2025-10-01 08:25:12.200000,0.0,62289.2,382.157,25,25;26;27;28;29;22;18;12;11;10,1,4400
3,HOSTTRANSFER-20251001081856155,FE-H0427,90,2025-10-01 08:18:56.155000,P34,P33,OHT10,2025-10-01 08:18:56.200000,45,2025-10-01 08:19:33,2025-10-01 08:19:33,2025-10-01 08:19:41,2025-10-01 08:19:41,2025-10-01 08:21:36.600000,2025-10-01 08:21:36.600000,2025-10-01 08:21:44.600000,2025-10-01 08:21:44.600000,0.0,81887.2,168.445,129,129;130;131;125;121;116;115;114;113;112;118;122;127,0,0
3,HOSTTRANSFER-20251001081900860,FE-H0360,50,2025-10-01 08:19:00.860000,P23,P30,OHT09,2025-10-01 08:19:01,140,2025-10-01 08:38:22,2025-10-01 08:38:22,2025-10-01 08:38:30,2025-10-01 08:38:30,2025-10-01 08:40:24.600000,2025-10-01 08:40:24.600000,2025-10-01 08:40:32.600000,2025-10-01 08:40:32.600000,0.0,81210.6,1291.74,83,83;82;89;97;98;99;101;110;117;116;115;114,0,0
3,HOSTTRANSFER-20251001081903415,AL-H0092,50,2025-10-01 08:19:03.415000,P17,P03,OHT06,2025-10-01 08:19:03.600000,185,2025-10-01 08:57:05,2025-10-01 08:57:05,2025-10-01 08:57:13,2025-10-01 08:57:13,2025-10-01 09:01:00.800000,2025-10-01 09:01:00.800000,2025-10-01 09:01:08.800000,2025-10-01 09:01:08.800000,20268.0,159996.0,2525.385,50;49;57;61;68;69;70,70;71;72;64;60;53;52;51;50;49;48;46;31;24;25;26;27;28;29;22;18;12;11;10;9,1,1600
3,HOSTTRANSFER-20251001081907141,AL-H0156,50,2025-10-01 08:19:07.141000,P21,P20,OHT13,2025-10-01 08:19:07.200000,59,2025-10-01 08:53:08.400000,2025-10-01 08:53:08.400000,2025-10-01 08:53:16.400000,2025-10-01 08:53:16.400000,2025-10-01 08:55:53.400000,2025-10-01 08:55:53.400000,2025-10-01 08:56:01.400000,2025-10-01 08:56:01.400000,71296.2,106937.2,2214.259,8;7;6;15;19;25;26;27;28;29;30;32;34;39;40;45,45;104;106;107;105;44;41;38;33;4;2;1;3;5;14;23;32;34;39;40;43;47;54;53;52;59;63;71,1,5800
3,HOSTTRANSFER-20251001081908460,FE-H0433,50,2025-10-01 08:19:08.460000,P29,P32,OHT04,2025-10-01 08:19:08.600000,140,2025-10-01 08:41:47.800000,2025-10-01 08:41:47.800000,2025-10-01 08:41:55.800000,2025-10-01 08:41:55.800000,2025-10-01 08:43:24.200000,2025-10-01 08:43:24.200000,2025-10-01 08:43:32.200000,2025-10-01 08:43:32.200000,0.0,60550.8,1463.74,113,113;112;118;122;127;128;129;130;131;125;121;116,1,2800
3,HOSTTRANSFER-20251001081910452,AL-H0019,50,2025-10-01 08:19:10.452000,P05,P04,OHT13,2025-10-01 08:22:42.800000,212348,2025-10-01 08:22:54.800000,2025-10-01 08:22:54.800000,2025-10-01 08:23:02.800000,2025-10-01 08:23:02.800000,2025-10-01 08:23:14,2025-10-01 08:23:14,2025-10-01 08:23:22,2025-10-01 08:23:22,5479.0,7790.0,251.548,11;10,10,0,0
3,HOSTTRANSFER-20251001081912093,FE-H0436,90,2025-10-01 08:19:12.093000,P34,P33,OHT18,2025-10-01 08:19:12.200000,107,2025-10-01 08:22:30.800000,2025-10-01 08:22:30.800000,2025-10-01 08:22:38.800000,2025-10-01 08:22:38.800000,2025-10-01 08:24:34.400000,2025-10-01 08:24:34.400000,2025-10-01 08:24:42.400000,2025-10-01 08:24:42.400000,6953.8,81887.2,330.307,127;128;129,129;130;131;125;121;116;115;114;113;112;118;122;127,0,0
3,HOSTTRANSFER-20251001081914547,FE-H0367,53,2025-10-01 08:19:14.547000,P33,P30,OHT15,2025-10-01 08:19:14.600000,53,2025-10-01 08:27:24.200000,2025-10-01 08:27:24.200000,2025-10-01 08:27:32.200000,2025-10-01 08:27:32.200000,2025-10-01 08:29:11,2025-10-01 08:29:11,2025-10-01 08:29:19,2025-10-01 08:29:19,0.0,70024.0,604.453,127,127;128;129;130;131;125;121;116;115;114,0,0
3,HOSTTRANSFER-20251001081917233,AL-H0048,50,2025-10-01 08:19:17.233000,P18,P11,OHT17,2025-10-01 08:19:34,16767,2025-10-01 08:52:32.600000,2025-10-01 08:52:32.600000,2025-10-01 08:52:40.600000,2025-10-01 08:52:40.600000,2025-10-01 08:55:30.600000,2025-10-01 08:55:30.600000,2025-10-01 08:55:38.600000,2025-10-01 08:55:38.600000,96165.6,119714.3,2181.367,130;131;125;121;116;115;114;113;112;111;109;108;103;102;100;91;85;76;74;67;68;69;70,70;71;72;64;60;53;52;51;50;49;48;46;31;24;25;26;27;28,2,800
3,HOSTTRANSFER-20251001081918811,FE-H0401,99,2025-10-01 08:19:18.811000,P33,P34,OHT10,2025-10-01 08:19:19,189,2025-10-01 08:21:44.600000,2025-10-01 08:21:44.600000,2025-10-01 08:21:52.600000,2025-10-01 08:21:52.600000,2025-10-01 08:22:02.600000,2025-10-01 08:22:02.600000,2025-10-01 08:22:10.600000,2025-10-01 08:22:10.600000,0.0,6953.8,171.789,127,127;128;129,0,0
3,HOSTTRANSFER-20251001081921863,FE-H0438,50,2025-10-01 08:19:21.863000,P31,P35,OHT19,2025-10-01 08:19:22,137,2025-10-01 08:20:17.600000,2025-10-01 08:20:17.600000,2025-10-01 08:20:25.600000,2025-10-01 08:20:25.600000,2025-10-01 08:21:11,2025-10-01 08:21:11,2025-10-01 08:21:19,2025-10-01 08:21:19,0.0,18178.8,117.137,116,116;115;120;124;130,1,19400
3,HOSTTRANSFER-20251001081923604,AL-H0088,50,2025-10-01 08:19:23.604000,P03,P04,OHT01,2025-10-01 08:19:23.800000,196,2025-10-01 08:20:55.800000,2025-10-01 08:20:55.800000,2025-10-01 08:21:03.800000,2025-10-01 08:21:03.800000,2025-10-01 08:23:32.400000,2025-10-01 08:23:32.400000,2025-10-01 08:23:40.400000,2025-10-01 08:23:40.400000,6299.2,82192.2,256.796,10;9,9;8;7;6;15;19;25;26;27;28;29;22;18;12;11;10,5,31200
3,HOSTTRANSFER-20251001081929244,AL-H0136,50,2025-10-01 08:19:29.244000,P17,P12,OHT20,2025-10-01 08:19:29.400000,156,2025-10-01 08:39:12.800000,2025-10-01 08:39:12.800000,2025-10-01 08:39:20.800000,2025-10-01 08:39:20.800000,2025-10-01 08:42:33.200000,2025-10-01 08:42:33.200000,2025-10-01 08:42:41.200000,2025-10-01 08:42:41.200000,0.0,136448.8,1391.956,70,70;71;72;64;60;53;52;51;50;49;48;46;31;24;25;26;27;28;29;30;32;34;39;40;43,0,0
3,HOSTTRANSFER-20251001081935963,FE-H0442,50,2025-10-01 08:19:35.963000,P12,P21,OHT05,2025-10-01 08:19:36,37,2025-10-01 08:47:48.800000,2025-10-01 08:47:48.800000,2025-10-01 08:47:56.800000,2025-10-01 08:47:56.800000,2025-10-01 08:50:41.200000,2025-10-01 08:50:41.200000,2025-10-01 08:50:49.200000,2025-10-01 08:50:49.200000,39385.1,113611.6,1873.237,26;27;28;29;30;32;34;39;40;43,43;47;54;53;52;51;50;49;48;46;31;24;25;26;27;28;29;30;32;34;39;40;45,3,3200
3,HOSTTRANSFER-20251001081938738,FE-H0404,99,2025-10-01 08:19:38.738000,P33,P31,OHT07,2025-10-01 08:27:42.200000,483462,2025-10-01 08:33:15.600000,2025-10-01 08:33:15.600000,2025-10-01 08:33:23.600000,2025-10-01 08:33:23.600000,2025-10-01 08:35:22.200000,2025-10-01 08:35:22.200000,2025-10-01 08:35:30.200000,2025-10-01 08:35:30.200000,0.0,59926.8,951.462,127,127;128;129;130;131;125;121;116,6,31800
3,HOSTTRANSFER-20251001081940539,AL-H0077,53,2025-10-01 08:19:40.539000,P04,P05,OHT04,2025-10-01 08:57:47.800000,2287261,2025-10-01 08:59:47,2025-10-01 08:59:47,2025-10-01 08:59:55,2025-10-01 08:59:55,2025-10-01 09:01:32,2025-10-01 09:01:32,2025-10-01 09:01:40,2025-10-01 09:01:40,7790.0,54661.4,2519.461,10,10;9;17;21;28;29;22;18;12;11;10,5,18400
3,HOSTTRANSFER-20251001081942077,AL-H0158,53,2025-10-01 08:19:42.077000,P04,P08,OHT01,2025-10-01 08:19:42.200000,123,2025-10-01 08:23:40.400000,2025-10-01 08:23:40.400000,2025-10-01 08:23:48.400000,2025-10-01 08:23:48.400000,2025-10-01 08:24:29,2025-10-01 08:24:29,2025-10-01 08:24:37,2025-10-01 08:24:37,0.0,26202.2,294.923,10,10;9;8;7;6;15;19;25,2,3200
3,HOSTTRANSFER-20251001081944192,AL-H0155,50,2025-10-01 08:19:44.192000,P13,P04,OHT01,2025-10-01 08:19:44.200000,8,2025-10-01 08:32:37.200000,2025-10-01 08:32:37.200000,2025-10-01 08:32:45.200000,2025-10-01 08:32:45.200000,2025-10-01 08:34:45,2025-10-01 08:34:45,2025-10-01 08:34:53,2025-10-01 08:34:53,28337.3,84930.4,908.808,53;52;51;50,50;49;48;46;31;24;25;26;27;28;29;22;18;12;11;10,0,0
3,HOSTTRANSFER-20251001081948732,FE-H0411,50,2025-10-01 08:19:48.732000,P36,P30,OHT15,2025-10-01 08:19:48.800000,68,2025-10-01 08:30:44.600000,2025-10-01 08:30:44.600000,2025-10-01 08:30:52.600000,2025-10-01 08:30:52.600000,2025-10-01 08:31:58,2025-10-01 08:31:58,2025-10-01 08:32:06,2025-10-01 08:32:06,0.0,41740.2,737.268,130,130;131;125;121;116;115;114,1,6000
3,HOSTTRANSFER-20251001081952211,FE-H0447,50,2025-10-01 08:19:52.211000,P32,P29,OHT19,2025-10-01 08:19:52.400000,189,2025-10-01 08:24:30,2025-10-01 08:24:30,2025-10-01 08:24:38,2025-10-01 08:24:38,2025-10-01 08:25:18,2025-10-01 08:25:18,2025-10-01 08:25:26,2025-10-01 08:25:26,0.0,28290.2,333.789,116,116;115;114;113,0,0
3,HOSTTRANSFER-20251001081952695,AL-H0147,50,2025-10-01 08:19:52.695000,P18,P06,OHT08,2025-10-01 08:19:52.800000,105,2025-10-01 08:57:38,2025-10-01 08:57:38,2025-10-01 08:57:46,2025-10-01 08:57:46,2025-10-01 09:01:03.600000,2025-10-01 09:01:03.600000,2025-10-01 09:01:11.600000,2025-10-01 09:01:11.600000,280.0,140147.8,2478.905,70,70;71;72;64;60;53;52;51;50;49;48;46;31;24;25;26;27;28;29;22;18;12;11,0,0
3,HOSTTRANSFER-20251001081953995,FE-H0158,50,2025-10-01 08:19:53.995000,P27,P22,OHT10,2025-10-01 08:19:54,5,2025-10-01 08:28:57.400000,2025-10-01 08:28:57.400000,2025-10-01 08:29:05.400000,2025-10-01 08:29:05.400000,2025-10-01 08:30:11.800000,2025-10-01 08:30:11.800000,2025-10-01 08:30:19.800000,2025-10-01 08:30:19.800000,0.0,46919.2,625.805,97,97;98;90;83;82;81;80,0,0
3,HOSTTRANSFER-20251001081955377,FE-H0168,53,2025-10-01 08:19:55.377000,P23,P27,OHT04,2025-10-01 08:19:55.400000,23,2025-10-01 08:22:44.600000,2025-10-01 08:22:44.600000,2025-10-01 08:22:52.600000,2025-10-01 08:22:52.600000,2025-10-01 08:23:36.800000,2025-10-01 08:23:36.800000,2025-10-01 08:23:44.800000,2025-10-01 08:23:44.800000,70119.1,31171.2,229.423,26;27;28;29;30;32;34;39;40;43;47;56;66;75;77;84;83,83;82;89;97,0,0
3,HOSTTRANSFER-20251001081957065,FE-H0410,99,2025-10-01 08:19:57.065000,P32,P33,OHT18,2025-10-01 08:34:35.600000,878535,2025-10-01 08:36:05.800000,2025-10-01 08:36:05.800000,2025-10-01 08:36:13.800000,2025-10-01 08:36:13.800000,2025-10-01 08:37:12.600000,2025-10-01 08:37:12.600000,2025-10-01 08:37:20.600000,2025-10-01 08:37:20.600000,0.0,41584.2,1043.535,116,116;115;114;113;112;118;122;127,0,0
3,HOSTTRANSFER-20251001081959087,FE-H0452,53,2025-10-01 08:19:59.087000,P23,P24,OHT09,2025-10-01 08:19:59.200000,113,2025-10-01 08:32:01.600000,2025-10-01 08:32:01.600000,2025-10-01 08:32:09.600000,2025-10-01 08:32:09.600000,2025-10-01 08:33:19.800000,2025-10-01 08:33:19.800000,2025-10-01 08:33:27.800000,2025-10-01 08:33:27.800000,0.0,49713.4,808.713,83,83;82;89;97;98;90;83,0,0
3,HOSTTRANSFER-20251001082001515,FE-H0424,50,2025-10-01 08:20:01.515000,P29,P32,OHT12,2025-10-01 08:20:01.600000,85,2025-10-01 08:29:48.800000,2025-10-01 08:29:48.800000,2025-10-01 08:29:56.800000,2025-10-01 08:29:56.800000,2025-10-01 08:31:25.200000,2025-10-01 08:31:25.200000,2025-10-01 08:31:33.200000,2025-10-01 08:31:33.200000,15620.2,60550.8,691.685,116;115;114;113,113;112;118;122;127;128;129;130;131;125;121;116,1,2600
3,HOSTTRANSFER-20251001082003640,AL-H0150,50,2025-10-01 08:20:03.640000,P15,P05,OHT09,2025-10-01 08:53:18,1994360,2025-10-01 08:59:00.400000,2025-10-01 08:59:00.400000,2025-10-01 08:59:08.400000,2025-10-01 08:59:08.400000,2025-10-01 09:01:44.400000,2025-10-01 09:01:44.400000,2025-10-01 09:01:52.400000,2025-10-01 09:01:52.400000,50255.0,105477.7,2508.76,26;27;28;29;30;32;34;39;40;43;47;54;53,53;52;51;50;49;48;46;31;24;25;26;27;28;29;22;18;12;11;10,2,8200
3,HOSTTRANSFER-20251001082004200,AL-H0089,50,2025-10-01 08:20:04.200000,P09,P06,OHT01,2025-10-01 08:21:40.400000,96200,2025-10-01 08:24:45.200000,2025-10-01 08:24:45.200000,2025-10-01 08:24:53.200000,2025-10-01 08:24:53.200000,2025-10-01 08:25:54.400000,2025-10-01 08:25:54.400000,2025-10-01 08:26:02.400000,2025-10-01 08:26:02.400000,5656.1,43364.1,358.2,25;26,26;27;28;29;22;18;12;11,0,0
3,HOSTTRANSFER-20251001082004767,AL-H0147,50,2025-10-01 08:20:04.767000,P12,P05,OHT03,2025-10-01 09:01:11.600000,2466833,2025-10-01 09:01:12.800000,2025-10-01 09:01:12.800000,2025-10-01 09:01:20.800000,2025-10-01 09:01:20.800000,2025-10-01 09:04:08.400000,2025-10-01 09:04:08.400000,2025-10-01 09:04:16.400000,2025-10-01 09:04:16.400000,677.6,116347.6,2651.633,43,43;47;54;53;52;51;50;49;48;46;31;24;25;26;27;28;29;22;18;12;11;10,1,3400
3,HOSTTRANSFER-20251001082005673,AL-H0162,50,2025-10-01 08:20:05.673000,P03,P21,OHT05,2025-10-01 08:20:05.800000,127,2025-10-01 08:38:53.800000,2025-10-01 08:38:53.800000,2025-10-01 08:39:01.800000,2025-10-01 08:39:01.800000,2025-10-01 08:40:47.800000,2025-10-01 08:40:47.800000,2025-10-01 08:40:55.800000,2025-10-01 08:40:55.800000,0.0,71666.2,1250.127,9,9;8;7;6;15;19;25;26;27;28;29;30;32;34;39;40;45,2,4400
3,HOSTTRANSFER-20251001082008563,AL-H0115,50,2025-10-01 08:20:08.563000,P01,P02,OHT02,2025-10-01 08:20:08.600000,37,2025-10-01 08:24:42.400000,2025-10-01 08:24:42.400000,2025-10-01 08:24:50.400000,2025-10-01 08:24:50.400000,2025-10-01 08:26:58,2025-10-01 08:26:58,2025-10-01 08:27:06,2025-10-01 08:27:06,0.0,82083.4,417.437,7,7;6;15;19;25;26;27;28;29;22;18;12;11;10;9;8,3,10800
3,HOSTTRANSFER-20251001082009337,AL-H0153,50,2025-10-01 08:20:09.337000,P08,P21,OHT20,2025-10-01 08:25:12.200000,302863,2025-10-01 08:28:05,2025-10-01 08:28:05,2025-10-01 08:28:13,2025-10-01 08:28:13,2025-10-01 08:29:26.200000,2025-10-01 08:29:26.200000,2025-10-01 08:29:34.200000,2025-10-01 08:29:34.200000,0.0,51763.2,564.863,25,25;26;27;28;29;30;32;34;39;40;45,0,0
3,HOSTTRANSFER-20251001082010827,AL-H0147,50,2025-10-01 08:20:10.827000,P05,P01,OHT08,2025-10-01 09:04:16.400000,2645573,2025-10-01 09:05:11.200000,2025-10-01 09:05:11.200000,2025-10-01 09:05:19.200000,2025-10-01 09:05:19.200000,2025-10-01 09:05:48.800000,2025-10-01 09:05:48.800000,2025-10-01 09:05:56.800000,2025-10-01 09:05:56.800000,38717.6,20867.2,2745.973,105;44;41;38;33;4;2;1;3;5;13;12;11;10,10;9;8;7,0,0
3,HOSTTRANSFER-20251001082012337,AL-H0148,50,2025-10-01 08:20:12.337000,P13,P05,OHT20,2025-10-01 08:22:46.800000,154463,2025-10-01 08:24:29.400000,2025-10-01 08:24:29.400000,2025-10-01 08:24:37.400000,2025-10-01 08:24:37.400000,2025-10-01 08:26:39.800000,2025-10-01 08:26:39.800000,2025-10-01 08:26:47.800000,2025-10-01 08:26:47.800000,0.0,77140.4,395.463,50,50;49;48;46;31;24;25;26;27;28;29;22;18;12;11;10,5,11800
3,HOSTTRANSFER-20251001082013852,AL-H0132,50,2025-10-01 08:20:13.852000,P08,P01,OHT03,2025-10-01 08:20:14,148,2025-10-01 08:22:15.400000,2025-10-01 08:22:15.400000,2025-10-01 08:22:23.400000,2025-10-01 08:22:23.400000,2025-10-01 08:22:43.200000,2025-10-01 08:22:43.200000,2025-10-01 08:22:51.200000,2025-10-01 08:22:51.200000,0.0,13885.0,157.348,25,25;26;20;16;7,0,0
3,HOSTTRANSFER-20251001082015221,AL-H0082,50,2025-10-01 08:20:15.221000,P03,P11,OHT11,2025-10-01 08:20:15.400000,179,2025-10-01 08:25:21.200000,2025-10-01 08:25:21.200000,2025-10-01 08:25:29.200000,2025-10-01 08:25:29.200000,2025-10-01 08:26:39.600000,2025-10-01 08:26:39.600000,2025-10-01 08:26:47.600000,2025-10-01 08:26:47.600000,6299.2,48489.7,392.379,10;9,9;8;7;6;15;19;25;26;27;28,2,1600
3,HOSTTRANSFER-20251001082017517,FE-H0430,50,2025-10-01 08:20:17.517000,P29,P32,OHT16,2025-10-01 08:20:17.600000,83,2025-10-01 08:40:02.200000,2025-10-01 08:40:02.200000,2025-10-01 08:40:10.200000,2025-10-01 08:40:10.200000,2025-10-01 08:41:35.800000,2025-10-01 08:41:35.800000,2025-10-01 08:41:43.800000,2025-10-01 08:41:43.800000,5523.0,60550.8,1286.283,114;113,113;112;118;122;127;128;129;130;131;125;121;116,0,0
3,HOSTTRANSFER-20251001082020587,AL-H0158,53,2025-10-01 08:20:20.587000,P04,P08,OHT20,2025-10-01 08:24:37,256413,2025-10-01 08:26:59,2025-10-01 08:26:59,2025-10-01 08:27:07,2025-10-01 08:27:07,2025-10-01 08:27:57,2025-10-01 08:27:57,2025-10-01 08:28:05,2025-10-01 08:28:05,7790.0,26202.2,464.413,10,10;9;8;7;6;15;19;25,2,12000
3,HOSTTRANSFER-20251001082022547,FE-H0238,50,2025-10-01 08:20:22.547000,P35,P31,OHT19,2025-10-01 08:20:22.600000,53,2025-10-01 08:21:19,2025-10-01 08:21:19,2025-10-01 08:21:27,2025-10-01 08:21:27,2025-10-01 08:22:32.600000,2025-10-01 08:22:32.600000,2025-10-01 08:22:40.600000,2025-10-01 08:22:40.600000,0.0,44946.0,138.053,130,130;131;125;121;116,1,1800
3,HOSTTRANSFER-20251001082025232,AL-H0017,53,2025-10-01 08:20:25.232000,P14,P03,OHT13,2025-10-01 08:20:25.400000,168,2025-10-01 08:56:46,2025-10-01 08:56:46,2025-10-01 08:56:54,2025-10-01 08:56:54,2025-10-01 08:59:24.800000,2025-10-01 08:59:24.800000,2025-10-01 08:59:32.800000,2025-10-01 08:59:32.800000,31503.8,106938.8,2347.568,71;72;64;60;53,53;52;51;50;49;48;46;31;24;25;26;27;28;29;22;18;12;11;10;9,0,0
3,HOSTTRANSFER-20251001082030825,FE-H0458,50,2025-10-01 08:20:30.825000,P25,P32,OHT19,2025-10-01 08:20:31,175,2025-10-01 08:35:44.600000,2025-10-01 08:35:44.600000,2025-10-01 08:35:52.600000,2025-10-01 08:35:52.600000,2025-10-01 08:37:11.200000,2025-10-01 08:37:11.200000,2025-10-01 08:37:19.200000,2025-10-01 08:37:19.200000,0.0,55712.0,1008.375,94,94;95;96;97;98;99;101;110;117;116,0,0
3,HOSTTRANSFER-20251001082033105,AL-H0045,53,2025-10-01 08:20:33.105000,P21,P08,OHT05,2025-10-01 08:22:36.800000,123695,2025-10-01 08:40:55.800000,2025-10-01 08:40:55.800000,2025-10-01 08:41:03.800000,2025-10-01 08:41:03.800000,2025-10-01 08:43:46.400000,2025-10-01 08:43:46.400000,2025-10-01 08:43:54.400000,2025-10-01 08:43:54.400000,0.0,113797.0,1401.295,45,45;104;106;107;105;44;41;38;33;4;2;1;3;5;14;23;32;34;39;40;43;47;54;53;52;51;50;49;48;46;31;24;25,2,1800
3,HOSTTRANSFER-20251001082034605,AL-H0008,50,2025-10-01 08:20:34.605000,P18,P13,OHT20,2025-10-01 08:20:34.800000,195,2025-10-01 08:22:36.800000,2025-10-01 08:22:36.800000,2025-10-01 08:22:44.800000,2025-10-01 08:22:44.800000,2025-10-01 08:24:21.400000,2025-10-01 08:24:21.400000,2025-10-01 08:24:29.400000,2025-10-01 08:24:29.400000,0.0,68486.4,234.795,70,70;71;72;64;60;53;52;51;50,0,0
3,HOSTTRANSFER-20251001082036195,FE-H0457,50,2025-10-01 08:20:36.195000,P21,P16,OHT18,2025-10-01 08:20:36.200000,5,2025-10-01 08:44:22.400000,2025-10-01 08:44:22.400000,2025-10-01 08:44:30.400000,2025-10-01 08:44:30.400000,2025-10-01 08:47:06.800000,2025-10-01 08:47:06.800000,2025-10-01 08:47:14.800000,2025-10-01 08:47:14.800000,0.0,104420.8,1598.605,45,45;104;106;107;105;44;41;38;33;4;2;1;3;5;14;23;32;34;39;40;43;47;54;53;52;51;50;49;57;61;68,3,8400
3,HOSTTRANSFER-20251001082038217,AL-H0162,50,2025-10-01 08:20:38.217000,P21,P14,OHT10,2025-10-01 08:40:55.800000,1217583,2025-10-01 08:52:54.200000,2025-10-01 08:52:54.200000,2025-10-01 08:53:02.200000,2025-10-01 08:53:02.200000,2025-10-01 08:54:48.600000,2025-10-01 08:54:48.600000,2025-10-01 08:54:56.600000,2025-10-01 08:54:56.600000,0.0,75446.6,2058.383,45,45;104;106;107;105;44;41;38;33;4;2;1;3;5;14;23;32;34;39;40;43;47;54;53,0,0
3,HOSTTRANSFER-20251001082040416,AL-H0128,50,2025-10-01 08:20:40.416000,P21,P16,OHT08,2025-10-01 08:20:40.600000,184,2025-10-01 08:22:43.200000,2025-10-01 08:22:43.200000,2025-10-01 08:22:51.200000,2025-10-01 08:22:51.200000,2025-10-01 08:25:18.400000,2025-10-01 08:25:18.400000,2025-10-01 08:25:26.400000,2025-10-01 08:25:26.400000,0.0,104420.8,285.984,45,45;104;106;107;105;44;41;38;33;4;2;1;3;5;14;23;32;34;39;40;43;47;54;53;52;51;50;49;57;61;68,0,0
3,HOSTTRANSFER-20251001082041699,FE-H0461,50,2025-10-01 08:20:41.699000,P13,P21,OHT08,2025-10-01 08:20:41.800000,101,2025-10-01 08:27:29.400000,2025-10-01 08:27:29.400000,2025-10-01 08:27:37.400000,2025-10-01 08:27:37.400000,2025-10-01 08:29:44.600000,2025-10-01 08:29:44.600000,2025-10-01 08:29:52.600000,2025-10-01 08:29:52.600000,0.0,74404.4,550.901,50,50;49;48;46;31;24;25;26;27;28;29;30;32;34;39;40;45,4,20800
3,HOSTTRANSFER-20251001082044646,FE-H0427,99,2025-10-01 08:20:44.646000,P33,P31,OHT16,2025-10-01 08:21:44.600000,59954,2025-10-01 08:23:17.800000,2025-10-01 08:23:17.800000,2025-10-01 08:23:25.800000,2025-10-01 08:23:25.800000,2025-10-01 08:25:35,2025-10-01 08:25:35,2025-10-01 08:25:43,2025-10-01 08:25:43,0.0,59926.8,298.354,127,127;128;129;130;131;125;121;116,4,42800
3,HOSTTRANSFER-20251001082046652,AL-H0162,50,2025-10-01 08:20:46.652000,P21,P14,OHT10,2025-10-01 08:54:56.600000,2049948,2025-10-01 08:57:19.800000,2025-10-01 08:57:19.800000,2025-10-01 08:57:27.800000,2025-10-01 08:57:27.800000,2025-10-01 08:59:14.200000,2025-10-01 08:59:14.200000,2025-10-01 08:59:22.200000,2025-10-01 08:59:22.200000,0.0,75446.6,2315.548,45,45;104;106;107;105;44;41;38;33;4;2;1;3;5;14;23;32;34;39;40;43;47;54;53,0,0
3,HOSTTRANSFER-20251001082049514,AL-H0149,53,2025-10-01 08:20:49.514000,P14,P21,OHT07,2025-10-01 08:53:17.800000,1948286,2025-10-01 08:57:25.800000,2025-10-01 08:57:25.800000,2025-10-01 08:57:33.800000,2025-10-01 08:57:33.800000,2025-10-01 08:59:41,2025-10-01 08:59:41,2025-10-01 08:59:49,2025-10-01 08:59:49,0.0,90113.6,2339.486,53,53;52;51;50;49;48;46;31;24;25;26;27;28;29;30;32;34;39;40;45,0,0
3,HOSTTRANSFER-20251001082051716,AL-H0158,50,2025-10-01 08:20:51.716000,P04,P05,OHT13,2025-10-01 08:28:05,433284,2025-10-01 08:30:11,2025-10-01 08:30:11,2025-10-01 08:30:19,2025-10-01 08:30:19,2025-10-01 08:31:45,2025-10-01 08:31:45,2025-10-01 08:31:53,2025-10-01 08:31:53,0.0,54661.4,661.284,10,10;9;17;21;28;29;22;18;12;11;10,2,8000
3,HOSTTRANSFER-20251001082053252,FE-H0243,50,2025-10-01 08:20:53.252000,P29,P32,OHT06,2025-10-01 08:20:53.400000,148,2025-10-01 08:32:34.600000,2025-10-01 08:32:34.600000,2025-10-01 08:32:42.600000,2025-10-01 08:32:42.600000,2025-10-01 08:34:46,2025-10-01 08:34:46,2025-10-01 08:34:54,2025-10-01 08:34:54,0.0,60550.8,840.748,113,113;112;118;122;127;128;129;130;131;125;121;116,5,36400
3,HOSTTRANSFER-20251001082055419,AL-H0158,53,2025-10-01 08:20:55.419000,P04,P08,OHT02,2025-10-01 08:31:53,657581,2025-10-01 08:36:29.600000,2025-10-01 08:36:29.600000,2025-10-01 08:36:37.600000,2025-10-01 08:36:37.600000,2025-10-01 08:37:14.800000,2025-10-01 08:37:14.800000,2025-10-01 08:37:22.800000,2025-10-01 08:37:22.800000,0.0,26202.2,987.381,10,10;9;8;7;6;15;19;25,0,0
3,HOSTTRANSFER-20251001082057816,FE-H0466,50,2025-10-01 08:20:57.816000,P27,P22,OHT17,2025-10-01 08:20:58,184,2025-10-01 08:35:17.600000,2025-10-01 08:35:17.600000,2025-10-01 08:35:25.600000,2025-10-01 08:35:25.600000,2025-10-01 08:36:32,2025-10-01 08:36:32,2025-10-01 08:36:40,2025-10-01 08:36:40,28439.8,46919.2,942.184,94;95;96;97,97;98;90;83;82;81;80,0,0
3,HOSTTRANSFER-20251001082100146,FE-H0468,50,2025-10-01 08:21:00.146000,P31,P33,OHT09,2025-10-01 08:21:00.200000,54,2025-10-01 08:22:02.200000,2025-10-01 08:22:02.200000,2025-10-01 08:22:10.200000,2025-10-01 08:22:10.200000,2025-10-01 08:22:51.400000,2025-10-01 08:22:51.400000,2025-10-01 08:22:59.400000,2025-10-01 08:22:59.400000,0.0,28914.2,119.254,116,116;115;114;113;112;118;122;127,0,0
3,HOSTTRANSFER-20251001082100747,FE-H0436,99,2025-10-01 08:21:00.747000,P33,P31,OHT07,2025-10-01 08:24:42.400000,221653,2025-10-01 08:28:47.600000,2025-10-01 08:28:47.600000,2025-10-01 08:28:55.600000,2025-10-01 08:28:55.600000,2025-10-01 08:30:20.200000,2025-10-01 08:30:20.200000,2025-10-01 08:30:28.200000,2025-10-01 08:30:28.200000,0.0,59926.8,567.453,127,127;128;129;130;131;125;121;116,0,0
3,HOSTTRANSFER-20251001082102216,AL-H0063,50,2025-10-01 08:21:02.216000,P03,P04,OHT13,2025-10-01 08:21:02.400000,184,2025-10-01 08:23:47,2025-10-01 08:23:47,2025-10-01 08:23:55,2025-10-01 08:23:55,2025-10-01 08:25:57.400000,2025-10-01 08:25:57.400000,2025-10-01 08:26:05.400000,2025-10-01 08:26:05.400000,0.0,82192.2,303.184,9,9;8;7;6;15;19;25;26;27;28;29;22;18;12;11;10,3,5800
3,HOSTTRANSFER-20251001082105892,AL-H0001,53,2025-10-01 08:21:05.892000,P21,P09,OHT20,2025-10-01 08:46:27,1521108,2025-10-01 08:55:02.400000,2025-10-01 08:55:02.400000,2025-10-01 08:55:10.400000,2025-10-01 08:55:10.400000,2025-10-01 08:58:00.600000,2025-10-01 08:58:00.600000,2025-10-01 08:58:08.600000,2025-10-01 08:58:08.600000,0.0,119453.1,2222.708,45,45;104;106;107;105;44;41;38;33;4;2;1;3;5;14;23;32;34;39;40;43;47;54;53;52;51;50;49;48;46;31;24;25;26,2,1400
3,HOSTTRANSFER-20251001082108805,AL-H0093,50,2025-10-01 08:21:08.805000,P14,P15,OHT02,2025-10-01 08:21:09,195,2025-10-01 08:21:27.400000,2025-10-01 08:21:27.400000,2025-10-01 08:21:35.400000,2025-10-01 08:21:35.400000,2025-10-01 08:22:46.600000,2025-10-01 08:22:46.600000,2025-10-01 08:22:54.600000,2025-10-01 08:22:54.600000,12628.1,50366.3,105.795,53,53;52;59;63;71;72;64;60;53,0,0
3,HOSTTRANSFER-20251001082110400,AL-H0077,50,2025-10-01 08:21:10.400000,P06,P19,OHT11,2025-10-01 09:01:40,2429600,2025-10-01 09:02:10.800000,2025-10-01 09:02:10.800000,2025-10-01 09:02:18.800000,2025-10-01 09:02:18.800000,2025-10-01 09:04:45.800000,2025-10-01 09:04:45.800000,2025-10-01 09:04:53.800000,2025-10-01 09:04:53.800000,21770.2,100593.1,2623.4,28;29;22;18;12;11,11;10;9;17;21;28;29;30;32;34;39;40;43;47;54;53;52;59;63;71,1,4800
3,HOSTTRANSFER-20251001082112917,FE-H0414,50,2025-10-01 08:21:12.917000,P27,P23,OHT04,2025-10-01 08:21:13,83,2025-10-01 08:23:44.800000,2025-10-01 08:23:44.800000,2025-10-01 08:23:52.800000,2025-10-01 08:23:52.800000,2025-10-01 08:24:36.600000,2025-10-01 08:24:36.600000,2025-10-01 08:24:44.600000,2025-10-01 08:24:44.600000,0.0,30905.2,211.683,97,97;98;90;83,0,0
3,HOSTTRANSFER-20251001082116841,FE-H0228,50,2025-10-01 08:21:16.841000,P29,P32,OHT12,2025-10-01 08:21:17,159,2025-10-01 08:24:45.600000,2025-10-01 08:24:45.600000,2025-10-01 08:24:53.600000,2025-10-01 08:24:53.600000,2025-10-01 08:26:23.200000,2025-10-01 08:26:23.200000,2025-10-01 08:26:31.200000,2025-10-01 08:26:31.200000,0.0,60550.8,314.359,113,113;112;118;122;127;128;129;130;131;125;121;116,2,3600
3,HOSTTRANSFER-20251001082119129,FE-H0472,70,2025-10-01 08:21:19.129000,P29,P27,OHT12,2025-10-01 08:21:19.200000,71,2025-10-01 08:37:57.800000,2025-10-01 08:37:57.800000,2025-10-01 08:38:05.800000,2025-10-01 08:38:05.800000,2025-10-01 08:39:18,2025-10-01 08:39:18,2025-10-01 08:39:26,2025-10-01 08:39:26,5523.0,49955.8,1086.871,114;113,113;112;111;109;108;103;102;100;93;94;95;96;97,1,1400
3,HOSTTRANSFER-20251001082122479,FE-H0473,90,2025-10-01 08:21:22.479000,P34,P32,OHT18,2025-10-01 08:21:22.600000,121,2025-10-01 08:24:52.400000,2025-10-01 08:24:52.400000,2025-10-01 08:25:00.400000,2025-10-01 08:25:00.400000,2025-10-01 08:25:57.400000,2025-10-01 08:25:57.400000,2025-10-01 08:26:05.400000,2025-10-01 08:26:05.400000,6953.8,40303.0,282.921,127;128;129,129;130;131;125;121;116,0,0
3,HOSTTRANSFER-20251001082126604,FE-H0427,53,2025-10-01 08:21:26.604000,P23,P27,OHT17,2025-10-01 08:25:43,256396,2025-10-01 08:31:30.400000,2025-10-01 08:31:30.400000,2025-10-01 08:31:38.400000,2025-10-01 08:31:38.400000,2025-10-01 08:32:30.800000,2025-10-01 08:32:30.800000,2025-10-01 08:32:38.800000,2025-10-01 08:32:38.800000,30734.0,31171.2,672.196,43;47;56;66;75;77;84;83,83;82;89;97,2,13800
3,HOSTTRANSFER-20251001082130051,FE-H0427,50,2025-10-01 08:21:30.051000,P27,P23,OHT09,2025-10-01 08:32:38.800000,668749,2025-10-01 08:34:45.400000,2025-10-01 08:34:45.400000,2025-10-01 08:34:53.400000,2025-10-01 08:34:53.400000,2025-10-01 08:35:37.200000,2025-10-01 08:35:37.200000,2025-10-01 08:35:45.200000,2025-10-01 08:35:45.200000,0.0,30905.2,855.149,97,97;98;90;83,0,0
3,HOSTTRANSFER-20251001082133364,AL-H0059,50,2025-10-01 08:21:33.364000,P04,P03,OHT13,2025-10-01 08:21:33.400000,36,2025-10-01 08:23:22,2025-10-01 08:23:22,2025-10-01 08:23:30,2025-10-01 08:23:30,2025-10-01 08:23:39,2025-10-01 08:23:39,2025-10-01 08:23:47,2025-10-01 08:23:47,0.0,6299.2,133.636,10,10;9,0,0
3,HOSTTRANSFER-20251001082136302,AL-H0123,50,2025-10-01 08:21:36.302000,P12,P11,OHT11,2025-10-01 08:21:36.400000,98,2025-10-01 08:33:12.200000,2025-10-01 08:33:12.200000,2025-10-01 08:33:20.200000,2025-10-01 08:33:20.200000,2025-10-01 08:35:32.800000,2025-10-01 08:35:32.800000,2025-10-01 08:35:40.800000,2025-10-01 08:35:40.800000,0.0,90435.1,844.498,43,43;47;54;53;52;51;50;49;48;46;31;24;25;26;27;28,2,4400
3,HOSTTRANSFER-20251001082138212,FE-H0478,50,2025-10-01 08:21:38.212000,P28,P29,OHT04,2025-10-01 08:21:38.400000,188,2025-10-01 08:27:56.400000,2025-10-01 08:27:56.400000,2025-10-01 08:28:04.400000,2025-10-01 08:28:04.400000,2025-10-01 08:29:11.200000,2025-10-01 08:29:11.200000,2025-10-01 08:29:19.200000,2025-10-01 08:29:19.200000,0.0,47297.3,460.988,98,98;99;101;110;117;116;115;114;113,0,0
3,HOSTTRANSFER-20251001082141077,AL-H0136,50,2025-10-01 08:21:41.077000,P12,P13,OHT14,2025-10-01 08:42:41.200000,1260123,2025-10-01 08:43:12.400000,2025-10-01 08:43:12.400000,2025-10-01 08:43:20.400000,2025-10-01 08:43:20.400000,2025-10-01 08:44:15.800000,2025-10-01 08:44:15.800000,2025-10-01 08:44:23.800000,2025-10-01 08:44:23.800000,0.0,39207.2,1362.723,43,43;47;54;53;52;51;50,0,0
3,HOSTTRANSFER-20251001082142855,FE-H0474,50,2025-10-01 08:21:42.855000,P36,P23,OHT10,2025-10-01 08:21:43,145,2025-10-01 08:34:20.200000,2025-10-01 08:34:20.200000,2025-10-01 08:34:28.200000,2025-10-01 08:34:28.200000,2025-10-01 08:37:48.400000,2025-10-01 08:37:48.400000,2025-10-01 08:37:56.400000,2025-10-01 08:37:56.400000,0.0,128124.2,973.545,130,130;131;125;121;116;115;114;113;112;111;109;108;103;102;100;93;94;95;96;97;98;90;83,2,18600
3,HOSTTRANSFER-20251001082144980,FE-H0302,50,2025-10-01 08:21:44.980000,P24,P27,OHT09,2025-10-01 08:21:45,20,2025-10-01 08:33:27.800000,2025-10-01 08:33:27.800000,2025-10-01 08:33:35.800000,2025-10-01 08:33:35.800000,2025-10-01 08:34:37.400000,2025-10-01 08:34:37.400000,2025-10-01 08:34:45.400000,2025-10-01 08:34:45.400000,0.0,43534.2,780.42,83,83;82;89;97,0,0
3,HOSTTRANSFER-20251001082147380,AL-H0018,50,2025-10-01 08:21:47.380000,P03,P07,OHT03,2025-10-01 08:47:03.600000,1516220,2025-10-01 08:50:55.400000,2025-10-01 08:50:55.400000,2025-10-01 08:51:03.400000,2025-10-01 08:51:03.400000,2025-10-01 08:52:35.400000,2025-10-01 08:52:35.400000,2025-10-01 08:52:43.400000,2025-10-01 08:52:43.400000,68588.4,63625.2,1856.02,25;26;27;28;29;22;18;12;11;10;9,9;8;7;6;15;19;25;26;27;28;29;22;18;12,2,1600
3,HOSTTRANSFER-20251001082152075,AL-H0094,50,2025-10-01 08:21:52.075000,P01,P03,OHT11,2025-10-01 08:56:46.800000,2094725,2025-10-01 08:58:22,2025-10-01 08:58:22,2025-10-01 08:58:30,2025-10-01 08:58:30,2025-10-01 09:00:25.400000,2025-10-01 09:00:25.400000,2025-10-01 09:00:33.400000,2025-10-01 09:00:33.400000,6778.0,81713.4,2321.325,9;8;7,7;6;15;19;25;26;27;28;29;22;18;12;11;10;9,1,200
3,HOSTTRANSFER-20251001082153256,AL-H0001,53,2025-10-01 08:21:53.256000,P04,P09,OHT02,2025-10-01 08:58:08.600000,2175344,2025-10-01 08:58:27,2025-10-01 08:58:27,2025-10-01 08:58:35,2025-10-01 08:58:35,2025-10-01 08:59:20,2025-10-01 08:59:20,2025-10-01 08:59:28,2025-10-01 08:59:28,0.0,31858.3,2254.744,10,10;9;8;7;6;15;19;25;26,0,0
3,HOSTTRANSFER-20251001082155592,FE-H0309,53,2025-10-01 08:21:55.592000,P23,P27,OHT10,2025-10-01 08:42:22.400000,1226808,2025-10-01 08:44:10.400000,2025-10-01 08:44:10.400000,2025-10-01 08:44:18.400000,2025-10-01 08:44:18.400000,2025-10-01 08:45:02.600000,2025-10-01 08:45:02.600000,2025-10-01 08:45:10.600000,2025-10-01 08:45:10.600000,12363.0,31171.2,1395.008,83,83;82;89;97,0,0
3,HOSTTRANSFER-20251001082156670,AL-H0090,50,2025-10-01 08:21:56.670000,P02,P06,OHT12,2025-10-01 08:53:54.200000,1917530,2025-10-01 08:55:18.400000,2025-10-01 08:55:18.400000,2025-10-01 08:55:26.400000,2025-10-01 08:55:26.400000,2025-10-01 08:57:03.200000,2025-10-01 08:57:03.200000,2025-10-01 08:57:11.200000,2025-10-01 08:57:11.200000,19938.2,68553.2,2114.53,11;10;9;8,8;7;6;15;19;25;26;27;28;29;22;18;12;11,0,0
3,HOSTTRANSFER-20251001082158778,FE-H0309,50,2025-10-01 08:21:58.778000,P27,P22,OHT16,2025-10-01 08:45:10.600000,1391822,2025-10-01 08:49:10.800000,2025-10-01 08:49:10.800000,2025-10-01 08:49:18.800000,2025-10-01 08:49:18.800000,2025-10-01 08:50:25.200000,2025-10-01 08:50:25.200000,2025-10-01 08:50:33.200000,2025-10-01 08:50:33.200000,78246.0,46919.2,1714.422,116;115;114;113;112;111;109;108;103;102;100;93;94;95;96;97,97;98;90;83;82;81;80,0,0
3,HOSTTRANSFER-20251001082200852,AL-H0090,50,2025-10-01 08:22:00.852000,P06,P19,OHT20,2025-10-01 08:57:11.200000,2110348,2025-10-01 08:59:09.800000,2025-10-01 08:59:09.800000,2025-10-01 08:59:17.800000,2025-10-01 08:59:17.800000,2025-10-01 09:01:40.800000,2025-10-01 09:01:40.800000,2025-10-01 09:01:48.800000,2025-10-01 09:01:48.800000,43364.1,100593.1,2387.948,26;27;28;29;22;18;12;11,11;10;9;17;21;28;29;30;32;34;39;40;43;47;54;53;52;59;63;71,1,1000
3,HOSTTRANSFER-20251001082204358,FE-H0488,50,2025-10-01 08:22:04.358000,P36,P31,OHT15,2025-10-01 08:22:04.400000,42,2025-10-01 08:23:41.400000,2025-10-01 08:23:41.400000,2025-10-01 08:23:49.400000,2025-10-01 08:23:49.400000,2025-10-01 08:24:34.200000,2025-10-01 08:24:34.200000,2025-10-01 08:24:42.200000,2025-10-01 08:24:42.200000,13303.0,31643.0,157.842,130,130;131;125;121;116,0,0
3,HOSTTRANSFER-20251001082208297,FE-H0489,53,2025-10-01 08:22:08.297000,P23,P27,OHT19,2025-10-01 08:22:08.400000,103,2025-10-01 08:27:36.200000,2025-10-01 08:27:36.200000,2025-10-01 08:27:44.200000,2025-10-01 08:27:44.200000,2025-10-01 08:28:28.400000,2025-10-01 08:28:28.400000,2025-10-01 08:28:36.400000,2025-10-01 08:28:36.400000,0.0,31171.2,388.103,83,83;82;89;97,0,0
3,HOSTTRANSFER-20251001082211865,FE-H0283,50,2025-10-01 08:22:11.865000,P35,P31,OHT16,2025-10-01 08:22:12,135,2025-10-01 08:26:08.800000,2025-10-01 08:26:08.800000,2025-10-01 08:26:16.800000,2025-10-01 08:26:16.800000,2025-10-01 08:27:20.400000,2025-10-01 08:27:20.400000,2025-10-01 08:27:28.400000,2025-10-01 08:27:28.400000,18178.8,44946.0,316.535,116;115;120;124;130,130;131;125;121;116,0,0
3,HOSTTRANSFER-20251001082216646,FE-H0455,99,2025-10-01 08:22:16.646000,P33,P31,OHT04,2025-10-01 08:22:16.800000,154,2025-10-01 08:29:38.200000,2025-10-01 08:29:38.200000,2025-10-01 08:29:46.200000,2025-10-01 08:29:46.200000,2025-10-01 08:31:25.400000,2025-10-01 08:31:25.400000,2025-10-01 08:31:33.400000,2025-10-01 08:31:33.400000,13294.0,59926.8,556.754,113;112;118;122;127,127;128;129;130;131;125;121;116,3,13600
3,HOSTTRANSFER-20251001082219904,FE-H0458,53,2025-10-01 08:22:19.904000,P33,P31,OHT18,2025-10-01 08:37:19.200000,899296,2025-10-01 08:37:20.600000,2025-10-01 08:37:20.600000,2025-10-01 08:37:28.600000,2025-10-01 08:37:28.600000,2025-10-01 08:38:53.200000,2025-10-01 08:38:53.200000,2025-10-01 08:39:01.200000,2025-10-01 08:39:01.200000,0.0,59926.8,1001.296,127,127;128;129;130;131;125;121;116,0,0
3,HOSTTRANSFER-20251001082224452,FE-H0493,50,2025-10-01 08:22:24.452000,P27,P23,OHT19,2025-10-01 08:22:24.600000,148,2025-10-01 08:28:36.400000,2025-10-01 08:28:36.400000,2025-10-01 08:28:44.400000,2025-10-01 08:28:44.400000,2025-10-01 08:29:28.200000,2025-10-01 08:29:28.200000,2025-10-01 08:29:36.200000,2025-10-01 08:29:36.200000,0.0,30905.2,431.748,97,97;98;90;83,0,0
3,HOSTTRANSFER-20251001082228372,AL-H0033,50,2025-10-01 08:22:28.372000,P11,P01,OHT11,2025-10-01 08:22:28.400000,28,2025-10-01 08:26:47.600000,2025-10-01 08:26:47.600000,2025-10-01 08:26:55.600000,2025-10-01 08:26:55.600000,2025-10-01 08:28:01.800000,2025-10-01 08:28:01.800000,2025-10-01 08:28:09.800000,2025-10-01 08:28:09.800000,0.0,46779.7,341.428,28,28;29;22;18;12;11;10;9;8;7,0,0
3,HOSTTRANSFER-20251001082233427,FE-H0434,53,2025-10-01 08:22:33.427000,P33,P30,OHT06,2025-10-01 08:22:33.600000,173,2025-10-01 08:38:46.400000,2025-10-01 08:38:46.400000,2025-10-01 08:38:54.400000,2025-10-01 08:38:54.400000,2025-10-01 08:40:44.600000,2025-10-01 08:40:44.600000,2025-10-01 08:40:52.600000,2025-10-01 08:40:52.600000,0.0,70024.0,1099.173,127,127;128;129;130;131;125;121;116;115;114,2,10800
3,HOSTTRANSFER-20251001082237653,FE-H0495,90,2025-10-01 08:22:37.653000,P23,P34,OHT15,2025-10-01 08:22:37.800000,147,2025-10-01 08:53:09.800000,2025-10-01 08:53:09.800000,2025-10-01 08:53:17.800000,2025-10-01 08:53:17.800000,2025-10-01 08:55:48.600000,2025-10-01 08:55:48.600000,2025-10-01 08:55:56.600000,2025-10-01 08:55:56.600000,0.0,106981.4,1998.947,83,83;82;89;97;98;99;101;110;117;116;115;114;113;112;118;122;127;128;129,0,0
3,HOSTTRANSFER-20251001082240684,FE-H0043,50,2025-10-01 08:22:40.684000,P31,P32,OHT04,2025-10-01 08:22:40.800000,116,2025-10-01 08:31:33.400000,2025-10-01 08:31:33.400000,2025-10-01 08:31:41.400000,2025-10-01 08:31:41.400000,2025-10-01 08:32:52.600000,2025-10-01 08:32:52.600000,2025-10-01 08:33:00.600000,2025-10-01 08:33:00.600000,0.0,50454.8,619.916,116,116;115;120;124;130;131;125;121;116,0,0
3,HOSTTRANSFER-20251001082243313,AL-H0140,50,2025-10-01 08:22:43.313000,P06,P14,OHT03,2025-10-01 08:22:43.400000,87,2025-10-01 08:26:19.600000,2025-10-01 08:26:19.600000,2025-10-01 08:26:27.600000,2025-10-01 08:26:27.600000,2025-10-01 08:28:23.200000,2025-10-01 08:28:23.200000,2025-10-01 08:28:31.200000,2025-10-01 08:28:31.200000,20433.5,81970.4,347.887,28;29;22;18;12;11,11;10;9;17;21;28;29;30;32;34;39;40;43;47;54;53,0,0
3,HOSTTRANSFER-20251001082245753,AL-H0092,50,2025-10-01 08:22:45.753000,P03,P21,OHT08,2025-10-01 09:01:08.800000,2303047,2025-10-01 09:01:39.600000,2025-10-01 09:01:39.600000,2025-10-01 09:01:47.600000,2025-10-01 09:01:47.600000,2025-10-01 09:03:39.400000,2025-10-01 09:03:39.400000,2025-10-01 09:03:47.400000,2025-10-01 09:03:47.400000,19568.2,71666.2,2461.647,11;10;9,9;8;7;6;15;19;25;26;27;28;29;30;32;34;39;40;45,4,9600
3,HOSTTRANSFER-20251001082248087,AL-H0007,53,2025-10-01 08:22:48.087000,P21,P06,OHT08,2025-10-01 08:22:48.200000,113,2025-10-01 08:29:52.600000,2025-10-01 08:29:52.600000,2025-10-01 08:30:00.600000,2025-10-01 08:30:00.600000,2025-10-01 08:31:16.600000,2025-10-01 08:31:16.600000,2025-10-01 08:31:24.600000,2025-10-01 08:31:24.600000,0.0,53837.6,516.513,45,45;104;106;107;105;44;41;38;33;4;2;1;3;5;13;12;11,0,0
3,HOSTTRANSFER-20251001082249744,FE-H0497,50,2025-10-01 08:22:49.744000,P32,P34,OHT12,2025-10-01 08:22:49.800000,56,2025-10-01 08:31:33.200000,2025-10-01 08:31:33.200000,2025-10-01 08:31:41.200000,2025-10-01 08:31:41.200000,2025-10-01 08:33:14.600000,2025-10-01 08:33:14.600000,2025-10-01 08:33:22.600000,2025-10-01 08:33:22.600000,0.0,48538.0,632.856,116,116;115;114;113;112;118;122;127;128;129,4,24000
3,HOSTTRANSFER-20251001082252250,AL-H0170,50,2025-10-01 08:22:52.250000,P06,P12,OHT17,2025-10-01 08:22:52.400000,150,2025-10-01 08:29:01.600000,2025-10-01 08:29:01.600000,2025-10-01 08:29:09.600000,2025-10-01 08:29:09.600000,2025-10-01 08:30:32.200000,2025-10-01 08:30:32.200000,2025-10-01 08:30:40.200000,2025-10-01 08:30:40.200000,43364.1,58472.4,467.95,26;27;28;29;22;18;12;11,11;10;9;17;21;28;29;30;32;34;39;40;43,0,0
3,HOSTTRANSFER-20251001082255674,FE-H0443,50,2025-10-01 08:22:55.674000,P35,P30,OHT07,2025-10-01 08:22:55.800000,126,2025-10-01 08:35:56,2025-10-01 08:35:56,2025-10-01 08:36:04,2025-10-01 08:36:04,2025-10-01 08:37:21.800000,2025-10-01 08:37:21.800000,2025-10-01 08:37:29.800000,2025-10-01 08:37:29.800000,18178.8,55043.2,874.126,116;115;120;124;130,130;131;125;121;116;115;114,0,0
3,HOSTTRANSFER-20251001082301531,FE-H0209,50,2025-10-01 08:23:01.531000,P28,P35,OHT10,2025-10-01 08:23:01.600000,69,2025-10-01 08:39:08.200000,2025-10-01 08:39:08.200000,2025-10-01 08:39:16.200000,2025-10-01 08:39:16.200000,2025-10-01 08:40:26.600000,2025-10-01 08:40:26.600000,2025-10-01 08:40:34.600000,2025-10-01 08:40:34.600000,0.0,49855.9,1053.069,98,98;99;101;110;117;116;115;120;124;130,0,0
3,HOSTTRANSFER-20251001082303527,AL-H0143,50,2025-10-01 08:23:03.527000,P13,P12,OHT09,2025-10-01 08:40:25.400000,1041873,2025-10-01 08:51:27.800000,2025-10-01 08:51:27.800000,2025-10-01 08:51:35.800000,2025-10-01 08:51:35.800000,2025-10-01 08:53:11.400000,2025-10-01 08:53:11.400000,2025-10-01 08:53:19.400000,2025-10-01 08:53:19.400000,57961.6,67682.4,1815.873,116;115;114;113;112;111;109;108;103;102;100;91;85;76;74;67;68;69;62;58;50,50;49;48;46;31;24;25;26;27;28;29;30;32;34;39;40;43,0,0
3,HOSTTRANSFER-20251001082306381,FE-H0090,50,2025-10-01 08:23:06.381000,P31,P29,OHT16,2025-10-01 08:23:06.400000,19,2025-10-01 08:27:28.400000,2025-10-01 08:27:28.400000,2025-10-01 08:27:36.400000,2025-10-01 08:27:36.400000,2025-10-01 08:27:58.600000,2025-10-01 08:27:58.600000,2025-10-01 08:28:06.600000,2025-10-01 08:28:06.600000,0.0,15620.2,300.219,116,116;115;114;113,0,0
3,HOSTTRANSFER-20251001082307708,AL-H0025,50,2025-10-01 08:23:07.708000,P14,P15,OHT14,2025-10-01 08:23:07.800000,92,2025-10-01 08:29:55.200000,2025-10-01 08:29:55.200000,2025-10-01 08:30:03.200000,2025-10-01 08:30:03.200000,2025-10-01 08:31:14.800000,2025-10-01 08:31:14.800000,2025-10-01 08:31:22.800000,2025-10-01 08:31:22.800000,44371.7,50366.3,495.092,71;72;64;60;53,53;52;59;63;71;72;64;60;53,3,7200
3,HOSTTRANSFER-20251001082311768,FE-H0502,50,2025-10-01 08:23:11.768000,P31,P32,OHT09,2025-10-01 08:23:11.800000,32,2025-10-01 08:25:24.600000,2025-10-01 08:25:24.600000,2025-10-01 08:25:32.600000,2025-10-01 08:25:32.600000,2025-10-01 08:26:43.800000,2025-10-01 08:26:43.800000,2025-10-01 08:26:51.800000,2025-10-01 08:26:51.800000,0.0,50454.8,220.032,116,116;115;120;124;130;131;125;121;116,0,0
3,HOSTTRANSFER-20251001082314268,AL-H0102,53,2025-10-01 08:23:14.268000,P21,P08,OHT11,2025-10-01 08:27:50.400000,276132,2025-10-01 08:48:29.600000,2025-10-01 08:48:29.600000,2025-10-01 08:48:37.600000,2025-10-01 08:48:37.600000,2025-10-01 08:51:18,2025-10-01 08:51:18,2025-10-01 08:51:26,2025-10-01 08:51:26,0.0,113797.0,1691.732,45,45;104;106;107;105;44;41;38;33;4;2;1;3;5;14;23;32;34;39;40;43;47;54;53;52;51;50;49;48;46;31;24;25,0,0
3,HOSTTRANSFER-20251001082315727,FE-H0144,53,2025-10-01 08:23:15.727000,P23,P28,OHT10,2025-10-01 08:23:15.800000,73,2025-10-01 08:37:56.400000,2025-10-01 08:37:56.400000,2025-10-01 08:38:04.400000,2025-10-01 08:38:04.400000,2025-10-01 08:39:00.200000,2025-10-01 08:39:00.200000,2025-10-01 08:39:08.200000,2025-10-01 08:39:08.200000,0.0,39436.3,952.473,83,83;82;89;97;98,0,0
3,HOSTTRANSFER-20251001082318861,FE-H0507,90,2025-10-01 08:23:18.861000,P25,P34,OHT19,2025-10-01 08:23:19,139,2025-10-01 08:47:43.600000,2025-10-01 08:47:43.600000,2025-10-01 08:47:51.600000,2025-10-01 08:47:51.600000,2025-10-01 08:50:18.600000,2025-10-01 08:50:18.600000,2025-10-01 08:50:26.600000,2025-10-01 08:50:26.600000,0.0,104250.0,1627.739,94,94;95;96;97;98;99;101;110;117;116;115;114;113;112;118;122;127;128;129,0,0
3,HOSTTRANSFER-20251001082321476,AL-H0171,50,2025-10-01 08:23:21.476000,P13,P15,OHT01,2025-10-01 08:23:21.600000,124,2025-10-01 08:30:15.200000,2025-10-01 08:30:15.200000,2025-10-01 08:30:23.200000,2025-10-01 08:30:23.200000,2025-10-01 08:31:49,2025-10-01 08:31:49,2025-10-01 08:31:57,2025-10-01 08:31:57,15709.2,60697.1,515.524,53;52;51;50,50;49;57;61;68;69;70;71;72;64;60;53,0,0
3,HOSTTRANSFER-20251001082325008,FE-H0054,50,2025-10-01 08:23:25.008000,P25,P23,OHT09,2025-10-01 08:23:25.200000,192,2025-10-01 08:36:42.200000,2025-10-01 08:36:42.200000,2025-10-01 08:36:50.200000,2025-10-01 08:36:50.200000,2025-10-01 08:38:14,2025-10-01 08:38:14,2025-10-01 08:38:22,2025-10-01 08:38:22,0.0,59345.0,896.992,94,94;95;96;97;98;90;83,0,0
3,HOSTTRANSFER-20251001082326108,FE-H0449,50,2025-10-01 08:23:26.108000,P30,P32,OHT18,2025-10-01 08:23:26.200000,92,2025-10-01 08:31:37.400000,2025-10-01 08:31:37.400000,2025-10-01 08:31:45.400000,2025-10-01 08:31:45.400000,2025-10-01 08:33:18.600000,2025-10-01 08:33:18.600000,2025-10-01 08:33:26.600000,2025-10-01 08:33:26.600000,10097.2,66073.8,600.492,116;115;114,114;113;112;118;122;127;128;129;130;131;125;121;116,0,0
3,HOSTTRANSFER-20251001082331139,AL-H0011,50,2025-10-01 08:23:31.139000,P03,P02,OHT06,2025-10-01 09:00:59,2247861,2025-10-01 09:01:08.800000,2025-10-01 09:01:08.800000,2025-10-01 09:01:16.800000,2025-10-01 09:01:16.800000,2025-10-01 09:01:17.800000,2025-10-01 09:01:17.800000,2025-10-01 09:01:25.800000,2025-10-01 09:01:25.800000,0.0,370.0,2274.661,9,9;8,1,200
3,HOSTTRANSFER-20251001082333301,AL-H0032,50,2025-10-01 08:23:33.301000,P17,P13,OHT08,2025-10-01 08:23:33.400000,99,2025-10-01 08:25:36.400000,2025-10-01 08:25:36.400000,2025-10-01 08:25:44.400000,2025-10-01 08:25:44.400000,2025-10-01 08:27:21.400000,2025-10-01 08:27:21.400000,2025-10-01 08:27:29.400000,2025-10-01 08:27:29.400000,7003.0,68766.4,236.099,68;69;70,70;71;72;64;60;53;52;51;50,0,0
3,HOSTTRANSFER-20251001082336860,AL-H0001,50,2025-10-01 08:23:36.860000,P09,P04,OHT13,2025-10-01 08:59:28,2151140,2025-10-01 09:00:09.200000,2025-10-01 09:00:09.200000,2025-10-01 09:00:17.200000,2025-10-01 09:00:17.200000,2025-10-01 09:01:53.400000,2025-10-01 09:01:53.400000,2025-10-01 09:02:01.400000,2025-10-01 09:02:01.400000,25559.1,56633.1,2304.54,9;8;7;6;15;19;25;26,26;27;28;29;22;18;12;11;10,3,15400
3,HOSTTRANSFER-20251001082338803,FE-H0027,90,2025-10-01 08:23:38.803000,P25,P34,OHT15,2025-10-01 08:23:39,197,2025-10-01 08:43:35.200000,2025-10-01 08:43:35.200000,2025-10-01 08:43:43.200000,2025-10-01 08:43:43.200000,2025-10-01 08:46:21.800000,2025-10-01 08:46:21.800000,2025-10-01 08:46:29.800000,2025-10-01 08:46:29.800000,21516.0,104250.0,1370.997,113;112;111;109;108;103;102;100;93;94,94;95;96;97;98;99;101;110;117;116;115;114;113;112;118;122;127;128;129,3,10600
3,HOSTTRANSFER-20251001082341935,AL-H0088,50,2025-10-01 08:23:41.935000,P03,P04,OHT05,2025-10-01 08:23:42,65,2025-10-01 08:32:27.400000,2025-10-01 08:32:27.400000,2025-10-01 08:32:35.400000,2025-10-01 08:32:35.400000,2025-10-01 08:34:31.600000,2025-10-01 08:34:31.600000,2025-10-01 08:34:39.600000,2025-10-01 08:34:39.600000,0.0,82192.2,657.665,9,9;8;7;6;15;19;25;26;27;28;29;22;18;12;11;10,1,200
3,HOSTTRANSFER-20251001082344930,AL-H0175,53,2025-10-01 08:23:44.930000,P04,P11,OHT03,2025-10-01 08:23:45,70,2025-10-01 08:24:53.800000,2025-10-01 08:24:53.800000,2025-10-01 08:25:01.800000,2025-10-01 08:25:01.800000,2025-10-01 08:25:42.600000,2025-10-01 08:25:42.600000,2025-10-01 08:25:50.600000,2025-10-01 08:25:50.600000,0.0,28748.9,125.67,10,10;9;17;21;28,0,0
3,HOSTTRANSFER-20251001082348425,FE-H0511,50,2025-10-01 08:23:48.425000,P27,P28,OHT10,2025-10-01 08:23:48.600000,175,2025-10-01 08:31:18.200000,2025-10-01 08:31:18.200000,2025-10-01 08:31:26.200000,2025-10-01 08:31:26.200000,2025-10-01 08:31:38,2025-10-01 08:31:38,2025-10-01 08:31:46,2025-10-01 08:31:46,41316.8,8265.1,477.575,80;79;87;94;95;96;97,97;98,0,0
3,HOSTTRANSFER-20251001082349734,FE-H0512,53,2025-10-01 08:23:49.734000,P23,P27,OHT04,2025-10-01 08:23:49.800000,66,2025-10-01 08:24:44.600000,2025-10-01 08:24:44.600000,2025-10-01 08:24:52.600000,2025-10-01 08:24:52.600000,2025-10-01 08:25:36.800000,2025-10-01 08:25:36.800000,2025-10-01 08:25:44.800000,2025-10-01 08:25:44.800000,0.0,31171.2,115.066,83,83;82;89;97,0,0
3,HOSTTRANSFER-20251001082352695,AL-H0043,53,2025-10-01 08:23:52.695000,P14,P21,OHT11,2025-10-01 08:23:52.800000,105,2025-10-01 08:46:06.400000,2025-10-01 08:46:06.400000,2025-10-01 08:46:14.400000,2025-10-01 08:46:14.400000,2025-10-01 08:48:21.600000,2025-10-01 08:48:21.600000,2025-10-01 08:48:29.600000,2025-10-01 08:48:29.600000,0.0,90113.6,1476.905,53,53;52;51;50;49;48;46;31;24;25;26;27;28;29;30;32;34;39;40;45,0,0
3,HOSTTRANSFER-20251001082353999,FE-H0318,50,2025-10-01 08:23:53.999000,P27,P26,OHT12,2025-10-01 08:23:54,1,2025-10-01 08:39:26,2025-10-01 08:39:26,2025-10-01 08:39:34,2025-10-01 08:39:34,2025-10-01 08:40:43.600000,2025-10-01 08:40:43.600000,2025-10-01 08:40:51.600000,2025-10-01 08:40:51.600000,0.0,49196.4,1017.601,97,97;98;90;83;82;89;97,0,0
3,HOSTTRANSFER-20251001082355478,AL-H0149,50,2025-10-01 08:23:55.478000,P17,P12,OHT10,2025-10-01 08:59:49,2153522,2025-10-01 09:00:13,2025-10-01 09:00:13,2025-10-01 09:00:21,2025-10-01 09:00:21,2025-10-01 09:03:36.200000,2025-10-01 09:03:36.200000,2025-10-01 09:03:44.200000,2025-10-01 09:03:44.200000,16940.2,136448.8,2388.722,50;49;57;61;68;69;70,70;71;72;64;60;53;52;51;50;49;48;46;31;24;25;26;27;28;29;30;32;34;39;40;43,1,2600
3,HOSTTRANSFER-20251001082357958,FE-H0318,50,2025-10-01 08:23:57.958000,P26,P25,OHT19,2025-10-01 08:40:51.600000,1013642,2025-10-01 08:45:45,2025-10-01 08:45:45,2025-10-01 08:45:53,2025-10-01 08:45:53,2025-10-01 08:47:35.600000,2025-10-01 08:47:35.600000,2025-10-01 08:47:43.600000,2025-10-01 08:47:43.600000,18291.2,72676.2,1425.642,83;82;89;97,97;98;90;83;82;81;80;79;87;94,0,0
3,HOSTTRANSFER-20251001082359491,AL-H0043,50,2025-10-01 08:23:59.491000,P21,P14,OHT07,2025-10-01 08:48:29.600000,1470109,2025-10-01 08:55:22.600000,2025-10-01 08:55:22.600000,2025-10-01 08:55:30.600000,2025-10-01 08:55:30.600000,2025-10-01 08:57:17.800000,2025-10-01 08:57:17.800000,2025-10-01 08:57:25.800000,2025-10-01 08:57:25.800000,0.0,75446.6,2006.309,45,45;104;106;107;105;44;41;38;33;4;2;1;3;5;14;23;32;34;39;40;43;47;54;53,1,400
3,HOSTTRANSFER-20251001082359927,FE-H0515,50,2025-10-01 08:23:59.927000,P32,P33,OHT06,2025-10-01 08:24:00,73,2025-10-01 08:34:54,2025-10-01 08:34:54,2025-10-01 08:35:02,2025-10-01 08:35:02,2025-10-01 08:36:00.800000,2025-10-01 08:36:00.800000,2025-10-01 08:36:08.800000,2025-10-01 08:36:08.800000,0.0,41584.2,728.873,116,116;115;114;113;112;118;122;127,0,0
3,HOSTTRANSFER-20251001082401354,FE-H0516,50,2025-10-01 08:24:01.354000,P31,P35,OHT15,2025-10-01 08:24:01.400000,46,2025-10-01 08:24:42.200000,2025-10-01 08:24:42.200000,2025-10-01 08:24:50.200000,2025-10-01 08:24:50.200000,2025-10-01 08:25:16,2025-10-01 08:25:16,2025-10-01 08:25:24,2025-10-01 08:25:24,0.0,18178.8,82.646,116,116;115;120;124;130,0,0
3,HOSTTRANSFER-20251001082404576,FE-H0473,99,2025-10-01 08:24:04.576000,P32,P33,OHT18,2025-10-01 08:26:05.400000,120824,2025-10-01 08:33:26.600000,2025-10-01 08:33:26.600000,2025-10-01 08:33:34.600000,2025-10-01 08:33:34.600000,2025-10-01 08:34:33.400000,2025-10-01 08:34:33.400000,2025-10-01 08:34:41.400000,2025-10-01 08:34:41.400000,0.0,41584.2,636.824,116,116;115;114;113;112;118;122;127,0,0
3,HOSTTRANSFER-20251001082409289,FE-H0331,53,2025-10-01 08:24:09.289000,P23,P26,OHT09,2025-10-01 08:26:13.400000,124111,2025-10-01 08:30:01.800000,2025-10-01 08:30:01.800000,2025-10-01 08:30:09.800000,2025-10-01 08:30:09.800000,2025-10-01 08:30:35.800000,2025-10-01 08:30:35.800000,2025-10-01 08:30:43.800000,2025-10-01 08:30:43.800000,0.0,18291.2,394.511,83,83;82;89;97,0,0
3,HOSTTRANSFER-20251001082413743,FE-H0521,50,2025-10-01 08:24:13.743000,P28,P29,OHT17,2025-10-01 08:24:13.800000,57,2025-10-01 08:42:45.400000,2025-10-01 08:42:45.400000,2025-10-01 08:42:53.400000,2025-10-01 08:42:53.400000,2025-10-01 08:44:00.200000,2025-10-01 08:44:00.200000,2025-10-01 08:44:08.200000,2025-10-01 08:44:08.200000,21145.1,47297.3,1194.457,97;98,98;99;101;110;117;116;115;114;113,0,0
3,HOSTTRANSFER-20251001082415584,FE-H0245,50,2025-10-01 08:24:15.584000,P31,P32,OHT07,2025-10-01 08:24:15.600000,16,2025-10-01 08:25:53.400000,2025-10-01 08:25:53.400000,2025-10-01 08:26:01.400000,2025-10-01 08:26:01.400000,2025-10-01 08:27:12.600000,2025-10-01 08:27:12.600000,2025-10-01 08:27:20.600000,2025-10-01 08:27:20.600000,0.0,50454.8,185.016,116,116;115;120;124;130;131;125;121;116,0,0
3,HOSTTRANSFER-20251001082418075,FE-H0523,53,2025-10-01 08:24:18.075000,P31,P36,OHT18,2025-10-01 08:24:18.200000,125,2025-10-01 08:26:23.400000,2025-10-01 08:26:23.400000,2025-10-01 08:26:31.400000,2025-10-01 08:26:31.400000,2025-10-01 08:27:16,2025-10-01 08:27:16,2025-10-01 08:27:24,2025-10-01 08:27:24,12670.0,31481.8,185.925,116,116;115;120;124;130,0,0
3,HOSTTRANSFER-20251001082419375,FE-H0335,50,2025-10-01 08:24:19.375000,P27,P26,OHT19,2025-10-01 08:24:19.400000,25,2025-10-01 08:32:20.400000,2025-10-01 08:32:20.400000,2025-10-01 08:32:28.400000,2025-10-01 08:32:28.400000,2025-10-01 08:33:38,2025-10-01 08:33:38,2025-10-01 08:33:46,2025-10-01 08:33:46,12880.0,49196.4,566.625,97,97;98;90;83;82;89;97,0,0
3,HOSTTRANSFER-20251001082422320,AL-H0171,50,2025-10-01 08:24:22.320000,P15,P01,OHT20,2025-10-01 08:31:57,454680,2025-10-01 08:42:56.800000,2025-10-01 08:42:56.800000,2025-10-01 08:43:04.800000,2025-10-01 08:43:04.800000,2025-10-01 08:44:39.200000,2025-10-01 08:44:39.200000,2025-10-01 08:44:47.200000,2025-10-01 08:44:47.200000,10869.9,64863.5,1224.88,43;47;54;53,53;52;51;50;49;48;46;31;24;25;26;20;16;7,2,2200
3,HOSTTRANSFER-20251001082426423,FE-H0462,53,2025-10-01 08:24:26.423000,P33,P30,OHT16,2025-10-01 08:24:26.600000,177,2025-10-01 08:35:16.200000,2025-10-01 08:35:16.200000,2025-10-01 08:35:24.200000,2025-10-01 08:35:24.200000,2025-10-01 08:37:03,2025-10-01 08:37:03,2025-10-01 08:37:11,2025-10-01 08:37:11,41584.2,70024.0,764.577,116;115;114;113;112;118;122;127,127;128;129;130;131;125;121;116;115;114,0,0
3,HOSTTRANSFER-20251001082427987,AL-H0103,50,2025-10-01 08:24:27.987000,P05,P04,OHT12,2025-10-01 09:05:25.200000,2457213,2025-10-01 09:05:51,2025-10-01 09:05:51,2025-10-01 09:05:59,2025-10-01 09:05:59,2025-10-01 09:06:10.200000,2025-10-01 09:06:10.200000,2025-10-01 09:06:18.200000,2025-10-01 09:06:18.200000,18216.8,7790.0,2510.213,28;29;22;18;12;11;10,10,0,0
3,HOSTTRANSFER-20251001082428869,FE-H0527,50,2025-10-01 08:24:28.869000,P25,P36,OHT12,2025-10-01 08:24:29,131,2025-10-01 08:48:09.600000,2025-10-01 08:48:09.600000,2025-10-01 08:48:17.600000,2025-10-01 08:48:17.600000,2025-10-01 08:50:38.400000,2025-10-01 08:50:38.400000,2025-10-01 08:50:46.400000,2025-10-01 08:50:46.400000,49806.2,99863.8,1577.531,116;115;114;113;112;111;109;108;103;102;100;93;94,94;95;96;97;98;99;101;110;117;116;115;120;124;130,0,0
3,HOSTTRANSFER-20251001082430544,FE-H0039,50,2025-10-01 08:24:30.544000,P27,P23,OHT04,2025-10-01 08:24:30.600000,56,2025-10-01 08:25:44.800000,2025-10-01 08:25:44.800000,2025-10-01 08:25:52.800000,2025-10-01 08:25:52.800000,2025-10-01 08:26:36.600000,2025-10-01 08:26:36.600000,2025-10-01 08:26:44.600000,2025-10-01 08:26:44.600000,0.0,30905.2,134.056,97,97;98;90;83,0,0
3,HOSTTRANSFER-20251001082432072,AL-H0178,50,2025-10-01 08:24:32.072000,P16,P19,OHT14,2025-10-01 08:24:32.200000,128,2025-10-01 08:34:49.400000,2025-10-01 08:34:49.400000,2025-10-01 08:34:57.400000,2025-10-01 08:34:57.400000,2025-10-01 08:35:19.800000,2025-10-01 08:35:19.800000,2025-10-01 08:35:27.800000,2025-10-01 08:35:27.800000,0.0,15688.5,655.728,68,68;69;70;71,0,0
3,HOSTTRANSFER-20251001082434183,AL-H0166,50,2025-10-01 08:24:34.183000,P21,P14,OHT20,2025-10-01 08:24:34.200000,17,2025-10-01 08:29:34.200000,2025-10-01 08:29:34.200000,2025-10-01 08:29:42.200000,2025-10-01 08:29:42.200000,2025-10-01 08:31:28.600000,2025-10-01 08:31:28.600000,2025-10-01 08:31:36.600000,2025-10-01 08:31:36.600000,0.0,75446.6,422.417,45,45;104;106;107;105;44;41;38;33;4;2;1;3;5;14;23;32;34;39;40;43;47;54;53,0,0
3,HOSTTRANSFER-20251001082436385,FE-H0529,50,2025-10-01 08:24:36.385000,P32,P33,OHT07,2025-10-01 08:24:36.400000,15,2025-10-01 08:27:20.600000,2025-10-01 08:27:20.600000,2025-10-01 08:27:28.600000,2025-10-01 08:27:28.600000,2025-10-01 08:28:39.600000,2025-10-01 08:28:39.600000,2025-10-01 08:28:47.600000,2025-10-01 08:28:47.600000,0.0,41584.2,251.215,116,116;115;114;113;112;118;122;127,2,11800
3,HOSTTRANSFER-20251001082437687,AL-H0035,50,2025-10-01 08:24:37.687000,P09,P04,OHT11,2025-10-01 08:24:37.800000,113,2025-10-01 08:28:36.400000,2025-10-01 08:28:36.400000,2025-10-01 08:28:44.400000,2025-10-01 08:28:44.400000,2025-10-01 08:30:21.400000,2025-10-01 08:30:21.400000,2025-10-01 08:30:29.400000,2025-10-01 08:30:29.400000,18781.1,56633.1,351.713,7;6;15;19;25;26,26;27;28;29;22;18;12;11;10,2,16200
3,HOSTTRANSFER-20251001082438883,FE-H0485,99,2025-10-01 08:24:38.883000,P32,P33,OHT06,2025-10-01 08:24:39,117,2025-10-01 08:27:42.200000,2025-10-01 08:27:42.200000,2025-10-01 08:27:50.200000,2025-10-01 08:27:50.200000,2025-10-01 08:28:58,2025-10-01 08:28:58,2025-10-01 08:29:06,2025-10-01 08:29:06,0.0,41584.2,267.117,116,116;115;114;113;112;118;122;127,1,8600
3,HOSTTRANSFER-20251001082440521,FE-H0018,50,2025-10-01 08:24:40.521000,P31,P23,OHT19,2025-10-01 08:30:01.800000,321279,2025-10-01 08:42:36.800000,2025-10-01 08:42:36.800000,2025-10-01 08:42:44.800000,2025-10-01 08:42:44.800000,2025-10-01 08:45:11,2025-10-01 08:45:11,2025-10-01 08:45:19,2025-10-01 08:45:19,0.0,96481.2,1238.479,116,116;115;114;113;112;111;109;108;103;102;100;93;94;95;96;97;98;90;83,4,8800
3,HOSTTRANSFER-20251001082443625,AL-H0174,50,2025-10-01 08:24:43.625000,P20,P07,OHT18,2025-10-01 08:24:43.800000,175,2025-10-01 08:47:55.200000,2025-10-01 08:47:55.200000,2025-10-01 08:48:03.200000,2025-10-01 08:48:03.200000,2025-10-01 08:50:43.400000,2025-10-01 08:50:43.400000,2025-10-01 08:50:51.400000,2025-10-01 08:50:51.400000,28556.4,113576.4,1567.775,68;69;70;71,71;72;64;60;53;52;51;50;49;48;46;31;24;25;26;27;28;29;22;18;12,0,0
3,HOSTTRANSFER-20251001082444727,AL-H0007,50,2025-10-01 08:24:44.727000,P18,P05,OHT04,2025-10-01 08:31:24.600000,399873,2025-10-01 08:55:38.200000,2025-10-01 08:55:38.200000,2025-10-01 08:55:46.200000,2025-10-01 08:55:46.200000,2025-10-01 08:59:27.800000,2025-10-01 08:59:27.800000,2025-10-01 08:59:35.800000,2025-10-01 08:59:35.800000,63889.6,145626.8,2091.073,116;115;114;113;112;111;109;108;103;102;100;91;85;76;74;67;68;69;70,70;71;72;64;60;53;52;51;50;49;48;46;31;24;25;26;27;28;29;22;18;12;11;10,6,15000
3,HOSTTRANSFER-20251001082448779,AL-H0172,50,2025-10-01 08:24:48.779000,P07,P04,OHT05,2025-10-01 08:24:48.800000,21,2025-10-01 08:26:57,2025-10-01 08:26:57,2025-10-01 08:27:05,2025-10-01 08:27:05,2025-10-01 08:27:31.400000,2025-10-01 08:27:31.400000,2025-10-01 08:27:39.400000,2025-10-01 08:27:39.400000,43884.4,18567.0,170.621,10;9;17;21;28;29;22;18;12,12;11;10,0,0
3,HOSTTRANSFER-20251001082451339,AL-H0007,50,2025-10-01 08:24:51.339000,P05,P01,OHT19,2025-10-01 08:59:35.800000,2084461,2025-10-01 09:00:59,2025-10-01 09:00:59,2025-10-01 09:01:07,2025-10-01 09:01:07,2025-10-01 09:01:39,2025-10-01 09:01:39,2025-10-01 09:01:47,2025-10-01 09:01:47,0.0,20867.2,2215.661,10,10;9;8;7,2,1800
3,HOSTTRANSFER-20251001082455135,FE-H0406,50,2025-10-01 08:24:55.135000,P30,P32,OHT09,2025-10-01 08:24:55.200000,65,2025-10-01 08:40:32.600000,2025-10-01 08:40:32.600000,2025-10-01 08:40:40.600000,2025-10-01 08:40:40.600000,2025-10-01 08:42:14.800000,2025-10-01 08:42:14.800000,2025-10-01 08:42:22.800000,2025-10-01 08:42:22.800000,0.0,66073.8,1047.665,114,114;113;112;118;122;127;128;129;130;131;125;121;116,1,800
3,HOSTTRANSFER-20251001082458712,AL-H0175,50,2025-10-01 08:24:58.712000,P11,P01,OHT02,2025-10-01 08:25:50.600000,51888,2025-10-01 08:32:56.600000,2025-10-01 08:32:56.600000,2025-10-01 08:33:04.600000,2025-10-01 08:33:04.600000,2025-10-01 08:34:10.800000,2025-10-01 08:34:10.800000,2025-10-01 08:34:18.800000,2025-10-01 08:34:18.800000,0.0,46779.7,560.088,28,28;29;22;18;12;11;10;9;8;7,0,0
3,HOSTTRANSFER-20251001082459246,AL-H0152,50,2025-10-01 08:24:59.246000,P12,P21,OHT02,2025-10-01 08:24:59.400000,154,2025-10-01 08:48:07.200000,2025-10-01 08:48:07.200000,2025-10-01 08:48:15.200000,2025-10-01 08:48:15.200000,2025-10-01 08:50:59.600000,2025-10-01 08:50:59.600000,2025-10-01 08:51:07.600000,2025-10-01 08:51:07.600000,45041.2,113611.6,1568.354,25;26;27;28;29;30;32;34;39;40;43,43;47;54;53;52;51;50;49;48;46;31;24;25;26;27;28;29;30;32;34;39;40;45,2,3200
3,HOSTTRANSFER-20251001082501785,FE-H0534,90,2025-10-01 08:25:01.785000,P34,P33,OHT19,2025-10-01 08:25:01.800000,15,2025-10-01 08:50:26.600000,2025-10-01 08:50:26.600000,2025-10-01 08:50:34.600000,2025-10-01 08:50:34.600000,2025-10-01 08:52:30.200000,2025-10-01 08:52:30.200000,2025-10-01 08:52:38.200000,2025-10-01 08:52:38.200000,0.0,81887.2,1656.415,129,129;130;131;125;121;116;115;114;113;112;118;122;127,0,0
3,HOSTTRANSFER-20251001082503998,FE-H0107,50,2025-10-01 08:25:03.998000,P29,P30,OHT16,2025-10-01 08:25:04,2,2025-10-01 08:28:06.600000,2025-10-01 08:28:06.600000,2025-10-01 08:28:14.600000,2025-10-01 08:28:14.600000,2025-10-01 08:30:12.200000,2025-10-01 08:30:12.200000,2025-10-01 08:30:20.200000,2025-10-01 08:30:20.200000,0.0,83318.0,316.202,113,113;112;118;122;127;128;129;130;131;125;121;116;115;114,0,0
3,HOSTTRANSFER-20251001082506749,FE-H0530,50,2025-10-01 08:25:06.749000,P36,P31,OHT18,2025-10-01 08:25:06.800000,51,2025-10-01 08:27:24,2025-10-01 08:27:24,2025-10-01 08:27:32,2025-10-01 08:27:32,2025-10-01 08:28:16.800000,2025-10-01 08:28:16.800000,2025-10-01 08:28:24.800000,2025-10-01 08:28:24.800000,0.0,31643.0,198.051,130,130;131;125;121;116,0,0
3,HOSTTRANSFER-20251001082507906,FE-H0107,50,2025-10-01 08:25:07.906000,P30,P32,OHT06,2025-10-01 08:30:20.200000,312294,2025-10-01 08:40:52.600000,2025-10-01 08:40:52.600000,2025-10-01 08:41:00.600000,2025-10-01 08:41:00.600000,2025-10-01 08:42:33.800000,2025-10-01 08:42:33.800000,2025-10-01 08:42:41.800000,2025-10-01 08:42:41.800000,0.0,66073.8,1053.894,114,114;113;112;118;122;127;128;129;130;131;125;121;116,0,0
3,HOSTTRANSFER-20251001082510893,AL-H0055,53,2025-10-01 08:25:10.893000,P21,P04,OHT05,2025-10-01 09:03:10,2279107,2025-10-01 09:03:29,2025-10-01 09:03:29,2025-10-01 09:03:37,2025-10-01 09:03:37,2025-10-01 09:05:11.800000,2025-10-01 09:05:11.800000,2025-10-01 09:05:19.800000,2025-10-01 09:05:19.800000,13333.2,67106.6,2408.907,30;32;34;39;40;45,45;104;106;107;105;44;41;38;33;4;2;1;3;5;13;12;11;10,0,0
3,HOSTTRANSFER-20251001082513507,AL-H0068,50,2025-10-01 08:25:13.507000,P03,P04,OHT13,2025-10-01 08:25:13.600000,93,2025-10-01 08:26:14.400000,2025-10-01 08:26:14.400000,2025-10-01 08:26:22.400000,2025-10-01 08:26:22.400000,2025-10-01 08:28:18.600000,2025-10-01 08:28:18.600000,2025-10-01 08:28:26.600000,2025-10-01 08:28:26.600000,6299.2,82192.2,193.093,10;9,9;8;7;6;15;19;25;26;27;28;29;22;18;12;11;10,1,200
3,HOSTTRANSFER-20251001082517395,AL-H0105,50,2025-10-01 08:25:17.395000,P08,P09,OHT17,2025-10-01 08:25:17.400000,5,2025-10-01 08:27:36.200000,2025-10-01 08:27:36.200000,2025-10-01 08:27:44.200000,2025-10-01 08:27:44.200000,2025-10-01 08:27:52.400000,2025-10-01 08:27:52.400000,2025-10-01 08:28:00.400000,2025-10-01 08:28:00.400000,0.0,5656.1,163.005,25,25;26,0,0
3,HOSTTRANSFER-20251001082520026,FE-H0504,99,2025-10-01 08:25:20.026000,P33,P34,OHT06,2025-10-01 08:25:20.200000,174,2025-10-01 08:26:03.200000,2025-10-01 08:26:03.200000,2025-10-01 08:26:11.200000,2025-10-01 08:26:11.200000,2025-10-01 08:26:21.200000,2025-10-01 08:26:21.200000,2025-10-01 08:26:29.200000,2025-10-01 08:26:29.200000,0.0,6953.8,69.174,127,127;128;129,0,0
3,HOSTTRANSFER-20251001082523205,AL-H0017,50,2025-10-01 08:25:23.205000,P06,P03,OHT07,2025-10-01 08:59:32.800000,2049595,2025-10-01 09:01:14,2025-10-01 09:01:14,2025-10-01 09:01:22,2025-10-01 09:01:22,2025-10-01 09:01:50.200000,2025-10-01 09:01:50.200000,2025-10-01 09:01:58.200000,2025-10-01 09:01:58.200000,53837.6,19568.2,2194.995,45;104;106;107;105;44;41;38;33;4;2;1;3;5;13;12;11,11;10;9,2,8400
3,HOSTTRANSFER-20251001082525269,FE-H0001,52,2025-10-01 08:25:25.269000,P30,P31,OHT12,2025-10-01 08:35:44.600000,619331,2025-10-01 08:42:36.800000,2025-10-01 08:42:36.800000,2025-10-01 08:42:44.800000,2025-10-01 08:42:44.800000,2025-10-01 08:44:47.400000,2025-10-01 08:44:47.400000,2025-10-01 08:44:55.400000,2025-10-01 08:44:55.400000,10097.2,78743.8,1170.131,116;115;114,114;113;112;118;122;127;128;129;130;131;125;121;116,3,10800
3,HOSTTRANSFER-20251001082527958,AL-H0045,50,2025-10-01 08:25:27.958000,P06,P14,OHT07,2025-10-01 08:43:54.400000,1106442,2025-10-01 08:50:41.400000,2025-10-01 08:50:41.400000,2025-10-01 08:50:49.400000,2025-10-01 08:50:49.400000,2025-10-01 08:52:51.400000,2025-10-01 08:52:51.400000,2025-10-01 08:52:59.400000,2025-10-01 08:52:59.400000,0.0,81970.4,1651.442,11,11;10;9;17;21;28;29;30;32;34;39;40;43;47;54;53,2,5800
3,HOSTTRANSFER-20251001082529927,FE-H0544,90,2025-10-01 08:25:29.927000,P34,P33,OHT15,2025-10-01 08:25:30,73,2025-10-01 08:35:20.400000,2025-10-01 08:35:20.400000,2025-10-01 08:35:28.400000,2025-10-01 08:35:28.400000,2025-10-01 08:37:31,2025-10-01 08:37:31,2025-10-01 08:37:39,2025-10-01 08:37:39,6953.8,81887.2,729.073,127;128;129,129;130;131;125;121;116;115;114;113;112;118;122;127,1,6600
3,HOSTTRANSFER-20251001082532103,AL-H0115,50,2025-10-01 08:25:32.103000,P03,P04,OHT13,2025-10-01 08:27:06,93897,2025-10-01 08:32:46,2025-10-01 08:32:46,2025-10-01 08:32:54,2025-10-01 08:32:54,2025-10-01 08:35:03.400000,2025-10-01 08:35:03.400000,2025-10-01 08:35:11.400000,2025-10-01 08:35:11.400000,0.0,82192.2,579.297,9,9;8;7;6;15;19;25;26;27;28;29;22;18;12;11;10,3,12800
3,HOSTTRANSFER-20251001082533666,FE-H0353,50,2025-10-01 08:25:33.666000,P26,P30,OHT04,2025-10-01 08:25:33.800000,134,2025-10-01 08:34:49.200000,2025-10-01 08:34:49.200000,2025-10-01 08:34:57.200000,2025-10-01 08:34:57.200000,2025-10-01 08:36:26,2025-10-01 08:36:26,2025-10-01 08:36:34,2025-10-01 08:36:34,15559.8,62919.4,660.334,94;95;96;97,97;98;99;101;110;117;116;115;114,0,0
3,HOSTTRANSFER-20251001082535699,AL-H0127,53,2025-10-01 08:25:35.699000,P14,P21,OHT14,2025-10-01 08:26:26,50301,2025-10-01 08:53:30.200000,2025-10-01 08:53:30.200000,2025-10-01 08:53:38.200000,2025-10-01 08:53:38.200000,2025-10-01 08:55:50,2025-10-01 08:55:50,2025-10-01 08:55:58,2025-10-01 08:55:58,62883.1,90113.6,1822.301,26;27;28;29;30;32;34;39;40;43;47;54;53,53;52;51;50;49;48;46;31;24;25;26;27;28;29;30;32;34;39;40;45,3,12800
3,HOSTTRANSFER-20251001082537769,AL-H0076,50,2025-10-01 08:25:37.769000,P07,P06,OHT01,2025-10-01 08:38:53.800000,796031,2025-10-01 08:44:51.600000,2025-10-01 08:44:51.600000,2025-10-01 08:44:59.600000,2025-10-01 08:44:59.600000,2025-10-01 08:45:07.200000,2025-10-01 08:45:07.200000,2025-10-01 08:45:15.200000,2025-10-01 08:45:15.200000,0.0,5298.0,1177.431,12,12;11,0,0
3,HOSTTRANSFER-20251001082540495,FE-H0547,50,2025-10-01 08:25:40.495000,P32,P24,OHT10,2025-10-01 08:25:40.600000,105,2025-10-01 08:41:20.200000,2025-10-01 08:41:20.200000,2025-10-01 08:41:28.200000,2025-10-01 08:41:28.200000,2025-10-01 08:43:44.800000,2025-10-01 08:43:44.800000,2025-10-01 08:43:52.800000,2025-10-01 08:43:52.800000,32276.0,96788.2,1092.305,130;131;125;121;116,116;115;114;113;112;111;109;108;103;102;100;93;94;95;96;97;98;90;83,0,0
3,HOSTTRANSFER-20251001082542696,AL-H0028,50,2025-10-01 08:25:42.696000,P06,P17,OHT01,2025-10-01 08:25:42.800000,104,2025-10-01 08:53:35.800000,2025-10-01 08:53:35.800000,2025-10-01 08:53:43.800000,2025-10-01 08:53:43.800000,2025-10-01 08:56:32.800000,2025-10-01 08:56:32.800000,2025-10-01 08:56:40.800000,2025-10-01 08:56:40.800000,0.0,117947.6,1858.104,11,11;10;9;17;21;28;29;30;32;34;39;40;43;47;54;53;52;51;50;49;57;61;68;69;70,1,2400
3,HOSTTRANSFER-20251001082545189,FE-H0149,50,2025-10-01 08:25:45.189000,P24,P27,OHT10,2025-10-01 08:25:45.200000,11,2025-10-01 08:27:39.800000,2025-10-01 08:27:39.800000,2025-10-01 08:27:47.800000,2025-10-01 08:27:47.800000,2025-10-01 08:28:49.400000,2025-10-01 08:28:49.400000,2025-10-01 08:28:57.400000,2025-10-01 08:28:57.400000,31422.2,43534.2,192.211,97;98;90;83,83;82;89;97,0,0
3,HOSTTRANSFER-20251001082546494,FE-H0550,90,2025-10-01 08:25:46.494000,P34,P32,OHT06,2025-10-01 08:25:46.600000,106,2025-10-01 08:29:32,2025-10-01 08:29:32,2025-10-01 08:29:40,2025-10-01 08:29:40,2025-10-01 08:30:37,2025-10-01 08:30:37,2025-10-01 08:30:45,2025-10-01 08:30:45,0.0,40303.0,298.506,129,129;130;131;125;121;116,0,0
3,HOSTTRANSFER-20251001082549809,FE-H0551,50,2025-10-01 08:25:49.809000,P32,P24,OHT19,2025-10-01 08:25:50,191,2025-10-01 08:37:19.200000,2025-10-01 08:37:19.200000,2025-10-01 08:37:27.200000,2025-10-01 08:37:27.200000,2025-10-01 08:40:05,2025-10-01 08:40:05,2025-10-01 08:40:13,2025-10-01 08:40:13,0.0,96788.2,863.191,116,116;115;114;113;112;111;109;108;103;102;100;93;94;95;96;97;98;90;83,6,19800
3,HOSTTRANSFER-20251001082554256,AL-H0013,50,2025-10-01 08:25:54.256000,P14,P07,OHT08,2025-10-01 08:25:54.400000,144,2025-10-01 08:46:33.200000,2025-10-01 08:46:33.200000,2025-10-01 08:46:41.200000,2025-10-01 08:46:41.200000,2025-10-01 08:48:37,2025-10-01 08:48:37,2025-10-01 08:48:45,2025-10-01 08:48:45,0.0,82072.6,1370.744,53,53;52;51;50;49;48;46;31;24;25;26;27;28;29;22;18;12,0,0
3,HOSTTRANSFER-20251001082556945,AL-H0045,50,2025-10-01 08:25:56.945000,P14,P03,OHT02,2025-10-01 08:52:59.400000,1622455,2025-10-01 08:53:17.800000,2025-10-01 08:53:17.800000,2025-10-01 08:53:25.800000,2025-10-01 08:53:25.800000,2025-10-01 08:55:56.600000,2025-10-01 08:55:56.600000,2025-10-01 08:56:04.600000,2025-10-01 08:56:04.600000,0.0,106938.8,1807.655,53,53;52;51;50;49;48;46;31;24;25;26;27;28;29;22;18;12;11;10;9,0,0
3,HOSTTRANSFER-20251001082600819,FE-H0513,99,2025-10-01 08:26:00.819000,P32,P33,OHT12,2025-10-01 08:26:01,181,2025-10-01 08:26:31.200000,2025-10-01 08:26:31.200000,2025-10-01 08:26:39.200000,2025-10-01 08:26:39.200000,2025-10-01 08:27:38,2025-10-01 08:27:38,2025-10-01 08:27:46,2025-10-01 08:27:46,0.0,41584.2,105.181,116,116;115;114;113;112;118;122;127,0,0
3,HOSTTRANSFER-20251001082602865,FE-H0275,50,2025-10-01 08:26:02.865000,P17,P21,OHT03,2025-10-01 08:26:03,135,2025-10-01 08:56:07.600000,2025-10-01 08:56:07.600000,2025-10-01 08:56:15.600000,2025-10-01 08:56:15.600000,2025-10-01 08:59:51.400000,2025-10-01 08:59:51.400000,2025-10-01 08:59:59.400000,2025-10-01 08:59:59.400000,20268.0,143170.8,2036.535,50;49;57;61;68;69;70,70;71;72;64;60;53;52;51;50;49;48;46;31;24;25;26;27;28;29;30;32;34;39;40;45,4,12800
3,HOSTTRANSFER-20251001082606701,AL-H0165,50,2025-10-01 08:26:06.701000,P03,P11,OHT02,2025-10-01 08:26:06.800000,99,2025-10-01 08:31:31.800000,2025-10-01 08:31:31.800000,2025-10-01 08:31:39.800000,2025-10-01 08:31:39.800000,2025-10-01 08:32:48.600000,2025-10-01 08:32:48.600000,2025-10-01 08:32:56.600000,2025-10-01 08:32:56.600000,14089.2,48489.7,409.899,10;9,9;8;7;6;15;19;25;26;27;28,1,200
3,HOSTTRANSFER-20251001082610608,FE-H0554,90,2025-10-01 08:26:10.608000,P34,P33,OHT15,2025-10-01 08:26:10.800000,192,2025-10-01 08:32:58.800000,2025-10-01 08:32:58.800000,2025-10-01 08:33:06.800000,2025-10-01 08:33:06.800000,2025-10-01 08:35:02.400000,2025-10-01 08:35:02.400000,2025-10-01 08:35:10.400000,2025-10-01 08:35:10.400000,0.0,81887.2,539.792,129,129;130;131;125;121;116;115;114;113;112;118;122;127,0,0
3,HOSTTRANSFER-20251001082613171,FE-H0386,50,2025-10-01 08:26:13.171000,P29,P32,OHT12,2025-10-01 08:26:13.200000,29,2025-10-01 08:45:17.600000,2025-10-01 08:45:17.600000,2025-10-01 08:45:25.600000,2025-10-01 08:45:25.600000,2025-10-01 08:46:51.200000,2025-10-01 08:46:51.200000,2025-10-01 08:46:59.200000,2025-10-01 08:46:59.200000,15620.2,60550.8,1246.029,116;115;114;113,113;112;118;122;127;128;129;130;131;125;121;116,0,0
3,HOSTTRANSFER-20251001082615808,AL-H0066,50,2025-10-01 08:26:15.808000,P07,P14,OHT08,2025-10-01 08:26:16,192,2025-10-01 08:44:07.200000,2025-10-01 08:44:07.200000,2025-10-01 08:44:15.200000,2025-10-01 08:44:15.200000,2025-10-01 08:46:25.200000,2025-10-01 08:46:25.200000,2025-10-01 08:46:33.200000,2025-10-01 08:46:33.200000,15135.5,87268.4,1217.392,28;29;22;18;12,12;11;10;9;17;21;28;29;30;32;34;39;40;43;47;54;53,2,6200
3,HOSTTRANSFER-20251001082616553,FE-H0519,99,2025-10-01 08:26:16.553000,P33,P28,OHT04,2025-10-01 08:26:16.600000,47,2025-10-01 08:44:47,2025-10-01 08:44:47,2025-10-01 08:44:55,2025-10-01 08:44:55,2025-10-01 08:46:35.800000,2025-10-01 08:46:35.800000,2025-10-01 08:46:43.800000,2025-10-01 08:46:43.800000,0.0,71412.7,1227.247,127,127;128;123;119;113;112;111;109;108;103;102;100;93;94;95;96;97;98,0,0
3,HOSTTRANSFER-20251001082618622,FE-H0555,50,2025-10-01 08:26:18.622000,P32,P28,OHT09,2025-10-01 08:26:18.800000,178,2025-10-01 08:42:22.800000,2025-10-01 08:42:22.800000,2025-10-01 08:42:30.800000,2025-10-01 08:42:30.800000,2025-10-01 08:44:42.800000,2025-10-01 08:44:42.800000,2025-10-01 08:44:50.800000,2025-10-01 08:44:50.800000,0.0,86511.1,1112.178,116,116;115;114;113;112;111;109;108;103;102;100;93;94;95;96;97;98,5,8200
3,HOSTTRANSFER-20251001082621336,FE-H0519,50,2025-10-01 08:26:21.336000,P28,P35,OHT17,2025-10-01 08:46:43.800000,1222464,2025-10-01 08:48:50.600000,2025-10-01 08:48:50.600000,2025-10-01 08:48:58.600000,2025-10-01 08:48:58.600000,2025-10-01 08:50:09,2025-10-01 08:50:09,2025-10-01 08:50:17,2025-10-01 08:50:17,49581.9,49855.9,1435.664,80;79;87;94;95;96;97;98,98;99;101;110;117;116;115;120;124;130,0,0
3,HOSTTRANSFER-20251001082624660,AL-H0100,50,2025-10-01 08:26:24.660000,P12,P14,OHT09,2025-10-01 08:51:59.400000,1534740,2025-10-01 08:53:19.400000,2025-10-01 08:53:19.400000,2025-10-01 08:53:27.400000,2025-10-01 08:53:27.400000,2025-10-01 08:54:00.800000,2025-10-01 08:54:00.800000,2025-10-01 08:54:08.800000,2025-10-01 08:54:08.800000,0.0,23498.0,1664.14,43,43;47;54;53,0,0
3,HOSTTRANSFER-20251001082628028,AL-H0018,50,2025-10-01 08:26:28.028000,P07,P03,OHT06,2025-10-01 08:52:43.400000,1575372,2025-10-01 08:53:01.800000,2025-10-01 08:53:01.800000,2025-10-01 08:53:09.800000,2025-10-01 08:53:09.800000,2025-10-01 08:53:45,2025-10-01 08:53:45,2025-10-01 08:53:53,2025-10-01 08:53:53,0.0,24866.2,1644.972,12,12;11;10;9,0,0
3,HOSTTRANSFER-20251001082629246,FE-H0559,53,2025-10-01 08:26:29.246000,P31,P36,OHT07,2025-10-01 08:26:29.400000,154,2025-10-01 08:30:28.200000,2025-10-01 08:30:28.200000,2025-10-01 08:30:36.200000,2025-10-01 08:30:36.200000,2025-10-01 08:31:20.800000,2025-10-01 08:31:20.800000,2025-10-01 08:31:28.800000,2025-10-01 08:31:28.800000,0.0,31481.8,299.554,116,116;115;120;124;130,0,0
3,HOSTTRANSFER-20251001082630660,FE-H0561,50,2025-10-01 08:26:30.660000,P28,P26,OHT17,2025-10-01 08:26:30.800000,140,2025-10-01 08:40:00.400000,2025-10-01 08:40:00.400000,2025-10-01 08:40:08.400000,2025-10-01 08:40:08.400000,2025-10-01 08:42:07.400000,2025-10-01 08:42:07.400000,2025-10-01 08:42:15.400000,2025-10-01 08:42:15.400000,0.0,84373.1,944.74,98,98;99;101;110;117;116;115;114;113;112;111;109;108;103;102;100;93;94;95;96;97,0,0
3,HOSTTRANSFER-20251001082632344,FE-H0557,50,2025-10-01 08:26:32.344000,P31,P25,OHT15,2025-10-01 08:26:32.400000,56,2025-10-01 08:39:20,2025-10-01 08:39:20,2025-10-01 08:39:28,2025-10-01 08:39:28,2025-10-01 08:40:20.600000,2025-10-01 08:40:20.600000,2025-10-01 08:40:28.600000,2025-10-01 08:40:28.600000,12670.0,37136.2,836.256,116,116;115;114;113;112;111;109;108;103;102;100;93;94,0,0
3,HOSTTRANSFER-20251001082635476,AL-H0102,50,2025-10-01 08:26:35.476000,P17,P07,OHT01,2025-10-01 08:51:26,1490524,2025-10-01 08:56:40.800000,2025-10-01 08:56:40.800000,2025-10-01 08:56:48.800000,2025-10-01 08:56:48.800000,2025-10-01 08:59:59.400000,2025-10-01 08:59:59.400000,2025-10-01 09:00:07.400000,2025-10-01 09:00:07.400000,0.0,135129.8,2011.924,70,70;71;72;64;60;53;52;51;50;49;48;46;31;24;25;26;27;28;29;22;18;12,0,0
3,HOSTTRANSFER-20251001082638049,AL-H0071,50,2025-10-01 08:26:38.049000,P19,P11,OHT05,2025-10-01 08:51:46.200000,1508151,2025-10-01 08:53:18,2025-10-01 08:53:18,2025-10-01 08:53:26,2025-10-01 08:53:26,2025-10-01 08:56:03,2025-10-01 08:56:03,2025-10-01 08:56:11,2025-10-01 08:56:11,0.0,111308.8,1772.951,71,71;72;64;60;53;52;51;50;49;48;46;31;24;25;26;27;28,0,0
3,HOSTTRANSFER-20251001082640030,AL-H0027,50,2025-10-01 08:26:40.030000,P08,P04,OHT02,2025-10-01 08:26:40.200000,170,2025-10-01 08:37:22.800000,2025-10-01 08:37:22.800000,2025-10-01 08:37:30.800000,2025-10-01 08:37:30.800000,2025-10-01 08:38:58.800000,2025-10-01 08:38:58.800000,2025-10-01 08:39:06.800000,2025-10-01 08:39:06.800000,0.0,62289.2,746.77,25,25;26;27;28;29;22;18;12;11;10,0,0
3,HOSTTRANSFER-20251001082642329,AL-H0016,50,2025-10-01 08:26:42.329000,P08,P04,OHT05,2025-10-01 08:26:42.400000,71,2025-10-01 08:43:54.400000,2025-10-01 08:43:54.400000,2025-10-01 08:44:02.400000,2025-10-01 08:44:02.400000,2025-10-01 08:45:44.200000,2025-10-01 08:45:44.200000,2025-10-01 08:45:52.200000,2025-10-01 08:45:52.200000,0.0,62289.2,1149.871,25,25;26;27;28;29;22;18;12;11;10,1,13600
3,HOSTTRANSFER-20251001082644249,AL-H0012,50,2025-10-01 08:26:44.249000,P12,P19,OHT14,2025-10-01 08:26:44.400000,151,2025-10-01 08:27:29.200000,2025-10-01 08:27:29.200000,2025-10-01 08:27:37.200000,2025-10-01 08:27:37.200000,2025-10-01 08:28:36.800000,2025-10-01 08:28:36.800000,2025-10-01 08:28:44.800000,2025-10-01 08:28:44.800000,0.0,42120.7,120.551,43,43;47;54;53;52;59;63;71,0,0
3,HOSTTRANSFER-20251001082647030,FE-H0526,99,2025-10-01 08:26:47.030000,P33,P34,OHT06,2025-10-01 08:26:47.200000,170,2025-10-01 08:29:06,2025-10-01 08:29:06,2025-10-01 08:29:14,2025-10-01 08:29:14,2025-10-01 08:29:24,2025-10-01 08:29:24,2025-10-01 08:29:32,2025-10-01 08:29:32,0.0,6953.8,164.97,127,127;128;129,0,0
3,HOSTTRANSFER-20251001082649444,AL-H0046,50,2025-10-01 08:26:49.444000,P12,P03,OHT11,2025-10-01 08:26:49.600000,156,2025-10-01 08:54:52,2025-10-01 08:54:52,2025-10-01 08:55:00,2025-10-01 08:55:00,2025-10-01 08:58:04,2025-10-01 08:58:04,2025-10-01 08:58:12,2025-10-01 08:58:12,45203.4,130436.8,1882.556,10;9;17;21;28;29;30;32;34;39;40;43,43;47;54;53;52;51;50;49;48;46;31;24;25;26;27;28;29;22;18;12;11;10;9,0,0
3,HOSTTRANSFER-20251001082652998,FE-H0568,50,2025-10-01 08:26:52.998000,P32,P33,OHT06,2025-10-01 08:26:53,2,2025-10-01 08:30:45,2025-10-01 08:30:45,2025-10-01 08:30:53,2025-10-01 08:30:53,2025-10-01 08:31:51.800000,2025-10-01 08:31:51.800000,2025-10-01 08:31:59.800000,2025-10-01 08:31:59.800000,0.0,41584.2,306.802,116,116;115;114;113;112;118;122;127,0,0
3,HOSTTRANSFER-20251001082657081,FE-H0368,50,2025-10-01 08:26:57.081000,P29,P35,OHT18,2025-10-01 08:26:57.200000,119,2025-10-01 08:28:47,2025-10-01 08:28:47,2025-10-01 08:28:55,2025-10-01 08:28:55,2025-10-01 08:29:55.400000,2025-10-01 08:29:55.400000,2025-10-01 08:30:03.400000,2025-10-01 08:30:03.400000,15620.2,28274.8,186.319,116;115;114;113,113;112;118;122;127;128;129;130,3,19400
3,HOSTTRANSFER-20251001082700895,FE-H0029,50,2025-10-01 08:27:00.895000,P27,P23,OHT17,2025-10-01 08:27:01,105,2025-10-01 08:32:38.800000,2025-10-01 08:32:38.800000,2025-10-01 08:32:46.800000,2025-10-01 08:32:46.800000,2025-10-01 08:33:30.600000,2025-10-01 08:33:30.600000,2025-10-01 08:33:38.600000,2025-10-01 08:33:38.600000,0.0,30905.2,397.705,97,97;98;90;83,0,0
3,HOSTTRANSFER-20251001082702839,FE-H0571,53,2025-10-01 08:27:02.839000,P23,P26,OHT19,2025-10-01 08:27:03,161,2025-10-01 08:29:36.200000,2025-10-01 08:29:36.200000,2025-10-01 08:29:44.200000,2025-10-01 08:29:44.200000,2025-10-01 08:30:10.200000,2025-10-01 08:30:10.200000,2025-10-01 08:30:18.200000,2025-10-01 08:30:18.200000,0.0,18291.2,195.361,83,83;82;89;97,0,0
3,HOSTTRANSFER-20251001082706053,FE-H0531,99,2025-10-01 08:27:06.053000,P32,P33,OHT07,2025-10-01 08:27:06.200000,147,2025-10-01 08:31:55.800000,2025-10-01 08:31:55.800000,2025-10-01 08:32:03.800000,2025-10-01 08:32:03.800000,2025-10-01 08:33:07.600000,2025-10-01 08:33:07.600000,2025-10-01 08:33:15.600000,2025-10-01 08:33:15.600000,18973.0,41584.2,369.547,130;131;125;121;116,116;115;114;113;112;118;122;127,2,4600
3,HOSTTRANSFER-20251001082711710,FE-H0541,53,2025-10-01 08:27:11.710000,P33,P31,OHT12,2025-10-01 08:27:11.800000,90,2025-10-01 08:27:46,2025-10-01 08:27:46,2025-10-01 08:27:54,2025-10-01 08:27:54,2025-10-01 08:29:18.600000,2025-10-01 08:29:18.600000,2025-10-01 08:29:26.600000,2025-10-01 08:29:26.600000,0.0,59926.8,134.89,127,127;128;129;130;131;125;121;116,0,0
3,HOSTTRANSFER-20251001082713647,AL-H0029,50,2025-10-01 08:27:13.647000,P03,P04,OHT01,2025-10-01 08:27:13.800000,153,2025-10-01 08:37:11.800000,2025-10-01 08:37:11.800000,2025-10-01 08:37:19.800000,2025-10-01 08:37:19.800000,2025-10-01 08:39:16,2025-10-01 08:39:16,2025-10-01 08:39:24,2025-10-01 08:39:24,0.0,82192.2,730.353,9,9;8;7;6;15;19;25;26;27;28;29;22;18;12;11;10,1,200
3,HOSTTRANSFER-20251001082716924,AL-H0157,50,2025-10-01 08:27:16.924000,P03,P04,OHT08,2025-10-01 08:27:17,76,2025-10-01 08:40:32.800000,2025-10-01 08:40:32.800000,2025-10-01 08:40:40.800000,2025-10-01 08:40:40.800000,2025-10-01 08:42:37,2025-10-01 08:42:37,2025-10-01 08:42:45,2025-10-01 08:42:45,0.0,82192.2,928.076,9,9;8;7;6;15;19;25;26;27;28;29;22;18;12;11;10,1,200
3,HOSTTRANSFER-20251001082717700,AL-H0169,50,2025-10-01 08:27:17.700000,P16,P17,OHT20,2025-10-01 08:27:17.800000,100,2025-10-01 08:38:46.800000,2025-10-01 08:38:46.800000,2025-10-01 08:38:54.800000,2025-10-01 08:38:54.800000,2025-10-01 08:39:04.800000,2025-10-01 08:39:04.800000,2025-10-01 08:39:12.800000,2025-10-01 08:39:12.800000,0.0,7003.0,715.1,68,68;69;70,0,0
3,HOSTTRANSFER-20251001082719372,AL-H0094,50,2025-10-01 08:27:19.372000,P18,P17,OHT16,2025-10-01 09:00:33.400000,1994028,2025-10-01 09:00:52.800000,2025-10-01 09:00:52.800000,2025-10-01 09:01:00.800000,2025-10-01 09:01:00.800000,2025-10-01 09:03:06,2025-10-01 09:03:06,2025-10-01 09:03:14,2025-10-01 09:03:14,7283.0,88754.4,2154.628,68;69;70,70;71;72;64;60;53;52;51;50;49;57;61;68;69;70,0,0
3,HOSTTRANSFER-20251001082721797,AL-H0164,50,2025-10-01 08:27:21.797000,P06,P04,OHT05,2025-10-01 08:27:21.800000,3,2025-10-01 08:28:48.800000,2025-10-01 08:28:48.800000,2025-10-01 08:28:56.800000,2025-10-01 08:28:56.800000,2025-10-01 08:29:15.800000,2025-10-01 08:29:15.800000,2025-10-01 08:29:23.800000,2025-10-01 08:29:23.800000,49182.4,13269.0,122.003,10;9;17;21;28;29;22;18;12;11,11;10,0,0
3,HOSTTRANSFER-20251001082725671,FE-H0354,50,2025-10-01 08:27:25.671000,P24,P29,OHT10,2025-10-01 08:27:25.800000,129,2025-10-01 08:45:37,2025-10-01 08:45:37,2025-10-01 08:45:45,2025-10-01 08:45:45,2025-10-01 08:48:08.200000,2025-10-01 08:48:08.200000,2025-10-01 08:48:16.200000,2025-10-01 08:48:16.200000,18542.2,99096.6,1250.529,97;98;90;83,83;82;89;97;98;99;101;110;117;116;115;114;113,2,2800
3,HOSTTRANSFER-20251001082727891,AL-H0185,50,2025-10-01 08:27:27.891000,P16,P07,OHT16,2025-10-01 08:27:28,109,2025-10-01 08:53:46,2025-10-01 08:53:46,2025-10-01 08:53:54,2025-10-01 08:53:54,2025-10-01 08:55:47.400000,2025-10-01 08:55:47.400000,2025-10-01 08:55:55.400000,2025-10-01 08:55:55.400000,56606.6,80388.4,1707.509,116;115;114;113;112;111;109;108;103;102;100;91;85;76;74;67;68,68;69;62;58;50;49;48;46;31;24;25;26;27;28;29;22;18;12,0,0
3,HOSTTRANSFER-20251001082730877,FE-H0354,50,2025-10-01 08:27:30.877000,P29,P32,OHT04,2025-10-01 08:48:16.200000,1245323,2025-10-01 08:52:26.400000,2025-10-01 08:52:26.400000,2025-10-01 08:52:34.400000,2025-10-01 08:52:34.400000,2025-10-01 08:54:00,2025-10-01 08:54:00,2025-10-01 08:54:08,2025-10-01 08:54:08,47263.2,60550.8,1597.123,130;131;125;121;116;115;114;113,113;112;118;122;127;128;129;130;131;125;121;116,0,0
3,HOSTTRANSFER-20251001082733894,AL-H0128,50,2025-10-01 08:27:33.894000,P11,P02,OHT05,2025-10-01 08:27:34,106,2025-10-01 08:35:20.400000,2025-10-01 08:35:20.400000,2025-10-01 08:35:28.400000,2025-10-01 08:35:28.400000,2025-10-01 08:36:25.400000,2025-10-01 08:36:25.400000,2025-10-01 08:36:33.400000,2025-10-01 08:36:33.400000,28748.9,40371.7,539.506,10;9;17;21;28,28;29;22;18;12;11;10;9;8,0,0
3,HOSTTRANSFER-20251001082736848,AL-H0025,50,2025-10-01 08:27:36.848000,P20,P13,OHT13,2025-10-01 08:31:22.800000,225952,2025-10-01 08:37:49,2025-10-01 08:37:49,2025-10-01 08:37:57,2025-10-01 08:37:57,2025-10-01 08:39:03.800000,2025-10-01 08:39:03.800000,2025-10-01 08:39:11.800000,2025-10-01 08:39:11.800000,44118.7,47213.0,694.952,53;52;59;63;71,71;72;64;60;53;52;51;50,0,0
3,HOSTTRANSFER-20251001082739779,AL-H0008,50,2025-10-01 08:27:39.779000,P12,P21,OHT20,2025-10-01 08:27:39.800000,21,2025-10-01 08:46:09.400000,2025-10-01 08:46:09.400000,2025-10-01 08:46:17.400000,2025-10-01 08:46:17.400000,2025-10-01 08:48:58.400000,2025-10-01 08:48:58.400000,2025-10-01 08:49:06.400000,2025-10-01 08:49:06.400000,58166.2,113611.6,1286.621,7;6;15;19;25;26;27;28;29;30;32;34;39;40;43,43;47;54;53;52;51;50;49;48;46;31;24;25;26;27;28;29;30;32;34;39;40;45,1,400
3,HOSTTRANSFER-20251001082741929,AL-H0113,50,2025-10-01 08:27:41.929000,P05,P03,OHT13,2025-10-01 08:27:42,71,2025-10-01 08:31:53,2025-10-01 08:31:53,2025-10-01 08:32:01,2025-10-01 08:32:01,2025-10-01 08:32:38,2025-10-01 08:32:38,2025-10-01 08:32:46,2025-10-01 08:32:46,0.0,14089.2,304.071,10,10;9,1,16200
3,HOSTTRANSFER-20251001082746332,FE-H0375,53,2025-10-01 08:27:46.332000,P33,P29,OHT06,2025-10-01 08:27:46.400000,68,2025-10-01 08:31:59.800000,2025-10-01 08:31:59.800000,2025-10-01 08:32:07.800000,2025-10-01 08:32:07.800000,2025-10-01 08:32:26.600000,2025-10-01 08:32:26.600000,2025-10-01 08:32:34.600000,2025-10-01 08:32:34.600000,0.0,13191.8,288.268,127,127;128;123;119;113,0,0
3,HOSTTRANSFER-20251001082750974,AL-H0066,50,2025-10-01 08:27:50.974000,P05,P06,OHT01,2025-10-01 08:46:33.200000,1122226,2025-10-01 08:51:59.400000,2025-10-01 08:51:59.400000,2025-10-01 08:52:07.400000,2025-10-01 08:52:07.400000,2025-10-01 08:53:27.800000,2025-10-01 08:53:27.800000,2025-10-01 08:53:35.800000,2025-10-01 08:53:35.800000,0.0,56972.4,1544.826,10,10;9;17;21;28;29;22;18;12;11,0,0
3,HOSTTRANSFER-20251001082755238,FE-H0242,50,2025-10-01 08:27:55.238000,P32,P33,OHT12,2025-10-01 08:27:55.400000,162,2025-10-01 08:34:35.600000,2025-10-01 08:34:35.600000,2025-10-01 08:34:43.600000,2025-10-01 08:34:43.600000,2025-10-01 08:35:42.400000,2025-10-01 08:35:42.400000,2025-10-01 08:35:50.400000,2025-10-01 08:35:50.400000,0.0,41584.2,475.162,116,116;115;114;113;112;118;122;127,0,0
3,HOSTTRANSFER-20251001082756327,FE-H0536,53,2025-10-01 08:27:56.327000,P33,P30,OHT12,2025-10-01 08:27:56.400000,73,2025-10-01 08:35:50.400000,2025-10-01 08:35:50.400000,2025-10-01 08:35:58.400000,2025-10-01 08:35:58.400000,2025-10-01 08:37:41.800000,2025-10-01 08:37:41.800000,2025-10-01 08:37:49.800000,2025-10-01 08:37:49.800000,0.0,70024.0,593.473,127,127;128;129;130;131;125;121;116;115;114,2,4000
3,HOSTTRANSFER-20251001082801608,AL-H0040,50,2025-10-01 08:28:01.608000,P05,P03,OHT01,2025-10-01 08:28:01.800000,192,2025-10-01 08:36:35.800000,2025-10-01 08:36:35.800000,2025-10-01 08:36:43.800000,2025-10-01 08:36:43.800000,2025-10-01 08:37:03.800000,2025-10-01 08:37:03.800000,2025-10-01 08:37:11.800000,2025-10-01 08:37:11.800000,0.0,14089.2,550.192,10,10;9,0,0
3,HOSTTRANSFER-20251001082805854,FE-H0580,53,2025-10-01 08:28:05.854000,P14,P21,OHT03,2025-10-01 08:28:06,146,2025-10-01 08:43:59,2025-10-01 08:43:59,2025-10-01 08:44:07,2025-10-01 08:44:07,2025-10-01 08:46:14.200000,2025-10-01 08:46:14.200000,2025-10-01 08:46:22.200000,2025-10-01 08:46:22.200000,52777.2,90113.6,1096.346,70;71;72;64;60;53,53;52;51;50;49;48;46;31;24;25;26;27;28;29;30;32;34;39;40;45,0,0
3,HOSTTRANSFER-20251001082807572,FE-H0582,50,2025-10-01 08:28:07.572000,P29,P32,OHT16,2025-10-01 08:28:07.600000,28,2025-10-01 08:30:28.200000,2025-10-01 08:30:28.200000,2025-10-01 08:30:36.200000,2025-10-01 08:30:36.200000,2025-10-01 08:32:06.200000,2025-10-01 08:32:06.200000,2025-10-01 08:32:14.200000,2025-10-01 08:32:14.200000,5523.0,60550.8,246.628,114;113,113;112;118;122;127;128;129;130;131;125;121;116,1,4000
3,HOSTTRANSFER-20251001082810005,FE-H0228,50,2025-10-01 08:28:10.005000,P26,P36,OHT04,2025-10-01 08:28:10.200000,195,2025-10-01 08:49:04.600000,2025-10-01 08:49:04.600000,2025-10-01 08:49:12.600000,2025-10-01 08:49:12.600000,2025-10-01 08:51:11.600000,2025-10-01 08:51:11.600000,2025-10-01 08:51:19.600000,2025-10-01 08:51:19.600000,0.0,84304.0,1389.595,97,97;98;99;101;110;117;116;115;120;124;130,0,0
3,HOSTTRANSFER-20251001082812527,FE-H0586,53,2025-10-01 08:28:12.527000,P23,P31,OHT19,2025-10-01 08:28:12.600000,73,2025-10-01 08:40:30.600000,2025-10-01 08:40:30.600000,2025-10-01 08:40:38.600000,2025-10-01 08:40:38.600000,2025-10-01 08:42:28.800000,2025-10-01 08:42:28.800000,2025-10-01 08:42:36.800000,2025-10-01 08:42:36.800000,12363.0,71113.4,864.273,83,83;82;89;97;98;99;101;110;117;116,2,9200
3,HOSTTRANSFER-20251001082814426,FE-H0563,53,2025-10-01 08:28:14.426000,P23,P28,OHT17,2025-10-01 08:28:14.600000,174,2025-10-01 08:38:32.400000,2025-10-01 08:38:32.400000,2025-10-01 08:38:40.400000,2025-10-01 08:38:40.400000,2025-10-01 08:39:52.400000,2025-10-01 08:39:52.400000,2025-10-01 08:40:00.400000,2025-10-01 08:40:00.400000,72222.0,39436.3,705.974,80;79;87;94;95;96;97;98;90;83,83;82;89;97;98,4,25400
3,HOSTTRANSFER-20251001082820265,AL-H0088,50,2025-10-01 08:28:20.265000,P21,P14,OHT01,2025-10-01 08:34:39.600000,379335,2025-10-01 08:40:37.400000,2025-10-01 08:40:37.400000,2025-10-01 08:40:45.400000,2025-10-01 08:40:45.400000,2025-10-01 08:42:31.800000,2025-10-01 08:42:31.800000,2025-10-01 08:42:39.800000,2025-10-01 08:42:39.800000,51925.4,75446.6,859.535,10;9;17;21;28;29;30;32;34;39;40;45,45;104;106;107;105;44;41;38;33;4;2;1;3;5;14;23;32;34;39;40;43;47;54;53,0,0
3,HOSTTRANSFER-20251001082825244,AL-H0049,53,2025-10-01 08:28:25.244000,P04,P05,OHT01,2025-10-01 08:28:25.400000,156,2025-10-01 08:34:53,2025-10-01 08:34:53,2025-10-01 08:35:01,2025-10-01 08:35:01,2025-10-01 08:36:27.800000,2025-10-01 08:36:27.800000,2025-10-01 08:36:35.800000,2025-10-01 08:36:35.800000,0.0,54661.4,490.556,10,10;9;17;21;28;29;22;18;12;11;10,3,8600
3,HOSTTRANSFER-20251001082826199,FE-H0013,50,2025-10-01 08:28:26.199000,P29,P34,OHT15,2025-10-01 08:28:26.200000,1,2025-10-01 08:32:14,2025-10-01 08:32:14,2025-10-01 08:32:22,2025-10-01 08:32:22,2025-10-01 08:32:50.800000,2025-10-01 08:32:50.800000,2025-10-01 08:32:58.800000,2025-10-01 08:32:58.800000,5523.0,20247.8,272.601,114;113,113;112;118;122;127;128;129,0,0
3,HOSTTRANSFER-20251001082827444,AL-H0152,50,2025-10-01 08:28:27.444000,P12,P17,OHT08,2025-10-01 08:51:07.600000,1360156,2025-10-01 08:55:36.800000,2025-10-01 08:55:36.800000,2025-10-01 08:55:44.800000,2025-10-01 08:55:44.800000,2025-10-01 08:57:29.400000,2025-10-01 08:57:29.400000,2025-10-01 08:57:37.400000,2025-10-01 08:57:37.400000,45203.4,59475.2,1749.956,10;9;17;21;28;29;30;32;34;39;40;43,43;47;54;53;52;51;50;49;57;61;68;69;70,7,22000
3,HOSTTRANSFER-20251001082828908,FE-H0540,50,2025-10-01 08:28:28.908000,P31,P26,OHT09,2025-10-01 08:28:29,92,2025-10-01 08:45:35.600000,2025-10-01 08:45:35.600000,2025-10-01 08:45:43.600000,2025-10-01 08:45:43.600000,2025-10-01 08:46:58,2025-10-01 08:46:58,2025-10-01 08:47:06,2025-10-01 08:47:06,31677.1,52696.0,1117.092,98;99;101;110;117;116,116;115;114;113;112;111;109;108;103;102;100;93;94;95;96;97,0,0
3,HOSTTRANSFER-20251001082832456,AL-H0189,50,2025-10-01 08:28:32.456000,P21,P14,OHT20,2025-10-01 08:28:32.600000,144,2025-10-01 08:49:06.400000,2025-10-01 08:49:06.400000,2025-10-01 08:49:14.400000,2025-10-01 08:49:14.400000,2025-10-01 08:51:00.800000,2025-10-01 08:51:00.800000,2025-10-01 08:51:08.800000,2025-10-01 08:51:08.800000,0.0,75446.6,1356.344,45,45;104;106;107;105;44;41;38;33;4;2;1;3;5;14;23;32;34;39;40;43;47;54;53,0,0
3,HOSTTRANSFER-20251001082834397,FE-H0594,50,2025-10-01 08:28:34.397000,P24,P31,OHT09,2025-10-01 08:28:34.400000,3,2025-10-01 08:47:50.400000,2025-10-01 08:47:50.400000,2025-10-01 08:47:58.400000,2025-10-01 08:47:58.400000,2025-10-01 08:49:58,2025-10-01 08:49:58,2025-10-01 08:50:06,2025-10-01 08:50:06,31422.2,83476.4,1291.603,97;98;90;83,83;82;89;97;98;99;101;110;117;116,1,1600
3,HOSTTRANSFER-20251001082837396,AL-H0112,53,2025-10-01 08:28:37.396000,P21,P08,OHT03,2025-10-01 08:33:03.800000,266404,2025-10-01 08:46:22.200000,2025-10-01 08:46:22.200000,2025-10-01 08:46:30.200000,2025-10-01 08:46:30.200000,2025-10-01 08:49:10.600000,2025-10-01 08:49:10.600000,2025-10-01 08:49:18.600000,2025-10-01 08:49:18.600000,0.0,113797.0,1241.204,45,45;104;106;107;105;44;41;38;33;4;2;1;3;5;14;23;32;34;39;40;43;47;54;53;52;51;50;49;48;46;31;24;25,0,0
3,HOSTTRANSFER-20251001082839686,FE-H0473,50,2025-10-01 08:28:39.686000,P28,P23,OHT15,2025-10-01 08:34:41.400000,361714,2025-10-01 08:49:53,2025-10-01 08:49:53,2025-10-01 08:50:01,2025-10-01 08:50:01,2025-10-01 08:53:01.800000,2025-10-01 08:53:01.800000,2025-10-01 08:53:09.800000,2025-10-01 08:53:09.800000,21145.1,128158.3,1470.114,97;98,98;99;101;110;117;116;115;114;113;112;111;109;108;103;102;100;93;94;95;96;97;98;90;83,0,0
3,HOSTTRANSFER-20251001082841370,AL-H0190,50,2025-10-01 08:28:41.370000,P21,P12,OHT11,2025-10-01 08:28:41.400000,30,2025-10-01 08:31:42.800000,2025-10-01 08:31:42.800000,2025-10-01 08:31:50.800000,2025-10-01 08:31:50.800000,2025-10-01 08:33:04.200000,2025-10-01 08:33:04.200000,2025-10-01 08:33:12.200000,2025-10-01 08:33:12.200000,51925.4,51948.6,270.83,10;9;17;21;28;29;30;32;34;39;40;45,45;104;106;107;105;44;41;38;33;4;2;1;3;5;14;23;32;34;39;40;43,0,0
3,HOSTTRANSFER-20251001082843428,FE-H0371,50,2025-10-01 08:28:43.428000,P27,P29,OHT15,2025-10-01 08:28:43.600000,172,2025-10-01 08:41:20.400000,2025-10-01 08:41:20.400000,2025-10-01 08:41:28.400000,2025-10-01 08:41:28.400000,2025-10-01 08:42:56.600000,2025-10-01 08:42:56.600000,2025-10-01 08:43:04.600000,2025-10-01 08:43:04.600000,28439.8,55562.4,861.172,94;95;96;97,97;98;99;101;110;117;116;115;114;113,4,19800
3,HOSTTRANSFER-20251001082846048,AL-H0192,53,2025-10-01 08:28:46.048000,P14,P07,OHT01,2025-10-01 08:28:46.200000,152,2025-10-01 08:42:39.800000,2025-10-01 08:42:39.800000,2025-10-01 08:42:47.800000,2025-10-01 08:42:47.800000,2025-10-01 08:44:43.600000,2025-10-01 08:44:43.600000,2025-10-01 08:44:51.600000,2025-10-01 08:44:51.600000,0.0,82072.6,965.552,53,53;52;51;50;49;48;46;31;24;25;26;27;28;29;22;18;12,0,0
3,HOSTTRANSFER-20251001082848007,FE-H0599,90,2025-10-01 08:28:48.007000,P22,P34,OHT18,2025-10-01 08:28:48.200000,193,2025-10-01 08:56:13,2025-10-01 08:56:13,2025-10-01 08:56:21,2025-10-01 08:56:21,2025-10-01 08:59:06.200000,2025-10-01 08:59:06.200000,2025-10-01 08:59:14.200000,2025-10-01 08:59:14.200000,73937.2,117127.0,1826.193,70;71;72;73;75;77;84;83;82;81;80,80;79;87;94;95;96;97;98;99;101;110;117;116;115;114;113;112;118;122;127;128;129,0,0
3,HOSTTRANSFER-20251001082849638,AL-H0171,53,2025-10-01 08:28:49.638000,P04,P09,OHT05,2025-10-01 08:44:47.200000,957562,2025-10-01 08:45:52.200000,2025-10-01 08:45:52.200000,2025-10-01 08:46:00.200000,2025-10-01 08:46:00.200000,2025-10-01 08:46:45.200000,2025-10-01 08:46:45.200000,2025-10-01 08:46:53.200000,2025-10-01 08:46:53.200000,0.0,31858.3,1083.562,10,10;9;8;7;6;15;19;25;26,0,0
3,HOSTTRANSFER-20251001082853162,AL-H0160,50,2025-10-01 08:28:53.162000,P14,P10,OHT14,2025-10-01 08:28:53.200000,38,2025-10-01 08:36:30.600000,2025-10-01 08:36:30.600000,2025-10-01 08:36:38.600000,2025-10-01 08:36:38.600000,2025-10-01 08:37:57,2025-10-01 08:37:57,2025-10-01 08:38:05,2025-10-01 08:38:05,44371.7,54078.2,551.838,71;72;64;60;53,53;52;51;50;49;48;46;31;24;25;26;27;28,1,1600
3,HOSTTRANSFER-20251001082854414,AL-H0075,50,2025-10-01 08:28:54.414000,P02,P03,OHT05,2025-10-01 08:28:54.600000,186,2025-10-01 08:29:33.400000,2025-10-01 08:29:33.400000,2025-10-01 08:29:41.400000,2025-10-01 08:29:41.400000,2025-10-01 08:32:19.400000,2025-10-01 08:32:19.400000,2025-10-01 08:32:27.400000,2025-10-01 08:32:27.400000,6669.2,88121.4,212.986,10;9;8,8;7;6;15;19;25;26;27;28;29;22;18;12;11;10;9,5,32000
3,HOSTTRANSFER-20251001082859944,AL-H0048,50,2025-10-01 08:28:59.944000,P03,P04,OHT02,2025-10-01 08:55:38.600000,1598656,2025-10-01 08:56:04.600000,2025-10-01 08:56:04.600000,2025-10-01 08:56:12.600000,2025-10-01 08:56:12.600000,2025-10-01 08:58:19,2025-10-01 08:58:19,2025-10-01 08:58:27,2025-10-01 08:58:27,0.0,82192.2,1767.056,9,9;8;7;6;15;19;25;26;27;28;29;22;18;12;11;10,2,10200
3,HOSTTRANSFER-20251001082903244,FE-H0604,50,2025-10-01 08:29:03.244000,P17,P21,OHT10,2025-10-01 08:29:03.400000,156,2025-10-01 08:49:06.200000,2025-10-01 08:49:06.200000,2025-10-01 08:49:14.200000,2025-10-01 08:49:14.200000,2025-10-01 08:52:46.200000,2025-10-01 08:52:46.200000,2025-10-01 08:52:54.200000,2025-10-01 08:52:54.200000,35319.4,143170.8,1430.956,113;112;111;109;108;103;102;100;91;85;76;74;67;68;69;70,70;71;72;64;60;53;52;51;50;49;48;46;31;24;25;26;27;28;29;30;32;34;39;40;45,4,8800
3,HOSTTRANSFER-20251001082905462,AL-H0146,50,2025-10-01 08:29:05.462000,P05,P04,OHT08,2025-10-01 08:29:05.600000,138,2025-10-01 08:31:32.600000,2025-10-01 08:31:32.600000,2025-10-01 08:31:40.600000,2025-10-01 08:31:40.600000,2025-10-01 08:31:51.800000,2025-10-01 08:31:51.800000,2025-10-01 08:31:59.800000,2025-10-01 08:31:59.800000,5479.0,7790.0,174.338,11;10,10,0,0
3,HOSTTRANSFER-20251001082907230,AL-H0139,50,2025-10-01 08:29:07.230000,P16,P06,OHT07,2025-10-01 08:29:07.400000,170,2025-10-01 08:48:13.600000,2025-10-01 08:48:13.600000,2025-10-01 08:48:21.600000,2025-10-01 08:48:21.600000,2025-10-01 08:50:33.400000,2025-10-01 08:50:33.400000,2025-10-01 08:50:41.400000,2025-10-01 08:50:41.400000,28316.4,85686.4,1294.17,113;112;111;109;108;103;102;100;91;85;76;74;67;68,68;69;62;58;50;49;48;46;31;24;25;26;27;28;29;22;18;12;11,5,9800
3,HOSTTRANSFER-20251001082913699,FE-H0242,50,2025-10-01 08:29:13.699000,P32,P33,OHT04,2025-10-01 08:35:50.400000,396701,2025-10-01 08:43:32.200000,2025-10-01 08:43:32.200000,2025-10-01 08:43:40.200000,2025-10-01 08:43:40.200000,2025-10-01 08:44:39,2025-10-01 08:44:39,2025-10-01 08:44:47,2025-10-01 08:44:47,0.0,41584.2,933.301,116,116;115;114;113;112;118;122;127,0,0
3,HOSTTRANSFER-20251001082919185,FE-H0554,99,2025-10-01 08:29:19.185000,P33,P34,OHT06,2025-10-01 08:35:10.400000,351215,2025-10-01 08:36:08.800000,2025-10-01 08:36:08.800000,2025-10-01 08:36:16.800000,2025-10-01 08:36:16.800000,2025-10-01 08:36:26.800000,2025-10-01 08:36:26.800000,2025-10-01 08:36:34.800000,2025-10-01 08:36:34.800000,0.0,6953.8,435.615,127,127;128;129,0,0
3,HOSTTRANSFER-20251001082922324,AL-H0181,50,2025-10-01 08:29:22.324000,P04,P05,OHT02,2025-10-01 08:29:22.400000,76,2025-10-01 08:29:38.600000,2025-10-01 08:29:38.600000,2025-10-01 08:29:46.600000,2025-10-01 08:29:46.600000,2025-10-01 08:31:03.800000,2025-10-01 08:31:03.800000,2025-10-01 08:31:11.800000,2025-10-01 08:31:11.800000,0.0,54661.4,109.476,10,10;9;17;21;28;29;22;18;12;11;10,0,0
3,HOSTTRANSFER-20251001082925551,AL-H0186,50,2025-10-01 08:29:25.551000,P17,P07,OHT06,2025-10-01 08:29:25.600000,49,2025-10-01 08:49:32.800000,2025-10-01 08:49:32.800000,2025-10-01 08:49:40.800000,2025-10-01 08:49:40.800000,2025-10-01 08:52:53.800000,2025-10-01 08:52:53.800000,2025-10-01 08:53:01.800000,2025-10-01 08:53:01.800000,7003.0,135129.8,1416.249,68;69;70,70;71;72;64;60;53;52;51;50;49;48;46;31;24;25;26;27;28;29;22;18;12,1,2000
3,HOSTTRANSFER-20251001082928777,FE-H0609,53,2025-10-01 08:29:28.777000,P31,P32,OHT16,2025-10-01 08:29:28.800000,23,2025-10-01 08:32:32.200000,2025-10-01 08:32:32.200000,2025-10-01 08:32:40.200000,2025-10-01 08:32:40.200000,2025-10-01 08:34:09.400000,2025-10-01 08:34:09.400000,2025-10-01 08:34:17.400000,2025-10-01 08:34:17.400000,12670.0,50454.8,288.623,116,116;115;120;124;130;131;125;121;116,2,17600
3,HOSTTRANSFER-20251001082930545,AL-H0187,50,2025-10-01 08:29:30.545000,P07,P13,OHT03,2025-10-01 08:29:30.600000,55,2025-10-01 08:52:43.400000,2025-10-01 08:52:43.400000,2025-10-01 08:52:51.400000,2025-10-01 08:52:51.400000,2025-10-01 08:55:30.800000,2025-10-01 08:55:30.800000,2025-10-01 08:55:38.800000,2025-10-01 08:55:38.800000,0.0,102977.6,1568.255,12,12;11;10;9;17;21;28;29;30;32;34;39;40;43;47;54;53;52;51;50,2,13600
3,HOSTTRANSFER-20251001082935831,AL-H0025,50,2025-10-01 08:29:35.831000,P13,P09,OHT13,2025-10-01 08:39:11.800000,575969,2025-10-01 08:43:35.200000,2025-10-01 08:43:35.200000,2025-10-01 08:43:43.200000,2025-10-01 08:43:43.200000,2025-10-01 08:44:23.200000,2025-10-01 08:44:23.200000,2025-10-01 08:44:31.200000,2025-10-01 08:44:31.200000,0.0,28297.3,895.369,50,50;49;48;46;31;24;25;26,0,0
3,HOSTTRANSFER-20251001082937570,AL-H0169,50,2025-10-01 08:29:37.570000,P19,P13,OHT13,2025-10-01 08:39:12.800000,575230,2025-10-01 08:41:54.400000,2025-10-01 08:41:54.400000,2025-10-01 08:42:02.400000,2025-10-01 08:42:02.400000,2025-10-01 08:43:27.200000,2025-10-01 08:43:27.200000,2025-10-01 08:43:35.200000,2025-10-01 08:43:35.200000,18622.7,60080.9,837.63,53;52;59;63;71,71;72;64;60;53;52;51;50,0,0
3,HOSTTRANSFER-20251001082940128,AL-H0188,50,2025-10-01 08:29:40.128000,P17,P16,OHT14,2025-10-01 08:29:40.200000,72,2025-10-01 08:32:37.600000,2025-10-01 08:32:37.600000,2025-10-01 08:32:45.600000,2025-10-01 08:32:45.600000,2025-10-01 08:34:41.400000,2025-10-01 08:34:41.400000,2025-10-01 08:34:49.400000,2025-10-01 08:34:49.400000,48605.3,82031.4,309.272,53;52;51;50;49;57;61;68;69;70,70;71;72;64;60;53;52;51;50;49;57;61;68,1,5800
3,HOSTTRANSFER-20251001082944834,FE-H0612,53,2025-10-01 08:29:44.834000,P33,P32,OHT18,2025-10-01 08:29:45,166,2025-10-01 08:34:41.400000,2025-10-01 08:34:41.400000,2025-10-01 08:34:49.400000,2025-10-01 08:34:49.400000,2025-10-01 08:35:57.800000,2025-10-01 08:35:57.800000,2025-10-01 08:36:05.800000,2025-10-01 08:36:05.800000,0.0,47256.8,380.966,127,127;128;129;130;131;125;121;116,1,1400
3,HOSTTRANSFER-20251001082947214,AL-H0106,50,2025-10-01 08:29:47.214000,P01,P03,OHT04,2025-10-01 09:02:40.400000,1973186,2025-10-01 09:02:56.200000,2025-10-01 09:02:56.200000,2025-10-01 09:03:04.200000,2025-10-01 09:03:04.200000,2025-10-01 09:04:59.600000,2025-10-01 09:04:59.600000,2025-10-01 09:05:07.600000,2025-10-01 09:05:07.600000,11071.0,81713.4,2120.386,25;26;20;16;7,7;6;15;19;25;26;27;28;29;22;18;12;11;10;9,0,0
3,HOSTTRANSFER-20251001082949771,AL-H0186,50,2025-10-01 08:29:49.771000,P05,P04,OHT08,2025-10-01 08:53:01.800000,1392029,2025-10-01 08:54:02.200000,2025-10-01 08:54:02.200000,2025-10-01 08:54:10.200000,2025-10-01 08:54:10.200000,2025-10-01 08:54:21.400000,2025-10-01 08:54:21.400000,2025-10-01 08:54:29.400000,2025-10-01 08:54:29.400000,5479.0,7790.0,1479.629,11;10,10,0,0
3,HOSTTRANSFER-20251001082952378,FE-H0454,50,2025-10-01 08:29:52.378000,P28,P22,OHT17,2025-10-01 08:29:52.400000,22,2025-10-01 08:45:30.400000,2025-10-01 08:45:30.400000,2025-10-01 08:45:38.400000,2025-10-01 08:45:38.400000,2025-10-01 08:47:32.600000,2025-10-01 08:47:32.600000,2025-10-01 08:47:40.600000,2025-10-01 08:47:40.600000,58220.9,80975.1,1068.222,113;112;111;109;108;103;102;100;93;94;95;96;97;98,98;99;101;110;117;116;115;114;113;112;111;109;108;103;102;100;93;94;95;88;80,0,0
3,HOSTTRANSFER-20251001082957000,AL-H0068,50,2025-10-01 08:29:57,P03,P04,OHT08,2025-10-01 08:29:57,0,2025-10-01 08:32:08.800000,2025-10-01 08:32:08.800000,2025-10-01 08:32:16.800000,2025-10-01 08:32:16.800000,2025-10-01 08:34:13,2025-10-01 08:34:13,2025-10-01 08:34:21,2025-10-01 08:34:21,6299.2,82192.2,264.0,10;9,9;8;7;6;15;19;25;26;27;28;29;22;18;12;11;10,1,200
